zone,time_utc,psr_type,generation_MW
DK1,2025-01-01 00:00:00+00:00,B16,0.0
DK1,2025-01-01 01:00:00+00:00,B16,0.0
DK1,2025-01-01 02:00:00+00:00,B16,0.0
DK1,2025-01-01 03:00:00+00:00,B16,0.0
DK1,2025-01-01 04:00:00+00:00,B16,0.0
DK1,2025-01-01 05:00:00+00:00,B16,0.0
DK1,2025-01-01 06:00:00+00:00,B16,0.0
DK1,2025-01-01 07:00:00+00:00,B16,0.0
DK1,2025-01-01 08:00:00+00:00,B16,0.0
DK1,2025-01-01 09:00:00+00:00,B16,26.88
DK1,2025-01-01 10:00:00+00:00,B16,168.69
DK1,2025-01-01 11:00:00+00:00,B16,195.06
DK1,2025-01-01 12:00:00+00:00,B16,186.83
DK1,2025-01-01 13:00:00+00:00,B16,53.97
DK1,2025-01-01 14:00:00+00:00,B16,60.46
DK1,2025-01-01 15:00:00+00:00,B16,0.0
DK1,2025-01-01 16:00:00+00:00,B16,0.0
DK1,2025-01-01 17:00:00+00:00,B16,0.0
DK1,2025-01-01 18:00:00+00:00,B16,0.0
DK1,2025-01-01 19:00:00+00:00,B16,0.0
DK1,2025-01-01 20:00:00+00:00,B16,0.0
DK1,2025-01-01 21:00:00+00:00,B16,0.0
DK1,2025-01-01 22:00:00+00:00,B16,0.0
DK1,2025-01-01 23:00:00+00:00,B16,0.0
DK1,2025-01-02 00:00:00+00:00,B16,0.0
DK1,2025-01-02 01:00:00+00:00,B16,0.0
DK1,2025-01-02 02:00:00+00:00,B16,0.0
DK1,2025-01-02 03:00:00+00:00,B16,0.0
DK1,2025-01-02 04:00:00+00:00,B16,0.0
DK1,2025-01-02 05:00:00+00:00,B16,0.0
DK1,2025-01-02 06:00:00+00:00,B16,0.0
DK1,2025-01-02 07:00:00+00:00,B16,0.0
DK1,2025-01-02 08:00:00+00:00,B16,0.15
DK1,2025-01-02 09:00:00+00:00,B16,63.62
DK1,2025-01-02 10:00:00+00:00,B16,148.89
DK1,2025-01-02 11:00:00+00:00,B16,224.05
DK1,2025-01-02 12:00:00+00:00,B16,128.27
DK1,2025-01-02 13:00:00+00:00,B16,154.6
DK1,2025-01-02 14:00:00+00:00,B16,58.92
DK1,2025-01-02 15:00:00+00:00,B16,0.0
DK1,2025-01-02 16:00:00+00:00,B16,0.0
DK1,2025-01-02 17:00:00+00:00,B16,0.0
DK1,2025-01-02 18:00:00+00:00,B16,0.0
DK1,2025-01-02 19:00:00+00:00,B16,0.0
DK1,2025-01-02 20:00:00+00:00,B16,0.0
DK1,2025-01-02 21:00:00+00:00,B16,0.0
DK1,2025-01-02 22:00:00+00:00,B16,0.0
DK1,2025-01-02 23:00:00+00:00,B16,0.0
DK1,2025-01-03 00:00:00+00:00,B16,0.0
DK1,2025-01-03 01:00:00+00:00,B16,0.0
DK1,2025-01-03 02:00:00+00:00,B16,0.0
DK1,2025-01-03 03:00:00+00:00,B16,0.0
DK1,2025-01-03 04:00:00+00:00,B16,0.0
DK1,2025-01-03 05:00:00+00:00,B16,0.0
DK1,2025-01-03 06:00:00+00:00,B16,0.0
DK1,2025-01-03 07:00:00+00:00,B16,0.0
DK1,2025-01-03 08:00:00+00:00,B16,0.62
DK1,2025-01-03 09:00:00+00:00,B16,95.2
DK1,2025-01-03 10:00:00+00:00,B16,177.38
DK1,2025-01-03 11:00:00+00:00,B16,193.41
DK1,2025-01-03 12:00:00+00:00,B16,214.39
DK1,2025-01-03 13:00:00+00:00,B16,167.03
DK1,2025-01-03 14:00:00+00:00,B16,54.82
DK1,2025-01-03 15:00:00+00:00,B16,0.0
DK1,2025-01-03 16:00:00+00:00,B16,0.0
DK1,2025-01-03 17:00:00+00:00,B16,0.0
DK1,2025-01-03 18:00:00+00:00,B16,0.0
DK1,2025-01-03 19:00:00+00:00,B16,0.0
DK1,2025-01-03 20:00:00+00:00,B16,0.0
DK1,2025-01-03 21:00:00+00:00,B16,0.0
DK1,2025-01-03 22:00:00+00:00,B16,0.0
DK1,2025-01-03 23:00:00+00:00,B16,0.0
DK1,2025-01-04 00:00:00+00:00,B16,0.0
DK1,2025-01-04 01:00:00+00:00,B16,0.0
DK1,2025-01-04 02:00:00+00:00,B16,0.0
DK1,2025-01-04 03:00:00+00:00,B16,0.0
DK1,2025-01-04 04:00:00+00:00,B16,0.0
DK1,2025-01-04 05:00:00+00:00,B16,0.0
DK1,2025-01-04 06:00:00+00:00,B16,0.0
DK1,2025-01-04 07:00:00+00:00,B16,0.0
DK1,2025-01-04 08:00:00+00:00,B16,0.92
DK1,2025-01-04 09:00:00+00:00,B16,84.1
DK1,2025-01-04 10:00:00+00:00,B16,118.79
DK1,2025-01-04 11:00:00+00:00,B16,187.57
DK1,2025-01-04 12:00:00+00:00,B16,193.98
DK1,2025-01-04 13:00:00+00:00,B16,156.43
DK1,2025-01-04 14:00:00+00:00,B16,53.43
DK1,2025-01-04 15:00:00+00:00,B16,0.0
DK1,2025-01-04 16:00:00+00:00,B16,0.0
DK1,2025-01-04 17:00:00+00:00,B16,0.0
DK1,2025-01-04 18:00:00+00:00,B16,0.0
DK1,2025-01-04 19:00:00+00:00,B16,0.0
DK1,2025-01-04 20:00:00+00:00,B16,0.0
DK1,2025-01-04 21:00:00+00:00,B16,0.0
DK1,2025-01-04 22:00:00+00:00,B16,0.0
DK1,2025-01-04 23:00:00+00:00,B16,0.0
DK1,2025-01-05 00:00:00+00:00,B16,0.0
DK1,2025-01-05 01:00:00+00:00,B16,0.0
DK1,2025-01-05 02:00:00+00:00,B16,0.0
DK1,2025-01-05 03:00:00+00:00,B16,0.0
DK1,2025-01-05 04:00:00+00:00,B16,0.0
DK1,2025-01-05 05:00:00+00:00,B16,0.0
DK1,2025-01-05 06:00:00+00:00,B16,0.0
DK1,2025-01-05 07:00:00+00:00,B16,0.0
DK1,2025-01-05 08:00:00+00:00,B16,2.09
DK1,2025-01-05 09:00:00+00:00,B16,102.33
DK1,2025-01-05 10:00:00+00:00,B16,174.08
DK1,2025-01-05 11:00:00+00:00,B16,229.29
DK1,2025-01-05 12:00:00+00:00,B16,254.79
DK1,2025-01-05 13:00:00+00:00,B16,187.95
DK1,2025-01-05 14:00:00+00:00,B16,67.96
DK1,2025-01-05 15:00:00+00:00,B16,0.0
DK1,2025-01-05 16:00:00+00:00,B16,0.0
DK1,2025-01-05 17:00:00+00:00,B16,0.0
DK1,2025-01-05 18:00:00+00:00,B16,0.0
DK1,2025-01-05 19:00:00+00:00,B16,0.0
DK1,2025-01-05 20:00:00+00:00,B16,0.0
DK1,2025-01-05 21:00:00+00:00,B16,0.0
DK1,2025-01-05 22:00:00+00:00,B16,0.0
DK1,2025-01-05 23:00:00+00:00,B16,0.0
DK1,2025-01-06 00:00:00+00:00,B16,0.0
DK1,2025-01-06 01:00:00+00:00,B16,0.0
DK1,2025-01-06 02:00:00+00:00,B16,0.0
DK1,2025-01-06 03:00:00+00:00,B16,0.0
DK1,2025-01-06 04:00:00+00:00,B16,0.0
DK1,2025-01-06 05:00:00+00:00,B16,0.0
DK1,2025-01-06 06:00:00+00:00,B16,0.0
DK1,2025-01-06 07:00:00+00:00,B16,0.0
DK1,2025-01-06 08:00:00+00:00,B16,2.46
DK1,2025-01-06 09:00:00+00:00,B16,92.03
DK1,2025-01-06 10:00:00+00:00,B16,165.63
DK1,2025-01-06 11:00:00+00:00,B16,243.35
DK1,2025-01-06 12:00:00+00:00,B16,216.72
DK1,2025-01-06 13:00:00+00:00,B16,158.84
DK1,2025-01-06 14:00:00+00:00,B16,63.21
DK1,2025-01-06 15:00:00+00:00,B16,0.0
DK1,2025-01-06 16:00:00+00:00,B16,0.0
DK1,2025-01-06 17:00:00+00:00,B16,0.0
DK1,2025-01-06 18:00:00+00:00,B16,0.0
DK1,2025-01-06 19:00:00+00:00,B16,0.0
DK1,2025-01-06 20:00:00+00:00,B16,0.0
DK1,2025-01-06 21:00:00+00:00,B16,0.0
DK1,2025-01-06 22:00:00+00:00,B16,0.0
DK1,2025-01-06 23:00:00+00:00,B16,0.0
DK1,2025-01-07 00:00:00+00:00,B16,0.0
DK1,2025-01-07 01:00:00+00:00,B16,0.0
DK1,2025-01-07 02:00:00+00:00,B16,0.0
DK1,2025-01-07 03:00:00+00:00,B16,0.0
DK1,2025-01-07 04:00:00+00:00,B16,0.0
DK1,2025-01-07 05:00:00+00:00,B16,0.0
DK1,2025-01-07 06:00:00+00:00,B16,0.0
DK1,2025-01-07 07:00:00+00:00,B16,0.0
DK1,2025-01-07 08:00:00+00:00,B16,2.67
DK1,2025-01-07 09:00:00+00:00,B16,77.01
DK1,2025-01-07 10:00:00+00:00,B16,167.32
DK1,2025-01-07 11:00:00+00:00,B16,226.39
DK1,2025-01-07 12:00:00+00:00,B16,215.85
DK1,2025-01-07 13:00:00+00:00,B16,117.91
DK1,2025-01-07 14:00:00+00:00,B16,56.05
DK1,2025-01-07 15:00:00+00:00,B16,0.0
DK1,2025-01-07 16:00:00+00:00,B16,0.0
DK1,2025-01-07 17:00:00+00:00,B16,0.0
DK1,2025-01-07 18:00:00+00:00,B16,0.0
DK1,2025-01-07 19:00:00+00:00,B16,0.0
DK1,2025-01-07 20:00:00+00:00,B16,0.0
DK1,2025-01-07 21:00:00+00:00,B16,0.0
DK1,2025-01-07 22:00:00+00:00,B16,0.0
DK1,2025-01-07 23:00:00+00:00,B16,0.0
DK1,2025-01-08 00:00:00+00:00,B16,0.0
DK1,2025-01-08 01:00:00+00:00,B16,0.0
DK1,2025-01-08 02:00:00+00:00,B16,0.0
DK1,2025-01-08 03:00:00+00:00,B16,0.0
DK1,2025-01-08 04:00:00+00:00,B16,0.0
DK1,2025-01-08 05:00:00+00:00,B16,0.0
DK1,2025-01-08 06:00:00+00:00,B16,0.0
DK1,2025-01-08 07:00:00+00:00,B16,0.0
DK1,2025-01-08 08:00:00+00:00,B16,3.97
DK1,2025-01-08 09:00:00+00:00,B16,81.74
DK1,2025-01-08 10:00:00+00:00,B16,145.88
DK1,2025-01-08 11:00:00+00:00,B16,190.98
DK1,2025-01-08 12:00:00+00:00,B16,188.01
DK1,2025-01-08 13:00:00+00:00,B16,100.91
DK1,2025-01-08 14:00:00+00:00,B16,62.6
DK1,2025-01-08 15:00:00+00:00,B16,0.0
DK1,2025-01-08 16:00:00+00:00,B16,0.0
DK1,2025-01-08 17:00:00+00:00,B16,0.0
DK1,2025-01-08 18:00:00+00:00,B16,0.0
DK1,2025-01-08 19:00:00+00:00,B16,0.0
DK1,2025-01-08 20:00:00+00:00,B16,0.0
DK1,2025-01-08 21:00:00+00:00,B16,0.0
DK1,2025-01-08 22:00:00+00:00,B16,0.0
DK1,2025-01-08 23:00:00+00:00,B16,0.0
DK1,2025-01-09 00:00:00+00:00,B16,0.0
DK1,2025-01-09 01:00:00+00:00,B16,0.0
DK1,2025-01-09 02:00:00+00:00,B16,0.0
DK1,2025-01-09 03:00:00+00:00,B16,0.0
DK1,2025-01-09 04:00:00+00:00,B16,0.0
DK1,2025-01-09 05:00:00+00:00,B16,0.0
DK1,2025-01-09 06:00:00+00:00,B16,0.0
DK1,2025-01-09 07:00:00+00:00,B16,0.0
DK1,2025-01-09 08:00:00+00:00,B16,5.87
DK1,2025-01-09 09:00:00+00:00,B16,93.87
DK1,2025-01-09 10:00:00+00:00,B16,204.78
DK1,2025-01-09 11:00:00+00:00,B16,214.05
DK1,2025-01-09 12:00:00+00:00,B16,161.13
DK1,2025-01-09 13:00:00+00:00,B16,133.81
DK1,2025-01-09 14:00:00+00:00,B16,69.37
DK1,2025-01-09 15:00:00+00:00,B16,0.0
DK1,2025-01-09 16:00:00+00:00,B16,0.0
DK1,2025-01-09 17:00:00+00:00,B16,0.0
DK1,2025-01-09 18:00:00+00:00,B16,0.0
DK1,2025-01-09 19:00:00+00:00,B16,0.0
DK1,2025-01-09 20:00:00+00:00,B16,0.0
DK1,2025-01-09 21:00:00+00:00,B16,0.0
DK1,2025-01-09 22:00:00+00:00,B16,0.0
DK1,2025-01-09 23:00:00+00:00,B16,0.0
DK1,2025-01-10 00:00:00+00:00,B16,0.0
DK1,2025-01-10 01:00:00+00:00,B16,0.0
DK1,2025-01-10 02:00:00+00:00,B16,0.0
DK1,2025-01-10 03:00:00+00:00,B16,0.0
DK1,2025-01-10 04:00:00+00:00,B16,0.0
DK1,2025-01-10 05:00:00+00:00,B16,0.0
DK1,2025-01-10 06:00:00+00:00,B16,0.0
DK1,2025-01-10 07:00:00+00:00,B16,0.0
DK1,2025-01-10 08:00:00+00:00,B16,7.52
DK1,2025-01-10 09:00:00+00:00,B16,99.59
DK1,2025-01-10 10:00:00+00:00,B16,196.47
DK1,2025-01-10 11:00:00+00:00,B16,203.84
DK1,2025-01-10 12:00:00+00:00,B16,197.13
DK1,2025-01-10 13:00:00+00:00,B16,117.0
DK1,2025-01-10 14:00:00+00:00,B16,75.5
DK1,2025-01-10 15:00:00+00:00,B16,0.0
DK1,2025-01-10 16:00:00+00:00,B16,0.0
DK1,2025-01-10 17:00:00+00:00,B16,0.0
DK1,2025-01-10 18:00:00+00:00,B16,0.0
DK1,2025-01-10 19:00:00+00:00,B16,0.0
DK1,2025-01-10 20:00:00+00:00,B16,0.0
DK1,2025-01-10 21:00:00+00:00,B16,0.0
DK1,2025-01-10 22:00:00+00:00,B16,0.0
DK1,2025-01-10 23:00:00+00:00,B16,0.0
DK1,2025-01-11 00:00:00+00:00,B16,0.0
DK1,2025-01-11 01:00:00+00:00,B16,0.0
DK1,2025-01-11 02:00:00+00:00,B16,0.0
DK1,2025-01-11 03:00:00+00:00,B16,0.0
DK1,2025-01-11 04:00:00+00:00,B16,0.0
DK1,2025-01-11 05:00:00+00:00,B16,0.0
DK1,2025-01-11 06:00:00+00:00,B16,0.0
DK1,2025-01-11 07:00:00+00:00,B16,0.0
DK1,2025-01-11 08:00:00+00:00,B16,8.59
DK1,2025-01-11 09:00:00+00:00,B16,107.18
DK1,2025-01-11 10:00:00+00:00,B16,174.8
DK1,2025-01-11 11:00:00+00:00,B16,273.66
DK1,2025-01-11 12:00:00+00:00,B16,207.02
DK1,2025-01-11 13:00:00+00:00,B16,166.55
DK1,2025-01-11 14:00:00+00:00,B16,81.24
DK1,2025-01-11 15:00:00+00:00,B16,0.0
DK1,2025-01-11 16:00:00+00:00,B16,0.0
DK1,2025-01-11 17:00:00+00:00,B16,0.0
DK1,2025-01-11 18:00:00+00:00,B16,0.0
DK1,2025-01-11 19:00:00+00:00,B16,0.0
DK1,2025-01-11 20:00:00+00:00,B16,0.0
DK1,2025-01-11 21:00:00+00:00,B16,0.0
DK1,2025-01-11 22:00:00+00:00,B16,0.0
DK1,2025-01-11 23:00:00+00:00,B16,0.0
DK1,2025-01-12 00:00:00+00:00,B16,0.0
DK1,2025-01-12 01:00:00+00:00,B16,0.0
DK1,2025-01-12 02:00:00+00:00,B16,0.0
DK1,2025-01-12 03:00:00+00:00,B16,0.0
DK1,2025-01-12 04:00:00+00:00,B16,0.0
DK1,2025-01-12 05:00:00+00:00,B16,0.0
DK1,2025-01-12 06:00:00+00:00,B16,0.0
DK1,2025-01-12 07:00:00+00:00,B16,0.0
DK1,2025-01-12 08:00:00+00:00,B16,8.19
DK1,2025-01-12 09:00:00+00:00,B16,104.93
DK1,2025-01-12 10:00:00+00:00,B16,195.31
DK1,2025-01-12 11:00:00+00:00,B16,197.15
DK1,2025-01-12 12:00:00+00:00,B16,175.94
DK1,2025-01-12 13:00:00+00:00,B16,111.78
DK1,2025-01-12 14:00:00+00:00,B16,51.29
DK1,2025-01-12 15:00:00+00:00,B16,0.0
DK1,2025-01-12 16:00:00+00:00,B16,0.0
DK1,2025-01-12 17:00:00+00:00,B16,0.0
DK1,2025-01-12 18:00:00+00:00,B16,0.0
DK1,2025-01-12 19:00:00+00:00,B16,0.0
DK1,2025-01-12 20:00:00+00:00,B16,0.0
DK1,2025-01-12 21:00:00+00:00,B16,0.0
DK1,2025-01-12 22:00:00+00:00,B16,0.0
DK1,2025-01-12 23:00:00+00:00,B16,0.0
DK1,2025-01-13 00:00:00+00:00,B16,0.0
DK1,2025-01-13 01:00:00+00:00,B16,0.0
DK1,2025-01-13 02:00:00+00:00,B16,0.0
DK1,2025-01-13 03:00:00+00:00,B16,0.0
DK1,2025-01-13 04:00:00+00:00,B16,0.0
DK1,2025-01-13 05:00:00+00:00,B16,0.0
DK1,2025-01-13 06:00:00+00:00,B16,0.0
DK1,2025-01-13 07:00:00+00:00,B16,0.0
DK1,2025-01-13 08:00:00+00:00,B16,11.31
DK1,2025-01-13 09:00:00+00:00,B16,106.62
DK1,2025-01-13 10:00:00+00:00,B16,194.69
DK1,2025-01-13 11:00:00+00:00,B16,246.97
DK1,2025-01-13 12:00:00+00:00,B16,205.83
DK1,2025-01-13 13:00:00+00:00,B16,184.82
DK1,2025-01-13 14:00:00+00:00,B16,83.82
DK1,2025-01-13 15:00:00+00:00,B16,0.0
DK1,2025-01-13 16:00:00+00:00,B16,0.0
DK1,2025-01-13 17:00:00+00:00,B16,0.0
DK1,2025-01-13 18:00:00+00:00,B16,0.0
DK1,2025-01-13 19:00:00+00:00,B16,0.0
DK1,2025-01-13 20:00:00+00:00,B16,0.0
DK1,2025-01-13 21:00:00+00:00,B16,0.0
DK1,2025-01-13 22:00:00+00:00,B16,0.0
DK1,2025-01-13 23:00:00+00:00,B16,0.0
DK1,2025-01-14 00:00:00+00:00,B16,0.0
DK1,2025-01-14 01:00:00+00:00,B16,0.0
DK1,2025-01-14 02:00:00+00:00,B16,0.0
DK1,2025-01-14 03:00:00+00:00,B16,0.0
DK1,2025-01-14 04:00:00+00:00,B16,0.0
DK1,2025-01-14 05:00:00+00:00,B16,0.0
DK1,2025-01-14 06:00:00+00:00,B16,0.0
DK1,2025-01-14 07:00:00+00:00,B16,0.0
DK1,2025-01-14 08:00:00+00:00,B16,7.03
DK1,2025-01-14 09:00:00+00:00,B16,119.06
DK1,2025-01-14 10:00:00+00:00,B16,201.09
DK1,2025-01-14 11:00:00+00:00,B16,277.42
DK1,2025-01-14 12:00:00+00:00,B16,158.2
DK1,2025-01-14 13:00:00+00:00,B16,179.67
DK1,2025-01-14 14:00:00+00:00,B16,87.39
DK1,2025-01-14 15:00:00+00:00,B16,0.0
DK1,2025-01-14 16:00:00+00:00,B16,0.0
DK1,2025-01-14 17:00:00+00:00,B16,0.0
DK1,2025-01-14 18:00:00+00:00,B16,0.0
DK1,2025-01-14 19:00:00+00:00,B16,0.0
DK1,2025-01-14 20:00:00+00:00,B16,0.0
DK1,2025-01-14 21:00:00+00:00,B16,0.0
DK1,2025-01-14 22:00:00+00:00,B16,0.0
DK1,2025-01-14 23:00:00+00:00,B16,0.0
DK1,2025-01-15 00:00:00+00:00,B16,0.0
DK1,2025-01-15 01:00:00+00:00,B16,0.0
DK1,2025-01-15 02:00:00+00:00,B16,0.0
DK1,2025-01-15 03:00:00+00:00,B16,0.0
DK1,2025-01-15 04:00:00+00:00,B16,0.0
DK1,2025-01-15 05:00:00+00:00,B16,0.0
DK1,2025-01-15 06:00:00+00:00,B16,0.0
DK1,2025-01-15 07:00:00+00:00,B16,0.0
DK1,2025-01-15 08:00:00+00:00,B16,17.11
DK1,2025-01-15 09:00:00+00:00,B16,100.03
DK1,2025-01-15 10:00:00+00:00,B16,217.63
DK1,2025-01-15 11:00:00+00:00,B16,268.32
DK1,2025-01-15 12:00:00+00:00,B16,284.67
DK1,2025-01-15 13:00:00+00:00,B16,197.03
DK1,2025-01-15 14:00:00+00:00,B16,81.1
DK1,2025-01-15 15:00:00+00:00,B16,0.26
DK1,2025-01-15 16:00:00+00:00,B16,0.0
DK1,2025-01-15 17:00:00+00:00,B16,0.0
DK1,2025-01-15 18:00:00+00:00,B16,0.0
DK1,2025-01-15 19:00:00+00:00,B16,0.0
DK1,2025-01-15 20:00:00+00:00,B16,0.0
DK1,2025-01-15 21:00:00+00:00,B16,0.0
DK1,2025-01-15 22:00:00+00:00,B16,0.0
DK1,2025-01-15 23:00:00+00:00,B16,0.0
DK1,2025-01-16 00:00:00+00:00,B16,0.0
DK1,2025-01-16 01:00:00+00:00,B16,0.0
DK1,2025-01-16 02:00:00+00:00,B16,0.0
DK1,2025-01-16 03:00:00+00:00,B16,0.0
DK1,2025-01-16 04:00:00+00:00,B16,0.0
DK1,2025-01-16 05:00:00+00:00,B16,0.0
DK1,2025-01-16 06:00:00+00:00,B16,0.0
DK1,2025-01-16 07:00:00+00:00,B16,0.0
DK1,2025-01-16 08:00:00+00:00,B16,18.6
DK1,2025-01-16 09:00:00+00:00,B16,113.28
DK1,2025-01-16 10:00:00+00:00,B16,218.33
DK1,2025-01-16 11:00:00+00:00,B16,277.03
DK1,2025-01-16 12:00:00+00:00,B16,261.26
DK1,2025-01-16 13:00:00+00:00,B16,113.8
DK1,2025-01-16 14:00:00+00:00,B16,98.52
DK1,2025-01-16 15:00:00+00:00,B16,0.78
DK1,2025-01-16 16:00:00+00:00,B16,0.0
DK1,2025-01-16 17:00:00+00:00,B16,0.0
DK1,2025-01-16 18:00:00+00:00,B16,0.0
DK1,2025-01-16 19:00:00+00:00,B16,0.0
DK1,2025-01-16 20:00:00+00:00,B16,0.0
DK1,2025-01-16 21:00:00+00:00,B16,0.0
DK1,2025-01-16 22:00:00+00:00,B16,0.0
DK1,2025-01-16 23:00:00+00:00,B16,0.0
DK1,2025-01-17 00:00:00+00:00,B16,0.0
DK1,2025-01-17 01:00:00+00:00,B16,0.0
DK1,2025-01-17 02:00:00+00:00,B16,0.0
DK1,2025-01-17 03:00:00+00:00,B16,0.0
DK1,2025-01-17 04:00:00+00:00,B16,0.0
DK1,2025-01-17 05:00:00+00:00,B16,0.0
DK1,2025-01-17 06:00:00+00:00,B16,0.0
DK1,2025-01-17 07:00:00+00:00,B16,0.0
DK1,2025-01-17 08:00:00+00:00,B16,18.8
DK1,2025-01-17 09:00:00+00:00,B16,74.44
DK1,2025-01-17 10:00:00+00:00,B16,232.48
DK1,2025-01-17 11:00:00+00:00,B16,273.49
DK1,2025-01-17 12:00:00+00:00,B16,247.45
DK1,2025-01-17 13:00:00+00:00,B16,213.98
DK1,2025-01-17 14:00:00+00:00,B16,111.63
DK1,2025-01-17 15:00:00+00:00,B16,2.51
DK1,2025-01-17 16:00:00+00:00,B16,0.0
DK1,2025-01-17 17:00:00+00:00,B16,0.0
DK1,2025-01-17 18:00:00+00:00,B16,0.0
DK1,2025-01-17 19:00:00+00:00,B16,0.0
DK1,2025-01-17 20:00:00+00:00,B16,0.0
DK1,2025-01-17 21:00:00+00:00,B16,0.0
DK1,2025-01-17 22:00:00+00:00,B16,0.0
DK1,2025-01-17 23:00:00+00:00,B16,0.0
DK1,2025-01-18 00:00:00+00:00,B16,0.0
DK1,2025-01-18 01:00:00+00:00,B16,0.0
DK1,2025-01-18 02:00:00+00:00,B16,0.0
DK1,2025-01-18 03:00:00+00:00,B16,0.0
DK1,2025-01-18 04:00:00+00:00,B16,0.0
DK1,2025-01-18 05:00:00+00:00,B16,0.0
DK1,2025-01-18 06:00:00+00:00,B16,0.0
DK1,2025-01-18 07:00:00+00:00,B16,0.0
DK1,2025-01-18 08:00:00+00:00,B16,19.25
DK1,2025-01-18 09:00:00+00:00,B16,126.63
DK1,2025-01-18 10:00:00+00:00,B16,215.54
DK1,2025-01-18 11:00:00+00:00,B16,194.72
DK1,2025-01-18 12:00:00+00:00,B16,263.41
DK1,2025-01-18 13:00:00+00:00,B16,208.16
DK1,2025-01-18 14:00:00+00:00,B16,53.93
DK1,2025-01-18 15:00:00+00:00,B16,4.25
DK1,2025-01-18 16:00:00+00:00,B16,0.0
DK1,2025-01-18 17:00:00+00:00,B16,0.0
DK1,2025-01-18 18:00:00+00:00,B16,0.0
DK1,2025-01-18 19:00:00+00:00,B16,0.0
DK1,2025-01-18 20:00:00+00:00,B16,0.0
DK1,2025-01-18 21:00:00+00:00,B16,0.0
DK1,2025-01-18 22:00:00+00:00,B16,0.0
DK1,2025-01-18 23:00:00+00:00,B16,0.0
DK1,2025-01-19 00:00:00+00:00,B16,0.0
DK1,2025-01-19 01:00:00+00:00,B16,0.0
DK1,2025-01-19 02:00:00+00:00,B16,0.0
DK1,2025-01-19 03:00:00+00:00,B16,0.0
DK1,2025-01-19 04:00:00+00:00,B16,0.0
DK1,2025-01-19 05:00:00+00:00,B16,0.0
DK1,2025-01-19 06:00:00+00:00,B16,0.0
DK1,2025-01-19 07:00:00+00:00,B16,0.0
DK1,2025-01-19 08:00:00+00:00,B16,27.85
DK1,2025-01-19 09:00:00+00:00,B16,135.46
DK1,2025-01-19 10:00:00+00:00,B16,203.79
DK1,2025-01-19 11:00:00+00:00,B16,273.95
DK1,2025-01-19 12:00:00+00:00,B16,292.37
DK1,2025-01-19 13:00:00+00:00,B16,184.48
DK1,2025-01-19 14:00:00+00:00,B16,98.41
DK1,2025-01-19 15:00:00+00:00,B16,5.25
DK1,2025-01-19 16:00:00+00:00,B16,0.0
DK1,2025-01-19 17:00:00+00:00,B16,0.0
DK1,2025-01-19 18:00:00+00:00,B16,0.0
DK1,2025-01-19 19:00:00+00:00,B16,0.0
DK1,2025-01-19 20:00:00+00:00,B16,0.0
DK1,2025-01-19 21:00:00+00:00,B16,0.0
DK1,2025-01-19 22:00:00+00:00,B16,0.0
DK1,2025-01-19 23:00:00+00:00,B16,0.0
DK1,2025-01-20 00:00:00+00:00,B16,0.0
DK1,2025-01-20 01:00:00+00:00,B16,0.0
DK1,2025-01-20 02:00:00+00:00,B16,0.0
DK1,2025-01-20 03:00:00+00:00,B16,0.0
DK1,2025-01-20 04:00:00+00:00,B16,0.0
DK1,2025-01-20 05:00:00+00:00,B16,0.0
DK1,2025-01-20 06:00:00+00:00,B16,0.0
DK1,2025-01-20 07:00:00+00:00,B16,0.0
DK1,2025-01-20 08:00:00+00:00,B16,14.66
DK1,2025-01-20 09:00:00+00:00,B16,159.57
DK1,2025-01-20 10:00:00+00:00,B16,275.55
DK1,2025-01-20 11:00:00+00:00,B16,309.85
DK1,2025-01-20 12:00:00+00:00,B16,319.63
DK1,2025-01-20 13:00:00+00:00,B16,263.7
DK1,2025-01-20 14:00:00+00:00,B16,116.08
DK1,2025-01-20 15:00:00+00:00,B16,8.36
DK1,2025-01-20 16:00:00+00:00,B16,0.0
DK1,2025-01-20 17:00:00+00:00,B16,0.0
DK1,2025-01-20 18:00:00+00:00,B16,0.0
DK1,2025-01-20 19:00:00+00:00,B16,0.0
DK1,2025-01-20 20:00:00+00:00,B16,0.0
DK1,2025-01-20 21:00:00+00:00,B16,0.0
DK1,2025-01-20 22:00:00+00:00,B16,0.0
DK1,2025-01-20 23:00:00+00:00,B16,0.0
DK1,2025-01-21 00:00:00+00:00,B16,0.0
DK1,2025-01-21 01:00:00+00:00,B16,0.0
DK1,2025-01-21 02:00:00+00:00,B16,0.0
DK1,2025-01-21 03:00:00+00:00,B16,0.0
DK1,2025-01-21 04:00:00+00:00,B16,0.0
DK1,2025-01-21 05:00:00+00:00,B16,0.0
DK1,2025-01-21 06:00:00+00:00,B16,0.0
DK1,2025-01-21 07:00:00+00:00,B16,0.0
DK1,2025-01-21 08:00:00+00:00,B16,15.47
DK1,2025-01-21 09:00:00+00:00,B16,111.87
DK1,2025-01-21 10:00:00+00:00,B16,157.82
DK1,2025-01-21 11:00:00+00:00,B16,169.44
DK1,2025-01-21 12:00:00+00:00,B16,196.79
DK1,2025-01-21 13:00:00+00:00,B16,165.3
DK1,2025-01-21 14:00:00+00:00,B16,72.75
DK1,2025-01-21 15:00:00+00:00,B16,4.3
DK1,2025-01-21 16:00:00+00:00,B16,0.0
DK1,2025-01-21 17:00:00+00:00,B16,0.0
DK1,2025-01-21 18:00:00+00:00,B16,0.0
DK1,2025-01-21 19:00:00+00:00,B16,0.0
DK1,2025-01-21 20:00:00+00:00,B16,0.0
DK1,2025-01-21 21:00:00+00:00,B16,0.0
DK1,2025-01-21 22:00:00+00:00,B16,0.0
DK1,2025-01-21 23:00:00+00:00,B16,0.0
DK1,2025-01-22 00:00:00+00:00,B16,0.0
DK1,2025-01-22 01:00:00+00:00,B16,0.0
DK1,2025-01-22 02:00:00+00:00,B16,0.0
DK1,2025-01-22 03:00:00+00:00,B16,0.0
DK1,2025-01-22 04:00:00+00:00,B16,0.0
DK1,2025-01-22 05:00:00+00:00,B16,0.0
DK1,2025-01-22 06:00:00+00:00,B16,0.0
DK1,2025-01-22 07:00:00+00:00,B16,0.0
DK1,2025-01-22 08:00:00+00:00,B16,37.56
DK1,2025-01-22 09:00:00+00:00,B16,163.28
DK1,2025-01-22 10:00:00+00:00,B16,257.32
DK1,2025-01-22 11:00:00+00:00,B16,183.52
DK1,2025-01-22 12:00:00+00:00,B16,319.05
DK1,2025-01-22 13:00:00+00:00,B16,199.39
DK1,2025-01-22 14:00:00+00:00,B16,72.42
DK1,2025-01-22 15:00:00+00:00,B16,13.01
DK1,2025-01-22 16:00:00+00:00,B16,0.0
DK1,2025-01-22 17:00:00+00:00,B16,0.0
DK1,2025-01-22 18:00:00+00:00,B16,0.0
DK1,2025-01-22 19:00:00+00:00,B16,0.0
DK1,2025-01-22 20:00:00+00:00,B16,0.0
DK1,2025-01-22 21:00:00+00:00,B16,0.0
DK1,2025-01-22 22:00:00+00:00,B16,0.0
DK1,2025-01-22 23:00:00+00:00,B16,0.0
DK1,2025-01-23 00:00:00+00:00,B16,0.0
DK1,2025-01-23 01:00:00+00:00,B16,0.0
DK1,2025-01-23 02:00:00+00:00,B16,0.0
DK1,2025-01-23 03:00:00+00:00,B16,0.0
DK1,2025-01-23 04:00:00+00:00,B16,0.0
DK1,2025-01-23 05:00:00+00:00,B16,0.0
DK1,2025-01-23 06:00:00+00:00,B16,0.0
DK1,2025-01-23 07:00:00+00:00,B16,0.0
DK1,2025-01-23 08:00:00+00:00,B16,25.69
DK1,2025-01-23 09:00:00+00:00,B16,85.1
DK1,2025-01-23 10:00:00+00:00,B16,190.55
DK1,2025-01-23 11:00:00+00:00,B16,76.02
DK1,2025-01-23 12:00:00+00:00,B16,158.76
DK1,2025-01-23 13:00:00+00:00,B16,126.84
DK1,2025-01-23 14:00:00+00:00,B16,93.76
DK1,2025-01-23 15:00:00+00:00,B16,10.31
DK1,2025-01-23 16:00:00+00:00,B16,0.0
DK1,2025-01-23 17:00:00+00:00,B16,0.0
DK1,2025-01-23 18:00:00+00:00,B16,0.0
DK1,2025-01-23 19:00:00+00:00,B16,0.0
DK1,2025-01-23 20:00:00+00:00,B16,0.0
DK1,2025-01-23 21:00:00+00:00,B16,0.0
DK1,2025-01-23 22:00:00+00:00,B16,0.0
DK1,2025-01-23 23:00:00+00:00,B16,0.0
DK1,2025-01-24 00:00:00+00:00,B16,0.0
DK1,2025-01-24 01:00:00+00:00,B16,0.0
DK1,2025-01-24 02:00:00+00:00,B16,0.0
DK1,2025-01-24 03:00:00+00:00,B16,0.0
DK1,2025-01-24 04:00:00+00:00,B16,0.0
DK1,2025-01-24 05:00:00+00:00,B16,0.0
DK1,2025-01-24 06:00:00+00:00,B16,0.0
DK1,2025-01-24 07:00:00+00:00,B16,0.0
DK1,2025-01-24 08:00:00+00:00,B16,31.13
DK1,2025-01-24 09:00:00+00:00,B16,183.18
DK1,2025-01-24 10:00:00+00:00,B16,266.89
DK1,2025-01-24 11:00:00+00:00,B16,317.15
DK1,2025-01-24 12:00:00+00:00,B16,354.38
DK1,2025-01-24 13:00:00+00:00,B16,219.15
DK1,2025-01-24 14:00:00+00:00,B16,115.86
DK1,2025-01-24 15:00:00+00:00,B16,19.3
DK1,2025-01-24 16:00:00+00:00,B16,0.0
DK1,2025-01-24 17:00:00+00:00,B16,0.0
DK1,2025-01-24 18:00:00+00:00,B16,0.0
DK1,2025-01-24 19:00:00+00:00,B16,0.0
DK1,2025-01-24 20:00:00+00:00,B16,0.0
DK1,2025-01-24 21:00:00+00:00,B16,0.0
DK1,2025-01-24 22:00:00+00:00,B16,0.0
DK1,2025-01-24 23:00:00+00:00,B16,0.0
DK1,2025-01-25 00:00:00+00:00,B16,0.0
DK1,2025-01-25 01:00:00+00:00,B16,0.0
DK1,2025-01-25 02:00:00+00:00,B16,0.0
DK1,2025-01-25 03:00:00+00:00,B16,0.0
DK1,2025-01-25 04:00:00+00:00,B16,0.0
DK1,2025-01-25 05:00:00+00:00,B16,0.0
DK1,2025-01-25 06:00:00+00:00,B16,0.0
DK1,2025-01-25 07:00:00+00:00,B16,0.0
DK1,2025-01-25 08:00:00+00:00,B16,34.3
DK1,2025-01-25 09:00:00+00:00,B16,172.91
DK1,2025-01-25 10:00:00+00:00,B16,305.24
DK1,2025-01-25 11:00:00+00:00,B16,318.61
DK1,2025-01-25 12:00:00+00:00,B16,328.16
DK1,2025-01-25 13:00:00+00:00,B16,246.71
DK1,2025-01-25 14:00:00+00:00,B16,133.94
DK1,2025-01-25 15:00:00+00:00,B16,18.57
DK1,2025-01-25 16:00:00+00:00,B16,0.0
DK1,2025-01-25 17:00:00+00:00,B16,0.0
DK1,2025-01-25 18:00:00+00:00,B16,0.0
DK1,2025-01-25 19:00:00+00:00,B16,0.0
DK1,2025-01-25 20:00:00+00:00,B16,0.0
DK1,2025-01-25 21:00:00+00:00,B16,0.0
DK1,2025-01-25 22:00:00+00:00,B16,0.0
DK1,2025-01-25 23:00:00+00:00,B16,0.0
DK1,2025-01-26 00:00:00+00:00,B16,0.0
DK1,2025-01-26 01:00:00+00:00,B16,0.0
DK1,2025-01-26 02:00:00+00:00,B16,0.0
DK1,2025-01-26 03:00:00+00:00,B16,0.0
DK1,2025-01-26 04:00:00+00:00,B16,0.0
DK1,2025-01-26 05:00:00+00:00,B16,0.0
DK1,2025-01-26 06:00:00+00:00,B16,0.0
DK1,2025-01-26 07:00:00+00:00,B16,0.0
DK1,2025-01-26 08:00:00+00:00,B16,36.69
DK1,2025-01-26 09:00:00+00:00,B16,127.78
DK1,2025-01-26 10:00:00+00:00,B16,207.62
DK1,2025-01-26 11:00:00+00:00,B16,275.27
DK1,2025-01-26 12:00:00+00:00,B16,221.61
DK1,2025-01-26 13:00:00+00:00,B16,59.3
DK1,2025-01-26 14:00:00+00:00,B16,108.3
DK1,2025-01-26 15:00:00+00:00,B16,12.44
DK1,2025-01-26 16:00:00+00:00,B16,0.0
DK1,2025-01-26 17:00:00+00:00,B16,0.0
DK1,2025-01-26 18:00:00+00:00,B16,0.0
DK1,2025-01-26 19:00:00+00:00,B16,0.0
DK1,2025-01-26 20:00:00+00:00,B16,0.0
DK1,2025-01-26 21:00:00+00:00,B16,0.0
DK1,2025-01-26 22:00:00+00:00,B16,0.0
DK1,2025-01-26 23:00:00+00:00,B16,0.0
DK1,2025-01-27 00:00:00+00:00,B16,0.0
DK1,2025-01-27 01:00:00+00:00,B16,0.0
DK1,2025-01-27 02:00:00+00:00,B16,0.0
DK1,2025-01-27 03:00:00+00:00,B16,0.0
DK1,2025-01-27 04:00:00+00:00,B16,0.0
DK1,2025-01-27 05:00:00+00:00,B16,0.0
DK1,2025-01-27 06:00:00+00:00,B16,0.0
DK1,2025-01-27 07:00:00+00:00,B16,0.0
DK1,2025-01-27 08:00:00+00:00,B16,52.28
DK1,2025-01-27 09:00:00+00:00,B16,159.5
DK1,2025-01-27 10:00:00+00:00,B16,94.22
DK1,2025-01-27 11:00:00+00:00,B16,271.31
DK1,2025-01-27 12:00:00+00:00,B16,314.83
DK1,2025-01-27 13:00:00+00:00,B16,189.51
DK1,2025-01-27 14:00:00+00:00,B16,158.72
DK1,2025-01-27 15:00:00+00:00,B16,17.11
DK1,2025-01-27 16:00:00+00:00,B16,0.0
DK1,2025-01-27 17:00:00+00:00,B16,0.0
DK1,2025-01-27 18:00:00+00:00,B16,0.0
DK1,2025-01-27 19:00:00+00:00,B16,0.0
DK1,2025-01-27 20:00:00+00:00,B16,0.0
DK1,2025-01-27 21:00:00+00:00,B16,0.0
DK1,2025-01-27 22:00:00+00:00,B16,0.0
DK1,2025-01-27 23:00:00+00:00,B16,0.0
DK1,2025-01-28 00:00:00+00:00,B16,0.0
DK1,2025-01-28 01:00:00+00:00,B16,0.0
DK1,2025-01-28 02:00:00+00:00,B16,0.0
DK1,2025-01-28 03:00:00+00:00,B16,0.0
DK1,2025-01-28 04:00:00+00:00,B16,0.0
DK1,2025-01-28 05:00:00+00:00,B16,0.0
DK1,2025-01-28 06:00:00+00:00,B16,0.0
DK1,2025-01-28 07:00:00+00:00,B16,0.0
DK1,2025-01-28 08:00:00+00:00,B16,50.01
DK1,2025-01-28 09:00:00+00:00,B16,148.55
DK1,2025-01-28 10:00:00+00:00,B16,281.24
DK1,2025-01-28 11:00:00+00:00,B16,349.6
DK1,2025-01-28 12:00:00+00:00,B16,316.89
DK1,2025-01-28 13:00:00+00:00,B16,270.53
DK1,2025-01-28 14:00:00+00:00,B16,153.17
DK1,2025-01-28 15:00:00+00:00,B16,27.02
DK1,2025-01-28 16:00:00+00:00,B16,0.0
DK1,2025-01-28 17:00:00+00:00,B16,0.0
DK1,2025-01-28 18:00:00+00:00,B16,0.0
DK1,2025-01-28 19:00:00+00:00,B16,0.0
DK1,2025-01-28 20:00:00+00:00,B16,0.0
DK1,2025-01-28 21:00:00+00:00,B16,0.0
DK1,2025-01-28 22:00:00+00:00,B16,0.0
DK1,2025-01-28 23:00:00+00:00,B16,0.0
DK1,2025-01-29 00:00:00+00:00,B16,0.0
DK1,2025-01-29 01:00:00+00:00,B16,0.0
DK1,2025-01-29 02:00:00+00:00,B16,0.0
DK1,2025-01-29 03:00:00+00:00,B16,0.0
DK1,2025-01-29 04:00:00+00:00,B16,0.0
DK1,2025-01-29 05:00:00+00:00,B16,0.0
DK1,2025-01-29 06:00:00+00:00,B16,0.0
DK1,2025-01-29 07:00:00+00:00,B16,0.0
DK1,2025-01-29 08:00:00+00:00,B16,48.99
DK1,2025-01-29 09:00:00+00:00,B16,132.2
DK1,2025-01-29 10:00:00+00:00,B16,223.44
DK1,2025-01-29 11:00:00+00:00,B16,287.12
DK1,2025-01-29 12:00:00+00:00,B16,155.09
DK1,2025-01-29 13:00:00+00:00,B16,196.95
DK1,2025-01-29 14:00:00+00:00,B16,82.29
DK1,2025-01-29 15:00:00+00:00,B16,24.34
DK1,2025-01-29 16:00:00+00:00,B16,0.0
DK1,2025-01-29 17:00:00+00:00,B16,0.0
DK1,2025-01-29 18:00:00+00:00,B16,0.0
DK1,2025-01-29 19:00:00+00:00,B16,0.0
DK1,2025-01-29 20:00:00+00:00,B16,0.0
DK1,2025-01-29 21:00:00+00:00,B16,0.0
DK1,2025-01-29 22:00:00+00:00,B16,0.0
DK1,2025-01-29 23:00:00+00:00,B16,0.0
DK1,2025-01-30 00:00:00+00:00,B16,0.0
DK1,2025-01-30 01:00:00+00:00,B16,0.0
DK1,2025-01-30 02:00:00+00:00,B16,0.0
DK1,2025-01-30 03:00:00+00:00,B16,0.0
DK1,2025-01-30 04:00:00+00:00,B16,0.0
DK1,2025-01-30 05:00:00+00:00,B16,0.0
DK1,2025-01-30 06:00:00+00:00,B16,0.0
DK1,2025-01-30 07:00:00+00:00,B16,0.0
DK1,2025-01-30 08:00:00+00:00,B16,68.53
DK1,2025-01-30 09:00:00+00:00,B16,169.29
DK1,2025-01-30 10:00:00+00:00,B16,290.91
DK1,2025-01-30 11:00:00+00:00,B16,399.39
DK1,2025-01-30 12:00:00+00:00,B16,289.39
DK1,2025-01-30 13:00:00+00:00,B16,294.21
DK1,2025-01-30 14:00:00+00:00,B16,158.68
DK1,2025-01-30 15:00:00+00:00,B16,22.38
DK1,2025-01-30 16:00:00+00:00,B16,0.0
DK1,2025-01-30 17:00:00+00:00,B16,0.0
DK1,2025-01-30 18:00:00+00:00,B16,0.0
DK1,2025-01-30 19:00:00+00:00,B16,0.0
DK1,2025-01-30 20:00:00+00:00,B16,0.0
DK1,2025-01-30 21:00:00+00:00,B16,0.0
DK1,2025-01-30 22:00:00+00:00,B16,0.0
DK1,2025-01-30 23:00:00+00:00,B16,0.0
DK1,2025-01-31 00:00:00+00:00,B16,0.0
DK1,2025-01-31 01:00:00+00:00,B16,0.0
DK1,2025-01-31 02:00:00+00:00,B16,0.0
DK1,2025-01-31 03:00:00+00:00,B16,0.0
DK1,2025-01-31 04:00:00+00:00,B16,0.0
DK1,2025-01-31 05:00:00+00:00,B16,0.0
DK1,2025-01-31 06:00:00+00:00,B16,0.0
DK1,2025-01-31 07:00:00+00:00,B16,0.0
DK1,2025-01-31 08:00:00+00:00,B16,67.42
DK1,2025-01-31 09:00:00+00:00,B16,68.21
DK1,2025-01-31 10:00:00+00:00,B16,328.71
DK1,2025-01-31 11:00:00+00:00,B16,365.19
DK1,2025-01-31 12:00:00+00:00,B16,334.26
DK1,2025-01-31 13:00:00+00:00,B16,272.26
DK1,2025-01-31 14:00:00+00:00,B16,197.48
DK1,2025-01-31 15:00:00+00:00,B16,31.39
DK1,2025-01-31 16:00:00+00:00,B16,0.0
DK1,2025-01-31 17:00:00+00:00,B16,0.0
DK1,2025-01-31 18:00:00+00:00,B16,0.0
DK1,2025-01-31 19:00:00+00:00,B16,0.0
DK1,2025-01-31 20:00:00+00:00,B16,0.0
DK1,2025-01-31 21:00:00+00:00,B16,0.0
DK1,2025-01-31 22:00:00+00:00,B16,0.0
DK1,2025-01-31 23:00:00+00:00,B16,0.0
DK1,2025-02-01 00:00:00+00:00,B16,0.0
DK1,2025-02-01 01:00:00+00:00,B16,0.0
DK1,2025-02-01 02:00:00+00:00,B16,0.0
DK1,2025-02-01 03:00:00+00:00,B16,0.0
DK1,2025-02-01 04:00:00+00:00,B16,0.0
DK1,2025-02-01 05:00:00+00:00,B16,0.0
DK1,2025-02-01 06:00:00+00:00,B16,0.0
DK1,2025-02-01 07:00:00+00:00,B16,0.0
DK1,2025-02-01 08:00:00+00:00,B16,55.9
DK1,2025-02-01 09:00:00+00:00,B16,154.0
DK1,2025-02-01 10:00:00+00:00,B16,238.57
DK1,2025-02-01 11:00:00+00:00,B16,302.63
DK1,2025-02-01 12:00:00+00:00,B16,157.5
DK1,2025-02-01 13:00:00+00:00,B16,199.57
DK1,2025-02-01 14:00:00+00:00,B16,125.08
DK1,2025-02-01 15:00:00+00:00,B16,29.13
DK1,2025-02-01 16:00:00+00:00,B16,0.0
DK1,2025-02-01 17:00:00+00:00,B16,0.0
DK1,2025-02-01 18:00:00+00:00,B16,0.0
DK1,2025-02-01 19:00:00+00:00,B16,0.0
DK1,2025-02-01 20:00:00+00:00,B16,0.0
DK1,2025-02-01 21:00:00+00:00,B16,0.0
DK1,2025-02-01 22:00:00+00:00,B16,0.0
DK1,2025-02-01 23:00:00+00:00,B16,0.0
DK1,2025-02-02 00:00:00+00:00,B16,0.0
DK1,2025-02-02 01:00:00+00:00,B16,0.0
DK1,2025-02-02 02:00:00+00:00,B16,0.0
DK1,2025-02-02 03:00:00+00:00,B16,0.0
DK1,2025-02-02 04:00:00+00:00,B16,0.0
DK1,2025-02-02 05:00:00+00:00,B16,0.0
DK1,2025-02-02 06:00:00+00:00,B16,0.0
DK1,2025-02-02 07:00:00+00:00,B16,0.0
DK1,2025-02-02 08:00:00+00:00,B16,66.85
DK1,2025-02-02 09:00:00+00:00,B16,149.6
DK1,2025-02-02 10:00:00+00:00,B16,254.66
DK1,2025-02-02 11:00:00+00:00,B16,256.36
DK1,2025-02-02 12:00:00+00:00,B16,130.84
DK1,2025-02-02 13:00:00+00:00,B16,233.41
DK1,2025-02-02 14:00:00+00:00,B16,146.59
DK1,2025-02-02 15:00:00+00:00,B16,35.83
DK1,2025-02-02 16:00:00+00:00,B16,0.0
DK1,2025-02-02 17:00:00+00:00,B16,0.0
DK1,2025-02-02 18:00:00+00:00,B16,0.0
DK1,2025-02-02 19:00:00+00:00,B16,0.0
DK1,2025-02-02 20:00:00+00:00,B16,0.0
DK1,2025-02-02 21:00:00+00:00,B16,0.0
DK1,2025-02-02 22:00:00+00:00,B16,0.0
DK1,2025-02-02 23:00:00+00:00,B16,0.0
DK1,2025-02-03 00:00:00+00:00,B16,0.0
DK1,2025-02-03 01:00:00+00:00,B16,0.0
DK1,2025-02-03 02:00:00+00:00,B16,0.0
DK1,2025-02-03 03:00:00+00:00,B16,0.0
DK1,2025-02-03 04:00:00+00:00,B16,0.0
DK1,2025-02-03 05:00:00+00:00,B16,0.0
DK1,2025-02-03 06:00:00+00:00,B16,0.0
DK1,2025-02-03 07:00:00+00:00,B16,0.0
DK1,2025-02-03 08:00:00+00:00,B16,80.25
DK1,2025-02-03 09:00:00+00:00,B16,216.9
DK1,2025-02-03 10:00:00+00:00,B16,242.22
DK1,2025-02-03 11:00:00+00:00,B16,263.39
DK1,2025-02-03 12:00:00+00:00,B16,360.58
DK1,2025-02-03 13:00:00+00:00,B16,296.14
DK1,2025-02-03 14:00:00+00:00,B16,175.39
DK1,2025-02-03 15:00:00+00:00,B16,50.81
DK1,2025-02-03 16:00:00+00:00,B16,0.0
DK1,2025-02-03 17:00:00+00:00,B16,0.0
DK1,2025-02-03 18:00:00+00:00,B16,0.0
DK1,2025-02-03 19:00:00+00:00,B16,0.0
DK1,2025-02-03 20:00:00+00:00,B16,0.0
DK1,2025-02-03 21:00:00+00:00,B16,0.0
DK1,2025-02-03 22:00:00+00:00,B16,0.0
DK1,2025-02-03 23:00:00+00:00,B16,0.0
DK1,2025-02-04 00:00:00+00:00,B16,0.0
DK1,2025-02-04 01:00:00+00:00,B16,0.0
DK1,2025-02-04 02:00:00+00:00,B16,0.0
DK1,2025-02-04 03:00:00+00:00,B16,0.0
DK1,2025-02-04 04:00:00+00:00,B16,0.0
DK1,2025-02-04 05:00:00+00:00,B16,0.0
DK1,2025-02-04 06:00:00+00:00,B16,0.0
DK1,2025-02-04 07:00:00+00:00,B16,0.0
DK1,2025-02-04 08:00:00+00:00,B16,68.66
DK1,2025-02-04 09:00:00+00:00,B16,176.53
DK1,2025-02-04 10:00:00+00:00,B16,284.81
DK1,2025-02-04 11:00:00+00:00,B16,181.48
DK1,2025-02-04 12:00:00+00:00,B16,237.06
DK1,2025-02-04 13:00:00+00:00,B16,295.38
DK1,2025-02-04 14:00:00+00:00,B16,171.38
DK1,2025-02-04 15:00:00+00:00,B16,47.05
DK1,2025-02-04 16:00:00+00:00,B16,0.0
DK1,2025-02-04 17:00:00+00:00,B16,0.0
DK1,2025-02-04 18:00:00+00:00,B16,0.0
DK1,2025-02-04 19:00:00+00:00,B16,0.0
DK1,2025-02-04 20:00:00+00:00,B16,0.0
DK1,2025-02-04 21:00:00+00:00,B16,0.0
DK1,2025-02-04 22:00:00+00:00,B16,0.0
DK1,2025-02-04 23:00:00+00:00,B16,0.0
DK1,2025-02-05 00:00:00+00:00,B16,0.0
DK1,2025-02-05 01:00:00+00:00,B16,0.0
DK1,2025-02-05 02:00:00+00:00,B16,0.0
DK1,2025-02-05 03:00:00+00:00,B16,0.0
DK1,2025-02-05 04:00:00+00:00,B16,0.0
DK1,2025-02-05 05:00:00+00:00,B16,0.0
DK1,2025-02-05 06:00:00+00:00,B16,0.0
DK1,2025-02-05 07:00:00+00:00,B16,0.0
DK1,2025-02-05 08:00:00+00:00,B16,105.55
DK1,2025-02-05 09:00:00+00:00,B16,256.14
DK1,2025-02-05 10:00:00+00:00,B16,342.18
DK1,2025-02-05 11:00:00+00:00,B16,211.51
DK1,2025-02-05 12:00:00+00:00,B16,376.12
DK1,2025-02-05 13:00:00+00:00,B16,302.54
DK1,2025-02-05 14:00:00+00:00,B16,227.49
DK1,2025-02-05 15:00:00+00:00,B16,19.47
DK1,2025-02-05 16:00:00+00:00,B16,0.0
DK1,2025-02-05 17:00:00+00:00,B16,0.0
DK1,2025-02-05 18:00:00+00:00,B16,0.0
DK1,2025-02-05 19:00:00+00:00,B16,0.0
DK1,2025-02-05 20:00:00+00:00,B16,0.0
DK1,2025-02-05 21:00:00+00:00,B16,0.0
DK1,2025-02-05 22:00:00+00:00,B16,0.0
DK1,2025-02-05 23:00:00+00:00,B16,0.0
DK1,2025-02-06 00:00:00+00:00,B16,0.0
DK1,2025-02-06 01:00:00+00:00,B16,0.0
DK1,2025-02-06 02:00:00+00:00,B16,0.0
DK1,2025-02-06 03:00:00+00:00,B16,0.0
DK1,2025-02-06 04:00:00+00:00,B16,0.0
DK1,2025-02-06 05:00:00+00:00,B16,0.0
DK1,2025-02-06 06:00:00+00:00,B16,0.0
DK1,2025-02-06 07:00:00+00:00,B16,0.0
DK1,2025-02-06 08:00:00+00:00,B16,94.26
DK1,2025-02-06 09:00:00+00:00,B16,220.16
DK1,2025-02-06 10:00:00+00:00,B16,331.15
DK1,2025-02-06 11:00:00+00:00,B16,351.14
DK1,2025-02-06 12:00:00+00:00,B16,339.59
DK1,2025-02-06 13:00:00+00:00,B16,307.03
DK1,2025-02-06 14:00:00+00:00,B16,157.71
DK1,2025-02-06 15:00:00+00:00,B16,35.24
DK1,2025-02-06 16:00:00+00:00,B16,0.0
DK1,2025-02-06 17:00:00+00:00,B16,0.0
DK1,2025-02-06 18:00:00+00:00,B16,0.0
DK1,2025-02-06 19:00:00+00:00,B16,0.0
DK1,2025-02-06 20:00:00+00:00,B16,0.0
DK1,2025-02-06 21:00:00+00:00,B16,0.0
DK1,2025-02-06 22:00:00+00:00,B16,0.0
DK1,2025-02-06 23:00:00+00:00,B16,0.0
DK1,2025-02-07 00:00:00+00:00,B16,0.0
DK1,2025-02-07 01:00:00+00:00,B16,0.0
DK1,2025-02-07 02:00:00+00:00,B16,0.0
DK1,2025-02-07 03:00:00+00:00,B16,0.0
DK1,2025-02-07 04:00:00+00:00,B16,0.0
DK1,2025-02-07 05:00:00+00:00,B16,0.0
DK1,2025-02-07 06:00:00+00:00,B16,0.0
DK1,2025-02-07 07:00:00+00:00,B16,0.0
DK1,2025-02-07 08:00:00+00:00,B16,117.53
DK1,2025-02-07 09:00:00+00:00,B16,290.37
DK1,2025-02-07 10:00:00+00:00,B16,407.72
DK1,2025-02-07 11:00:00+00:00,B16,434.82
DK1,2025-02-07 12:00:00+00:00,B16,468.84
DK1,2025-02-07 13:00:00+00:00,B16,210.28
DK1,2025-02-07 14:00:00+00:00,B16,213.1
DK1,2025-02-07 15:00:00+00:00,B16,38.42
DK1,2025-02-07 16:00:00+00:00,B16,0.0
DK1,2025-02-07 17:00:00+00:00,B16,0.0
DK1,2025-02-07 18:00:00+00:00,B16,0.0
DK1,2025-02-07 19:00:00+00:00,B16,0.0
DK1,2025-02-07 20:00:00+00:00,B16,0.0
DK1,2025-02-07 21:00:00+00:00,B16,0.0
DK1,2025-02-07 22:00:00+00:00,B16,0.0
DK1,2025-02-07 23:00:00+00:00,B16,0.0
DK1,2025-02-08 00:00:00+00:00,B16,0.0
DK1,2025-02-08 01:00:00+00:00,B16,0.0
DK1,2025-02-08 02:00:00+00:00,B16,0.0
DK1,2025-02-08 03:00:00+00:00,B16,0.0
DK1,2025-02-08 04:00:00+00:00,B16,0.0
DK1,2025-02-08 05:00:00+00:00,B16,0.0
DK1,2025-02-08 06:00:00+00:00,B16,0.0
DK1,2025-02-08 07:00:00+00:00,B16,0.0
DK1,2025-02-08 08:00:00+00:00,B16,100.01
DK1,2025-02-08 09:00:00+00:00,B16,150.1
DK1,2025-02-08 10:00:00+00:00,B16,152.17
DK1,2025-02-08 11:00:00+00:00,B16,373.93
DK1,2025-02-08 12:00:00+00:00,B16,377.82
DK1,2025-02-08 13:00:00+00:00,B16,287.33
DK1,2025-02-08 14:00:00+00:00,B16,198.69
DK1,2025-02-08 15:00:00+00:00,B16,35.51
DK1,2025-02-08 16:00:00+00:00,B16,0.0
DK1,2025-02-08 17:00:00+00:00,B16,0.0
DK1,2025-02-08 18:00:00+00:00,B16,0.0
DK1,2025-02-08 19:00:00+00:00,B16,0.0
DK1,2025-02-08 20:00:00+00:00,B16,0.0
DK1,2025-02-08 21:00:00+00:00,B16,0.0
DK1,2025-02-08 22:00:00+00:00,B16,0.0
DK1,2025-02-08 23:00:00+00:00,B16,0.0
DK1,2025-02-09 00:00:00+00:00,B16,0.0
DK1,2025-02-09 01:00:00+00:00,B16,0.0
DK1,2025-02-09 02:00:00+00:00,B16,0.0
DK1,2025-02-09 03:00:00+00:00,B16,0.0
DK1,2025-02-09 04:00:00+00:00,B16,0.0
DK1,2025-02-09 05:00:00+00:00,B16,0.0
DK1,2025-02-09 06:00:00+00:00,B16,0.0
DK1,2025-02-09 07:00:00+00:00,B16,0.41
DK1,2025-02-09 08:00:00+00:00,B16,106.47
DK1,2025-02-09 09:00:00+00:00,B16,266.82
DK1,2025-02-09 10:00:00+00:00,B16,339.73
DK1,2025-02-09 11:00:00+00:00,B16,385.97
DK1,2025-02-09 12:00:00+00:00,B16,287.27
DK1,2025-02-09 13:00:00+00:00,B16,302.24
DK1,2025-02-09 14:00:00+00:00,B16,216.7
DK1,2025-02-09 15:00:00+00:00,B16,80.54
DK1,2025-02-09 16:00:00+00:00,B16,0.0
DK1,2025-02-09 17:00:00+00:00,B16,0.0
DK1,2025-02-09 18:00:00+00:00,B16,0.0
DK1,2025-02-09 19:00:00+00:00,B16,0.0
DK1,2025-02-09 20:00:00+00:00,B16,0.0
DK1,2025-02-09 21:00:00+00:00,B16,0.0
DK1,2025-02-09 22:00:00+00:00,B16,0.0
DK1,2025-02-09 23:00:00+00:00,B16,0.0
DK1,2025-02-10 00:00:00+00:00,B16,0.0
DK1,2025-02-10 01:00:00+00:00,B16,0.0
DK1,2025-02-10 02:00:00+00:00,B16,0.0
DK1,2025-02-10 03:00:00+00:00,B16,0.0
DK1,2025-02-10 04:00:00+00:00,B16,0.0
DK1,2025-02-10 05:00:00+00:00,B16,0.0
DK1,2025-02-10 06:00:00+00:00,B16,0.0
DK1,2025-02-10 07:00:00+00:00,B16,2.7
DK1,2025-02-10 08:00:00+00:00,B16,132.81
DK1,2025-02-10 09:00:00+00:00,B16,260.58
DK1,2025-02-10 10:00:00+00:00,B16,227.21
DK1,2025-02-10 11:00:00+00:00,B16,381.77
DK1,2025-02-10 12:00:00+00:00,B16,299.99
DK1,2025-02-10 13:00:00+00:00,B16,364.31
DK1,2025-02-10 14:00:00+00:00,B16,257.66
DK1,2025-02-10 15:00:00+00:00,B16,51.12
DK1,2025-02-10 16:00:00+00:00,B16,0.0
DK1,2025-02-10 17:00:00+00:00,B16,0.0
DK1,2025-02-10 18:00:00+00:00,B16,0.0
DK1,2025-02-10 19:00:00+00:00,B16,0.0
DK1,2025-02-10 20:00:00+00:00,B16,0.0
DK1,2025-02-10 21:00:00+00:00,B16,0.0
DK1,2025-02-10 22:00:00+00:00,B16,0.0
DK1,2025-02-10 23:00:00+00:00,B16,0.0
DK1,2025-02-11 00:00:00+00:00,B16,0.0
DK1,2025-02-11 01:00:00+00:00,B16,0.0
DK1,2025-02-11 02:00:00+00:00,B16,0.0
DK1,2025-02-11 03:00:00+00:00,B16,0.0
DK1,2025-02-11 04:00:00+00:00,B16,0.0
DK1,2025-02-11 05:00:00+00:00,B16,0.0
DK1,2025-02-11 06:00:00+00:00,B16,0.0
DK1,2025-02-11 07:00:00+00:00,B16,6.15
DK1,2025-02-11 08:00:00+00:00,B16,169.33
DK1,2025-02-11 09:00:00+00:00,B16,332.63
DK1,2025-02-11 10:00:00+00:00,B16,446.62
DK1,2025-02-11 11:00:00+00:00,B16,560.7
DK1,2025-02-11 12:00:00+00:00,B16,521.08
DK1,2025-02-11 13:00:00+00:00,B16,416.51
DK1,2025-02-11 14:00:00+00:00,B16,289.5
DK1,2025-02-11 15:00:00+00:00,B16,112.59
DK1,2025-02-11 16:00:00+00:00,B16,0.0
DK1,2025-02-11 17:00:00+00:00,B16,0.0
DK1,2025-02-11 18:00:00+00:00,B16,0.0
DK1,2025-02-11 19:00:00+00:00,B16,0.0
DK1,2025-02-11 20:00:00+00:00,B16,0.0
DK1,2025-02-11 21:00:00+00:00,B16,0.0
DK1,2025-02-11 22:00:00+00:00,B16,0.0
DK1,2025-02-11 23:00:00+00:00,B16,0.0
DK1,2025-02-12 00:00:00+00:00,B16,0.0
DK1,2025-02-12 01:00:00+00:00,B16,0.0
DK1,2025-02-12 02:00:00+00:00,B16,0.0
DK1,2025-02-12 03:00:00+00:00,B16,0.0
DK1,2025-02-12 04:00:00+00:00,B16,0.0
DK1,2025-02-12 05:00:00+00:00,B16,0.0
DK1,2025-02-12 06:00:00+00:00,B16,0.0
DK1,2025-02-12 07:00:00+00:00,B16,7.98
DK1,2025-02-12 08:00:00+00:00,B16,139.89
DK1,2025-02-12 09:00:00+00:00,B16,290.12
DK1,2025-02-12 10:00:00+00:00,B16,363.95
DK1,2025-02-12 11:00:00+00:00,B16,496.43
DK1,2025-02-12 12:00:00+00:00,B16,408.76
DK1,2025-02-12 13:00:00+00:00,B16,287.37
DK1,2025-02-12 14:00:00+00:00,B16,196.24
DK1,2025-02-12 15:00:00+00:00,B16,109.01
DK1,2025-02-12 16:00:00+00:00,B16,0.0
DK1,2025-02-12 17:00:00+00:00,B16,0.0
DK1,2025-02-12 18:00:00+00:00,B16,0.0
DK1,2025-02-12 19:00:00+00:00,B16,0.0
DK1,2025-02-12 20:00:00+00:00,B16,0.0
DK1,2025-02-12 21:00:00+00:00,B16,0.0
DK1,2025-02-12 22:00:00+00:00,B16,0.0
DK1,2025-02-12 23:00:00+00:00,B16,0.0
DK1,2025-02-13 00:00:00+00:00,B16,0.0
DK1,2025-02-13 01:00:00+00:00,B16,0.0
DK1,2025-02-13 02:00:00+00:00,B16,0.0
DK1,2025-02-13 03:00:00+00:00,B16,0.0
DK1,2025-02-13 04:00:00+00:00,B16,0.0
DK1,2025-02-13 05:00:00+00:00,B16,0.0
DK1,2025-02-13 06:00:00+00:00,B16,0.0
DK1,2025-02-13 07:00:00+00:00,B16,8.48
DK1,2025-02-13 08:00:00+00:00,B16,147.44
DK1,2025-02-13 09:00:00+00:00,B16,271.14
DK1,2025-02-13 10:00:00+00:00,B16,374.39
DK1,2025-02-13 11:00:00+00:00,B16,340.56
DK1,2025-02-13 12:00:00+00:00,B16,331.28
DK1,2025-02-13 13:00:00+00:00,B16,345.52
DK1,2025-02-13 14:00:00+00:00,B16,267.5
DK1,2025-02-13 15:00:00+00:00,B16,79.65
DK1,2025-02-13 16:00:00+00:00,B16,0.0
DK1,2025-02-13 17:00:00+00:00,B16,0.0
DK1,2025-02-13 18:00:00+00:00,B16,0.0
DK1,2025-02-13 19:00:00+00:00,B16,0.0
DK1,2025-02-13 20:00:00+00:00,B16,0.0
DK1,2025-02-13 21:00:00+00:00,B16,0.0
DK1,2025-02-13 22:00:00+00:00,B16,0.0
DK1,2025-02-13 23:00:00+00:00,B16,0.0
DK1,2025-02-14 00:00:00+00:00,B16,0.0
DK1,2025-02-14 01:00:00+00:00,B16,0.0
DK1,2025-02-14 02:00:00+00:00,B16,0.0
DK1,2025-02-14 03:00:00+00:00,B16,0.0
DK1,2025-02-14 04:00:00+00:00,B16,0.0
DK1,2025-02-14 05:00:00+00:00,B16,0.0
DK1,2025-02-14 06:00:00+00:00,B16,0.0
DK1,2025-02-14 07:00:00+00:00,B16,16.5
DK1,2025-02-14 08:00:00+00:00,B16,158.68
DK1,2025-02-14 09:00:00+00:00,B16,232.94
DK1,2025-02-14 10:00:00+00:00,B16,143.83
DK1,2025-02-14 11:00:00+00:00,B16,489.93
DK1,2025-02-14 12:00:00+00:00,B16,365.83
DK1,2025-02-14 13:00:00+00:00,B16,205.78
DK1,2025-02-14 14:00:00+00:00,B16,279.19
DK1,2025-02-14 15:00:00+00:00,B16,116.26
DK1,2025-02-14 16:00:00+00:00,B16,0.0
DK1,2025-02-14 17:00:00+00:00,B16,0.0
DK1,2025-02-14 18:00:00+00:00,B16,0.0
DK1,2025-02-14 19:00:00+00:00,B16,0.0
DK1,2025-02-14 20:00:00+00:00,B16,0.0
DK1,2025-02-14 21:00:00+00:00,B16,0.0
DK1,2025-02-14 22:00:00+00:00,B16,0.0
DK1,2025-02-14 23:00:00+00:00,B16,0.0
DK1,2025-02-15 00:00:00+00:00,B16,0.0
DK1,2025-02-15 01:00:00+00:00,B16,0.0
DK1,2025-02-15 02:00:00+00:00,B16,0.0
DK1,2025-02-15 03:00:00+00:00,B16,0.0
DK1,2025-02-15 04:00:00+00:00,B16,0.0
DK1,2025-02-15 05:00:00+00:00,B16,0.0
DK1,2025-02-15 06:00:00+00:00,B16,0.0
DK1,2025-02-15 07:00:00+00:00,B16,13.17
DK1,2025-02-15 08:00:00+00:00,B16,156.05
DK1,2025-02-15 09:00:00+00:00,B16,232.73
DK1,2025-02-15 10:00:00+00:00,B16,317.8
DK1,2025-02-15 11:00:00+00:00,B16,446.21
DK1,2025-02-15 12:00:00+00:00,B16,338.5
DK1,2025-02-15 13:00:00+00:00,B16,463.98
DK1,2025-02-15 14:00:00+00:00,B16,227.8
DK1,2025-02-15 15:00:00+00:00,B16,118.76
DK1,2025-02-15 16:00:00+00:00,B16,0.06
DK1,2025-02-15 17:00:00+00:00,B16,0.0
DK1,2025-02-15 18:00:00+00:00,B16,0.0
DK1,2025-02-15 19:00:00+00:00,B16,0.0
DK1,2025-02-15 20:00:00+00:00,B16,0.0
DK1,2025-02-15 21:00:00+00:00,B16,0.0
DK1,2025-02-15 22:00:00+00:00,B16,0.0
DK1,2025-02-15 23:00:00+00:00,B16,0.0
DK1,2025-02-16 00:00:00+00:00,B16,0.0
DK1,2025-02-16 01:00:00+00:00,B16,0.0
DK1,2025-02-16 02:00:00+00:00,B16,0.0
DK1,2025-02-16 03:00:00+00:00,B16,0.0
DK1,2025-02-16 04:00:00+00:00,B16,0.0
DK1,2025-02-16 05:00:00+00:00,B16,0.0
DK1,2025-02-16 06:00:00+00:00,B16,0.0
DK1,2025-02-16 07:00:00+00:00,B16,17.23
DK1,2025-02-16 08:00:00+00:00,B16,176.36
DK1,2025-02-16 09:00:00+00:00,B16,293.64
DK1,2025-02-16 10:00:00+00:00,B16,450.26
DK1,2025-02-16 11:00:00+00:00,B16,419.52
DK1,2025-02-16 12:00:00+00:00,B16,511.52
DK1,2025-02-16 13:00:00+00:00,B16,437.55
DK1,2025-02-16 14:00:00+00:00,B16,203.91
DK1,2025-02-16 15:00:00+00:00,B16,126.82
DK1,2025-02-16 16:00:00+00:00,B16,0.76
DK1,2025-02-16 17:00:00+00:00,B16,0.0
DK1,2025-02-16 18:00:00+00:00,B16,0.0
DK1,2025-02-16 19:00:00+00:00,B16,0.0
DK1,2025-02-16 20:00:00+00:00,B16,0.0
DK1,2025-02-16 21:00:00+00:00,B16,0.0
DK1,2025-02-16 22:00:00+00:00,B16,0.0
DK1,2025-02-16 23:00:00+00:00,B16,0.0
DK1,2025-02-17 00:00:00+00:00,B16,0.0
DK1,2025-02-17 01:00:00+00:00,B16,0.0
DK1,2025-02-17 02:00:00+00:00,B16,0.0
DK1,2025-02-17 03:00:00+00:00,B16,0.0
DK1,2025-02-17 04:00:00+00:00,B16,0.0
DK1,2025-02-17 05:00:00+00:00,B16,0.0
DK1,2025-02-17 06:00:00+00:00,B16,0.0
DK1,2025-02-17 07:00:00+00:00,B16,33.28
DK1,2025-02-17 08:00:00+00:00,B16,200.91
DK1,2025-02-17 09:00:00+00:00,B16,380.94
DK1,2025-02-17 10:00:00+00:00,B16,427.86
DK1,2025-02-17 11:00:00+00:00,B16,563.03
DK1,2025-02-17 12:00:00+00:00,B16,444.29
DK1,2025-02-17 13:00:00+00:00,B16,496.46
DK1,2025-02-17 14:00:00+00:00,B16,370.52
DK1,2025-02-17 15:00:00+00:00,B16,127.34
DK1,2025-02-17 16:00:00+00:00,B16,4.69
DK1,2025-02-17 17:00:00+00:00,B16,0.0
DK1,2025-02-17 18:00:00+00:00,B16,0.0
DK1,2025-02-17 19:00:00+00:00,B16,0.0
DK1,2025-02-17 20:00:00+00:00,B16,0.0
DK1,2025-02-17 21:00:00+00:00,B16,0.0
DK1,2025-02-17 22:00:00+00:00,B16,0.0
DK1,2025-02-17 23:00:00+00:00,B16,0.0
DK1,2025-02-18 00:00:00+00:00,B16,0.0
DK1,2025-02-18 01:00:00+00:00,B16,0.0
DK1,2025-02-18 02:00:00+00:00,B16,0.0
DK1,2025-02-18 03:00:00+00:00,B16,0.0
DK1,2025-02-18 04:00:00+00:00,B16,0.0
DK1,2025-02-18 05:00:00+00:00,B16,0.0
DK1,2025-02-18 06:00:00+00:00,B16,0.0
DK1,2025-02-18 07:00:00+00:00,B16,22.56
DK1,2025-02-18 08:00:00+00:00,B16,137.86
DK1,2025-02-18 09:00:00+00:00,B16,295.89
DK1,2025-02-18 10:00:00+00:00,B16,460.9
DK1,2025-02-18 11:00:00+00:00,B16,455.07
DK1,2025-02-18 12:00:00+00:00,B16,413.63
DK1,2025-02-18 13:00:00+00:00,B16,383.24
DK1,2025-02-18 14:00:00+00:00,B16,284.38
DK1,2025-02-18 15:00:00+00:00,B16,144.96
DK1,2025-02-18 16:00:00+00:00,B16,5.34
DK1,2025-02-18 17:00:00+00:00,B16,0.0
DK1,2025-02-18 18:00:00+00:00,B16,0.0
DK1,2025-02-18 19:00:00+00:00,B16,0.0
DK1,2025-02-18 20:00:00+00:00,B16,0.0
DK1,2025-02-18 21:00:00+00:00,B16,0.0
DK1,2025-02-18 22:00:00+00:00,B16,0.0
DK1,2025-02-18 23:00:00+00:00,B16,0.0
DK1,2025-02-19 00:00:00+00:00,B16,0.0
DK1,2025-02-19 01:00:00+00:00,B16,0.0
DK1,2025-02-19 02:00:00+00:00,B16,0.0
DK1,2025-02-19 03:00:00+00:00,B16,0.0
DK1,2025-02-19 04:00:00+00:00,B16,0.0
DK1,2025-02-19 05:00:00+00:00,B16,0.0
DK1,2025-02-19 06:00:00+00:00,B16,0.0
DK1,2025-02-19 07:00:00+00:00,B16,35.28
DK1,2025-02-19 08:00:00+00:00,B16,73.43
DK1,2025-02-19 09:00:00+00:00,B16,319.44
DK1,2025-02-19 10:00:00+00:00,B16,498.77
DK1,2025-02-19 11:00:00+00:00,B16,551.26
DK1,2025-02-19 12:00:00+00:00,B16,530.21
DK1,2025-02-19 13:00:00+00:00,B16,349.29
DK1,2025-02-19 14:00:00+00:00,B16,331.63
DK1,2025-02-19 15:00:00+00:00,B16,153.0
DK1,2025-02-19 16:00:00+00:00,B16,10.62
DK1,2025-02-19 17:00:00+00:00,B16,0.0
DK1,2025-02-19 18:00:00+00:00,B16,0.0
DK1,2025-02-19 19:00:00+00:00,B16,0.0
DK1,2025-02-19 20:00:00+00:00,B16,0.0
DK1,2025-02-19 21:00:00+00:00,B16,0.0
DK1,2025-02-19 22:00:00+00:00,B16,0.0
DK1,2025-02-19 23:00:00+00:00,B16,0.0
DK1,2025-02-20 00:00:00+00:00,B16,0.0
DK1,2025-02-20 01:00:00+00:00,B16,0.0
DK1,2025-02-20 02:00:00+00:00,B16,0.0
DK1,2025-02-20 03:00:00+00:00,B16,0.0
DK1,2025-02-20 04:00:00+00:00,B16,0.0
DK1,2025-02-20 05:00:00+00:00,B16,0.0
DK1,2025-02-20 06:00:00+00:00,B16,0.0
DK1,2025-02-20 07:00:00+00:00,B16,29.64
DK1,2025-02-20 08:00:00+00:00,B16,146.9
DK1,2025-02-20 09:00:00+00:00,B16,235.84
DK1,2025-02-20 10:00:00+00:00,B16,308.03
DK1,2025-02-20 11:00:00+00:00,B16,357.19
DK1,2025-02-20 12:00:00+00:00,B16,451.02
DK1,2025-02-20 13:00:00+00:00,B16,320.87
DK1,2025-02-20 14:00:00+00:00,B16,222.95
DK1,2025-02-20 15:00:00+00:00,B16,75.06
DK1,2025-02-20 16:00:00+00:00,B16,9.94
DK1,2025-02-20 17:00:00+00:00,B16,0.0
DK1,2025-02-20 18:00:00+00:00,B16,0.0
DK1,2025-02-20 19:00:00+00:00,B16,0.0
DK1,2025-02-20 20:00:00+00:00,B16,0.0
DK1,2025-02-20 21:00:00+00:00,B16,0.0
DK1,2025-02-20 22:00:00+00:00,B16,0.0
DK1,2025-02-20 23:00:00+00:00,B16,0.0
DK1,2025-02-21 00:00:00+00:00,B16,0.0
DK1,2025-02-21 01:00:00+00:00,B16,0.0
DK1,2025-02-21 02:00:00+00:00,B16,0.0
DK1,2025-02-21 03:00:00+00:00,B16,0.0
DK1,2025-02-21 04:00:00+00:00,B16,0.0
DK1,2025-02-21 05:00:00+00:00,B16,0.0
DK1,2025-02-21 06:00:00+00:00,B16,0.0
DK1,2025-02-21 07:00:00+00:00,B16,52.63
DK1,2025-02-21 08:00:00+00:00,B16,254.92
DK1,2025-02-21 09:00:00+00:00,B16,427.66
DK1,2025-02-21 10:00:00+00:00,B16,566.44
DK1,2025-02-21 11:00:00+00:00,B16,385.98
DK1,2025-02-21 12:00:00+00:00,B16,444.27
DK1,2025-02-21 13:00:00+00:00,B16,562.84
DK1,2025-02-21 14:00:00+00:00,B16,193.31
DK1,2025-02-21 15:00:00+00:00,B16,92.58
DK1,2025-02-21 16:00:00+00:00,B16,19.07
DK1,2025-02-21 17:00:00+00:00,B16,0.0
DK1,2025-02-21 18:00:00+00:00,B16,0.0
DK1,2025-02-21 19:00:00+00:00,B16,0.0
DK1,2025-02-21 20:00:00+00:00,B16,0.0
DK1,2025-02-21 21:00:00+00:00,B16,0.0
DK1,2025-02-21 22:00:00+00:00,B16,0.0
DK1,2025-02-21 23:00:00+00:00,B16,0.0
DK1,2025-02-22 00:00:00+00:00,B16,0.0
DK1,2025-02-22 01:00:00+00:00,B16,0.0
DK1,2025-02-22 02:00:00+00:00,B16,0.0
DK1,2025-02-22 03:00:00+00:00,B16,0.0
DK1,2025-02-22 04:00:00+00:00,B16,0.0
DK1,2025-02-22 05:00:00+00:00,B16,0.0
DK1,2025-02-22 06:00:00+00:00,B16,0.0
DK1,2025-02-22 07:00:00+00:00,B16,56.41
DK1,2025-02-22 08:00:00+00:00,B16,246.85
DK1,2025-02-22 09:00:00+00:00,B16,366.36
DK1,2025-02-22 10:00:00+00:00,B16,347.74
DK1,2025-02-22 11:00:00+00:00,B16,480.91
DK1,2025-02-22 12:00:00+00:00,B16,441.89
DK1,2025-02-22 13:00:00+00:00,B16,469.85
DK1,2025-02-22 14:00:00+00:00,B16,197.76
DK1,2025-02-22 15:00:00+00:00,B16,176.7
DK1,2025-02-22 16:00:00+00:00,B16,19.79
DK1,2025-02-22 17:00:00+00:00,B16,0.0
DK1,2025-02-22 18:00:00+00:00,B16,0.0
DK1,2025-02-22 19:00:00+00:00,B16,0.0
DK1,2025-02-22 20:00:00+00:00,B16,0.0
DK1,2025-02-22 21:00:00+00:00,B16,0.0
DK1,2025-02-22 22:00:00+00:00,B16,0.0
DK1,2025-02-22 23:00:00+00:00,B16,0.0
DK1,2025-02-23 00:00:00+00:00,B16,0.0
DK1,2025-02-23 01:00:00+00:00,B16,0.0
DK1,2025-02-23 02:00:00+00:00,B16,0.0
DK1,2025-02-23 03:00:00+00:00,B16,0.0
DK1,2025-02-23 04:00:00+00:00,B16,0.0
DK1,2025-02-23 05:00:00+00:00,B16,0.0
DK1,2025-02-23 06:00:00+00:00,B16,0.0
DK1,2025-02-23 07:00:00+00:00,B16,37.91
DK1,2025-02-23 08:00:00+00:00,B16,187.3
DK1,2025-02-23 09:00:00+00:00,B16,406.47
DK1,2025-02-23 10:00:00+00:00,B16,369.08
DK1,2025-02-23 11:00:00+00:00,B16,197.85
DK1,2025-02-23 12:00:00+00:00,B16,667.1
DK1,2025-02-23 13:00:00+00:00,B16,538.97
DK1,2025-02-23 14:00:00+00:00,B16,374.65
DK1,2025-02-23 15:00:00+00:00,B16,157.71
DK1,2025-02-23 16:00:00+00:00,B16,28.38
DK1,2025-02-23 17:00:00+00:00,B16,0.0
DK1,2025-02-23 18:00:00+00:00,B16,0.0
DK1,2025-02-23 19:00:00+00:00,B16,0.0
DK1,2025-02-23 20:00:00+00:00,B16,0.0
DK1,2025-02-23 21:00:00+00:00,B16,0.0
DK1,2025-02-23 22:00:00+00:00,B16,0.0
DK1,2025-02-23 23:00:00+00:00,B16,0.0
DK1,2025-02-24 00:00:00+00:00,B16,0.0
DK1,2025-02-24 01:00:00+00:00,B16,0.0
DK1,2025-02-24 02:00:00+00:00,B16,0.0
DK1,2025-02-24 03:00:00+00:00,B16,0.0
DK1,2025-02-24 04:00:00+00:00,B16,0.0
DK1,2025-02-24 05:00:00+00:00,B16,0.0
DK1,2025-02-24 06:00:00+00:00,B16,0.0
DK1,2025-02-24 07:00:00+00:00,B16,69.1
DK1,2025-02-24 08:00:00+00:00,B16,229.33
DK1,2025-02-24 09:00:00+00:00,B16,413.84
DK1,2025-02-24 10:00:00+00:00,B16,416.26
DK1,2025-02-24 11:00:00+00:00,B16,612.69
DK1,2025-02-24 12:00:00+00:00,B16,611.16
DK1,2025-02-24 13:00:00+00:00,B16,644.36
DK1,2025-02-24 14:00:00+00:00,B16,391.63
DK1,2025-02-24 15:00:00+00:00,B16,71.62
DK1,2025-02-24 16:00:00+00:00,B16,33.98
DK1,2025-02-24 17:00:00+00:00,B16,0.0
DK1,2025-02-24 18:00:00+00:00,B16,0.0
DK1,2025-02-24 19:00:00+00:00,B16,0.0
DK1,2025-02-24 20:00:00+00:00,B16,0.0
DK1,2025-02-24 21:00:00+00:00,B16,0.0
DK1,2025-02-24 22:00:00+00:00,B16,0.0
DK1,2025-02-24 23:00:00+00:00,B16,0.0
DK1,2025-02-25 00:00:00+00:00,B16,0.0
DK1,2025-02-25 01:00:00+00:00,B16,0.0
DK1,2025-02-25 02:00:00+00:00,B16,0.0
DK1,2025-02-25 03:00:00+00:00,B16,0.0
DK1,2025-02-25 04:00:00+00:00,B16,0.0
DK1,2025-02-25 05:00:00+00:00,B16,0.0
DK1,2025-02-25 06:00:00+00:00,B16,0.0
DK1,2025-02-25 07:00:00+00:00,B16,76.44
DK1,2025-02-25 08:00:00+00:00,B16,73.89
DK1,2025-02-25 09:00:00+00:00,B16,292.03
DK1,2025-02-25 10:00:00+00:00,B16,478.41
DK1,2025-02-25 11:00:00+00:00,B16,460.93
DK1,2025-02-25 12:00:00+00:00,B16,454.65
DK1,2025-02-25 13:00:00+00:00,B16,579.86
DK1,2025-02-25 14:00:00+00:00,B16,364.58
DK1,2025-02-25 15:00:00+00:00,B16,143.72
DK1,2025-02-25 16:00:00+00:00,B16,36.76
DK1,2025-02-25 17:00:00+00:00,B16,0.0
DK1,2025-02-25 18:00:00+00:00,B16,0.0
DK1,2025-02-25 19:00:00+00:00,B16,0.0
DK1,2025-02-25 20:00:00+00:00,B16,0.0
DK1,2025-02-25 21:00:00+00:00,B16,0.0
DK1,2025-02-25 22:00:00+00:00,B16,0.0
DK1,2025-02-25 23:00:00+00:00,B16,0.0
DK1,2025-02-26 00:00:00+00:00,B16,0.0
DK1,2025-02-26 01:00:00+00:00,B16,0.0
DK1,2025-02-26 02:00:00+00:00,B16,0.0
DK1,2025-02-26 03:00:00+00:00,B16,0.0
DK1,2025-02-26 04:00:00+00:00,B16,0.0
DK1,2025-02-26 05:00:00+00:00,B16,0.0
DK1,2025-02-26 06:00:00+00:00,B16,0.0
DK1,2025-02-26 07:00:00+00:00,B16,54.8
DK1,2025-02-26 08:00:00+00:00,B16,179.94
DK1,2025-02-26 09:00:00+00:00,B16,332.78
DK1,2025-02-26 10:00:00+00:00,B16,494.01
DK1,2025-02-26 11:00:00+00:00,B16,473.3
DK1,2025-02-26 12:00:00+00:00,B16,442.13
DK1,2025-02-26 13:00:00+00:00,B16,396.02
DK1,2025-02-26 14:00:00+00:00,B16,307.09
DK1,2025-02-26 15:00:00+00:00,B16,169.92
DK1,2025-02-26 16:00:00+00:00,B16,31.12
DK1,2025-02-26 17:00:00+00:00,B16,0.0
DK1,2025-02-26 18:00:00+00:00,B16,0.0
DK1,2025-02-26 19:00:00+00:00,B16,0.0
DK1,2025-02-26 20:00:00+00:00,B16,0.0
DK1,2025-02-26 21:00:00+00:00,B16,0.0
DK1,2025-02-26 22:00:00+00:00,B16,0.0
DK1,2025-02-26 23:00:00+00:00,B16,0.0
DK1,2025-02-27 00:00:00+00:00,B16,0.0
DK1,2025-02-27 01:00:00+00:00,B16,0.0
DK1,2025-02-27 02:00:00+00:00,B16,0.0
DK1,2025-02-27 03:00:00+00:00,B16,0.0
DK1,2025-02-27 04:00:00+00:00,B16,0.0
DK1,2025-02-27 05:00:00+00:00,B16,0.0
DK1,2025-02-27 06:00:00+00:00,B16,0.0
DK1,2025-02-27 07:00:00+00:00,B16,32.42
DK1,2025-02-27 08:00:00+00:00,B16,109.6
DK1,2025-02-27 09:00:00+00:00,B16,323.57
DK1,2025-02-27 10:00:00+00:00,B16,251.27
DK1,2025-02-27 11:00:00+00:00,B16,352.28
DK1,2025-02-27 12:00:00+00:00,B16,422.63
DK1,2025-02-27 13:00:00+00:00,B16,220.73
DK1,2025-02-27 14:00:00+00:00,B16,280.0
DK1,2025-02-27 15:00:00+00:00,B16,176.58
DK1,2025-02-27 16:00:00+00:00,B16,30.0
DK1,2025-02-27 17:00:00+00:00,B16,0.0
DK1,2025-02-27 18:00:00+00:00,B16,0.0
DK1,2025-02-27 19:00:00+00:00,B16,0.0
DK1,2025-02-27 20:00:00+00:00,B16,0.0
DK1,2025-02-27 21:00:00+00:00,B16,0.0
DK1,2025-02-27 22:00:00+00:00,B16,0.0
DK1,2025-02-27 23:00:00+00:00,B16,0.0
DK1,2025-02-28 00:00:00+00:00,B16,0.0
DK1,2025-02-28 01:00:00+00:00,B16,0.0
DK1,2025-02-28 02:00:00+00:00,B16,0.0
DK1,2025-02-28 03:00:00+00:00,B16,0.0
DK1,2025-02-28 04:00:00+00:00,B16,0.0
DK1,2025-02-28 05:00:00+00:00,B16,0.0
DK1,2025-02-28 06:00:00+00:00,B16,0.0
DK1,2025-02-28 07:00:00+00:00,B16,89.17
DK1,2025-02-28 08:00:00+00:00,B16,251.42
DK1,2025-02-28 09:00:00+00:00,B16,403.55
DK1,2025-02-28 10:00:00+00:00,B16,458.42
DK1,2025-02-28 11:00:00+00:00,B16,593.85
DK1,2025-02-28 12:00:00+00:00,B16,463.39
DK1,2025-02-28 13:00:00+00:00,B16,368.68
DK1,2025-02-28 14:00:00+00:00,B16,423.72
DK1,2025-02-28 15:00:00+00:00,B16,220.02
DK1,2025-02-28 16:00:00+00:00,B16,52.07
DK1,2025-02-28 17:00:00+00:00,B16,0.0
DK1,2025-02-28 18:00:00+00:00,B16,0.0
DK1,2025-02-28 19:00:00+00:00,B16,0.0
DK1,2025-02-28 20:00:00+00:00,B16,0.0
DK1,2025-02-28 21:00:00+00:00,B16,0.0
DK1,2025-02-28 22:00:00+00:00,B16,0.0
DK1,2025-02-28 23:00:00+00:00,B16,0.0
DK1,2025-03-01 00:00:00+00:00,B16,0.0
DK1,2025-03-01 01:00:00+00:00,B16,0.0
DK1,2025-03-01 02:00:00+00:00,B16,0.0
DK1,2025-03-01 03:00:00+00:00,B16,0.0
DK1,2025-03-01 04:00:00+00:00,B16,0.0
DK1,2025-03-01 05:00:00+00:00,B16,0.0
DK1,2025-03-01 06:00:00+00:00,B16,0.0
DK1,2025-03-01 07:00:00+00:00,B16,58.31
DK1,2025-03-01 08:00:00+00:00,B16,274.06
DK1,2025-03-01 09:00:00+00:00,B16,425.62
DK1,2025-03-01 10:00:00+00:00,B16,566.76
DK1,2025-03-01 11:00:00+00:00,B16,638.8
DK1,2025-03-01 12:00:00+00:00,B16,498.21
DK1,2025-03-01 13:00:00+00:00,B16,433.11
DK1,2025-03-01 14:00:00+00:00,B16,385.88
DK1,2025-03-01 15:00:00+00:00,B16,81.91
DK1,2025-03-01 16:00:00+00:00,B16,59.9
DK1,2025-03-01 17:00:00+00:00,B16,0.0
DK1,2025-03-01 18:00:00+00:00,B16,0.0
DK1,2025-03-01 19:00:00+00:00,B16,0.0
DK1,2025-03-01 20:00:00+00:00,B16,0.0
DK1,2025-03-01 21:00:00+00:00,B16,0.0
DK1,2025-03-01 22:00:00+00:00,B16,0.0
DK1,2025-03-01 23:00:00+00:00,B16,0.0
DK1,2025-03-02 00:00:00+00:00,B16,0.0
DK1,2025-03-02 01:00:00+00:00,B16,0.0
DK1,2025-03-02 02:00:00+00:00,B16,0.0
DK1,2025-03-02 03:00:00+00:00,B16,0.0
DK1,2025-03-02 04:00:00+00:00,B16,0.0
DK1,2025-03-02 05:00:00+00:00,B16,0.0
DK1,2025-03-02 06:00:00+00:00,B16,0.0
DK1,2025-03-02 07:00:00+00:00,B16,111.6
DK1,2025-03-02 08:00:00+00:00,B16,311.21
DK1,2025-03-02 09:00:00+00:00,B16,467.44
DK1,2025-03-02 10:00:00+00:00,B16,695.59
DK1,2025-03-02 11:00:00+00:00,B16,791.13
DK1,2025-03-02 12:00:00+00:00,B16,617.42
DK1,2025-03-02 13:00:00+00:00,B16,740.54
DK1,2025-03-02 14:00:00+00:00,B16,458.79
DK1,2025-03-02 15:00:00+00:00,B16,97.25
DK1,2025-03-02 16:00:00+00:00,B16,69.47
DK1,2025-03-02 17:00:00+00:00,B16,0.0
DK1,2025-03-02 18:00:00+00:00,B16,0.0
DK1,2025-03-02 19:00:00+00:00,B16,0.0
DK1,2025-03-02 20:00:00+00:00,B16,0.0
DK1,2025-03-02 21:00:00+00:00,B16,0.0
DK1,2025-03-02 22:00:00+00:00,B16,0.0
DK1,2025-03-02 23:00:00+00:00,B16,0.0
DK1,2025-03-03 00:00:00+00:00,B16,0.0
DK1,2025-03-03 01:00:00+00:00,B16,0.0
DK1,2025-03-03 02:00:00+00:00,B16,0.0
DK1,2025-03-03 03:00:00+00:00,B16,0.0
DK1,2025-03-03 04:00:00+00:00,B16,0.0
DK1,2025-03-03 05:00:00+00:00,B16,0.0
DK1,2025-03-03 06:00:00+00:00,B16,0.0
DK1,2025-03-03 07:00:00+00:00,B16,101.55
DK1,2025-03-03 08:00:00+00:00,B16,367.99
DK1,2025-03-03 09:00:00+00:00,B16,555.2
DK1,2025-03-03 10:00:00+00:00,B16,634.51
DK1,2025-03-03 11:00:00+00:00,B16,740.02
DK1,2025-03-03 12:00:00+00:00,B16,624.75
DK1,2025-03-03 13:00:00+00:00,B16,666.96
DK1,2025-03-03 14:00:00+00:00,B16,189.86
DK1,2025-03-03 15:00:00+00:00,B16,278.49
DK1,2025-03-03 16:00:00+00:00,B16,89.42
DK1,2025-03-03 17:00:00+00:00,B16,0.0
DK1,2025-03-03 18:00:00+00:00,B16,0.0
DK1,2025-03-03 19:00:00+00:00,B16,0.0
DK1,2025-03-03 20:00:00+00:00,B16,0.0
DK1,2025-03-03 21:00:00+00:00,B16,0.0
DK1,2025-03-03 22:00:00+00:00,B16,0.0
DK1,2025-03-03 23:00:00+00:00,B16,0.0
DK1,2025-03-04 00:00:00+00:00,B16,0.0
DK1,2025-03-04 01:00:00+00:00,B16,0.0
DK1,2025-03-04 02:00:00+00:00,B16,0.0
DK1,2025-03-04 03:00:00+00:00,B16,0.0
DK1,2025-03-04 04:00:00+00:00,B16,0.0
DK1,2025-03-04 05:00:00+00:00,B16,0.0
DK1,2025-03-04 06:00:00+00:00,B16,0.0
DK1,2025-03-04 07:00:00+00:00,B16,127.42
DK1,2025-03-04 08:00:00+00:00,B16,292.59
DK1,2025-03-04 09:00:00+00:00,B16,489.15
DK1,2025-03-04 10:00:00+00:00,B16,673.63
DK1,2025-03-04 11:00:00+00:00,B16,376.94
DK1,2025-03-04 12:00:00+00:00,B16,649.43
DK1,2025-03-04 13:00:00+00:00,B16,607.3
DK1,2025-03-04 14:00:00+00:00,B16,405.6
DK1,2025-03-04 15:00:00+00:00,B16,283.55
DK1,2025-03-04 16:00:00+00:00,B16,72.16
DK1,2025-03-04 17:00:00+00:00,B16,0.0
DK1,2025-03-04 18:00:00+00:00,B16,0.0
DK1,2025-03-04 19:00:00+00:00,B16,0.0
DK1,2025-03-04 20:00:00+00:00,B16,0.0
DK1,2025-03-04 21:00:00+00:00,B16,0.0
DK1,2025-03-04 22:00:00+00:00,B16,0.0
DK1,2025-03-04 23:00:00+00:00,B16,0.0
DK1,2025-03-05 00:00:00+00:00,B16,0.0
DK1,2025-03-05 01:00:00+00:00,B16,0.0
DK1,2025-03-05 02:00:00+00:00,B16,0.0
DK1,2025-03-05 03:00:00+00:00,B16,0.0
DK1,2025-03-05 04:00:00+00:00,B16,0.0
DK1,2025-03-05 05:00:00+00:00,B16,0.0
DK1,2025-03-05 06:00:00+00:00,B16,0.0
DK1,2025-03-05 07:00:00+00:00,B16,108.99
DK1,2025-03-05 08:00:00+00:00,B16,302.91
DK1,2025-03-05 09:00:00+00:00,B16,487.77
DK1,2025-03-05 10:00:00+00:00,B16,579.53
DK1,2025-03-05 11:00:00+00:00,B16,676.35
DK1,2025-03-05 12:00:00+00:00,B16,360.5
DK1,2025-03-05 13:00:00+00:00,B16,414.23
DK1,2025-03-05 14:00:00+00:00,B16,309.52
DK1,2025-03-05 15:00:00+00:00,B16,261.59
DK1,2025-03-05 16:00:00+00:00,B16,93.81
DK1,2025-03-05 17:00:00+00:00,B16,0.0
DK1,2025-03-05 18:00:00+00:00,B16,0.0
DK1,2025-03-05 19:00:00+00:00,B16,0.0
DK1,2025-03-05 20:00:00+00:00,B16,0.0
DK1,2025-03-05 21:00:00+00:00,B16,0.0
DK1,2025-03-05 22:00:00+00:00,B16,0.0
DK1,2025-03-05 23:00:00+00:00,B16,0.0
DK1,2025-03-06 00:00:00+00:00,B16,0.0
DK1,2025-03-06 01:00:00+00:00,B16,0.0
DK1,2025-03-06 02:00:00+00:00,B16,0.0
DK1,2025-03-06 03:00:00+00:00,B16,0.0
DK1,2025-03-06 04:00:00+00:00,B16,0.0
DK1,2025-03-06 05:00:00+00:00,B16,0.0
DK1,2025-03-06 06:00:00+00:00,B16,0.0
DK1,2025-03-06 07:00:00+00:00,B16,128.69
DK1,2025-03-06 08:00:00+00:00,B16,289.52
DK1,2025-03-06 09:00:00+00:00,B16,479.35
DK1,2025-03-06 10:00:00+00:00,B16,353.67
DK1,2025-03-06 11:00:00+00:00,B16,708.86
DK1,2025-03-06 12:00:00+00:00,B16,671.77
DK1,2025-03-06 13:00:00+00:00,B16,605.76
DK1,2025-03-06 14:00:00+00:00,B16,372.3
DK1,2025-03-06 15:00:00+00:00,B16,261.96
DK1,2025-03-06 16:00:00+00:00,B16,49.93
DK1,2025-03-06 17:00:00+00:00,B16,0.0
DK1,2025-03-06 18:00:00+00:00,B16,0.0
DK1,2025-03-06 19:00:00+00:00,B16,0.0
DK1,2025-03-06 20:00:00+00:00,B16,0.0
DK1,2025-03-06 21:00:00+00:00,B16,0.0
DK1,2025-03-06 22:00:00+00:00,B16,0.0
DK1,2025-03-06 23:00:00+00:00,B16,0.0
DK1,2025-03-07 00:00:00+00:00,B16,0.0
DK1,2025-03-07 01:00:00+00:00,B16,0.0
DK1,2025-03-07 02:00:00+00:00,B16,0.0
DK1,2025-03-07 03:00:00+00:00,B16,0.0
DK1,2025-03-07 04:00:00+00:00,B16,0.0
DK1,2025-03-07 05:00:00+00:00,B16,0.0
DK1,2025-03-07 06:00:00+00:00,B16,0.44
DK1,2025-03-07 07:00:00+00:00,B16,152.55
DK1,2025-03-07 08:00:00+00:00,B16,416.75
DK1,2025-03-07 09:00:00+00:00,B16,604.42
DK1,2025-03-07 10:00:00+00:00,B16,381.24
DK1,2025-03-07 11:00:00+00:00,B16,794.47
DK1,2025-03-07 12:00:00+00:00,B16,853.79
DK1,2025-03-07 13:00:00+00:00,B16,753.64
DK1,2025-03-07 14:00:00+00:00,B16,546.03
DK1,2025-03-07 15:00:00+00:00,B16,337.81
DK1,2025-03-07 16:00:00+00:00,B16,105.12
DK1,2025-03-07 17:00:00+00:00,B16,0.0
DK1,2025-03-07 18:00:00+00:00,B16,0.0
DK1,2025-03-07 19:00:00+00:00,B16,0.0
DK1,2025-03-07 20:00:00+00:00,B16,0.0
DK1,2025-03-07 21:00:00+00:00,B16,0.0
DK1,2025-03-07 22:00:00+00:00,B16,0.0
DK1,2025-03-07 23:00:00+00:00,B16,0.0
DK1,2025-03-08 00:00:00+00:00,B16,0.0
DK1,2025-03-08 01:00:00+00:00,B16,0.0
DK1,2025-03-08 02:00:00+00:00,B16,0.0
DK1,2025-03-08 03:00:00+00:00,B16,0.0
DK1,2025-03-08 04:00:00+00:00,B16,0.0
DK1,2025-03-08 05:00:00+00:00,B16,0.0
DK1,2025-03-08 06:00:00+00:00,B16,2.35
DK1,2025-03-08 07:00:00+00:00,B16,153.07
DK1,2025-03-08 08:00:00+00:00,B16,335.16
DK1,2025-03-08 09:00:00+00:00,B16,530.37
DK1,2025-03-08 10:00:00+00:00,B16,519.9
DK1,2025-03-08 11:00:00+00:00,B16,723.98
DK1,2025-03-08 12:00:00+00:00,B16,586.8
DK1,2025-03-08 13:00:00+00:00,B16,216.36
DK1,2025-03-08 14:00:00+00:00,B16,400.76
DK1,2025-03-08 15:00:00+00:00,B16,249.35
DK1,2025-03-08 16:00:00+00:00,B16,109.53
DK1,2025-03-08 17:00:00+00:00,B16,0.0
DK1,2025-03-08 18:00:00+00:00,B16,0.0
DK1,2025-03-08 19:00:00+00:00,B16,0.0
DK1,2025-03-08 20:00:00+00:00,B16,0.0
DK1,2025-03-08 21:00:00+00:00,B16,0.0
DK1,2025-03-08 22:00:00+00:00,B16,0.0
DK1,2025-03-08 23:00:00+00:00,B16,0.0
DK1,2025-03-09 00:00:00+00:00,B16,0.0
DK1,2025-03-09 01:00:00+00:00,B16,0.0
DK1,2025-03-09 02:00:00+00:00,B16,0.0
DK1,2025-03-09 03:00:00+00:00,B16,0.0
DK1,2025-03-09 04:00:00+00:00,B16,0.0
DK1,2025-03-09 05:00:00+00:00,B16,0.0
DK1,2025-03-09 06:00:00+00:00,B16,1.99
DK1,2025-03-09 07:00:00+00:00,B16,129.98
DK1,2025-03-09 08:00:00+00:00,B16,112.29
DK1,2025-03-09 09:00:00+00:00,B16,464.97
DK1,2025-03-09 10:00:00+00:00,B16,573.28
DK1,2025-03-09 11:00:00+00:00,B16,642.3
DK1,2025-03-09 12:00:00+00:00,B16,698.75
DK1,2025-03-09 13:00:00+00:00,B16,580.02
DK1,2025-03-09 14:00:00+00:00,B16,451.42
DK1,2025-03-09 15:00:00+00:00,B16,93.99
DK1,2025-03-09 16:00:00+00:00,B16,110.05
DK1,2025-03-09 17:00:00+00:00,B16,0.0
DK1,2025-03-09 18:00:00+00:00,B16,0.0
DK1,2025-03-09 19:00:00+00:00,B16,0.0
DK1,2025-03-09 20:00:00+00:00,B16,0.0
DK1,2025-03-09 21:00:00+00:00,B16,0.0
DK1,2025-03-09 22:00:00+00:00,B16,0.0
DK1,2025-03-09 23:00:00+00:00,B16,0.0
DK1,2025-03-10 00:00:00+00:00,B16,0.0
DK1,2025-03-10 01:00:00+00:00,B16,0.0
DK1,2025-03-10 02:00:00+00:00,B16,0.0
DK1,2025-03-10 03:00:00+00:00,B16,0.0
DK1,2025-03-10 04:00:00+00:00,B16,0.0
DK1,2025-03-10 05:00:00+00:00,B16,0.0
DK1,2025-03-10 06:00:00+00:00,B16,8.93
DK1,2025-03-10 07:00:00+00:00,B16,100.34
DK1,2025-03-10 08:00:00+00:00,B16,336.1
DK1,2025-03-10 09:00:00+00:00,B16,487.34
DK1,2025-03-10 10:00:00+00:00,B16,151.06
DK1,2025-03-10 11:00:00+00:00,B16,327.12
DK1,2025-03-10 12:00:00+00:00,B16,621.25
DK1,2025-03-10 13:00:00+00:00,B16,237.05
DK1,2025-03-10 14:00:00+00:00,B16,419.84
DK1,2025-03-10 15:00:00+00:00,B16,249.05
DK1,2025-03-10 16:00:00+00:00,B16,97.69
DK1,2025-03-10 17:00:00+00:00,B16,0.0
DK1,2025-03-10 18:00:00+00:00,B16,0.0
DK1,2025-03-10 19:00:00+00:00,B16,0.0
DK1,2025-03-10 20:00:00+00:00,B16,0.0
DK1,2025-03-10 21:00:00+00:00,B16,0.0
DK1,2025-03-10 22:00:00+00:00,B16,0.0
DK1,2025-03-10 23:00:00+00:00,B16,0.0
DK1,2025-03-11 00:00:00+00:00,B16,0.0
DK1,2025-03-11 01:00:00+00:00,B16,0.0
DK1,2025-03-11 02:00:00+00:00,B16,0.0
DK1,2025-03-11 03:00:00+00:00,B16,0.0
DK1,2025-03-11 04:00:00+00:00,B16,0.0
DK1,2025-03-11 05:00:00+00:00,B16,0.0
DK1,2025-03-11 06:00:00+00:00,B16,14.98
DK1,2025-03-11 07:00:00+00:00,B16,177.17
DK1,2025-03-11 08:00:00+00:00,B16,460.1
DK1,2025-03-11 09:00:00+00:00,B16,643.75
DK1,2025-03-11 10:00:00+00:00,B16,827.07
DK1,2025-03-11 11:00:00+00:00,B16,740.24
DK1,2025-03-11 12:00:00+00:00,B16,780.91
DK1,2025-03-11 13:00:00+00:00,B16,761.02
DK1,2025-03-11 14:00:00+00:00,B16,324.47
DK1,2025-03-11 15:00:00+00:00,B16,331.52
DK1,2025-03-11 16:00:00+00:00,B16,144.86
DK1,2025-03-11 17:00:00+00:00,B16,0.0
DK1,2025-03-11 18:00:00+00:00,B16,0.0
DK1,2025-03-11 19:00:00+00:00,B16,0.0
DK1,2025-03-11 20:00:00+00:00,B16,0.0
DK1,2025-03-11 21:00:00+00:00,B16,0.0
DK1,2025-03-11 22:00:00+00:00,B16,0.0
DK1,2025-03-11 23:00:00+00:00,B16,0.0
DK1,2025-03-12 00:00:00+00:00,B16,0.0
DK1,2025-03-12 01:00:00+00:00,B16,0.0
DK1,2025-03-12 02:00:00+00:00,B16,0.0
DK1,2025-03-12 03:00:00+00:00,B16,0.0
DK1,2025-03-12 04:00:00+00:00,B16,0.0
DK1,2025-03-12 05:00:00+00:00,B16,0.0
DK1,2025-03-12 06:00:00+00:00,B16,19.92
DK1,2025-03-12 07:00:00+00:00,B16,174.4
DK1,2025-03-12 08:00:00+00:00,B16,420.86
DK1,2025-03-12 09:00:00+00:00,B16,489.63
DK1,2025-03-12 10:00:00+00:00,B16,627.16
DK1,2025-03-12 11:00:00+00:00,B16,823.28
DK1,2025-03-12 12:00:00+00:00,B16,876.98
DK1,2025-03-12 13:00:00+00:00,B16,591.07
DK1,2025-03-12 14:00:00+00:00,B16,617.15
DK1,2025-03-12 15:00:00+00:00,B16,386.4
DK1,2025-03-12 16:00:00+00:00,B16,132.42
DK1,2025-03-12 17:00:00+00:00,B16,0.0
DK1,2025-03-12 18:00:00+00:00,B16,0.0
DK1,2025-03-12 19:00:00+00:00,B16,0.0
DK1,2025-03-12 20:00:00+00:00,B16,0.0
DK1,2025-03-12 21:00:00+00:00,B16,0.0
DK1,2025-03-12 22:00:00+00:00,B16,0.0
DK1,2025-03-12 23:00:00+00:00,B16,0.0
DK1,2025-03-13 00:00:00+00:00,B16,0.0
DK1,2025-03-13 01:00:00+00:00,B16,0.0
DK1,2025-03-13 02:00:00+00:00,B16,0.0
DK1,2025-03-13 03:00:00+00:00,B16,0.0
DK1,2025-03-13 04:00:00+00:00,B16,0.0
DK1,2025-03-13 05:00:00+00:00,B16,0.0
DK1,2025-03-13 06:00:00+00:00,B16,21.35
DK1,2025-03-13 07:00:00+00:00,B16,205.9
DK1,2025-03-13 08:00:00+00:00,B16,357.85
DK1,2025-03-13 09:00:00+00:00,B16,535.79
DK1,2025-03-13 10:00:00+00:00,B16,473.91
DK1,2025-03-13 11:00:00+00:00,B16,725.36
DK1,2025-03-13 12:00:00+00:00,B16,822.67
DK1,2025-03-13 13:00:00+00:00,B16,743.01
DK1,2025-03-13 14:00:00+00:00,B16,513.0
DK1,2025-03-13 15:00:00+00:00,B16,284.25
DK1,2025-03-13 16:00:00+00:00,B16,138.53
DK1,2025-03-13 17:00:00+00:00,B16,0.65
DK1,2025-03-13 18:00:00+00:00,B16,0.0
DK1,2025-03-13 19:00:00+00:00,B16,0.0
DK1,2025-03-13 20:00:00+00:00,B16,0.0
DK1,2025-03-13 21:00:00+00:00,B16,0.0
DK1,2025-03-13 22:00:00+00:00,B16,0.0
DK1,2025-03-13 23:00:00+00:00,B16,0.0
DK1,2025-03-14 00:00:00+00:00,B16,0.0
DK1,2025-03-14 01:00:00+00:00,B16,0.0
DK1,2025-03-14 02:00:00+00:00,B16,0.0
DK1,2025-03-14 03:00:00+00:00,B16,0.0
DK1,2025-03-14 04:00:00+00:00,B16,0.0
DK1,2025-03-14 05:00:00+00:00,B16,0.0
DK1,2025-03-14 06:00:00+00:00,B16,24.41
DK1,2025-03-14 07:00:00+00:00,B16,180.02
DK1,2025-03-14 08:00:00+00:00,B16,442.3
DK1,2025-03-14 09:00:00+00:00,B16,224.2
DK1,2025-03-14 10:00:00+00:00,B16,758.2
DK1,2025-03-14 11:00:00+00:00,B16,896.28
DK1,2025-03-14 12:00:00+00:00,B16,861.05
DK1,2025-03-14 13:00:00+00:00,B16,836.15
DK1,2025-03-14 14:00:00+00:00,B16,656.53
DK1,2025-03-14 15:00:00+00:00,B16,432.9
DK1,2025-03-14 16:00:00+00:00,B16,177.91
DK1,2025-03-14 17:00:00+00:00,B16,2.51
DK1,2025-03-14 18:00:00+00:00,B16,0.0
DK1,2025-03-14 19:00:00+00:00,B16,0.0
DK1,2025-03-14 20:00:00+00:00,B16,0.0
DK1,2025-03-14 21:00:00+00:00,B16,0.0
DK1,2025-03-14 22:00:00+00:00,B16,0.0
DK1,2025-03-14 23:00:00+00:00,B16,0.0
DK1,2025-03-15 00:00:00+00:00,B16,0.0
DK1,2025-03-15 01:00:00+00:00,B16,0.0
DK1,2025-03-15 02:00:00+00:00,B16,0.0
DK1,2025-03-15 03:00:00+00:00,B16,0.0
DK1,2025-03-15 04:00:00+00:00,B16,0.0
DK1,2025-03-15 05:00:00+00:00,B16,0.0
DK1,2025-03-15 06:00:00+00:00,B16,37.23
DK1,2025-03-15 07:00:00+00:00,B16,165.68
DK1,2025-03-15 08:00:00+00:00,B16,389.74
DK1,2025-03-15 09:00:00+00:00,B16,721.7
DK1,2025-03-15 10:00:00+00:00,B16,584.45
DK1,2025-03-15 11:00:00+00:00,B16,854.07
DK1,2025-03-15 12:00:00+00:00,B16,861.0
DK1,2025-03-15 13:00:00+00:00,B16,817.18
DK1,2025-03-15 14:00:00+00:00,B16,674.51
DK1,2025-03-15 15:00:00+00:00,B16,400.72
DK1,2025-03-15 16:00:00+00:00,B16,179.37
DK1,2025-03-15 17:00:00+00:00,B16,6.98
DK1,2025-03-15 18:00:00+00:00,B16,0.0
DK1,2025-03-15 19:00:00+00:00,B16,0.0
DK1,2025-03-15 20:00:00+00:00,B16,0.0
DK1,2025-03-15 21:00:00+00:00,B16,0.0
DK1,2025-03-15 22:00:00+00:00,B16,0.0
DK1,2025-03-15 23:00:00+00:00,B16,0.0
DK1,2025-03-16 00:00:00+00:00,B16,0.0
DK1,2025-03-16 01:00:00+00:00,B16,0.0
DK1,2025-03-16 02:00:00+00:00,B16,0.0
DK1,2025-03-16 03:00:00+00:00,B16,0.0
DK1,2025-03-16 04:00:00+00:00,B16,0.0
DK1,2025-03-16 05:00:00+00:00,B16,0.0
DK1,2025-03-16 06:00:00+00:00,B16,40.71
DK1,2025-03-16 07:00:00+00:00,B16,231.02
DK1,2025-03-16 08:00:00+00:00,B16,458.66
DK1,2025-03-16 09:00:00+00:00,B16,517.67
DK1,2025-03-16 10:00:00+00:00,B16,848.51
DK1,2025-03-16 11:00:00+00:00,B16,875.51
DK1,2025-03-16 12:00:00+00:00,B16,627.64
DK1,2025-03-16 13:00:00+00:00,B16,759.6
DK1,2025-03-16 14:00:00+00:00,B16,569.81
DK1,2025-03-16 15:00:00+00:00,B16,302.36
DK1,2025-03-16 16:00:00+00:00,B16,169.58
DK1,2025-03-16 17:00:00+00:00,B16,9.97
DK1,2025-03-16 18:00:00+00:00,B16,0.0
DK1,2025-03-16 19:00:00+00:00,B16,0.0
DK1,2025-03-16 20:00:00+00:00,B16,0.0
DK1,2025-03-16 21:00:00+00:00,B16,0.0
DK1,2025-03-16 22:00:00+00:00,B16,0.0
DK1,2025-03-16 23:00:00+00:00,B16,0.0
DK1,2025-03-17 00:00:00+00:00,B16,0.0
DK1,2025-03-17 01:00:00+00:00,B16,0.0
DK1,2025-03-17 02:00:00+00:00,B16,0.0
DK1,2025-03-17 03:00:00+00:00,B16,0.0
DK1,2025-03-17 04:00:00+00:00,B16,0.0
DK1,2025-03-17 05:00:00+00:00,B16,0.0
DK1,2025-03-17 06:00:00+00:00,B16,47.26
DK1,2025-03-17 07:00:00+00:00,B16,115.33
DK1,2025-03-17 08:00:00+00:00,B16,444.85
DK1,2025-03-17 09:00:00+00:00,B16,637.87
DK1,2025-03-17 10:00:00+00:00,B16,852.39
DK1,2025-03-17 11:00:00+00:00,B16,728.65
DK1,2025-03-17 12:00:00+00:00,B16,602.16
DK1,2025-03-17 13:00:00+00:00,B16,681.89
DK1,2025-03-17 14:00:00+00:00,B16,425.65
DK1,2025-03-17 15:00:00+00:00,B16,374.55
DK1,2025-03-17 16:00:00+00:00,B16,159.2
DK1,2025-03-17 17:00:00+00:00,B16,13.75
DK1,2025-03-17 18:00:00+00:00,B16,0.0
DK1,2025-03-17 19:00:00+00:00,B16,0.0
DK1,2025-03-17 20:00:00+00:00,B16,0.0
DK1,2025-03-17 21:00:00+00:00,B16,0.0
DK1,2025-03-17 22:00:00+00:00,B16,0.0
DK1,2025-03-17 23:00:00+00:00,B16,0.0
DK1,2025-03-18 00:00:00+00:00,B16,0.0
DK1,2025-03-18 01:00:00+00:00,B16,0.0
DK1,2025-03-18 02:00:00+00:00,B16,0.0
DK1,2025-03-18 03:00:00+00:00,B16,0.0
DK1,2025-03-18 04:00:00+00:00,B16,0.0
DK1,2025-03-18 05:00:00+00:00,B16,0.0
DK1,2025-03-18 06:00:00+00:00,B16,54.11
DK1,2025-03-18 07:00:00+00:00,B16,220.99
DK1,2025-03-18 08:00:00+00:00,B16,425.64
DK1,2025-03-18 09:00:00+00:00,B16,559.04
DK1,2025-03-18 10:00:00+00:00,B16,675.95
DK1,2025-03-18 11:00:00+00:00,B16,833.47
DK1,2025-03-18 12:00:00+00:00,B16,770.68
DK1,2025-03-18 13:00:00+00:00,B16,677.22
DK1,2025-03-18 14:00:00+00:00,B16,531.68
DK1,2025-03-18 15:00:00+00:00,B16,395.92
DK1,2025-03-18 16:00:00+00:00,B16,171.22
DK1,2025-03-18 17:00:00+00:00,B16,17.2
DK1,2025-03-18 18:00:00+00:00,B16,0.0
DK1,2025-03-18 19:00:00+00:00,B16,0.0
DK1,2025-03-18 20:00:00+00:00,B16,0.0
DK1,2025-03-18 21:00:00+00:00,B16,0.0
DK1,2025-03-18 22:00:00+00:00,B16,0.0
DK1,2025-03-18 23:00:00+00:00,B16,0.0
DK1,2025-03-19 00:00:00+00:00,B16,0.0
DK1,2025-03-19 01:00:00+00:00,B16,0.0
DK1,2025-03-19 02:00:00+00:00,B16,0.0
DK1,2025-03-19 03:00:00+00:00,B16,0.0
DK1,2025-03-19 04:00:00+00:00,B16,0.0
DK1,2025-03-19 05:00:00+00:00,B16,0.0
DK1,2025-03-19 06:00:00+00:00,B16,73.12
DK1,2025-03-19 07:00:00+00:00,B16,248.99
DK1,2025-03-19 08:00:00+00:00,B16,384.77
DK1,2025-03-19 09:00:00+00:00,B16,853.24
DK1,2025-03-19 10:00:00+00:00,B16,852.61
DK1,2025-03-19 11:00:00+00:00,B16,1101.64
DK1,2025-03-19 12:00:00+00:00,B16,536.95
DK1,2025-03-19 13:00:00+00:00,B16,956.76
DK1,2025-03-19 14:00:00+00:00,B16,587.84
DK1,2025-03-19 15:00:00+00:00,B16,436.41
DK1,2025-03-19 16:00:00+00:00,B16,263.68
DK1,2025-03-19 17:00:00+00:00,B16,26.83
DK1,2025-03-19 18:00:00+00:00,B16,0.0
DK1,2025-03-19 19:00:00+00:00,B16,0.0
DK1,2025-03-19 20:00:00+00:00,B16,0.0
DK1,2025-03-19 21:00:00+00:00,B16,0.0
DK1,2025-03-19 22:00:00+00:00,B16,0.0
DK1,2025-03-19 23:00:00+00:00,B16,0.0
DK1,2025-03-20 00:00:00+00:00,B16,0.0
DK1,2025-03-20 01:00:00+00:00,B16,0.0
DK1,2025-03-20 02:00:00+00:00,B16,0.0
DK1,2025-03-20 03:00:00+00:00,B16,0.0
DK1,2025-03-20 04:00:00+00:00,B16,0.0
DK1,2025-03-20 05:00:00+00:00,B16,0.0
DK1,2025-03-20 06:00:00+00:00,B16,45.37
DK1,2025-03-20 07:00:00+00:00,B16,211.56
DK1,2025-03-20 08:00:00+00:00,B16,410.44
DK1,2025-03-20 09:00:00+00:00,B16,527.4
DK1,2025-03-20 10:00:00+00:00,B16,350.81
DK1,2025-03-20 11:00:00+00:00,B16,670.72
DK1,2025-03-20 12:00:00+00:00,B16,746.36
DK1,2025-03-20 13:00:00+00:00,B16,623.14
DK1,2025-03-20 14:00:00+00:00,B16,473.47
DK1,2025-03-20 15:00:00+00:00,B16,223.67
DK1,2025-03-20 16:00:00+00:00,B16,141.18
DK1,2025-03-20 17:00:00+00:00,B16,21.97
DK1,2025-03-20 18:00:00+00:00,B16,0.0
DK1,2025-03-20 19:00:00+00:00,B16,0.0
DK1,2025-03-20 20:00:00+00:00,B16,0.0
DK1,2025-03-20 21:00:00+00:00,B16,0.0
DK1,2025-03-20 22:00:00+00:00,B16,0.0
DK1,2025-03-20 23:00:00+00:00,B16,0.0
DK1,2025-03-21 00:00:00+00:00,B16,0.0
DK1,2025-03-21 01:00:00+00:00,B16,0.0
DK1,2025-03-21 02:00:00+00:00,B16,0.0
DK1,2025-03-21 03:00:00+00:00,B16,0.0
DK1,2025-03-21 04:00:00+00:00,B16,0.0
DK1,2025-03-21 05:00:00+00:00,B16,0.0
DK1,2025-03-21 06:00:00+00:00,B16,73.48
DK1,2025-03-21 07:00:00+00:00,B16,291.75
DK1,2025-03-21 08:00:00+00:00,B16,532.99
DK1,2025-03-21 09:00:00+00:00,B16,705.88
DK1,2025-03-21 10:00:00+00:00,B16,865.26
DK1,2025-03-21 11:00:00+00:00,B16,493.93
DK1,2025-03-21 12:00:00+00:00,B16,946.34
DK1,2025-03-21 13:00:00+00:00,B16,843.02
DK1,2025-03-21 14:00:00+00:00,B16,663.09
DK1,2025-03-21 15:00:00+00:00,B16,453.28
DK1,2025-03-21 16:00:00+00:00,B16,201.5
DK1,2025-03-21 17:00:00+00:00,B16,26.94
DK1,2025-03-21 18:00:00+00:00,B16,0.0
DK1,2025-03-21 19:00:00+00:00,B16,0.0
DK1,2025-03-21 20:00:00+00:00,B16,0.0
DK1,2025-03-21 21:00:00+00:00,B16,0.0
DK1,2025-03-21 22:00:00+00:00,B16,0.0
DK1,2025-03-21 23:00:00+00:00,B16,0.0
DK1,2025-03-22 00:00:00+00:00,B16,0.0
DK1,2025-03-22 01:00:00+00:00,B16,0.0
DK1,2025-03-22 02:00:00+00:00,B16,0.0
DK1,2025-03-22 03:00:00+00:00,B16,0.0
DK1,2025-03-22 04:00:00+00:00,B16,0.0
DK1,2025-03-22 05:00:00+00:00,B16,0.0
DK1,2025-03-22 06:00:00+00:00,B16,94.08
DK1,2025-03-22 07:00:00+00:00,B16,297.41
DK1,2025-03-22 08:00:00+00:00,B16,592.05
DK1,2025-03-22 09:00:00+00:00,B16,757.92
DK1,2025-03-22 10:00:00+00:00,B16,920.82
DK1,2025-03-22 11:00:00+00:00,B16,509.35
DK1,2025-03-22 12:00:00+00:00,B16,931.24
DK1,2025-03-22 13:00:00+00:00,B16,854.37
DK1,2025-03-22 14:00:00+00:00,B16,616.83
DK1,2025-03-22 15:00:00+00:00,B16,539.4
DK1,2025-03-22 16:00:00+00:00,B16,80.8
DK1,2025-03-22 17:00:00+00:00,B16,37.2
DK1,2025-03-22 18:00:00+00:00,B16,0.0
DK1,2025-03-22 19:00:00+00:00,B16,0.0
DK1,2025-03-22 20:00:00+00:00,B16,0.0
DK1,2025-03-22 21:00:00+00:00,B16,0.0
DK1,2025-03-22 22:00:00+00:00,B16,0.0
DK1,2025-03-22 23:00:00+00:00,B16,0.0
DK1,2025-03-23 00:00:00+00:00,B16,0.0
DK1,2025-03-23 01:00:00+00:00,B16,0.0
DK1,2025-03-23 02:00:00+00:00,B16,0.0
DK1,2025-03-23 03:00:00+00:00,B16,0.0
DK1,2025-03-23 04:00:00+00:00,B16,0.0
DK1,2025-03-23 05:00:00+00:00,B16,0.0
DK1,2025-03-23 06:00:00+00:00,B16,85.98
DK1,2025-03-23 07:00:00+00:00,B16,287.98
DK1,2025-03-23 08:00:00+00:00,B16,550.84
DK1,2025-03-23 09:00:00+00:00,B16,792.63
DK1,2025-03-23 10:00:00+00:00,B16,952.73
DK1,2025-03-23 11:00:00+00:00,B16,881.4
DK1,2025-03-23 12:00:00+00:00,B16,1018.92
DK1,2025-03-23 13:00:00+00:00,B16,928.69
DK1,2025-03-23 14:00:00+00:00,B16,733.72
DK1,2025-03-23 15:00:00+00:00,B16,476.65
DK1,2025-03-23 16:00:00+00:00,B16,146.6
DK1,2025-03-23 17:00:00+00:00,B16,56.43
DK1,2025-03-23 18:00:00+00:00,B16,0.0
DK1,2025-03-23 19:00:00+00:00,B16,0.0
DK1,2025-03-23 20:00:00+00:00,B16,0.0
DK1,2025-03-23 21:00:00+00:00,B16,0.0
DK1,2025-03-23 22:00:00+00:00,B16,0.0
DK1,2025-03-23 23:00:00+00:00,B16,0.0
DK1,2025-03-24 00:00:00+00:00,B16,0.0
DK1,2025-03-24 01:00:00+00:00,B16,0.0
DK1,2025-03-24 02:00:00+00:00,B16,0.0
DK1,2025-03-24 03:00:00+00:00,B16,0.0
DK1,2025-03-24 04:00:00+00:00,B16,0.0
DK1,2025-03-24 05:00:00+00:00,B16,0.0
DK1,2025-03-24 06:00:00+00:00,B16,111.43
DK1,2025-03-24 07:00:00+00:00,B16,387.3
DK1,2025-03-24 08:00:00+00:00,B16,604.8
DK1,2025-03-24 09:00:00+00:00,B16,910.86
DK1,2025-03-24 10:00:00+00:00,B16,956.03
DK1,2025-03-24 11:00:00+00:00,B16,848.05
DK1,2025-03-24 12:00:00+00:00,B16,1198.77
DK1,2025-03-24 13:00:00+00:00,B16,956.21
DK1,2025-03-24 14:00:00+00:00,B16,706.5
DK1,2025-03-24 15:00:00+00:00,B16,538.06
DK1,2025-03-24 16:00:00+00:00,B16,156.36
DK1,2025-03-24 17:00:00+00:00,B16,61.57
DK1,2025-03-24 18:00:00+00:00,B16,0.0
DK1,2025-03-24 19:00:00+00:00,B16,0.0
DK1,2025-03-24 20:00:00+00:00,B16,0.0
DK1,2025-03-24 21:00:00+00:00,B16,0.0
DK1,2025-03-24 22:00:00+00:00,B16,0.0
DK1,2025-03-24 23:00:00+00:00,B16,0.0
DK1,2025-03-25 00:00:00+00:00,B16,0.0
DK1,2025-03-25 01:00:00+00:00,B16,0.0
DK1,2025-03-25 02:00:00+00:00,B16,0.0
DK1,2025-03-25 03:00:00+00:00,B16,0.0
DK1,2025-03-25 04:00:00+00:00,B16,0.0
DK1,2025-03-25 05:00:00+00:00,B16,0.0
DK1,2025-03-25 06:00:00+00:00,B16,90.74
DK1,2025-03-25 07:00:00+00:00,B16,302.47
DK1,2025-03-25 08:00:00+00:00,B16,622.04
DK1,2025-03-25 09:00:00+00:00,B16,274.94
DK1,2025-03-25 10:00:00+00:00,B16,904.25
DK1,2025-03-25 11:00:00+00:00,B16,1017.02
DK1,2025-03-25 12:00:00+00:00,B16,994.26
DK1,2025-03-25 13:00:00+00:00,B16,912.9
DK1,2025-03-25 14:00:00+00:00,B16,515.7
DK1,2025-03-25 15:00:00+00:00,B16,531.95
DK1,2025-03-25 16:00:00+00:00,B16,261.42
DK1,2025-03-25 17:00:00+00:00,B16,62.94
DK1,2025-03-25 18:00:00+00:00,B16,0.0
DK1,2025-03-25 19:00:00+00:00,B16,0.0
DK1,2025-03-25 20:00:00+00:00,B16,0.0
DK1,2025-03-25 21:00:00+00:00,B16,0.0
DK1,2025-03-25 22:00:00+00:00,B16,0.0
DK1,2025-03-25 23:00:00+00:00,B16,0.0
DK1,2025-03-26 00:00:00+00:00,B16,0.0
DK1,2025-03-26 01:00:00+00:00,B16,0.0
DK1,2025-03-26 02:00:00+00:00,B16,0.0
DK1,2025-03-26 03:00:00+00:00,B16,0.0
DK1,2025-03-26 04:00:00+00:00,B16,0.0
DK1,2025-03-26 05:00:00+00:00,B16,0.0
DK1,2025-03-26 06:00:00+00:00,B16,113.97
DK1,2025-03-26 07:00:00+00:00,B16,362.66
DK1,2025-03-26 08:00:00+00:00,B16,436.36
DK1,2025-03-26 09:00:00+00:00,B16,880.57
DK1,2025-03-26 10:00:00+00:00,B16,549.61
DK1,2025-03-26 11:00:00+00:00,B16,1249.6
DK1,2025-03-26 12:00:00+00:00,B16,616.95
DK1,2025-03-26 13:00:00+00:00,B16,990.55
DK1,2025-03-26 14:00:00+00:00,B16,787.3
DK1,2025-03-26 15:00:00+00:00,B16,535.46
DK1,2025-03-26 16:00:00+00:00,B16,294.92
DK1,2025-03-26 17:00:00+00:00,B16,38.97
DK1,2025-03-26 18:00:00+00:00,B16,0.0
DK1,2025-03-26 19:00:00+00:00,B16,0.0
DK1,2025-03-26 20:00:00+00:00,B16,0.0
DK1,2025-03-26 21:00:00+00:00,B16,0.0
DK1,2025-03-26 22:00:00+00:00,B16,0.0
DK1,2025-03-26 23:00:00+00:00,B16,0.0
DK1,2025-03-27 00:00:00+00:00,B16,0.0
DK1,2025-03-27 01:00:00+00:00,B16,0.0
DK1,2025-03-27 02:00:00+00:00,B16,0.0
DK1,2025-03-27 03:00:00+00:00,B16,0.0
DK1,2025-03-27 04:00:00+00:00,B16,0.0
DK1,2025-03-27 05:00:00+00:00,B16,0.0
DK1,2025-03-27 06:00:00+00:00,B16,124.88
DK1,2025-03-27 07:00:00+00:00,B16,382.61
DK1,2025-03-27 08:00:00+00:00,B16,636.28
DK1,2025-03-27 09:00:00+00:00,B16,866.31
DK1,2025-03-27 10:00:00+00:00,B16,1093.59
DK1,2025-03-27 11:00:00+00:00,B16,620.85
DK1,2025-03-27 12:00:00+00:00,B16,1053.97
DK1,2025-03-27 13:00:00+00:00,B16,1200.88
DK1,2025-03-27 14:00:00+00:00,B16,836.97
DK1,2025-03-27 15:00:00+00:00,B16,174.31
DK1,2025-03-27 16:00:00+00:00,B16,276.39
DK1,2025-03-27 17:00:00+00:00,B16,96.7
DK1,2025-03-27 18:00:00+00:00,B16,0.0
DK1,2025-03-27 19:00:00+00:00,B16,0.0
DK1,2025-03-27 20:00:00+00:00,B16,0.0
DK1,2025-03-27 21:00:00+00:00,B16,0.0
DK1,2025-03-27 22:00:00+00:00,B16,0.0
DK1,2025-03-27 23:00:00+00:00,B16,0.0
DK1,2025-03-28 00:00:00+00:00,B16,0.0
DK1,2025-03-28 01:00:00+00:00,B16,0.0
DK1,2025-03-28 02:00:00+00:00,B16,0.0
DK1,2025-03-28 03:00:00+00:00,B16,0.0
DK1,2025-03-28 04:00:00+00:00,B16,0.0
DK1,2025-03-28 05:00:00+00:00,B16,0.0
DK1,2025-03-28 06:00:00+00:00,B16,105.94
DK1,2025-03-28 07:00:00+00:00,B16,350.53
DK1,2025-03-28 08:00:00+00:00,B16,395.92
DK1,2025-03-28 09:00:00+00:00,B16,843.08
DK1,2025-03-28 10:00:00+00:00,B16,694.67
DK1,2025-03-28 11:00:00+00:00,B16,940.22
DK1,2025-03-28 12:00:00+00:00,B16,981.84
DK1,2025-03-28 13:00:00+00:00,B16,733.23
DK1,2025-03-28 14:00:00+00:00,B16,623.8
DK1,2025-03-28 15:00:00+00:00,B16,577.75
DK1,2025-03-28 16:00:00+00:00,B16,274.1
DK1,2025-03-28 17:00:00+00:00,B16,59.7
DK1,2025-03-28 18:00:00+00:00,B16,0.0
DK1,2025-03-28 19:00:00+00:00,B16,0.0
DK1,2025-03-28 20:00:00+00:00,B16,0.0
DK1,2025-03-28 21:00:00+00:00,B16,0.0
DK1,2025-03-28 22:00:00+00:00,B16,0.0
DK1,2025-03-28 23:00:00+00:00,B16,0.0
DK1,2025-03-29 00:00:00+00:00,B16,0.0
DK1,2025-03-29 01:00:00+00:00,B16,0.0
DK1,2025-03-29 02:00:00+00:00,B16,0.0
DK1,2025-03-29 03:00:00+00:00,B16,0.0
DK1,2025-03-29 04:00:00+00:00,B16,0.0
DK1,2025-03-29 05:00:00+00:00,B16,0.0
DK1,2025-03-29 06:00:00+00:00,B16,112.77
DK1,2025-03-29 07:00:00+00:00,B16,122.21
DK1,2025-03-29 08:00:00+00:00,B16,605.78
DK1,2025-03-29 09:00:00+00:00,B16,1062.11
DK1,2025-03-29 10:00:00+00:00,B16,994.2
DK1,2025-03-29 11:00:00+00:00,B16,1120.92
DK1,2025-03-29 12:00:00+00:00,B16,697.85
DK1,2025-03-29 13:00:00+00:00,B16,771.94
DK1,2025-03-29 14:00:00+00:00,B16,547.52
DK1,2025-03-29 15:00:00+00:00,B16,575.62
DK1,2025-03-29 16:00:00+00:00,B16,353.94
DK1,2025-03-29 17:00:00+00:00,B16,95.01
DK1,2025-03-29 18:00:00+00:00,B16,0.0
DK1,2025-03-29 19:00:00+00:00,B16,0.0
DK1,2025-03-29 20:00:00+00:00,B16,0.0
DK1,2025-03-29 21:00:00+00:00,B16,0.0
DK1,2025-03-29 22:00:00+00:00,B16,0.0
DK1,2025-03-29 23:00:00+00:00,B16,0.0
DK1,2025-03-30 00:00:00+00:00,B16,0.0
DK1,2025-03-30 01:00:00+00:00,B16,0.0
DK1,2025-03-30 02:00:00+00:00,B16,0.0
DK1,2025-03-30 03:00:00+00:00,B16,0.0
DK1,2025-03-30 04:00:00+00:00,B16,0.0
DK1,2025-03-30 05:00:00+00:00,B16,0.0
DK1,2025-03-30 06:00:00+00:00,B16,135.98
DK1,2025-03-30 07:00:00+00:00,B16,352.18
DK1,2025-03-30 08:00:00+00:00,B16,601.05
DK1,2025-03-30 09:00:00+00:00,B16,909.76
DK1,2025-03-30 10:00:00+00:00,B16,916.19
DK1,2025-03-30 11:00:00+00:00,B16,935.92
DK1,2025-03-30 12:00:00+00:00,B16,1039.91
DK1,2025-03-30 13:00:00+00:00,B16,731.53
DK1,2025-03-30 14:00:00+00:00,B16,682.61
DK1,2025-03-30 15:00:00+00:00,B16,528.83
DK1,2025-03-30 16:00:00+00:00,B16,237.37
DK1,2025-03-30 17:00:00+00:00,B16,89.26
DK1,2025-03-30 18:00:00+00:00,B16,0.0
DK1,2025-03-30 19:00:00+00:00,B16,0.0
DK1,2025-03-30 20:00:00+00:00,B16,0.0
DK1,2025-03-30 21:00:00+00:00,B16,0.0
DK1,2025-03-30 22:00:00+00:00,B16,0.0
DK1,2025-03-30 23:00:00+00:00,B16,0.0
DK1,2025-03-31 00:00:00+00:00,B16,0.0
DK1,2025-03-31 01:00:00+00:00,B16,0.0
DK1,2025-03-31 02:00:00+00:00,B16,0.0
DK1,2025-03-31 03:00:00+00:00,B16,0.0
DK1,2025-03-31 04:00:00+00:00,B16,0.0
DK1,2025-03-31 05:00:00+00:00,B16,0.0
DK1,2025-03-31 06:00:00+00:00,B16,159.87
DK1,2025-03-31 07:00:00+00:00,B16,304.49
DK1,2025-03-31 08:00:00+00:00,B16,264.18
DK1,2025-03-31 09:00:00+00:00,B16,900.31
DK1,2025-03-31 10:00:00+00:00,B16,849.56
DK1,2025-03-31 11:00:00+00:00,B16,1146.75
DK1,2025-03-31 12:00:00+00:00,B16,1033.17
DK1,2025-03-31 13:00:00+00:00,B16,996.03
DK1,2025-03-31 14:00:00+00:00,B16,765.56
DK1,2025-03-31 15:00:00+00:00,B16,642.17
DK1,2025-03-31 16:00:00+00:00,B16,356.94
DK1,2025-03-31 17:00:00+00:00,B16,100.95
DK1,2025-03-31 18:00:00+00:00,B16,0.0
DK1,2025-03-31 19:00:00+00:00,B16,0.0
DK1,2025-03-31 20:00:00+00:00,B16,0.0
DK1,2025-03-31 21:00:00+00:00,B16,0.0
DK1,2025-03-31 22:00:00+00:00,B16,0.0
DK1,2025-03-31 23:00:00+00:00,B16,0.0
DK1,2025-04-01 00:00:00+00:00,B16,0.0
DK1,2025-04-01 01:00:00+00:00,B16,0.0
DK1,2025-04-01 02:00:00+00:00,B16,0.0
DK1,2025-04-01 03:00:00+00:00,B16,0.0
DK1,2025-04-01 04:00:00+00:00,B16,0.0
DK1,2025-04-01 05:00:00+00:00,B16,0.78
DK1,2025-04-01 06:00:00+00:00,B16,164.21
DK1,2025-04-01 07:00:00+00:00,B16,361.37
DK1,2025-04-01 08:00:00+00:00,B16,278.61
DK1,2025-04-01 09:00:00+00:00,B16,674.01
DK1,2025-04-01 10:00:00+00:00,B16,857.95
DK1,2025-04-01 11:00:00+00:00,B16,722.95
DK1,2025-04-01 12:00:00+00:00,B16,943.44
DK1,2025-04-01 13:00:00+00:00,B16,819.85
DK1,2025-04-01 14:00:00+00:00,B16,802.42
DK1,2025-04-01 15:00:00+00:00,B16,454.9
DK1,2025-04-01 16:00:00+00:00,B16,219.86
DK1,2025-04-01 17:00:00+00:00,B16,93.55
DK1,2025-04-01 18:00:00+00:00,B16,0.0
DK1,2025-04-01 19:00:00+00:00,B16,0.0
DK1,2025-04-01 20:00:00+00:00,B16,0.0
DK1,2025-04-01 21:00:00+00:00,B16,0.0
DK1,2025-04-01 22:00:00+00:00,B16,0.0
DK1,2025-04-01 23:00:00+00:00,B16,0.0
DK1,2025-04-02 00:00:00+00:00,B16,0.0
DK1,2025-04-02 01:00:00+00:00,B16,0.0
DK1,2025-04-02 02:00:00+00:00,B16,0.0
DK1,2025-04-02 03:00:00+00:00,B16,0.0
DK1,2025-04-02 04:00:00+00:00,B16,0.0
DK1,2025-04-02 05:00:00+00:00,B16,3.7
DK1,2025-04-02 06:00:00+00:00,B16,207.31
DK1,2025-04-02 07:00:00+00:00,B16,487.87
DK1,2025-04-02 08:00:00+00:00,B16,756.74
DK1,2025-04-02 09:00:00+00:00,B16,1140.11
DK1,2025-04-02 10:00:00+00:00,B16,1206.29
DK1,2025-04-02 11:00:00+00:00,B16,1104.68
DK1,2025-04-02 12:00:00+00:00,B16,1279.09
DK1,2025-04-02 13:00:00+00:00,B16,1248.61
DK1,2025-04-02 14:00:00+00:00,B16,959.36
DK1,2025-04-02 15:00:00+00:00,B16,601.67
DK1,2025-04-02 16:00:00+00:00,B16,405.41
DK1,2025-04-02 17:00:00+00:00,B16,135.75
DK1,2025-04-02 18:00:00+00:00,B16,0.0
DK1,2025-04-02 19:00:00+00:00,B16,0.0
DK1,2025-04-02 20:00:00+00:00,B16,0.0
DK1,2025-04-02 21:00:00+00:00,B16,0.0
DK1,2025-04-02 22:00:00+00:00,B16,0.0
DK1,2025-04-02 23:00:00+00:00,B16,0.0
DK1,2025-04-03 00:00:00+00:00,B16,0.0
DK1,2025-04-03 01:00:00+00:00,B16,0.0
DK1,2025-04-03 02:00:00+00:00,B16,0.0
DK1,2025-04-03 03:00:00+00:00,B16,0.0
DK1,2025-04-03 04:00:00+00:00,B16,0.0
DK1,2025-04-03 05:00:00+00:00,B16,6.3
DK1,2025-04-03 06:00:00+00:00,B16,121.82
DK1,2025-04-03 07:00:00+00:00,B16,409.84
DK1,2025-04-03 08:00:00+00:00,B16,635.58
DK1,2025-04-03 09:00:00+00:00,B16,792.14
DK1,2025-04-03 10:00:00+00:00,B16,939.27
DK1,2025-04-03 11:00:00+00:00,B16,665.79
DK1,2025-04-03 12:00:00+00:00,B16,1041.92
DK1,2025-04-03 13:00:00+00:00,B16,717.29
DK1,2025-04-03 14:00:00+00:00,B16,781.02
DK1,2025-04-03 15:00:00+00:00,B16,588.91
DK1,2025-04-03 16:00:00+00:00,B16,254.95
DK1,2025-04-03 17:00:00+00:00,B16,132.05
DK1,2025-04-03 18:00:00+00:00,B16,0.0
DK1,2025-04-03 19:00:00+00:00,B16,0.0
DK1,2025-04-03 20:00:00+00:00,B16,0.0
DK1,2025-04-03 21:00:00+00:00,B16,0.0
DK1,2025-04-03 22:00:00+00:00,B16,0.0
DK1,2025-04-03 23:00:00+00:00,B16,0.0
DK1,2025-04-04 00:00:00+00:00,B16,0.0
DK1,2025-04-04 01:00:00+00:00,B16,0.0
DK1,2025-04-04 02:00:00+00:00,B16,0.0
DK1,2025-04-04 03:00:00+00:00,B16,0.0
DK1,2025-04-04 04:00:00+00:00,B16,0.0
DK1,2025-04-04 05:00:00+00:00,B16,8.78
DK1,2025-04-04 06:00:00+00:00,B16,156.56
DK1,2025-04-04 07:00:00+00:00,B16,468.25
DK1,2025-04-04 08:00:00+00:00,B16,715.2
DK1,2025-04-04 09:00:00+00:00,B16,1049.78
DK1,2025-04-04 10:00:00+00:00,B16,1198.04
DK1,2025-04-04 11:00:00+00:00,B16,1217.26
DK1,2025-04-04 12:00:00+00:00,B16,1140.86
DK1,2025-04-04 13:00:00+00:00,B16,1110.03
DK1,2025-04-04 14:00:00+00:00,B16,821.1
DK1,2025-04-04 15:00:00+00:00,B16,671.52
DK1,2025-04-04 16:00:00+00:00,B16,422.44
DK1,2025-04-04 17:00:00+00:00,B16,142.48
DK1,2025-04-04 18:00:00+00:00,B16,0.0
DK1,2025-04-04 19:00:00+00:00,B16,0.0
DK1,2025-04-04 20:00:00+00:00,B16,0.0
DK1,2025-04-04 21:00:00+00:00,B16,0.0
DK1,2025-04-04 22:00:00+00:00,B16,0.0
DK1,2025-04-04 23:00:00+00:00,B16,0.0
DK1,2025-04-05 00:00:00+00:00,B16,0.0
DK1,2025-04-05 01:00:00+00:00,B16,0.0
DK1,2025-04-05 02:00:00+00:00,B16,0.0
DK1,2025-04-05 03:00:00+00:00,B16,0.0
DK1,2025-04-05 04:00:00+00:00,B16,0.0
DK1,2025-04-05 05:00:00+00:00,B16,14.57
DK1,2025-04-05 06:00:00+00:00,B16,172.61
DK1,2025-04-05 07:00:00+00:00,B16,383.85
DK1,2025-04-05 08:00:00+00:00,B16,510.12
DK1,2025-04-05 09:00:00+00:00,B16,896.98
DK1,2025-04-05 10:00:00+00:00,B16,910.24
DK1,2025-04-05 11:00:00+00:00,B16,1153.35
DK1,2025-04-05 12:00:00+00:00,B16,1016.86
DK1,2025-04-05 13:00:00+00:00,B16,955.92
DK1,2025-04-05 14:00:00+00:00,B16,809.44
DK1,2025-04-05 15:00:00+00:00,B16,522.12
DK1,2025-04-05 16:00:00+00:00,B16,183.89
DK1,2025-04-05 17:00:00+00:00,B16,128.27
DK1,2025-04-05 18:00:00+00:00,B16,0.0
DK1,2025-04-05 19:00:00+00:00,B16,0.0
DK1,2025-04-05 20:00:00+00:00,B16,0.0
DK1,2025-04-05 21:00:00+00:00,B16,0.0
DK1,2025-04-05 22:00:00+00:00,B16,0.0
DK1,2025-04-05 23:00:00+00:00,B16,0.0
DK1,2025-04-06 00:00:00+00:00,B16,0.0
DK1,2025-04-06 01:00:00+00:00,B16,0.0
DK1,2025-04-06 02:00:00+00:00,B16,0.0
DK1,2025-04-06 03:00:00+00:00,B16,0.0
DK1,2025-04-06 04:00:00+00:00,B16,0.0
DK1,2025-04-06 05:00:00+00:00,B16,18.56
DK1,2025-04-06 06:00:00+00:00,B16,219.57
DK1,2025-04-06 07:00:00+00:00,B16,242.53
DK1,2025-04-06 08:00:00+00:00,B16,550.41
DK1,2025-04-06 09:00:00+00:00,B16,956.35
DK1,2025-04-06 10:00:00+00:00,B16,1217.31
DK1,2025-04-06 11:00:00+00:00,B16,810.85
DK1,2025-04-06 12:00:00+00:00,B16,1146.8
DK1,2025-04-06 13:00:00+00:00,B16,1155.48
DK1,2025-04-06 14:00:00+00:00,B16,705.23
DK1,2025-04-06 15:00:00+00:00,B16,606.31
DK1,2025-04-06 16:00:00+00:00,B16,423.43
DK1,2025-04-06 17:00:00+00:00,B16,159.35
DK1,2025-04-06 18:00:00+00:00,B16,0.0
DK1,2025-04-06 19:00:00+00:00,B16,0.0
DK1,2025-04-06 20:00:00+00:00,B16,0.0
DK1,2025-04-06 21:00:00+00:00,B16,0.0
DK1,2025-04-06 22:00:00+00:00,B16,0.0
DK1,2025-04-06 23:00:00+00:00,B16,0.0
DK1,2025-04-07 00:00:00+00:00,B16,0.0
DK1,2025-04-07 01:00:00+00:00,B16,0.0
DK1,2025-04-07 02:00:00+00:00,B16,0.0
DK1,2025-04-07 03:00:00+00:00,B16,0.0
DK1,2025-04-07 04:00:00+00:00,B16,0.0
DK1,2025-04-07 05:00:00+00:00,B16,20.94
DK1,2025-04-07 06:00:00+00:00,B16,203.79
DK1,2025-04-07 07:00:00+00:00,B16,313.69
DK1,2025-04-07 08:00:00+00:00,B16,556.17
DK1,2025-04-07 09:00:00+00:00,B16,852.8
DK1,2025-04-07 10:00:00+00:00,B16,990.66
DK1,2025-04-07 11:00:00+00:00,B16,921.97
DK1,2025-04-07 12:00:00+00:00,B16,316.57
DK1,2025-04-07 13:00:00+00:00,B16,924.36
DK1,2025-04-07 14:00:00+00:00,B16,818.08
DK1,2025-04-07 15:00:00+00:00,B16,609.65
DK1,2025-04-07 16:00:00+00:00,B16,352.39
DK1,2025-04-07 17:00:00+00:00,B16,99.89
DK1,2025-04-07 18:00:00+00:00,B16,0.54
DK1,2025-04-07 19:00:00+00:00,B16,0.0
DK1,2025-04-07 20:00:00+00:00,B16,0.0
DK1,2025-04-07 21:00:00+00:00,B16,0.0
DK1,2025-04-07 22:00:00+00:00,B16,0.0
DK1,2025-04-07 23:00:00+00:00,B16,0.0
DK1,2025-04-08 00:00:00+00:00,B16,0.0
DK1,2025-04-08 01:00:00+00:00,B16,0.0
DK1,2025-04-08 02:00:00+00:00,B16,0.0
DK1,2025-04-08 03:00:00+00:00,B16,0.0
DK1,2025-04-08 04:00:00+00:00,B16,0.0
DK1,2025-04-08 05:00:00+00:00,B16,21.85
DK1,2025-04-08 06:00:00+00:00,B16,169.77
DK1,2025-04-08 07:00:00+00:00,B16,169.65
DK1,2025-04-08 08:00:00+00:00,B16,514.15
DK1,2025-04-08 09:00:00+00:00,B16,690.23
DK1,2025-04-08 10:00:00+00:00,B16,787.78
DK1,2025-04-08 11:00:00+00:00,B16,824.16
DK1,2025-04-08 12:00:00+00:00,B16,869.42
DK1,2025-04-08 13:00:00+00:00,B16,739.55
DK1,2025-04-08 14:00:00+00:00,B16,462.17
DK1,2025-04-08 15:00:00+00:00,B16,516.07
DK1,2025-04-08 16:00:00+00:00,B16,293.23
DK1,2025-04-08 17:00:00+00:00,B16,118.53
DK1,2025-04-08 18:00:00+00:00,B16,2.59
DK1,2025-04-08 19:00:00+00:00,B16,0.0
DK1,2025-04-08 20:00:00+00:00,B16,0.0
DK1,2025-04-08 21:00:00+00:00,B16,0.0
DK1,2025-04-08 22:00:00+00:00,B16,0.0
DK1,2025-04-08 23:00:00+00:00,B16,0.0
DK1,2025-04-09 00:00:00+00:00,B16,0.0
DK1,2025-04-09 01:00:00+00:00,B16,0.0
DK1,2025-04-09 02:00:00+00:00,B16,0.0
DK1,2025-04-09 03:00:00+00:00,B16,0.0
DK1,2025-04-09 04:00:00+00:00,B16,0.0
DK1,2025-04-09 05:00:00+00:00,B16,18.85
DK1,2025-04-09 06:00:00+00:00,B16,263.11
DK1,2025-04-09 07:00:00+00:00,B16,461.51
DK1,2025-04-09 08:00:00+00:00,B16,744.66
DK1,2025-04-09 09:00:00+00:00,B16,1135.09
DK1,2025-04-09 10:00:00+00:00,B16,832.52
DK1,2025-04-09 11:00:00+00:00,B16,436.64
DK1,2025-04-09 12:00:00+00:00,B16,1137.54
DK1,2025-04-09 13:00:00+00:00,B16,979.25
DK1,2025-04-09 14:00:00+00:00,B16,337.27
DK1,2025-04-09 15:00:00+00:00,B16,778.7
DK1,2025-04-09 16:00:00+00:00,B16,423.12
DK1,2025-04-09 17:00:00+00:00,B16,131.75
DK1,2025-04-09 18:00:00+00:00,B16,7.27
DK1,2025-04-09 19:00:00+00:00,B16,0.0
DK1,2025-04-09 20:00:00+00:00,B16,0.0
DK1,2025-04-09 21:00:00+00:00,B16,0.0
DK1,2025-04-09 22:00:00+00:00,B16,0.0
DK1,2025-04-09 23:00:00+00:00,B16,0.0
DK1,2025-04-10 00:00:00+00:00,B16,0.0
DK1,2025-04-10 01:00:00+00:00,B16,0.0
DK1,2025-04-10 02:00:00+00:00,B16,0.0
DK1,2025-04-10 03:00:00+00:00,B16,0.0
DK1,2025-04-10 04:00:00+00:00,B16,0.0
DK1,2025-04-10 05:00:00+00:00,B16,40.36
DK1,2025-04-10 06:00:00+00:00,B16,202.96
DK1,2025-04-10 07:00:00+00:00,B16,407.09
DK1,2025-04-10 08:00:00+00:00,B16,651.83
DK1,2025-04-10 09:00:00+00:00,B16,640.98
DK1,2025-04-10 10:00:00+00:00,B16,1083.74
DK1,2025-04-10 11:00:00+00:00,B16,685.37
DK1,2025-04-10 12:00:00+00:00,B16,1039.77
DK1,2025-04-10 13:00:00+00:00,B16,1040.85
DK1,2025-04-10 14:00:00+00:00,B16,759.47
DK1,2025-04-10 15:00:00+00:00,B16,615.68
DK1,2025-04-10 16:00:00+00:00,B16,402.77
DK1,2025-04-10 17:00:00+00:00,B16,178.31
DK1,2025-04-10 18:00:00+00:00,B16,8.73
DK1,2025-04-10 19:00:00+00:00,B16,0.0
DK1,2025-04-10 20:00:00+00:00,B16,0.0
DK1,2025-04-10 21:00:00+00:00,B16,0.0
DK1,2025-04-10 22:00:00+00:00,B16,0.0
DK1,2025-04-10 23:00:00+00:00,B16,0.0
DK1,2025-04-11 00:00:00+00:00,B16,0.0
DK1,2025-04-11 01:00:00+00:00,B16,0.0
DK1,2025-04-11 02:00:00+00:00,B16,0.0
DK1,2025-04-11 03:00:00+00:00,B16,0.0
DK1,2025-04-11 04:00:00+00:00,B16,0.0
DK1,2025-04-11 05:00:00+00:00,B16,49.81
DK1,2025-04-11 06:00:00+00:00,B16,287.74
DK1,2025-04-11 07:00:00+00:00,B16,533.2
DK1,2025-04-11 08:00:00+00:00,B16,878.69
DK1,2025-04-11 09:00:00+00:00,B16,1137.72
DK1,2025-04-11 10:00:00+00:00,B16,1249.63
DK1,2025-04-11 11:00:00+00:00,B16,1114.17
DK1,2025-04-11 12:00:00+00:00,B16,1018.59
DK1,2025-04-11 13:00:00+00:00,B16,438.96
DK1,2025-04-11 14:00:00+00:00,B16,350.29
DK1,2025-04-11 15:00:00+00:00,B16,694.27
DK1,2025-04-11 16:00:00+00:00,B16,513.38
DK1,2025-04-11 17:00:00+00:00,B16,161.19
DK1,2025-04-11 18:00:00+00:00,B16,16.17
DK1,2025-04-11 19:00:00+00:00,B16,0.0
DK1,2025-04-11 20:00:00+00:00,B16,0.0
DK1,2025-04-11 21:00:00+00:00,B16,0.0
DK1,2025-04-11 22:00:00+00:00,B16,0.0
DK1,2025-04-11 23:00:00+00:00,B16,0.0
DK1,2025-04-12 00:00:00+00:00,B16,0.0
DK1,2025-04-12 01:00:00+00:00,B16,0.0
DK1,2025-04-12 02:00:00+00:00,B16,0.0
DK1,2025-04-12 03:00:00+00:00,B16,0.0
DK1,2025-04-12 04:00:00+00:00,B16,0.0
DK1,2025-04-12 05:00:00+00:00,B16,39.37
DK1,2025-04-12 06:00:00+00:00,B16,268.61
DK1,2025-04-12 07:00:00+00:00,B16,459.59
DK1,2025-04-12 08:00:00+00:00,B16,846.58
DK1,2025-04-12 09:00:00+00:00,B16,767.39
DK1,2025-04-12 10:00:00+00:00,B16,927.07
DK1,2025-04-12 11:00:00+00:00,B16,1117.48
DK1,2025-04-12 12:00:00+00:00,B16,1175.42
DK1,2025-04-12 13:00:00+00:00,B16,406.08
DK1,2025-04-12 14:00:00+00:00,B16,695.54
DK1,2025-04-12 15:00:00+00:00,B16,747.21
DK1,2025-04-12 16:00:00+00:00,B16,369.62
DK1,2025-04-12 17:00:00+00:00,B16,196.41
DK1,2025-04-12 18:00:00+00:00,B16,19.5
DK1,2025-04-12 19:00:00+00:00,B16,0.0
DK1,2025-04-12 20:00:00+00:00,B16,0.0
DK1,2025-04-12 21:00:00+00:00,B16,0.0
DK1,2025-04-12 22:00:00+00:00,B16,0.0
DK1,2025-04-12 23:00:00+00:00,B16,0.0
DK1,2025-04-13 00:00:00+00:00,B16,0.0
DK1,2025-04-13 01:00:00+00:00,B16,0.0
DK1,2025-04-13 02:00:00+00:00,B16,0.0
DK1,2025-04-13 03:00:00+00:00,B16,0.0
DK1,2025-04-13 04:00:00+00:00,B16,0.0
DK1,2025-04-13 05:00:00+00:00,B16,55.98
DK1,2025-04-13 06:00:00+00:00,B16,144.02
DK1,2025-04-13 07:00:00+00:00,B16,465.48
DK1,2025-04-13 08:00:00+00:00,B16,315.48
DK1,2025-04-13 09:00:00+00:00,B16,952.51
DK1,2025-04-13 10:00:00+00:00,B16,1023.59
DK1,2025-04-13 11:00:00+00:00,B16,1092.06
DK1,2025-04-13 12:00:00+00:00,B16,981.89
DK1,2025-04-13 13:00:00+00:00,B16,986.64
DK1,2025-04-13 14:00:00+00:00,B16,297.02
DK1,2025-04-13 15:00:00+00:00,B16,650.17
DK1,2025-04-13 16:00:00+00:00,B16,323.56
DK1,2025-04-13 17:00:00+00:00,B16,189.03
DK1,2025-04-13 18:00:00+00:00,B16,11.82
DK1,2025-04-13 19:00:00+00:00,B16,0.0
DK1,2025-04-13 20:00:00+00:00,B16,0.0
DK1,2025-04-13 21:00:00+00:00,B16,0.0
DK1,2025-04-13 22:00:00+00:00,B16,0.0
DK1,2025-04-13 23:00:00+00:00,B16,0.0
DK1,2025-04-14 00:00:00+00:00,B16,0.0
DK1,2025-04-14 01:00:00+00:00,B16,0.0
DK1,2025-04-14 02:00:00+00:00,B16,0.0
DK1,2025-04-14 03:00:00+00:00,B16,0.0
DK1,2025-04-14 04:00:00+00:00,B16,0.0
DK1,2025-04-14 05:00:00+00:00,B16,55.81
DK1,2025-04-14 06:00:00+00:00,B16,247.7
DK1,2025-04-14 07:00:00+00:00,B16,421.78
DK1,2025-04-14 08:00:00+00:00,B16,450.85
DK1,2025-04-14 09:00:00+00:00,B16,637.75
DK1,2025-04-14 10:00:00+00:00,B16,1010.99
DK1,2025-04-14 11:00:00+00:00,B16,1150.51
DK1,2025-04-14 12:00:00+00:00,B16,780.78
DK1,2025-04-14 13:00:00+00:00,B16,499.94
DK1,2025-04-14 14:00:00+00:00,B16,732.91
DK1,2025-04-14 15:00:00+00:00,B16,442.74
DK1,2025-04-14 16:00:00+00:00,B16,404.71
DK1,2025-04-14 17:00:00+00:00,B16,176.2
DK1,2025-04-14 18:00:00+00:00,B16,22.81
DK1,2025-04-14 19:00:00+00:00,B16,0.0
DK1,2025-04-14 20:00:00+00:00,B16,0.0
DK1,2025-04-14 21:00:00+00:00,B16,0.0
DK1,2025-04-14 22:00:00+00:00,B16,0.0
DK1,2025-04-14 23:00:00+00:00,B16,0.0
DK1,2025-04-15 00:00:00+00:00,B16,0.0
DK1,2025-04-15 01:00:00+00:00,B16,0.0
DK1,2025-04-15 02:00:00+00:00,B16,0.0
DK1,2025-04-15 03:00:00+00:00,B16,0.0
DK1,2025-04-15 04:00:00+00:00,B16,0.0
DK1,2025-04-15 05:00:00+00:00,B16,52.96
DK1,2025-04-15 06:00:00+00:00,B16,340.49
DK1,2025-04-15 07:00:00+00:00,B16,559.55
DK1,2025-04-15 08:00:00+00:00,B16,910.29
DK1,2025-04-15 09:00:00+00:00,B16,1183.96
DK1,2025-04-15 10:00:00+00:00,B16,1280.55
DK1,2025-04-15 11:00:00+00:00,B16,1471.1
DK1,2025-04-15 12:00:00+00:00,B16,1484.08
DK1,2025-04-15 13:00:00+00:00,B16,658.1
DK1,2025-04-15 14:00:00+00:00,B16,1137.48
DK1,2025-04-15 15:00:00+00:00,B16,717.32
DK1,2025-04-15 16:00:00+00:00,B16,520.0
DK1,2025-04-15 17:00:00+00:00,B16,173.73
DK1,2025-04-15 18:00:00+00:00,B16,22.56
DK1,2025-04-15 19:00:00+00:00,B16,0.0
DK1,2025-04-15 20:00:00+00:00,B16,0.0
DK1,2025-04-15 21:00:00+00:00,B16,0.0
DK1,2025-04-15 22:00:00+00:00,B16,0.0
DK1,2025-04-15 23:00:00+00:00,B16,0.0
DK1,2025-04-16 00:00:00+00:00,B16,0.0
DK1,2025-04-16 01:00:00+00:00,B16,0.0
DK1,2025-04-16 02:00:00+00:00,B16,0.0
DK1,2025-04-16 03:00:00+00:00,B16,0.0
DK1,2025-04-16 04:00:00+00:00,B16,0.0
DK1,2025-04-16 05:00:00+00:00,B16,94.66
DK1,2025-04-16 06:00:00+00:00,B16,343.56
DK1,2025-04-16 07:00:00+00:00,B16,679.74
DK1,2025-04-16 08:00:00+00:00,B16,332.05
DK1,2025-04-16 09:00:00+00:00,B16,1178.25
DK1,2025-04-16 10:00:00+00:00,B16,1362.57
DK1,2025-04-16 11:00:00+00:00,B16,1680.71
DK1,2025-04-16 12:00:00+00:00,B16,523.71
DK1,2025-04-16 13:00:00+00:00,B16,1180.69
DK1,2025-04-16 14:00:00+00:00,B16,1104.87
DK1,2025-04-16 15:00:00+00:00,B16,954.36
DK1,2025-04-16 16:00:00+00:00,B16,630.22
DK1,2025-04-16 17:00:00+00:00,B16,304.25
DK1,2025-04-16 18:00:00+00:00,B16,46.05
DK1,2025-04-16 19:00:00+00:00,B16,0.0
DK1,2025-04-16 20:00:00+00:00,B16,0.0
DK1,2025-04-16 21:00:00+00:00,B16,0.0
DK1,2025-04-16 22:00:00+00:00,B16,0.0
DK1,2025-04-16 23:00:00+00:00,B16,0.0
DK1,2025-04-17 00:00:00+00:00,B16,0.0
DK1,2025-04-17 01:00:00+00:00,B16,0.0
DK1,2025-04-17 02:00:00+00:00,B16,0.0
DK1,2025-04-17 03:00:00+00:00,B16,0.0
DK1,2025-04-17 04:00:00+00:00,B16,0.0
DK1,2025-04-17 05:00:00+00:00,B16,51.59
DK1,2025-04-17 06:00:00+00:00,B16,342.84
DK1,2025-04-17 07:00:00+00:00,B16,619.44
DK1,2025-04-17 08:00:00+00:00,B16,882.26
DK1,2025-04-17 09:00:00+00:00,B16,859.71
DK1,2025-04-17 10:00:00+00:00,B16,392.87
DK1,2025-04-17 11:00:00+00:00,B16,1258.09
DK1,2025-04-17 12:00:00+00:00,B16,1341.32
DK1,2025-04-17 13:00:00+00:00,B16,1217.07
DK1,2025-04-17 14:00:00+00:00,B16,1174.05
DK1,2025-04-17 15:00:00+00:00,B16,827.74
DK1,2025-04-17 16:00:00+00:00,B16,481.55
DK1,2025-04-17 17:00:00+00:00,B16,289.9
DK1,2025-04-17 18:00:00+00:00,B16,49.62
DK1,2025-04-17 19:00:00+00:00,B16,0.0
DK1,2025-04-17 20:00:00+00:00,B16,0.0
DK1,2025-04-17 21:00:00+00:00,B16,0.0
DK1,2025-04-17 22:00:00+00:00,B16,0.0
DK1,2025-04-17 23:00:00+00:00,B16,0.0
DK1,2025-04-18 00:00:00+00:00,B16,0.0
DK1,2025-04-18 01:00:00+00:00,B16,0.0
DK1,2025-04-18 02:00:00+00:00,B16,0.0
DK1,2025-04-18 03:00:00+00:00,B16,0.0
DK1,2025-04-18 04:00:00+00:00,B16,0.0
DK1,2025-04-18 05:00:00+00:00,B16,72.84
DK1,2025-04-18 06:00:00+00:00,B16,331.48
DK1,2025-04-18 07:00:00+00:00,B16,597.46
DK1,2025-04-18 08:00:00+00:00,B16,841.33
DK1,2025-04-18 09:00:00+00:00,B16,1213.13
DK1,2025-04-18 10:00:00+00:00,B16,1284.53
DK1,2025-04-18 11:00:00+00:00,B16,1393.85
DK1,2025-04-18 12:00:00+00:00,B16,1368.15
DK1,2025-04-18 13:00:00+00:00,B16,1113.9
DK1,2025-04-18 14:00:00+00:00,B16,1212.92
DK1,2025-04-18 15:00:00+00:00,B16,786.22
DK1,2025-04-18 16:00:00+00:00,B16,387.86
DK1,2025-04-18 17:00:00+00:00,B16,258.44
DK1,2025-04-18 18:00:00+00:00,B16,50.51
DK1,2025-04-18 19:00:00+00:00,B16,0.0
DK1,2025-04-18 20:00:00+00:00,B16,0.0
DK1,2025-04-18 21:00:00+00:00,B16,0.0
DK1,2025-04-18 22:00:00+00:00,B16,0.0
DK1,2025-04-18 23:00:00+00:00,B16,0.0
DK1,2025-04-19 00:00:00+00:00,B16,0.0
DK1,2025-04-19 01:00:00+00:00,B16,0.0
DK1,2025-04-19 02:00:00+00:00,B16,0.0
DK1,2025-04-19 03:00:00+00:00,B16,0.0
DK1,2025-04-19 04:00:00+00:00,B16,0.0
DK1,2025-04-19 05:00:00+00:00,B16,116.24
DK1,2025-04-19 06:00:00+00:00,B16,252.09
DK1,2025-04-19 07:00:00+00:00,B16,633.59
DK1,2025-04-19 08:00:00+00:00,B16,934.71
DK1,2025-04-19 09:00:00+00:00,B16,1086.89
DK1,2025-04-19 10:00:00+00:00,B16,1423.14
DK1,2025-04-19 11:00:00+00:00,B16,1549.39
DK1,2025-04-19 12:00:00+00:00,B16,1370.2
DK1,2025-04-19 13:00:00+00:00,B16,1218.35
DK1,2025-04-19 14:00:00+00:00,B16,1153.54
DK1,2025-04-19 15:00:00+00:00,B16,860.12
DK1,2025-04-19 16:00:00+00:00,B16,615.41
DK1,2025-04-19 17:00:00+00:00,B16,288.51
DK1,2025-04-19 18:00:00+00:00,B16,57.74
DK1,2025-04-19 19:00:00+00:00,B16,0.0
DK1,2025-04-19 20:00:00+00:00,B16,0.0
DK1,2025-04-19 21:00:00+00:00,B16,0.0
DK1,2025-04-19 22:00:00+00:00,B16,0.0
DK1,2025-04-19 23:00:00+00:00,B16,0.0
DK1,2025-04-20 00:00:00+00:00,B16,0.0
DK1,2025-04-20 01:00:00+00:00,B16,0.0
DK1,2025-04-20 02:00:00+00:00,B16,0.0
DK1,2025-04-20 03:00:00+00:00,B16,0.0
DK1,2025-04-20 04:00:00+00:00,B16,0.0
DK1,2025-04-20 05:00:00+00:00,B16,98.97
DK1,2025-04-20 06:00:00+00:00,B16,300.57
DK1,2025-04-20 07:00:00+00:00,B16,519.23
DK1,2025-04-20 08:00:00+00:00,B16,726.25
DK1,2025-04-20 09:00:00+00:00,B16,985.15
DK1,2025-04-20 10:00:00+00:00,B16,823.43
DK1,2025-04-20 11:00:00+00:00,B16,1116.72
DK1,2025-04-20 12:00:00+00:00,B16,1157.7
DK1,2025-04-20 13:00:00+00:00,B16,1252.62
DK1,2025-04-20 14:00:00+00:00,B16,931.68
DK1,2025-04-20 15:00:00+00:00,B16,714.0
DK1,2025-04-20 16:00:00+00:00,B16,418.91
DK1,2025-04-20 17:00:00+00:00,B16,193.23
DK1,2025-04-20 18:00:00+00:00,B16,51.46
DK1,2025-04-20 19:00:00+00:00,B16,0.0
DK1,2025-04-20 20:00:00+00:00,B16,0.0
DK1,2025-04-20 21:00:00+00:00,B16,0.0
DK1,2025-04-20 22:00:00+00:00,B16,0.0
DK1,2025-04-20 23:00:00+00:00,B16,0.0
DK1,2025-04-21 00:00:00+00:00,B16,0.0
DK1,2025-04-21 01:00:00+00:00,B16,0.0
DK1,2025-04-21 02:00:00+00:00,B16,0.0
DK1,2025-04-21 03:00:00+00:00,B16,0.0
DK1,2025-04-21 04:00:00+00:00,B16,0.0
DK1,2025-04-21 05:00:00+00:00,B16,104.49
DK1,2025-04-21 06:00:00+00:00,B16,323.42
DK1,2025-04-21 07:00:00+00:00,B16,629.09
DK1,2025-04-21 08:00:00+00:00,B16,740.26
DK1,2025-04-21 09:00:00+00:00,B16,1042.19
DK1,2025-04-21 10:00:00+00:00,B16,864.39
DK1,2025-04-21 11:00:00+00:00,B16,1135.32
DK1,2025-04-21 12:00:00+00:00,B16,1258.3
DK1,2025-04-21 13:00:00+00:00,B16,1205.49
DK1,2025-04-21 14:00:00+00:00,B16,592.72
DK1,2025-04-21 15:00:00+00:00,B16,402.3
DK1,2025-04-21 16:00:00+00:00,B16,409.91
DK1,2025-04-21 17:00:00+00:00,B16,213.21
DK1,2025-04-21 18:00:00+00:00,B16,61.12
DK1,2025-04-21 19:00:00+00:00,B16,0.0
DK1,2025-04-21 20:00:00+00:00,B16,0.0
DK1,2025-04-21 21:00:00+00:00,B16,0.0
DK1,2025-04-21 22:00:00+00:00,B16,0.0
DK1,2025-04-21 23:00:00+00:00,B16,0.0
DK1,2025-04-22 00:00:00+00:00,B16,0.0
DK1,2025-04-22 01:00:00+00:00,B16,0.0
DK1,2025-04-22 02:00:00+00:00,B16,0.0
DK1,2025-04-22 03:00:00+00:00,B16,0.0
DK1,2025-04-22 04:00:00+00:00,B16,0.0
DK1,2025-04-22 05:00:00+00:00,B16,108.7
DK1,2025-04-22 06:00:00+00:00,B16,214.76
DK1,2025-04-22 07:00:00+00:00,B16,709.69
DK1,2025-04-22 08:00:00+00:00,B16,1128.49
DK1,2025-04-22 09:00:00+00:00,B16,1282.19
DK1,2025-04-22 10:00:00+00:00,B16,1593.17
DK1,2025-04-22 11:00:00+00:00,B16,1365.73
DK1,2025-04-22 12:00:00+00:00,B16,1647.95
DK1,2025-04-22 13:00:00+00:00,B16,1302.52
DK1,2025-04-22 14:00:00+00:00,B16,1209.37
DK1,2025-04-22 15:00:00+00:00,B16,630.95
DK1,2025-04-22 16:00:00+00:00,B16,386.42
DK1,2025-04-22 17:00:00+00:00,B16,370.92
DK1,2025-04-22 18:00:00+00:00,B16,81.12
DK1,2025-04-22 19:00:00+00:00,B16,0.0
DK1,2025-04-22 20:00:00+00:00,B16,0.0
DK1,2025-04-22 21:00:00+00:00,B16,0.0
DK1,2025-04-22 22:00:00+00:00,B16,0.0
DK1,2025-04-22 23:00:00+00:00,B16,0.0
DK1,2025-04-23 00:00:00+00:00,B16,0.0
DK1,2025-04-23 01:00:00+00:00,B16,0.0
DK1,2025-04-23 02:00:00+00:00,B16,0.0
DK1,2025-04-23 03:00:00+00:00,B16,0.0
DK1,2025-04-23 04:00:00+00:00,B16,0.0
DK1,2025-04-23 05:00:00+00:00,B16,144.07
DK1,2025-04-23 06:00:00+00:00,B16,347.96
DK1,2025-04-23 07:00:00+00:00,B16,652.74
DK1,2025-04-23 08:00:00+00:00,B16,1013.98
DK1,2025-04-23 09:00:00+00:00,B16,1003.47
DK1,2025-04-23 10:00:00+00:00,B16,1132.74
DK1,2025-04-23 11:00:00+00:00,B16,1435.25
DK1,2025-04-23 12:00:00+00:00,B16,1538.7
DK1,2025-04-23 13:00:00+00:00,B16,779.48
DK1,2025-04-23 14:00:00+00:00,B16,1193.9
DK1,2025-04-23 15:00:00+00:00,B16,958.6
DK1,2025-04-23 16:00:00+00:00,B16,489.2
DK1,2025-04-23 17:00:00+00:00,B16,243.52
DK1,2025-04-23 18:00:00+00:00,B16,102.46
DK1,2025-04-23 19:00:00+00:00,B16,0.0
DK1,2025-04-23 20:00:00+00:00,B16,0.0
DK1,2025-04-23 21:00:00+00:00,B16,0.0
DK1,2025-04-23 22:00:00+00:00,B16,0.0
DK1,2025-04-23 23:00:00+00:00,B16,0.0
DK1,2025-04-24 00:00:00+00:00,B16,0.0
DK1,2025-04-24 01:00:00+00:00,B16,0.0
DK1,2025-04-24 02:00:00+00:00,B16,0.0
DK1,2025-04-24 03:00:00+00:00,B16,0.0
DK1,2025-04-24 04:00:00+00:00,B16,0.0
DK1,2025-04-24 05:00:00+00:00,B16,47.06
DK1,2025-04-24 06:00:00+00:00,B16,381.87
DK1,2025-04-24 07:00:00+00:00,B16,369.84
DK1,2025-04-24 08:00:00+00:00,B16,990.28
DK1,2025-04-24 09:00:00+00:00,B16,1218.61
DK1,2025-04-24 10:00:00+00:00,B16,1342.48
DK1,2025-04-24 11:00:00+00:00,B16,1393.89
DK1,2025-04-24 12:00:00+00:00,B16,1553.07
DK1,2025-04-24 13:00:00+00:00,B16,1277.18
DK1,2025-04-24 14:00:00+00:00,B16,1200.29
DK1,2025-04-24 15:00:00+00:00,B16,815.13
DK1,2025-04-24 16:00:00+00:00,B16,532.44
DK1,2025-04-24 17:00:00+00:00,B16,291.47
DK1,2025-04-24 18:00:00+00:00,B16,110.32
DK1,2025-04-24 19:00:00+00:00,B16,0.0
DK1,2025-04-24 20:00:00+00:00,B16,0.0
DK1,2025-04-24 21:00:00+00:00,B16,0.0
DK1,2025-04-24 22:00:00+00:00,B16,0.0
DK1,2025-04-24 23:00:00+00:00,B16,0.0
DK1,2025-04-25 00:00:00+00:00,B16,0.0
DK1,2025-04-25 01:00:00+00:00,B16,0.0
DK1,2025-04-25 02:00:00+00:00,B16,0.0
DK1,2025-04-25 03:00:00+00:00,B16,0.0
DK1,2025-04-25 04:00:00+00:00,B16,0.0
DK1,2025-04-25 05:00:00+00:00,B16,154.14
DK1,2025-04-25 06:00:00+00:00,B16,195.98
DK1,2025-04-25 07:00:00+00:00,B16,637.23
DK1,2025-04-25 08:00:00+00:00,B16,905.54
DK1,2025-04-25 09:00:00+00:00,B16,769.11
DK1,2025-04-25 10:00:00+00:00,B16,1368.22
DK1,2025-04-25 11:00:00+00:00,B16,852.01
DK1,2025-04-25 12:00:00+00:00,B16,1366.94
DK1,2025-04-25 13:00:00+00:00,B16,1306.34
DK1,2025-04-25 14:00:00+00:00,B16,1178.24
DK1,2025-04-25 15:00:00+00:00,B16,854.85
DK1,2025-04-25 16:00:00+00:00,B16,569.77
DK1,2025-04-25 17:00:00+00:00,B16,304.33
DK1,2025-04-25 18:00:00+00:00,B16,85.61
DK1,2025-04-25 19:00:00+00:00,B16,0.0
DK1,2025-04-25 20:00:00+00:00,B16,0.0
DK1,2025-04-25 21:00:00+00:00,B16,0.0
DK1,2025-04-25 22:00:00+00:00,B16,0.0
DK1,2025-04-25 23:00:00+00:00,B16,0.0
DK1,2025-04-26 00:00:00+00:00,B16,0.0
DK1,2025-04-26 01:00:00+00:00,B16,0.0
DK1,2025-04-26 02:00:00+00:00,B16,0.0
DK1,2025-04-26 03:00:00+00:00,B16,0.0
DK1,2025-04-26 04:00:00+00:00,B16,0.0
DK1,2025-04-26 05:00:00+00:00,B16,85.82
DK1,2025-04-26 06:00:00+00:00,B16,500.23
DK1,2025-04-26 07:00:00+00:00,B16,801.74
DK1,2025-04-26 08:00:00+00:00,B16,400.6
DK1,2025-04-26 09:00:00+00:00,B16,1414.16
DK1,2025-04-26 10:00:00+00:00,B16,1233.57
DK1,2025-04-26 11:00:00+00:00,B16,1835.44
DK1,2025-04-26 12:00:00+00:00,B16,1892.51
DK1,2025-04-26 13:00:00+00:00,B16,1428.45
DK1,2025-04-26 14:00:00+00:00,B16,1291.5
DK1,2025-04-26 15:00:00+00:00,B16,1008.46
DK1,2025-04-26 16:00:00+00:00,B16,658.05
DK1,2025-04-26 17:00:00+00:00,B16,364.36
DK1,2025-04-26 18:00:00+00:00,B16,104.86
DK1,2025-04-26 19:00:00+00:00,B16,0.0
DK1,2025-04-26 20:00:00+00:00,B16,0.0
DK1,2025-04-26 21:00:00+00:00,B16,0.0
DK1,2025-04-26 22:00:00+00:00,B16,0.0
DK1,2025-04-26 23:00:00+00:00,B16,0.0
DK1,2025-04-27 00:00:00+00:00,B16,0.0
DK1,2025-04-27 01:00:00+00:00,B16,0.0
DK1,2025-04-27 02:00:00+00:00,B16,0.0
DK1,2025-04-27 03:00:00+00:00,B16,0.0
DK1,2025-04-27 04:00:00+00:00,B16,1.73
DK1,2025-04-27 05:00:00+00:00,B16,156.65
DK1,2025-04-27 06:00:00+00:00,B16,357.41
DK1,2025-04-27 07:00:00+00:00,B16,246.0
DK1,2025-04-27 08:00:00+00:00,B16,1003.03
DK1,2025-04-27 09:00:00+00:00,B16,1282.66
DK1,2025-04-27 10:00:00+00:00,B16,1231.65
DK1,2025-04-27 11:00:00+00:00,B16,550.31
DK1,2025-04-27 12:00:00+00:00,B16,1723.38
DK1,2025-04-27 13:00:00+00:00,B16,1134.38
DK1,2025-04-27 14:00:00+00:00,B16,1197.28
DK1,2025-04-27 15:00:00+00:00,B16,861.87
DK1,2025-04-27 16:00:00+00:00,B16,657.54
DK1,2025-04-27 17:00:00+00:00,B16,400.0
DK1,2025-04-27 18:00:00+00:00,B16,87.44
DK1,2025-04-27 19:00:00+00:00,B16,0.0
DK1,2025-04-27 20:00:00+00:00,B16,0.0
DK1,2025-04-27 21:00:00+00:00,B16,0.0
DK1,2025-04-27 22:00:00+00:00,B16,0.0
DK1,2025-04-27 23:00:00+00:00,B16,0.0
DK1,2025-04-28 00:00:00+00:00,B16,0.0
DK1,2025-04-28 01:00:00+00:00,B16,0.0
DK1,2025-04-28 02:00:00+00:00,B16,0.0
DK1,2025-04-28 03:00:00+00:00,B16,0.0
DK1,2025-04-28 04:00:00+00:00,B16,2.21
DK1,2025-04-28 05:00:00+00:00,B16,67.47
DK1,2025-04-28 06:00:00+00:00,B16,425.91
DK1,2025-04-28 07:00:00+00:00,B16,638.88
DK1,2025-04-28 08:00:00+00:00,B16,641.15
DK1,2025-04-28 09:00:00+00:00,B16,746.17
DK1,2025-04-28 10:00:00+00:00,B16,1580.31
DK1,2025-04-28 11:00:00+00:00,B16,1610.72
DK1,2025-04-28 12:00:00+00:00,B16,1710.59
DK1,2025-04-28 13:00:00+00:00,B16,1530.85
DK1,2025-04-28 14:00:00+00:00,B16,1334.57
DK1,2025-04-28 15:00:00+00:00,B16,989.98
DK1,2025-04-28 16:00:00+00:00,B16,421.55
DK1,2025-04-28 17:00:00+00:00,B16,368.07
DK1,2025-04-28 18:00:00+00:00,B16,42.4
DK1,2025-04-28 19:00:00+00:00,B16,0.0
DK1,2025-04-28 20:00:00+00:00,B16,0.0
DK1,2025-04-28 21:00:00+00:00,B16,0.0
DK1,2025-04-28 22:00:00+00:00,B16,0.0
DK1,2025-04-28 23:00:00+00:00,B16,0.0
DK1,2025-04-29 00:00:00+00:00,B16,0.0
DK1,2025-04-29 01:00:00+00:00,B16,0.0
DK1,2025-04-29 02:00:00+00:00,B16,0.0
DK1,2025-04-29 03:00:00+00:00,B16,0.0
DK1,2025-04-29 04:00:00+00:00,B16,4.78
DK1,2025-04-29 05:00:00+00:00,B16,194.43
DK1,2025-04-29 06:00:00+00:00,B16,481.32
DK1,2025-04-29 07:00:00+00:00,B16,768.77
DK1,2025-04-29 08:00:00+00:00,B16,1064.4
DK1,2025-04-29 09:00:00+00:00,B16,1353.32
DK1,2025-04-29 10:00:00+00:00,B16,1119.89
DK1,2025-04-29 11:00:00+00:00,B16,1403.2
DK1,2025-04-29 12:00:00+00:00,B16,2032.1
DK1,2025-04-29 13:00:00+00:00,B16,1582.08
DK1,2025-04-29 14:00:00+00:00,B16,1442.59
DK1,2025-04-29 15:00:00+00:00,B16,1034.72
DK1,2025-04-29 16:00:00+00:00,B16,654.59
DK1,2025-04-29 17:00:00+00:00,B16,394.11
DK1,2025-04-29 18:00:00+00:00,B16,127.24
DK1,2025-04-29 19:00:00+00:00,B16,0.0
DK1,2025-04-29 20:00:00+00:00,B16,0.0
DK1,2025-04-29 21:00:00+00:00,B16,0.0
DK1,2025-04-29 22:00:00+00:00,B16,0.0
DK1,2025-04-29 23:00:00+00:00,B16,0.0
DK1,2025-04-30 00:00:00+00:00,B16,0.0
DK1,2025-04-30 01:00:00+00:00,B16,0.0
DK1,2025-04-30 02:00:00+00:00,B16,0.0
DK1,2025-04-30 03:00:00+00:00,B16,0.0
DK1,2025-04-30 04:00:00+00:00,B16,7.2
DK1,2025-04-30 05:00:00+00:00,B16,119.48
DK1,2025-04-30 06:00:00+00:00,B16,289.09
DK1,2025-04-30 07:00:00+00:00,B16,506.18
DK1,2025-04-30 08:00:00+00:00,B16,698.85
DK1,2025-04-30 09:00:00+00:00,B16,755.85
DK1,2025-04-30 10:00:00+00:00,B16,983.75
DK1,2025-04-30 11:00:00+00:00,B16,1126.05
DK1,2025-04-30 12:00:00+00:00,B16,954.1
DK1,2025-04-30 13:00:00+00:00,B16,907.17
DK1,2025-04-30 14:00:00+00:00,B16,345.58
DK1,2025-04-30 15:00:00+00:00,B16,602.62
DK1,2025-04-30 16:00:00+00:00,B16,373.35
DK1,2025-04-30 17:00:00+00:00,B16,233.99
DK1,2025-04-30 18:00:00+00:00,B16,89.48
DK1,2025-04-30 19:00:00+00:00,B16,0.0
DK1,2025-04-30 20:00:00+00:00,B16,0.0
DK1,2025-04-30 21:00:00+00:00,B16,0.0
DK1,2025-04-30 22:00:00+00:00,B16,0.0
DK1,2025-04-30 23:00:00+00:00,B16,0.0
DK1,2025-05-01 00:00:00+00:00,B16,0.0
DK1,2025-05-01 01:00:00+00:00,B16,0.0
DK1,2025-05-01 02:00:00+00:00,B16,0.0
DK1,2025-05-01 03:00:00+00:00,B16,0.0
DK1,2025-05-01 04:00:00+00:00,B16,16.46
DK1,2025-05-01 05:00:00+00:00,B16,204.76
DK1,2025-05-01 06:00:00+00:00,B16,396.32
DK1,2025-05-01 07:00:00+00:00,B16,913.18
DK1,2025-05-01 08:00:00+00:00,B16,1136.88
DK1,2025-05-01 09:00:00+00:00,B16,1435.38
DK1,2025-05-01 10:00:00+00:00,B16,1272.42
DK1,2025-05-01 11:00:00+00:00,B16,1873.86
DK1,2025-05-01 12:00:00+00:00,B16,1690.02
DK1,2025-05-01 13:00:00+00:00,B16,1628.07
DK1,2025-05-01 14:00:00+00:00,B16,1477.43
DK1,2025-05-01 15:00:00+00:00,B16,1079.77
DK1,2025-05-01 16:00:00+00:00,B16,900.09
DK1,2025-05-01 17:00:00+00:00,B16,447.57
DK1,2025-05-01 18:00:00+00:00,B16,166.62
DK1,2025-05-01 19:00:00+00:00,B16,0.0
DK1,2025-05-01 20:00:00+00:00,B16,0.0
DK1,2025-05-01 21:00:00+00:00,B16,0.0
DK1,2025-05-01 22:00:00+00:00,B16,0.0
DK1,2025-05-01 23:00:00+00:00,B16,0.0
DK1,2025-05-02 00:00:00+00:00,B16,0.0
DK1,2025-05-02 01:00:00+00:00,B16,0.0
DK1,2025-05-02 02:00:00+00:00,B16,0.0
DK1,2025-05-02 03:00:00+00:00,B16,0.0
DK1,2025-05-02 04:00:00+00:00,B16,15.73
DK1,2025-05-02 05:00:00+00:00,B16,201.63
DK1,2025-05-02 06:00:00+00:00,B16,448.78
DK1,2025-05-02 07:00:00+00:00,B16,788.19
DK1,2025-05-02 08:00:00+00:00,B16,960.04
DK1,2025-05-02 09:00:00+00:00,B16,424.91
DK1,2025-05-02 10:00:00+00:00,B16,1351.3
DK1,2025-05-02 11:00:00+00:00,B16,1451.4
DK1,2025-05-02 12:00:00+00:00,B16,1019.87
DK1,2025-05-02 13:00:00+00:00,B16,539.2
DK1,2025-05-02 14:00:00+00:00,B16,1218.23
DK1,2025-05-02 15:00:00+00:00,B16,710.8
DK1,2025-05-02 16:00:00+00:00,B16,689.55
DK1,2025-05-02 17:00:00+00:00,B16,368.2
DK1,2025-05-02 18:00:00+00:00,B16,134.39
DK1,2025-05-02 19:00:00+00:00,B16,0.0
DK1,2025-05-02 20:00:00+00:00,B16,0.0
DK1,2025-05-02 21:00:00+00:00,B16,0.0
DK1,2025-05-02 22:00:00+00:00,B16,0.0
DK1,2025-05-02 23:00:00+00:00,B16,0.0
DK1,2025-05-03 00:00:00+00:00,B16,0.0
DK1,2025-05-03 01:00:00+00:00,B16,0.0
DK1,2025-05-03 02:00:00+00:00,B16,0.0
DK1,2025-05-03 03:00:00+00:00,B16,0.0
DK1,2025-05-03 04:00:00+00:00,B16,25.66
DK1,2025-05-03 05:00:00+00:00,B16,197.35
DK1,2025-05-03 06:00:00+00:00,B16,517.45
DK1,2025-05-03 07:00:00+00:00,B16,861.16
DK1,2025-05-03 08:00:00+00:00,B16,884.27
DK1,2025-05-03 09:00:00+00:00,B16,1234.55
DK1,2025-05-03 10:00:00+00:00,B16,945.2
DK1,2025-05-03 11:00:00+00:00,B16,1738.39
DK1,2025-05-03 12:00:00+00:00,B16,1621.31
DK1,2025-05-03 13:00:00+00:00,B16,754.24
DK1,2025-05-03 14:00:00+00:00,B16,1421.98
DK1,2025-05-03 15:00:00+00:00,B16,1014.39
DK1,2025-05-03 16:00:00+00:00,B16,866.28
DK1,2025-05-03 17:00:00+00:00,B16,226.17
DK1,2025-05-03 18:00:00+00:00,B16,154.4
DK1,2025-05-03 19:00:00+00:00,B16,0.43
DK1,2025-05-03 20:00:00+00:00,B16,0.0
DK1,2025-05-03 21:00:00+00:00,B16,0.0
DK1,2025-05-03 22:00:00+00:00,B16,0.0
DK1,2025-05-03 23:00:00+00:00,B16,0.0
DK1,2025-05-04 00:00:00+00:00,B16,0.0
DK1,2025-05-04 01:00:00+00:00,B16,0.0
DK1,2025-05-04 02:00:00+00:00,B16,0.0
DK1,2025-05-04 03:00:00+00:00,B16,0.0
DK1,2025-05-04 04:00:00+00:00,B16,24.8
DK1,2025-05-04 05:00:00+00:00,B16,147.58
DK1,2025-05-04 06:00:00+00:00,B16,157.86
DK1,2025-05-04 07:00:00+00:00,B16,547.36
DK1,2025-05-04 08:00:00+00:00,B16,902.64
DK1,2025-05-04 09:00:00+00:00,B16,1131.33
DK1,2025-05-04 10:00:00+00:00,B16,1308.51
DK1,2025-05-04 11:00:00+00:00,B16,1410.8
DK1,2025-05-04 12:00:00+00:00,B16,466.45
DK1,2025-05-04 13:00:00+00:00,B16,1389.54
DK1,2025-05-04 14:00:00+00:00,B16,1043.31
DK1,2025-05-04 15:00:00+00:00,B16,623.56
DK1,2025-05-04 16:00:00+00:00,B16,595.81
DK1,2025-05-04 17:00:00+00:00,B16,279.9
DK1,2025-05-04 18:00:00+00:00,B16,148.31
DK1,2025-05-04 19:00:00+00:00,B16,2.09
DK1,2025-05-04 20:00:00+00:00,B16,0.0
DK1,2025-05-04 21:00:00+00:00,B16,0.0
DK1,2025-05-04 22:00:00+00:00,B16,0.0
DK1,2025-05-04 23:00:00+00:00,B16,0.0
DK1,2025-05-05 00:00:00+00:00,B16,0.0
DK1,2025-05-05 01:00:00+00:00,B16,0.0
DK1,2025-05-05 02:00:00+00:00,B16,0.0
DK1,2025-05-05 03:00:00+00:00,B16,0.0
DK1,2025-05-05 04:00:00+00:00,B16,23.76
DK1,2025-05-05 05:00:00+00:00,B16,203.02
DK1,2025-05-05 06:00:00+00:00,B16,451.24
DK1,2025-05-05 07:00:00+00:00,B16,742.85
DK1,2025-05-05 08:00:00+00:00,B16,980.67
DK1,2025-05-05 09:00:00+00:00,B16,1197.51
DK1,2025-05-05 10:00:00+00:00,B16,1209.4
DK1,2025-05-05 11:00:00+00:00,B16,1327.2
DK1,2025-05-05 12:00:00+00:00,B16,1413.65
DK1,2025-05-05 13:00:00+00:00,B16,1368.13
DK1,2025-05-05 14:00:00+00:00,B16,826.86
DK1,2025-05-05 15:00:00+00:00,B16,774.96
DK1,2025-05-05 16:00:00+00:00,B16,630.39
DK1,2025-05-05 17:00:00+00:00,B16,358.2
DK1,2025-05-05 18:00:00+00:00,B16,138.4
DK1,2025-05-05 19:00:00+00:00,B16,2.36
DK1,2025-05-05 20:00:00+00:00,B16,0.0
DK1,2025-05-05 21:00:00+00:00,B16,0.0
DK1,2025-05-05 22:00:00+00:00,B16,0.0
DK1,2025-05-05 23:00:00+00:00,B16,0.0
DK1,2025-05-06 00:00:00+00:00,B16,0.0
DK1,2025-05-06 01:00:00+00:00,B16,0.0
DK1,2025-05-06 02:00:00+00:00,B16,0.0
DK1,2025-05-06 03:00:00+00:00,B16,0.0
DK1,2025-05-06 04:00:00+00:00,B16,37.88
DK1,2025-05-06 05:00:00+00:00,B16,243.25
DK1,2025-05-06 06:00:00+00:00,B16,473.57
DK1,2025-05-06 07:00:00+00:00,B16,894.96
DK1,2025-05-06 08:00:00+00:00,B16,1176.16
DK1,2025-05-06 09:00:00+00:00,B16,1396.02
DK1,2025-05-06 10:00:00+00:00,B16,1196.02
DK1,2025-05-06 11:00:00+00:00,B16,1272.12
DK1,2025-05-06 12:00:00+00:00,B16,1142.28
DK1,2025-05-06 13:00:00+00:00,B16,1262.65
DK1,2025-05-06 14:00:00+00:00,B16,1295.94
DK1,2025-05-06 15:00:00+00:00,B16,1107.64
DK1,2025-05-06 16:00:00+00:00,B16,430.17
DK1,2025-05-06 17:00:00+00:00,B16,453.91
DK1,2025-05-06 18:00:00+00:00,B16,175.82
DK1,2025-05-06 19:00:00+00:00,B16,6.1
DK1,2025-05-06 20:00:00+00:00,B16,0.0
DK1,2025-05-06 21:00:00+00:00,B16,0.0
DK1,2025-05-06 22:00:00+00:00,B16,0.0
DK1,2025-05-06 23:00:00+00:00,B16,0.0
DK1,2025-05-07 00:00:00+00:00,B16,0.0
DK1,2025-05-07 01:00:00+00:00,B16,0.0
DK1,2025-05-07 02:00:00+00:00,B16,0.0
DK1,2025-05-07 03:00:00+00:00,B16,0.0
DK1,2025-05-07 04:00:00+00:00,B16,35.24
DK1,2025-05-07 05:00:00+00:00,B16,213.17
DK1,2025-05-07 06:00:00+00:00,B16,476.99
DK1,2025-05-07 07:00:00+00:00,B16,843.65
DK1,2025-05-07 08:00:00+00:00,B16,1004.25
DK1,2025-05-07 09:00:00+00:00,B16,1212.1
DK1,2025-05-07 10:00:00+00:00,B16,1321.58
DK1,2025-05-07 11:00:00+00:00,B16,1626.38
DK1,2025-05-07 12:00:00+00:00,B16,1612.11
DK1,2025-05-07 13:00:00+00:00,B16,1280.06
DK1,2025-05-07 14:00:00+00:00,B16,1133.71
DK1,2025-05-07 15:00:00+00:00,B16,987.59
DK1,2025-05-07 16:00:00+00:00,B16,684.56
DK1,2025-05-07 17:00:00+00:00,B16,375.94
DK1,2025-05-07 18:00:00+00:00,B16,164.66
DK1,2025-05-07 19:00:00+00:00,B16,10.2
DK1,2025-05-07 20:00:00+00:00,B16,0.0
DK1,2025-05-07 21:00:00+00:00,B16,0.0
DK1,2025-05-07 22:00:00+00:00,B16,0.0
DK1,2025-05-07 23:00:00+00:00,B16,0.0
DK1,2025-05-08 00:00:00+00:00,B16,0.0
DK1,2025-05-08 01:00:00+00:00,B16,0.0
DK1,2025-05-08 02:00:00+00:00,B16,0.0
DK1,2025-05-08 03:00:00+00:00,B16,0.0
DK1,2025-05-08 04:00:00+00:00,B16,50.82
DK1,2025-05-08 05:00:00+00:00,B16,124.44
DK1,2025-05-08 06:00:00+00:00,B16,513.44
DK1,2025-05-08 07:00:00+00:00,B16,632.93
DK1,2025-05-08 08:00:00+00:00,B16,1068.46
DK1,2025-05-08 09:00:00+00:00,B16,1140.7
DK1,2025-05-08 10:00:00+00:00,B16,1454.17
DK1,2025-05-08 11:00:00+00:00,B16,1542.76
DK1,2025-05-08 12:00:00+00:00,B16,1459.34
DK1,2025-05-08 13:00:00+00:00,B16,1376.96
DK1,2025-05-08 14:00:00+00:00,B16,400.0
DK1,2025-05-08 15:00:00+00:00,B16,1105.66
DK1,2025-05-08 16:00:00+00:00,B16,771.09
DK1,2025-05-08 17:00:00+00:00,B16,409.32
DK1,2025-05-08 18:00:00+00:00,B16,205.77
DK1,2025-05-08 19:00:00+00:00,B16,16.11
DK1,2025-05-08 20:00:00+00:00,B16,0.0
DK1,2025-05-08 21:00:00+00:00,B16,0.0
DK1,2025-05-08 22:00:00+00:00,B16,0.0
DK1,2025-05-08 23:00:00+00:00,B16,0.0
DK1,2025-05-09 00:00:00+00:00,B16,0.0
DK1,2025-05-09 01:00:00+00:00,B16,0.0
DK1,2025-05-09 02:00:00+00:00,B16,0.0
DK1,2025-05-09 03:00:00+00:00,B16,0.0
DK1,2025-05-09 04:00:00+00:00,B16,45.93
DK1,2025-05-09 05:00:00+00:00,B16,255.19
DK1,2025-05-09 06:00:00+00:00,B16,490.54
DK1,2025-05-09 07:00:00+00:00,B16,223.96
DK1,2025-05-09 08:00:00+00:00,B16,894.3
DK1,2025-05-09 09:00:00+00:00,B16,407.7
DK1,2025-05-09 10:00:00+00:00,B16,1131.05
DK1,2025-05-09 11:00:00+00:00,B16,1565.62
DK1,2025-05-09 12:00:00+00:00,B16,1545.3
DK1,2025-05-09 13:00:00+00:00,B16,1430.68
DK1,2025-05-09 14:00:00+00:00,B16,1386.08
DK1,2025-05-09 15:00:00+00:00,B16,909.27
DK1,2025-05-09 16:00:00+00:00,B16,662.29
DK1,2025-05-09 17:00:00+00:00,B16,383.78
DK1,2025-05-09 18:00:00+00:00,B16,195.73
DK1,2025-05-09 19:00:00+00:00,B16,16.94
DK1,2025-05-09 20:00:00+00:00,B16,0.0
DK1,2025-05-09 21:00:00+00:00,B16,0.0
DK1,2025-05-09 22:00:00+00:00,B16,0.0
DK1,2025-05-09 23:00:00+00:00,B16,0.0
DK1,2025-05-10 00:00:00+00:00,B16,0.0
DK1,2025-05-10 01:00:00+00:00,B16,0.0
DK1,2025-05-10 02:00:00+00:00,B16,0.0
DK1,2025-05-10 03:00:00+00:00,B16,0.0
DK1,2025-05-10 04:00:00+00:00,B16,34.11
DK1,2025-05-10 05:00:00+00:00,B16,247.71
DK1,2025-05-10 06:00:00+00:00,B16,490.54
DK1,2025-05-10 07:00:00+00:00,B16,787.76
DK1,2025-05-10 08:00:00+00:00,B16,768.68
DK1,2025-05-10 09:00:00+00:00,B16,460.74
DK1,2025-05-10 10:00:00+00:00,B16,1338.1
DK1,2025-05-10 11:00:00+00:00,B16,1578.44
DK1,2025-05-10 12:00:00+00:00,B16,1437.2
DK1,2025-05-10 13:00:00+00:00,B16,1432.67
DK1,2025-05-10 14:00:00+00:00,B16,1303.63
DK1,2025-05-10 15:00:00+00:00,B16,915.43
DK1,2025-05-10 16:00:00+00:00,B16,735.68
DK1,2025-05-10 17:00:00+00:00,B16,206.86
DK1,2025-05-10 18:00:00+00:00,B16,178.94
DK1,2025-05-10 19:00:00+00:00,B16,22.11
DK1,2025-05-10 20:00:00+00:00,B16,0.0
DK1,2025-05-10 21:00:00+00:00,B16,0.0
DK1,2025-05-10 22:00:00+00:00,B16,0.0
DK1,2025-05-10 23:00:00+00:00,B16,0.0
DK1,2025-05-11 00:00:00+00:00,B16,0.0
DK1,2025-05-11 01:00:00+00:00,B16,0.0
DK1,2025-05-11 02:00:00+00:00,B16,0.0
DK1,2025-05-11 03:00:00+00:00,B16,0.0
DK1,2025-05-11 04:00:00+00:00,B16,29.3
DK1,2025-05-11 05:00:00+00:00,B16,244.56
DK1,2025-05-11 06:00:00+00:00,B16,300.69
DK1,2025-05-11 07:00:00+00:00,B16,792.69
DK1,2025-05-11 08:00:00+00:00,B16,1115.68
DK1,2025-05-11 09:00:00+00:00,B16,1268.46
DK1,2025-05-11 10:00:00+00:00,B16,1508.45
DK1,2025-05-11 11:00:00+00:00,B16,1464.07
DK1,2025-05-11 12:00:00+00:00,B16,1216.8
DK1,2025-05-11 13:00:00+00:00,B16,1337.0
DK1,2025-05-11 14:00:00+00:00,B16,1133.3
DK1,2025-05-11 15:00:00+00:00,B16,961.06
DK1,2025-05-11 16:00:00+00:00,B16,271.06
DK1,2025-05-11 17:00:00+00:00,B16,330.36
DK1,2025-05-11 18:00:00+00:00,B16,134.93
DK1,2025-05-11 19:00:00+00:00,B16,13.45
DK1,2025-05-11 20:00:00+00:00,B16,0.0
DK1,2025-05-11 21:00:00+00:00,B16,0.0
DK1,2025-05-11 22:00:00+00:00,B16,0.0
DK1,2025-05-11 23:00:00+00:00,B16,0.0
DK1,2025-05-12 00:00:00+00:00,B16,0.0
DK1,2025-05-12 01:00:00+00:00,B16,0.0
DK1,2025-05-12 02:00:00+00:00,B16,0.0
DK1,2025-05-12 03:00:00+00:00,B16,0.0
DK1,2025-05-12 04:00:00+00:00,B16,73.33
DK1,2025-05-12 05:00:00+00:00,B16,229.04
DK1,2025-05-12 06:00:00+00:00,B16,710.13
DK1,2025-05-12 07:00:00+00:00,B16,831.9
DK1,2025-05-12 08:00:00+00:00,B16,1012.22
DK1,2025-05-12 09:00:00+00:00,B16,1425.97
DK1,2025-05-12 10:00:00+00:00,B16,1783.48
DK1,2025-05-12 11:00:00+00:00,B16,2087.95
DK1,2025-05-12 12:00:00+00:00,B16,1814.51
DK1,2025-05-12 13:00:00+00:00,B16,1878.87
DK1,2025-05-12 14:00:00+00:00,B16,515.1
DK1,2025-05-12 15:00:00+00:00,B16,1214.66
DK1,2025-05-12 16:00:00+00:00,B16,827.21
DK1,2025-05-12 17:00:00+00:00,B16,527.91
DK1,2025-05-12 18:00:00+00:00,B16,133.06
DK1,2025-05-12 19:00:00+00:00,B16,13.45
DK1,2025-05-12 20:00:00+00:00,B16,0.0
DK1,2025-05-12 21:00:00+00:00,B16,0.0
DK1,2025-05-12 22:00:00+00:00,B16,0.0
DK1,2025-05-12 23:00:00+00:00,B16,0.0
DK1,2025-05-13 00:00:00+00:00,B16,0.0
DK1,2025-05-13 01:00:00+00:00,B16,0.0
DK1,2025-05-13 02:00:00+00:00,B16,0.0
DK1,2025-05-13 03:00:00+00:00,B16,0.0
DK1,2025-05-13 04:00:00+00:00,B16,38.28
DK1,2025-05-13 05:00:00+00:00,B16,265.01
DK1,2025-05-13 06:00:00+00:00,B16,536.87
DK1,2025-05-13 07:00:00+00:00,B16,855.71
DK1,2025-05-13 08:00:00+00:00,B16,1258.43
DK1,2025-05-13 09:00:00+00:00,B16,1425.81
DK1,2025-05-13 10:00:00+00:00,B16,1462.11
DK1,2025-05-13 11:00:00+00:00,B16,1719.4
DK1,2025-05-13 12:00:00+00:00,B16,1760.4
DK1,2025-05-13 13:00:00+00:00,B16,1527.32
DK1,2025-05-13 14:00:00+00:00,B16,1425.83
DK1,2025-05-13 15:00:00+00:00,B16,1111.56
DK1,2025-05-13 16:00:00+00:00,B16,943.16
DK1,2025-05-13 17:00:00+00:00,B16,533.18
DK1,2025-05-13 18:00:00+00:00,B16,202.56
DK1,2025-05-13 19:00:00+00:00,B16,37.51
DK1,2025-05-13 20:00:00+00:00,B16,0.0
DK1,2025-05-13 21:00:00+00:00,B16,0.0
DK1,2025-05-13 22:00:00+00:00,B16,0.0
DK1,2025-05-13 23:00:00+00:00,B16,0.0
DK1,2025-05-14 00:00:00+00:00,B16,0.0
DK1,2025-05-14 01:00:00+00:00,B16,0.0
DK1,2025-05-14 02:00:00+00:00,B16,0.0
DK1,2025-05-14 03:00:00+00:00,B16,0.0
DK1,2025-05-14 04:00:00+00:00,B16,59.78
DK1,2025-05-14 05:00:00+00:00,B16,194.61
DK1,2025-05-14 06:00:00+00:00,B16,535.76
DK1,2025-05-14 07:00:00+00:00,B16,464.18
DK1,2025-05-14 08:00:00+00:00,B16,946.87
DK1,2025-05-14 09:00:00+00:00,B16,1392.53
DK1,2025-05-14 10:00:00+00:00,B16,819.43
DK1,2025-05-14 11:00:00+00:00,B16,1768.69
DK1,2025-05-14 12:00:00+00:00,B16,1549.52
DK1,2025-05-14 13:00:00+00:00,B16,1462.46
DK1,2025-05-14 14:00:00+00:00,B16,1280.57
DK1,2025-05-14 15:00:00+00:00,B16,1061.43
DK1,2025-05-14 16:00:00+00:00,B16,724.83
DK1,2025-05-14 17:00:00+00:00,B16,491.3
DK1,2025-05-14 18:00:00+00:00,B16,230.28
DK1,2025-05-14 19:00:00+00:00,B16,37.75
DK1,2025-05-14 20:00:00+00:00,B16,0.0
DK1,2025-05-14 21:00:00+00:00,B16,0.0
DK1,2025-05-14 22:00:00+00:00,B16,0.0
DK1,2025-05-14 23:00:00+00:00,B16,0.0
DK1,2025-05-15 00:00:00+00:00,B16,0.0
DK1,2025-05-15 01:00:00+00:00,B16,0.0
DK1,2025-05-15 02:00:00+00:00,B16,0.0
DK1,2025-05-15 03:00:00+00:00,B16,0.0
DK1,2025-05-15 04:00:00+00:00,B16,78.05
DK1,2025-05-15 05:00:00+00:00,B16,250.92
DK1,2025-05-15 06:00:00+00:00,B16,624.53
DK1,2025-05-15 07:00:00+00:00,B16,305.83
DK1,2025-05-15 08:00:00+00:00,B16,1313.03
DK1,2025-05-15 09:00:00+00:00,B16,1567.24
DK1,2025-05-15 10:00:00+00:00,B16,1786.64
DK1,2025-05-15 11:00:00+00:00,B16,1777.58
DK1,2025-05-15 12:00:00+00:00,B16,1296.36
DK1,2025-05-15 13:00:00+00:00,B16,1588.29
DK1,2025-05-15 14:00:00+00:00,B16,1384.13
DK1,2025-05-15 15:00:00+00:00,B16,1043.11
DK1,2025-05-15 16:00:00+00:00,B16,804.89
DK1,2025-05-15 17:00:00+00:00,B16,519.59
DK1,2025-05-15 18:00:00+00:00,B16,258.37
DK1,2025-05-15 19:00:00+00:00,B16,44.98
DK1,2025-05-15 20:00:00+00:00,B16,0.0
DK1,2025-05-15 21:00:00+00:00,B16,0.0
DK1,2025-05-15 22:00:00+00:00,B16,0.0
DK1,2025-05-15 23:00:00+00:00,B16,0.0
DK1,2025-05-16 00:00:00+00:00,B16,0.0
DK1,2025-05-16 01:00:00+00:00,B16,0.0
DK1,2025-05-16 02:00:00+00:00,B16,0.0
DK1,2025-05-16 03:00:00+00:00,B16,0.0
DK1,2025-05-16 04:00:00+00:00,B16,74.65
DK1,2025-05-16 05:00:00+00:00,B16,187.71
DK1,2025-05-16 06:00:00+00:00,B16,496.76
DK1,2025-05-16 07:00:00+00:00,B16,805.42
DK1,2025-05-16 08:00:00+00:00,B16,1073.68
DK1,2025-05-16 09:00:00+00:00,B16,1167.92
DK1,2025-05-16 10:00:00+00:00,B16,471.5
DK1,2025-05-16 11:00:00+00:00,B16,1592.24
DK1,2025-05-16 12:00:00+00:00,B16,1270.63
DK1,2025-05-16 13:00:00+00:00,B16,1386.2
DK1,2025-05-16 14:00:00+00:00,B16,1268.23
DK1,2025-05-16 15:00:00+00:00,B16,1040.42
DK1,2025-05-16 16:00:00+00:00,B16,577.68
DK1,2025-05-16 17:00:00+00:00,B16,424.86
DK1,2025-05-16 18:00:00+00:00,B16,198.92
DK1,2025-05-16 19:00:00+00:00,B16,38.87
DK1,2025-05-16 20:00:00+00:00,B16,0.0
DK1,2025-05-16 21:00:00+00:00,B16,0.0
DK1,2025-05-16 22:00:00+00:00,B16,0.0
DK1,2025-05-16 23:00:00+00:00,B16,0.0
DK1,2025-05-17 00:00:00+00:00,B16,0.0
DK1,2025-05-17 01:00:00+00:00,B16,0.0
DK1,2025-05-17 02:00:00+00:00,B16,0.0
DK1,2025-05-17 03:00:00+00:00,B16,0.0
DK1,2025-05-17 04:00:00+00:00,B16,78.64
DK1,2025-05-17 05:00:00+00:00,B16,312.65
DK1,2025-05-17 06:00:00+00:00,B16,514.05
DK1,2025-05-17 07:00:00+00:00,B16,800.2
DK1,2025-05-17 08:00:00+00:00,B16,598.85
DK1,2025-05-17 09:00:00+00:00,B16,424.52
DK1,2025-05-17 10:00:00+00:00,B16,1696.14
DK1,2025-05-17 11:00:00+00:00,B16,1369.88
DK1,2025-05-17 12:00:00+00:00,B16,1583.03
DK1,2025-05-17 13:00:00+00:00,B16,1340.9
DK1,2025-05-17 14:00:00+00:00,B16,1425.48
DK1,2025-05-17 15:00:00+00:00,B16,810.22
DK1,2025-05-17 16:00:00+00:00,B16,812.6
DK1,2025-05-17 17:00:00+00:00,B16,421.98
DK1,2025-05-17 18:00:00+00:00,B16,222.48
DK1,2025-05-17 19:00:00+00:00,B16,49.38
DK1,2025-05-17 20:00:00+00:00,B16,0.0
DK1,2025-05-17 21:00:00+00:00,B16,0.0
DK1,2025-05-17 22:00:00+00:00,B16,0.0
DK1,2025-05-17 23:00:00+00:00,B16,0.0
DK1,2025-05-18 00:00:00+00:00,B16,0.0
DK1,2025-05-18 01:00:00+00:00,B16,0.0
DK1,2025-05-18 02:00:00+00:00,B16,0.0
DK1,2025-05-18 03:00:00+00:00,B16,0.0
DK1,2025-05-18 04:00:00+00:00,B16,94.0
DK1,2025-05-18 05:00:00+00:00,B16,274.05
DK1,2025-05-18 06:00:00+00:00,B16,413.59
DK1,2025-05-18 07:00:00+00:00,B16,844.01
DK1,2025-05-18 08:00:00+00:00,B16,1122.68
DK1,2025-05-18 09:00:00+00:00,B16,1358.4
DK1,2025-05-18 10:00:00+00:00,B16,1573.76
DK1,2025-05-18 11:00:00+00:00,B16,1165.79
DK1,2025-05-18 12:00:00+00:00,B16,1536.01
DK1,2025-05-18 13:00:00+00:00,B16,1765.28
DK1,2025-05-18 14:00:00+00:00,B16,804.85
DK1,2025-05-18 15:00:00+00:00,B16,1231.55
DK1,2025-05-18 16:00:00+00:00,B16,598.42
DK1,2025-05-18 17:00:00+00:00,B16,429.77
DK1,2025-05-18 18:00:00+00:00,B16,132.32
DK1,2025-05-18 19:00:00+00:00,B16,48.22
DK1,2025-05-18 20:00:00+00:00,B16,0.0
DK1,2025-05-18 21:00:00+00:00,B16,0.0
DK1,2025-05-18 22:00:00+00:00,B16,0.0
DK1,2025-05-18 23:00:00+00:00,B16,0.0
DK1,2025-05-19 00:00:00+00:00,B16,0.0
DK1,2025-05-19 01:00:00+00:00,B16,0.0
DK1,2025-05-19 02:00:00+00:00,B16,0.0
DK1,2025-05-19 03:00:00+00:00,B16,0.0
DK1,2025-05-19 04:00:00+00:00,B16,92.4
DK1,2025-05-19 05:00:00+00:00,B16,114.65
DK1,2025-05-19 06:00:00+00:00,B16,583.56
DK1,2025-05-19 07:00:00+00:00,B16,712.41
DK1,2025-05-19 08:00:00+00:00,B16,982.4
DK1,2025-05-19 09:00:00+00:00,B16,1364.2
DK1,2025-05-19 10:00:00+00:00,B16,1556.15
DK1,2025-05-19 11:00:00+00:00,B16,1681.21
DK1,2025-05-19 12:00:00+00:00,B16,1499.94
DK1,2025-05-19 13:00:00+00:00,B16,1300.85
DK1,2025-05-19 14:00:00+00:00,B16,1327.76
DK1,2025-05-19 15:00:00+00:00,B16,1071.37
DK1,2025-05-19 16:00:00+00:00,B16,814.82
DK1,2025-05-19 17:00:00+00:00,B16,534.22
DK1,2025-05-19 18:00:00+00:00,B16,270.89
DK1,2025-05-19 19:00:00+00:00,B16,55.81
DK1,2025-05-19 20:00:00+00:00,B16,0.0
DK1,2025-05-19 21:00:00+00:00,B16,0.0
DK1,2025-05-19 22:00:00+00:00,B16,0.0
DK1,2025-05-19 23:00:00+00:00,B16,0.0
DK1,2025-05-20 00:00:00+00:00,B16,0.0
DK1,2025-05-20 01:00:00+00:00,B16,0.0
DK1,2025-05-20 02:00:00+00:00,B16,0.0
DK1,2025-05-20 03:00:00+00:00,B16,0.0
DK1,2025-05-20 04:00:00+00:00,B16,100.62
DK1,2025-05-20 05:00:00+00:00,B16,239.43
DK1,2025-05-20 06:00:00+00:00,B16,635.8
DK1,2025-05-20 07:00:00+00:00,B16,894.62
DK1,2025-05-20 08:00:00+00:00,B16,669.94
DK1,2025-05-20 09:00:00+00:00,B16,513.98
DK1,2025-05-20 10:00:00+00:00,B16,1410.13
DK1,2025-05-20 11:00:00+00:00,B16,670.56
DK1,2025-05-20 12:00:00+00:00,B16,2104.35
DK1,2025-05-20 13:00:00+00:00,B16,1599.57
DK1,2025-05-20 14:00:00+00:00,B16,501.3
DK1,2025-05-20 15:00:00+00:00,B16,1121.13
DK1,2025-05-20 16:00:00+00:00,B16,828.56
DK1,2025-05-20 17:00:00+00:00,B16,532.51
DK1,2025-05-20 18:00:00+00:00,B16,267.15
DK1,2025-05-20 19:00:00+00:00,B16,62.31
DK1,2025-05-20 20:00:00+00:00,B16,0.0
DK1,2025-05-20 21:00:00+00:00,B16,0.0
DK1,2025-05-20 22:00:00+00:00,B16,0.0
DK1,2025-05-20 23:00:00+00:00,B16,0.0
DK1,2025-05-21 00:00:00+00:00,B16,0.0
DK1,2025-05-21 01:00:00+00:00,B16,0.0
DK1,2025-05-21 02:00:00+00:00,B16,0.0
DK1,2025-05-21 03:00:00+00:00,B16,0.0
DK1,2025-05-21 04:00:00+00:00,B16,84.32
DK1,2025-05-21 05:00:00+00:00,B16,289.35
DK1,2025-05-21 06:00:00+00:00,B16,363.74
DK1,2025-05-21 07:00:00+00:00,B16,603.29
DK1,2025-05-21 08:00:00+00:00,B16,1023.27
DK1,2025-05-21 09:00:00+00:00,B16,1336.95
DK1,2025-05-21 10:00:00+00:00,B16,1623.58
DK1,2025-05-21 11:00:00+00:00,B16,1395.53
DK1,2025-05-21 12:00:00+00:00,B16,1668.62
DK1,2025-05-21 13:00:00+00:00,B16,555.24
DK1,2025-05-21 14:00:00+00:00,B16,1200.57
DK1,2025-05-21 15:00:00+00:00,B16,466.38
DK1,2025-05-21 16:00:00+00:00,B16,541.1
DK1,2025-05-21 17:00:00+00:00,B16,459.54
DK1,2025-05-21 18:00:00+00:00,B16,265.39
DK1,2025-05-21 19:00:00+00:00,B16,53.88
DK1,2025-05-21 20:00:00+00:00,B16,0.0
DK1,2025-05-21 21:00:00+00:00,B16,0.0
DK1,2025-05-21 22:00:00+00:00,B16,0.0
DK1,2025-05-21 23:00:00+00:00,B16,0.0
DK1,2025-05-22 00:00:00+00:00,B16,0.0
DK1,2025-05-22 01:00:00+00:00,B16,0.0
DK1,2025-05-22 02:00:00+00:00,B16,0.0
DK1,2025-05-22 03:00:00+00:00,B16,0.0
DK1,2025-05-22 04:00:00+00:00,B16,116.7
DK1,2025-05-22 05:00:00+00:00,B16,123.77
DK1,2025-05-22 06:00:00+00:00,B16,606.44
DK1,2025-05-22 07:00:00+00:00,B16,1045.26
DK1,2025-05-22 08:00:00+00:00,B16,1286.09
DK1,2025-05-22 09:00:00+00:00,B16,1086.24
DK1,2025-05-22 10:00:00+00:00,B16,1736.1
DK1,2025-05-22 11:00:00+00:00,B16,2060.04
DK1,2025-05-22 12:00:00+00:00,B16,2073.0
DK1,2025-05-22 13:00:00+00:00,B16,1666.18
DK1,2025-05-22 14:00:00+00:00,B16,812.92
DK1,2025-05-22 15:00:00+00:00,B16,1205.77
DK1,2025-05-22 16:00:00+00:00,B16,1107.96
DK1,2025-05-22 17:00:00+00:00,B16,398.86
DK1,2025-05-22 18:00:00+00:00,B16,288.87
DK1,2025-05-22 19:00:00+00:00,B16,53.56
DK1,2025-05-22 20:00:00+00:00,B16,0.0
DK1,2025-05-22 21:00:00+00:00,B16,0.0
DK1,2025-05-22 22:00:00+00:00,B16,0.0
DK1,2025-05-22 23:00:00+00:00,B16,0.0
DK1,2025-05-23 00:00:00+00:00,B16,0.0
DK1,2025-05-23 01:00:00+00:00,B16,0.0
DK1,2025-05-23 02:00:00+00:00,B16,0.0
DK1,2025-05-23 03:00:00+00:00,B16,0.0
DK1,2025-05-23 04:00:00+00:00,B16,138.51
DK1,2025-05-23 05:00:00+00:00,B16,233.07
DK1,2025-05-23 06:00:00+00:00,B16,606.01
DK1,2025-05-23 07:00:00+00:00,B16,1010.7
DK1,2025-05-23 08:00:00+00:00,B16,1269.31
DK1,2025-05-23 09:00:00+00:00,B16,1710.24
DK1,2025-05-23 10:00:00+00:00,B16,1871.93
DK1,2025-05-23 11:00:00+00:00,B16,1597.45
DK1,2025-05-23 12:00:00+00:00,B16,1476.71
DK1,2025-05-23 13:00:00+00:00,B16,1850.23
DK1,2025-05-23 14:00:00+00:00,B16,1424.23
DK1,2025-05-23 15:00:00+00:00,B16,1269.39
DK1,2025-05-23 16:00:00+00:00,B16,905.45
DK1,2025-05-23 17:00:00+00:00,B16,427.98
DK1,2025-05-23 18:00:00+00:00,B16,320.55
DK1,2025-05-23 19:00:00+00:00,B16,41.46
DK1,2025-05-23 20:00:00+00:00,B16,0.0
DK1,2025-05-23 21:00:00+00:00,B16,0.0
DK1,2025-05-23 22:00:00+00:00,B16,0.0
DK1,2025-05-23 23:00:00+00:00,B16,0.0
DK1,2025-05-24 00:00:00+00:00,B16,0.0
DK1,2025-05-24 01:00:00+00:00,B16,0.0
DK1,2025-05-24 02:00:00+00:00,B16,0.0
DK1,2025-05-24 03:00:00+00:00,B16,0.0
DK1,2025-05-24 04:00:00+00:00,B16,60.72
DK1,2025-05-24 05:00:00+00:00,B16,104.62
DK1,2025-05-24 06:00:00+00:00,B16,522.47
DK1,2025-05-24 07:00:00+00:00,B16,761.56
DK1,2025-05-24 08:00:00+00:00,B16,1134.77
DK1,2025-05-24 09:00:00+00:00,B16,1272.71
DK1,2025-05-24 10:00:00+00:00,B16,1300.0
DK1,2025-05-24 11:00:00+00:00,B16,1343.86
DK1,2025-05-24 12:00:00+00:00,B16,1566.47
DK1,2025-05-24 13:00:00+00:00,B16,1478.93
DK1,2025-05-24 14:00:00+00:00,B16,1316.92
DK1,2025-05-24 15:00:00+00:00,B16,345.97
DK1,2025-05-24 16:00:00+00:00,B16,640.22
DK1,2025-05-24 17:00:00+00:00,B16,405.72
DK1,2025-05-24 18:00:00+00:00,B16,222.1
DK1,2025-05-24 19:00:00+00:00,B16,62.24
DK1,2025-05-24 20:00:00+00:00,B16,0.0
DK1,2025-05-24 21:00:00+00:00,B16,0.0
DK1,2025-05-24 22:00:00+00:00,B16,0.0
DK1,2025-05-24 23:00:00+00:00,B16,0.0
DK1,2025-05-25 00:00:00+00:00,B16,0.0
DK1,2025-05-25 01:00:00+00:00,B16,0.0
DK1,2025-05-25 02:00:00+00:00,B16,0.0
DK1,2025-05-25 03:00:00+00:00,B16,0.0
DK1,2025-05-25 04:00:00+00:00,B16,126.93
DK1,2025-05-25 05:00:00+00:00,B16,401.63
DK1,2025-05-25 06:00:00+00:00,B16,571.04
DK1,2025-05-25 07:00:00+00:00,B16,551.99
DK1,2025-05-25 08:00:00+00:00,B16,1238.03
DK1,2025-05-25 09:00:00+00:00,B16,592.14
DK1,2025-05-25 10:00:00+00:00,B16,1809.75
DK1,2025-05-25 11:00:00+00:00,B16,1990.78
DK1,2025-05-25 12:00:00+00:00,B16,1808.33
DK1,2025-05-25 13:00:00+00:00,B16,1945.35
DK1,2025-05-25 14:00:00+00:00,B16,1372.59
DK1,2025-05-25 15:00:00+00:00,B16,1175.57
DK1,2025-05-25 16:00:00+00:00,B16,859.27
DK1,2025-05-25 17:00:00+00:00,B16,603.4
DK1,2025-05-25 18:00:00+00:00,B16,352.08
DK1,2025-05-25 19:00:00+00:00,B16,76.0
DK1,2025-05-25 20:00:00+00:00,B16,0.0
DK1,2025-05-25 21:00:00+00:00,B16,0.0
DK1,2025-05-25 22:00:00+00:00,B16,0.0
DK1,2025-05-25 23:00:00+00:00,B16,0.0
DK1,2025-05-26 00:00:00+00:00,B16,0.0
DK1,2025-05-26 01:00:00+00:00,B16,0.0
DK1,2025-05-26 02:00:00+00:00,B16,0.0
DK1,2025-05-26 03:00:00+00:00,B16,0.0
DK1,2025-05-26 04:00:00+00:00,B16,104.47
DK1,2025-05-26 05:00:00+00:00,B16,321.95
DK1,2025-05-26 06:00:00+00:00,B16,581.87
DK1,2025-05-26 07:00:00+00:00,B16,794.53
DK1,2025-05-26 08:00:00+00:00,B16,841.15
DK1,2025-05-26 09:00:00+00:00,B16,1034.11
DK1,2025-05-26 10:00:00+00:00,B16,1667.83
DK1,2025-05-26 11:00:00+00:00,B16,1920.22
DK1,2025-05-26 12:00:00+00:00,B16,1236.04
DK1,2025-05-26 13:00:00+00:00,B16,1344.29
DK1,2025-05-26 14:00:00+00:00,B16,1612.29
DK1,2025-05-26 15:00:00+00:00,B16,1113.49
DK1,2025-05-26 16:00:00+00:00,B16,868.45
DK1,2025-05-26 17:00:00+00:00,B16,476.38
DK1,2025-05-26 18:00:00+00:00,B16,286.0
DK1,2025-05-26 19:00:00+00:00,B16,85.46
DK1,2025-05-26 20:00:00+00:00,B16,0.0
DK1,2025-05-26 21:00:00+00:00,B16,0.0
DK1,2025-05-26 22:00:00+00:00,B16,0.0
DK1,2025-05-26 23:00:00+00:00,B16,0.0
DK1,2025-05-27 00:00:00+00:00,B16,0.0
DK1,2025-05-27 01:00:00+00:00,B16,0.0
DK1,2025-05-27 02:00:00+00:00,B16,0.0
DK1,2025-05-27 03:00:00+00:00,B16,0.0
DK1,2025-05-27 04:00:00+00:00,B16,148.9
DK1,2025-05-27 05:00:00+00:00,B16,426.47
DK1,2025-05-27 06:00:00+00:00,B16,733.07
DK1,2025-05-27 07:00:00+00:00,B16,758.42
DK1,2025-05-27 08:00:00+00:00,B16,1375.7
DK1,2025-05-27 09:00:00+00:00,B16,1557.97
DK1,2025-05-27 10:00:00+00:00,B16,1786.91
DK1,2025-05-27 11:00:00+00:00,B16,1018.25
DK1,2025-05-27 12:00:00+00:00,B16,1751.82
DK1,2025-05-27 13:00:00+00:00,B16,1590.33
DK1,2025-05-27 14:00:00+00:00,B16,1432.93
DK1,2025-05-27 15:00:00+00:00,B16,1312.22
DK1,2025-05-27 16:00:00+00:00,B16,911.44
DK1,2025-05-27 17:00:00+00:00,B16,571.69
DK1,2025-05-27 18:00:00+00:00,B16,349.3
DK1,2025-05-27 19:00:00+00:00,B16,88.11
DK1,2025-05-27 20:00:00+00:00,B16,0.0
DK1,2025-05-27 21:00:00+00:00,B16,0.0
DK1,2025-05-27 22:00:00+00:00,B16,0.0
DK1,2025-05-27 23:00:00+00:00,B16,0.0
DK1,2025-05-28 00:00:00+00:00,B16,0.0
DK1,2025-05-28 01:00:00+00:00,B16,0.0
DK1,2025-05-28 02:00:00+00:00,B16,0.0
DK1,2025-05-28 03:00:00+00:00,B16,0.32
DK1,2025-05-28 04:00:00+00:00,B16,131.75
DK1,2025-05-28 05:00:00+00:00,B16,340.11
DK1,2025-05-28 06:00:00+00:00,B16,616.88
DK1,2025-05-28 07:00:00+00:00,B16,888.31
DK1,2025-05-28 08:00:00+00:00,B16,1346.76
DK1,2025-05-28 09:00:00+00:00,B16,1556.59
DK1,2025-05-28 10:00:00+00:00,B16,1695.27
DK1,2025-05-28 11:00:00+00:00,B16,1775.62
DK1,2025-05-28 12:00:00+00:00,B16,1403.15
DK1,2025-05-28 13:00:00+00:00,B16,1436.29
DK1,2025-05-28 14:00:00+00:00,B16,1395.05
DK1,2025-05-28 15:00:00+00:00,B16,825.95
DK1,2025-05-28 16:00:00+00:00,B16,854.33
DK1,2025-05-28 17:00:00+00:00,B16,580.58
DK1,2025-05-28 18:00:00+00:00,B16,175.24
DK1,2025-05-28 19:00:00+00:00,B16,97.44
DK1,2025-05-28 20:00:00+00:00,B16,0.0
DK1,2025-05-28 21:00:00+00:00,B16,0.0
DK1,2025-05-28 22:00:00+00:00,B16,0.0
DK1,2025-05-28 23:00:00+00:00,B16,0.0
DK1,2025-05-29 00:00:00+00:00,B16,0.0
DK1,2025-05-29 01:00:00+00:00,B16,0.0
DK1,2025-05-29 02:00:00+00:00,B16,0.0
DK1,2025-05-29 03:00:00+00:00,B16,1.35
DK1,2025-05-29 04:00:00+00:00,B16,143.9
DK1,2025-05-29 05:00:00+00:00,B16,259.58
DK1,2025-05-29 06:00:00+00:00,B16,695.05
DK1,2025-05-29 07:00:00+00:00,B16,977.2
DK1,2025-05-29 08:00:00+00:00,B16,1203.09
DK1,2025-05-29 09:00:00+00:00,B16,1526.48
DK1,2025-05-29 10:00:00+00:00,B16,1503.84
DK1,2025-05-29 11:00:00+00:00,B16,1692.42
DK1,2025-05-29 12:00:00+00:00,B16,1778.47
DK1,2025-05-29 13:00:00+00:00,B16,1611.62
DK1,2025-05-29 14:00:00+00:00,B16,1308.26
DK1,2025-05-29 15:00:00+00:00,B16,1138.83
DK1,2025-05-29 16:00:00+00:00,B16,1034.88
DK1,2025-05-29 17:00:00+00:00,B16,496.03
DK1,2025-05-29 18:00:00+00:00,B16,242.69
DK1,2025-05-29 19:00:00+00:00,B16,90.21
DK1,2025-05-29 20:00:00+00:00,B16,0.0
DK1,2025-05-29 21:00:00+00:00,B16,0.0
DK1,2025-05-29 22:00:00+00:00,B16,0.0
DK1,2025-05-29 23:00:00+00:00,B16,0.0
DK1,2025-05-30 00:00:00+00:00,B16,0.0
DK1,2025-05-30 01:00:00+00:00,B16,0.0
DK1,2025-05-30 02:00:00+00:00,B16,0.0
DK1,2025-05-30 03:00:00+00:00,B16,3.02
DK1,2025-05-30 04:00:00+00:00,B16,161.04
DK1,2025-05-30 05:00:00+00:00,B16,219.71
DK1,2025-05-30 06:00:00+00:00,B16,856.47
DK1,2025-05-30 07:00:00+00:00,B16,1206.06
DK1,2025-05-30 08:00:00+00:00,B16,1442.05
DK1,2025-05-30 09:00:00+00:00,B16,802.46
DK1,2025-05-30 10:00:00+00:00,B16,1783.13
DK1,2025-05-30 11:00:00+00:00,B16,2083.63
DK1,2025-05-30 12:00:00+00:00,B16,1522.82
DK1,2025-05-30 13:00:00+00:00,B16,700.89
DK1,2025-05-30 14:00:00+00:00,B16,1652.49
DK1,2025-05-30 15:00:00+00:00,B16,1053.7
DK1,2025-05-30 16:00:00+00:00,B16,1055.54
DK1,2025-05-30 17:00:00+00:00,B16,215.42
DK1,2025-05-30 18:00:00+00:00,B16,358.21
DK1,2025-05-30 19:00:00+00:00,B16,113.01
DK1,2025-05-30 20:00:00+00:00,B16,0.0
DK1,2025-05-30 21:00:00+00:00,B16,0.0
DK1,2025-05-30 22:00:00+00:00,B16,0.0
DK1,2025-05-30 23:00:00+00:00,B16,0.0
DK1,2025-05-31 00:00:00+00:00,B16,0.0
DK1,2025-05-31 01:00:00+00:00,B16,0.0
DK1,2025-05-31 02:00:00+00:00,B16,0.0
DK1,2025-05-31 03:00:00+00:00,B16,4.11
DK1,2025-05-31 04:00:00+00:00,B16,122.0
DK1,2025-05-31 05:00:00+00:00,B16,193.15
DK1,2025-05-31 06:00:00+00:00,B16,630.82
DK1,2025-05-31 07:00:00+00:00,B16,1115.63
DK1,2025-05-31 08:00:00+00:00,B16,1295.24
DK1,2025-05-31 09:00:00+00:00,B16,1514.88
DK1,2025-05-31 10:00:00+00:00,B16,1685.67
DK1,2025-05-31 11:00:00+00:00,B16,1962.32
DK1,2025-05-31 12:00:00+00:00,B16,1880.6
DK1,2025-05-31 13:00:00+00:00,B16,836.83
DK1,2025-05-31 14:00:00+00:00,B16,1451.24
DK1,2025-05-31 15:00:00+00:00,B16,669.5
DK1,2025-05-31 16:00:00+00:00,B16,1013.37
DK1,2025-05-31 17:00:00+00:00,B16,622.18
DK1,2025-05-31 18:00:00+00:00,B16,338.64
DK1,2025-05-31 19:00:00+00:00,B16,103.31
DK1,2025-05-31 20:00:00+00:00,B16,0.0
DK1,2025-05-31 21:00:00+00:00,B16,0.0
DK1,2025-05-31 22:00:00+00:00,B16,0.0
DK1,2025-05-31 23:00:00+00:00,B16,0.0
DK1,2025-06-01 00:00:00+00:00,B16,0.0
DK1,2025-06-01 01:00:00+00:00,B16,0.0
DK1,2025-06-01 02:00:00+00:00,B16,0.0
DK1,2025-06-01 03:00:00+00:00,B16,2.5
DK1,2025-06-01 04:00:00+00:00,B16,137.42
DK1,2025-06-01 05:00:00+00:00,B16,392.62
DK1,2025-06-01 06:00:00+00:00,B16,685.94
DK1,2025-06-01 07:00:00+00:00,B16,1064.09
DK1,2025-06-01 08:00:00+00:00,B16,1147.63
DK1,2025-06-01 09:00:00+00:00,B16,1397.81
DK1,2025-06-01 10:00:00+00:00,B16,1782.7
DK1,2025-06-01 11:00:00+00:00,B16,1051.28
DK1,2025-06-01 12:00:00+00:00,B16,1397.33
DK1,2025-06-01 13:00:00+00:00,B16,1519.8
DK1,2025-06-01 14:00:00+00:00,B16,1083.33
DK1,2025-06-01 15:00:00+00:00,B16,1440.47
DK1,2025-06-01 16:00:00+00:00,B16,1025.68
DK1,2025-06-01 17:00:00+00:00,B16,520.88
DK1,2025-06-01 18:00:00+00:00,B16,339.92
DK1,2025-06-01 19:00:00+00:00,B16,110.07
DK1,2025-06-01 20:00:00+00:00,B16,0.0
DK1,2025-06-01 21:00:00+00:00,B16,0.0
DK1,2025-06-01 22:00:00+00:00,B16,0.0
DK1,2025-06-01 23:00:00+00:00,B16,0.0
DK1,2025-06-02 00:00:00+00:00,B16,0.0
DK1,2025-06-02 01:00:00+00:00,B16,0.0
DK1,2025-06-02 02:00:00+00:00,B16,0.0
DK1,2025-06-02 03:00:00+00:00,B16,6.81
DK1,2025-06-02 04:00:00+00:00,B16,156.66
DK1,2025-06-02 05:00:00+00:00,B16,419.4
DK1,2025-06-02 06:00:00+00:00,B16,746.13
DK1,2025-06-02 07:00:00+00:00,B16,951.09
DK1,2025-06-02 08:00:00+00:00,B16,1393.36
DK1,2025-06-02 09:00:00+00:00,B16,1607.5
DK1,2025-06-02 10:00:00+00:00,B16,1846.37
DK1,2025-06-02 11:00:00+00:00,B16,1536.39
DK1,2025-06-02 12:00:00+00:00,B16,1644.41
DK1,2025-06-02 13:00:00+00:00,B16,1589.47
DK1,2025-06-02 14:00:00+00:00,B16,1555.42
DK1,2025-06-02 15:00:00+00:00,B16,1166.02
DK1,2025-06-02 16:00:00+00:00,B16,691.76
DK1,2025-06-02 17:00:00+00:00,B16,577.52
DK1,2025-06-02 18:00:00+00:00,B16,278.07
DK1,2025-06-02 19:00:00+00:00,B16,76.62
DK1,2025-06-02 20:00:00+00:00,B16,0.0
DK1,2025-06-02 21:00:00+00:00,B16,0.0
DK1,2025-06-02 22:00:00+00:00,B16,0.0
DK1,2025-06-02 23:00:00+00:00,B16,0.0
DK1,2025-06-03 00:00:00+00:00,B16,0.0
DK1,2025-06-03 01:00:00+00:00,B16,0.0
DK1,2025-06-03 02:00:00+00:00,B16,0.0
DK1,2025-06-03 03:00:00+00:00,B16,10.39
DK1,2025-06-03 04:00:00+00:00,B16,186.79
DK1,2025-06-03 05:00:00+00:00,B16,438.83
DK1,2025-06-03 06:00:00+00:00,B16,854.83
DK1,2025-06-03 07:00:00+00:00,B16,1038.17
DK1,2025-06-03 08:00:00+00:00,B16,1507.52
DK1,2025-06-03 09:00:00+00:00,B16,1866.2
DK1,2025-06-03 10:00:00+00:00,B16,1424.07
DK1,2025-06-03 11:00:00+00:00,B16,2311.6
DK1,2025-06-03 12:00:00+00:00,B16,2349.35
DK1,2025-06-03 13:00:00+00:00,B16,1784.17
DK1,2025-06-03 14:00:00+00:00,B16,1568.84
DK1,2025-06-03 15:00:00+00:00,B16,510.46
DK1,2025-06-03 16:00:00+00:00,B16,1026.79
DK1,2025-06-03 17:00:00+00:00,B16,567.53
DK1,2025-06-03 18:00:00+00:00,B16,313.4
DK1,2025-06-03 19:00:00+00:00,B16,127.26
DK1,2025-06-03 20:00:00+00:00,B16,0.0
DK1,2025-06-03 21:00:00+00:00,B16,0.0
DK1,2025-06-03 22:00:00+00:00,B16,0.0
DK1,2025-06-03 23:00:00+00:00,B16,0.0
DK1,2025-06-04 00:00:00+00:00,B16,0.0
DK1,2025-06-04 01:00:00+00:00,B16,0.0
DK1,2025-06-04 02:00:00+00:00,B16,0.0
DK1,2025-06-04 03:00:00+00:00,B16,10.15
DK1,2025-06-04 04:00:00+00:00,B16,125.53
DK1,2025-06-04 05:00:00+00:00,B16,364.14
DK1,2025-06-04 06:00:00+00:00,B16,752.86
DK1,2025-06-04 07:00:00+00:00,B16,1071.13
DK1,2025-06-04 08:00:00+00:00,B16,1361.41
DK1,2025-06-04 09:00:00+00:00,B16,1658.38
DK1,2025-06-04 10:00:00+00:00,B16,1775.34
DK1,2025-06-04 11:00:00+00:00,B16,1991.72
DK1,2025-06-04 12:00:00+00:00,B16,1852.62
DK1,2025-06-04 13:00:00+00:00,B16,1862.2
DK1,2025-06-04 14:00:00+00:00,B16,1566.14
DK1,2025-06-04 15:00:00+00:00,B16,1315.28
DK1,2025-06-04 16:00:00+00:00,B16,816.37
DK1,2025-06-04 17:00:00+00:00,B16,658.06
DK1,2025-06-04 18:00:00+00:00,B16,349.38
DK1,2025-06-04 19:00:00+00:00,B16,98.79
DK1,2025-06-04 20:00:00+00:00,B16,0.0
DK1,2025-06-04 21:00:00+00:00,B16,0.0
DK1,2025-06-04 22:00:00+00:00,B16,0.0
DK1,2025-06-04 23:00:00+00:00,B16,0.0
DK1,2025-06-05 00:00:00+00:00,B16,0.0
DK1,2025-06-05 01:00:00+00:00,B16,0.0
DK1,2025-06-05 02:00:00+00:00,B16,0.0
DK1,2025-06-05 03:00:00+00:00,B16,11.89
DK1,2025-06-05 04:00:00+00:00,B16,191.09
DK1,2025-06-05 05:00:00+00:00,B16,250.53
DK1,2025-06-05 06:00:00+00:00,B16,734.33
DK1,2025-06-05 07:00:00+00:00,B16,628.51
DK1,2025-06-05 08:00:00+00:00,B16,1411.24
DK1,2025-06-05 09:00:00+00:00,B16,1678.24
DK1,2025-06-05 10:00:00+00:00,B16,1935.05
DK1,2025-06-05 11:00:00+00:00,B16,1360.17
DK1,2025-06-05 12:00:00+00:00,B16,1117.44
DK1,2025-06-05 13:00:00+00:00,B16,1804.35
DK1,2025-06-05 14:00:00+00:00,B16,1557.27
DK1,2025-06-05 15:00:00+00:00,B16,1664.42
DK1,2025-06-05 16:00:00+00:00,B16,689.26
DK1,2025-06-05 17:00:00+00:00,B16,698.91
DK1,2025-06-05 18:00:00+00:00,B16,393.66
DK1,2025-06-05 19:00:00+00:00,B16,141.91
DK1,2025-06-05 20:00:00+00:00,B16,0.0
DK1,2025-06-05 21:00:00+00:00,B16,0.0
DK1,2025-06-05 22:00:00+00:00,B16,0.0
DK1,2025-06-05 23:00:00+00:00,B16,0.0
DK1,2025-06-06 00:00:00+00:00,B16,0.0
DK1,2025-06-06 01:00:00+00:00,B16,0.0
DK1,2025-06-06 02:00:00+00:00,B16,0.0
DK1,2025-06-06 03:00:00+00:00,B16,10.76
DK1,2025-06-06 04:00:00+00:00,B16,138.44
DK1,2025-06-06 05:00:00+00:00,B16,377.91
DK1,2025-06-06 06:00:00+00:00,B16,392.31
DK1,2025-06-06 07:00:00+00:00,B16,756.37
DK1,2025-06-06 08:00:00+00:00,B16,1096.75
DK1,2025-06-06 09:00:00+00:00,B16,1302.74
DK1,2025-06-06 10:00:00+00:00,B16,1713.07
DK1,2025-06-06 11:00:00+00:00,B16,1407.33
DK1,2025-06-06 12:00:00+00:00,B16,1471.81
DK1,2025-06-06 13:00:00+00:00,B16,1480.56
DK1,2025-06-06 14:00:00+00:00,B16,1022.5
DK1,2025-06-06 15:00:00+00:00,B16,692.28
DK1,2025-06-06 16:00:00+00:00,B16,406.8
DK1,2025-06-06 17:00:00+00:00,B16,443.96
DK1,2025-06-06 18:00:00+00:00,B16,278.4
DK1,2025-06-06 19:00:00+00:00,B16,95.51
DK1,2025-06-06 20:00:00+00:00,B16,0.0
DK1,2025-06-06 21:00:00+00:00,B16,0.0
DK1,2025-06-06 22:00:00+00:00,B16,0.0
DK1,2025-06-06 23:00:00+00:00,B16,0.0
DK1,2025-06-07 00:00:00+00:00,B16,0.0
DK1,2025-06-07 01:00:00+00:00,B16,0.0
DK1,2025-06-07 02:00:00+00:00,B16,0.0
DK1,2025-06-07 03:00:00+00:00,B16,14.08
DK1,2025-06-07 04:00:00+00:00,B16,174.76
DK1,2025-06-07 05:00:00+00:00,B16,147.94
DK1,2025-06-07 06:00:00+00:00,B16,766.55
DK1,2025-06-07 07:00:00+00:00,B16,1108.39
DK1,2025-06-07 08:00:00+00:00,B16,860.69
DK1,2025-06-07 09:00:00+00:00,B16,1539.14
DK1,2025-06-07 10:00:00+00:00,B16,1770.12
DK1,2025-06-07 11:00:00+00:00,B16,667.82
DK1,2025-06-07 12:00:00+00:00,B16,1784.01
DK1,2025-06-07 13:00:00+00:00,B16,1702.7
DK1,2025-06-07 14:00:00+00:00,B16,1644.67
DK1,2025-06-07 15:00:00+00:00,B16,1405.65
DK1,2025-06-07 16:00:00+00:00,B16,824.91
DK1,2025-06-07 17:00:00+00:00,B16,695.07
DK1,2025-06-07 18:00:00+00:00,B16,361.93
DK1,2025-06-07 19:00:00+00:00,B16,128.81
DK1,2025-06-07 20:00:00+00:00,B16,0.0
DK1,2025-06-07 21:00:00+00:00,B16,0.0
DK1,2025-06-07 22:00:00+00:00,B16,0.0
DK1,2025-06-07 23:00:00+00:00,B16,0.0
DK1,2025-06-08 00:00:00+00:00,B16,0.0
DK1,2025-06-08 01:00:00+00:00,B16,0.0
DK1,2025-06-08 02:00:00+00:00,B16,0.0
DK1,2025-06-08 03:00:00+00:00,B16,13.7
DK1,2025-06-08 04:00:00+00:00,B16,172.25
DK1,2025-06-08 05:00:00+00:00,B16,405.67
DK1,2025-06-08 06:00:00+00:00,B16,587.41
DK1,2025-06-08 07:00:00+00:00,B16,1079.97
DK1,2025-06-08 08:00:00+00:00,B16,1331.01
DK1,2025-06-08 09:00:00+00:00,B16,1545.32
DK1,2025-06-08 10:00:00+00:00,B16,1615.82
DK1,2025-06-08 11:00:00+00:00,B16,1839.39
DK1,2025-06-08 12:00:00+00:00,B16,1417.83
DK1,2025-06-08 13:00:00+00:00,B16,1414.71
DK1,2025-06-08 14:00:00+00:00,B16,1354.19
DK1,2025-06-08 15:00:00+00:00,B16,1144.29
DK1,2025-06-08 16:00:00+00:00,B16,503.92
DK1,2025-06-08 17:00:00+00:00,B16,571.63
DK1,2025-06-08 18:00:00+00:00,B16,328.63
DK1,2025-06-08 19:00:00+00:00,B16,119.19
DK1,2025-06-08 20:00:00+00:00,B16,0.0
DK1,2025-06-08 21:00:00+00:00,B16,0.0
DK1,2025-06-08 22:00:00+00:00,B16,0.0
DK1,2025-06-08 23:00:00+00:00,B16,0.0
DK1,2025-06-09 00:00:00+00:00,B16,0.0
DK1,2025-06-09 01:00:00+00:00,B16,0.0
DK1,2025-06-09 02:00:00+00:00,B16,0.0
DK1,2025-06-09 03:00:00+00:00,B16,13.19
DK1,2025-06-09 04:00:00+00:00,B16,130.25
DK1,2025-06-09 05:00:00+00:00,B16,311.93
DK1,2025-06-09 06:00:00+00:00,B16,184.31
DK1,2025-06-09 07:00:00+00:00,B16,753.21
DK1,2025-06-09 08:00:00+00:00,B16,921.68
DK1,2025-06-09 09:00:00+00:00,B16,783.42
DK1,2025-06-09 10:00:00+00:00,B16,1534.11
DK1,2025-06-09 11:00:00+00:00,B16,1464.44
DK1,2025-06-09 12:00:00+00:00,B16,1381.91
DK1,2025-06-09 13:00:00+00:00,B16,1334.92
DK1,2025-06-09 14:00:00+00:00,B16,1185.53
DK1,2025-06-09 15:00:00+00:00,B16,644.78
DK1,2025-06-09 16:00:00+00:00,B16,426.56
DK1,2025-06-09 17:00:00+00:00,B16,513.14
DK1,2025-06-09 18:00:00+00:00,B16,209.09
DK1,2025-06-09 19:00:00+00:00,B16,88.18
DK1,2025-06-09 20:00:00+00:00,B16,0.0
DK1,2025-06-09 21:00:00+00:00,B16,0.0
DK1,2025-06-09 22:00:00+00:00,B16,0.0
DK1,2025-06-09 23:00:00+00:00,B16,0.0
DK1,2025-06-10 00:00:00+00:00,B16,0.0
DK1,2025-06-10 01:00:00+00:00,B16,0.0
DK1,2025-06-10 02:00:00+00:00,B16,0.0
DK1,2025-06-10 03:00:00+00:00,B16,17.43
DK1,2025-06-10 04:00:00+00:00,B16,130.94
DK1,2025-06-10 05:00:00+00:00,B16,384.37
DK1,2025-06-10 06:00:00+00:00,B16,767.12
DK1,2025-06-10 07:00:00+00:00,B16,1131.63
DK1,2025-06-10 08:00:00+00:00,B16,1159.31
DK1,2025-06-10 09:00:00+00:00,B16,1653.26
DK1,2025-06-10 10:00:00+00:00,B16,1688.42
DK1,2025-06-10 11:00:00+00:00,B16,1867.02
DK1,2025-06-10 12:00:00+00:00,B16,1822.71
DK1,2025-06-10 13:00:00+00:00,B16,1638.73
DK1,2025-06-10 14:00:00+00:00,B16,1477.07
DK1,2025-06-10 15:00:00+00:00,B16,1336.58
DK1,2025-06-10 16:00:00+00:00,B16,934.83
DK1,2025-06-10 17:00:00+00:00,B16,379.24
DK1,2025-06-10 18:00:00+00:00,B16,374.25
DK1,2025-06-10 19:00:00+00:00,B16,111.96
DK1,2025-06-10 20:00:00+00:00,B16,0.05
DK1,2025-06-10 21:00:00+00:00,B16,0.0
DK1,2025-06-10 22:00:00+00:00,B16,0.0
DK1,2025-06-10 23:00:00+00:00,B16,0.0
DK1,2025-06-11 00:00:00+00:00,B16,0.0
DK1,2025-06-11 01:00:00+00:00,B16,0.0
DK1,2025-06-11 02:00:00+00:00,B16,0.0
DK1,2025-06-11 03:00:00+00:00,B16,21.54
DK1,2025-06-11 04:00:00+00:00,B16,182.24
DK1,2025-06-11 05:00:00+00:00,B16,381.24
DK1,2025-06-11 06:00:00+00:00,B16,659.48
DK1,2025-06-11 07:00:00+00:00,B16,1104.68
DK1,2025-06-11 08:00:00+00:00,B16,1380.74
DK1,2025-06-11 09:00:00+00:00,B16,1337.54
DK1,2025-06-11 10:00:00+00:00,B16,2153.34
DK1,2025-06-11 11:00:00+00:00,B16,573.4
DK1,2025-06-11 12:00:00+00:00,B16,2270.29
DK1,2025-06-11 13:00:00+00:00,B16,1802.58
DK1,2025-06-11 14:00:00+00:00,B16,1492.98
DK1,2025-06-11 15:00:00+00:00,B16,1597.97
DK1,2025-06-11 16:00:00+00:00,B16,1069.25
DK1,2025-06-11 17:00:00+00:00,B16,552.18
DK1,2025-06-11 18:00:00+00:00,B16,435.16
DK1,2025-06-11 19:00:00+00:00,B16,139.16
DK1,2025-06-11 20:00:00+00:00,B16,0.38
DK1,2025-06-11 21:00:00+00:00,B16,0.0
DK1,2025-06-11 22:00:00+00:00,B16,0.0
DK1,2025-06-11 23:00:00+00:00,B16,0.0
DK1,2025-06-12 00:00:00+00:00,B16,0.0
DK1,2025-06-12 01:00:00+00:00,B16,0.0
DK1,2025-06-12 02:00:00+00:00,B16,0.0
DK1,2025-06-12 03:00:00+00:00,B16,6.92
DK1,2025-06-12 04:00:00+00:00,B16,179.0
DK1,2025-06-12 05:00:00+00:00,B16,422.29
DK1,2025-06-12 06:00:00+00:00,B16,742.98
DK1,2025-06-12 07:00:00+00:00,B16,1125.21
DK1,2025-06-12 08:00:00+00:00,B16,1251.36
DK1,2025-06-12 09:00:00+00:00,B16,1717.42
DK1,2025-06-12 10:00:00+00:00,B16,1897.35
DK1,2025-06-12 11:00:00+00:00,B16,1070.16
DK1,2025-06-12 12:00:00+00:00,B16,1101.22
DK1,2025-06-12 13:00:00+00:00,B16,1690.81
DK1,2025-06-12 14:00:00+00:00,B16,1484.45
DK1,2025-06-12 15:00:00+00:00,B16,1153.7
DK1,2025-06-12 16:00:00+00:00,B16,913.42
DK1,2025-06-12 17:00:00+00:00,B16,350.21
DK1,2025-06-12 18:00:00+00:00,B16,402.0
DK1,2025-06-12 19:00:00+00:00,B16,139.34
DK1,2025-06-12 20:00:00+00:00,B16,0.62
DK1,2025-06-12 21:00:00+00:00,B16,0.0
DK1,2025-06-12 22:00:00+00:00,B16,0.0
DK1,2025-06-12 23:00:00+00:00,B16,0.0
DK1,2025-06-13 00:00:00+00:00,B16,0.0
DK1,2025-06-13 01:00:00+00:00,B16,0.0
DK1,2025-06-13 02:00:00+00:00,B16,0.0
DK1,2025-06-13 03:00:00+00:00,B16,20.49
DK1,2025-06-13 04:00:00+00:00,B16,189.24
DK1,2025-06-13 05:00:00+00:00,B16,229.55
DK1,2025-06-13 06:00:00+00:00,B16,690.21
DK1,2025-06-13 07:00:00+00:00,B16,1108.25
DK1,2025-06-13 08:00:00+00:00,B16,1311.1
DK1,2025-06-13 09:00:00+00:00,B16,1598.3
DK1,2025-06-13 10:00:00+00:00,B16,643.05
DK1,2025-06-13 11:00:00+00:00,B16,1977.74
DK1,2025-06-13 12:00:00+00:00,B16,2004.46
DK1,2025-06-13 13:00:00+00:00,B16,1813.67
DK1,2025-06-13 14:00:00+00:00,B16,1738.35
DK1,2025-06-13 15:00:00+00:00,B16,1264.98
DK1,2025-06-13 16:00:00+00:00,B16,1041.35
DK1,2025-06-13 17:00:00+00:00,B16,684.56
DK1,2025-06-13 18:00:00+00:00,B16,378.46
DK1,2025-06-13 19:00:00+00:00,B16,92.19
DK1,2025-06-13 20:00:00+00:00,B16,1.22
DK1,2025-06-13 21:00:00+00:00,B16,0.0
DK1,2025-06-13 22:00:00+00:00,B16,0.0
DK1,2025-06-13 23:00:00+00:00,B16,0.0
DK1,2025-06-14 00:00:00+00:00,B16,0.0
DK1,2025-06-14 01:00:00+00:00,B16,0.0
DK1,2025-06-14 02:00:00+00:00,B16,0.0
DK1,2025-06-14 03:00:00+00:00,B16,22.93
DK1,2025-06-14 04:00:00+00:00,B16,209.39
DK1,2025-06-14 05:00:00+00:00,B16,418.03
DK1,2025-06-14 06:00:00+00:00,B16,720.56
DK1,2025-06-14 07:00:00+00:00,B16,1050.56
DK1,2025-06-14 08:00:00+00:00,B16,1330.66
DK1,2025-06-14 09:00:00+00:00,B16,1378.52
DK1,2025-06-14 10:00:00+00:00,B16,948.2
DK1,2025-06-14 11:00:00+00:00,B16,1306.14
DK1,2025-06-14 12:00:00+00:00,B16,1935.68
DK1,2025-06-14 13:00:00+00:00,B16,1916.05
DK1,2025-06-14 14:00:00+00:00,B16,1175.99
DK1,2025-06-14 15:00:00+00:00,B16,1181.36
DK1,2025-06-14 16:00:00+00:00,B16,1070.43
DK1,2025-06-14 17:00:00+00:00,B16,694.36
DK1,2025-06-14 18:00:00+00:00,B16,372.51
DK1,2025-06-14 19:00:00+00:00,B16,133.06
DK1,2025-06-14 20:00:00+00:00,B16,1.5
DK1,2025-06-14 21:00:00+00:00,B16,0.0
DK1,2025-06-14 22:00:00+00:00,B16,0.0
DK1,2025-06-14 23:00:00+00:00,B16,0.0
DK1,2025-06-15 00:00:00+00:00,B16,0.0
DK1,2025-06-15 01:00:00+00:00,B16,0.0
DK1,2025-06-15 02:00:00+00:00,B16,0.0
DK1,2025-06-15 03:00:00+00:00,B16,19.85
DK1,2025-06-15 04:00:00+00:00,B16,164.22
DK1,2025-06-15 05:00:00+00:00,B16,433.54
DK1,2025-06-15 06:00:00+00:00,B16,604.46
DK1,2025-06-15 07:00:00+00:00,B16,972.56
DK1,2025-06-15 08:00:00+00:00,B16,1200.62
DK1,2025-06-15 09:00:00+00:00,B16,1472.94
DK1,2025-06-15 10:00:00+00:00,B16,1748.72
DK1,2025-06-15 11:00:00+00:00,B16,1563.83
DK1,2025-06-15 12:00:00+00:00,B16,855.58
DK1,2025-06-15 13:00:00+00:00,B16,1716.1
DK1,2025-06-15 14:00:00+00:00,B16,1081.22
DK1,2025-06-15 15:00:00+00:00,B16,1063.94
DK1,2025-06-15 16:00:00+00:00,B16,963.34
DK1,2025-06-15 17:00:00+00:00,B16,322.3
DK1,2025-06-15 18:00:00+00:00,B16,328.93
DK1,2025-06-15 19:00:00+00:00,B16,149.46
DK1,2025-06-15 20:00:00+00:00,B16,1.79
DK1,2025-06-15 21:00:00+00:00,B16,0.0
DK1,2025-06-15 22:00:00+00:00,B16,0.0
DK1,2025-06-15 23:00:00+00:00,B16,0.0
DK1,2025-06-16 00:00:00+00:00,B16,0.0
DK1,2025-06-16 01:00:00+00:00,B16,0.0
DK1,2025-06-16 02:00:00+00:00,B16,0.0
DK1,2025-06-16 03:00:00+00:00,B16,7.22
DK1,2025-06-16 04:00:00+00:00,B16,211.24
DK1,2025-06-16 05:00:00+00:00,B16,451.81
DK1,2025-06-16 06:00:00+00:00,B16,740.8
DK1,2025-06-16 07:00:00+00:00,B16,1154.78
DK1,2025-06-16 08:00:00+00:00,B16,1297.53
DK1,2025-06-16 09:00:00+00:00,B16,1673.15
DK1,2025-06-16 10:00:00+00:00,B16,750.0
DK1,2025-06-16 11:00:00+00:00,B16,1719.35
DK1,2025-06-16 12:00:00+00:00,B16,2090.95
DK1,2025-06-16 13:00:00+00:00,B16,1416.49
DK1,2025-06-16 14:00:00+00:00,B16,1293.21
DK1,2025-06-16 15:00:00+00:00,B16,1395.52
DK1,2025-06-16 16:00:00+00:00,B16,1164.08
DK1,2025-06-16 17:00:00+00:00,B16,553.31
DK1,2025-06-16 18:00:00+00:00,B16,292.35
DK1,2025-06-16 19:00:00+00:00,B16,108.82
DK1,2025-06-16 20:00:00+00:00,B16,2.45
DK1,2025-06-16 21:00:00+00:00,B16,0.0
DK1,2025-06-16 22:00:00+00:00,B16,0.0
DK1,2025-06-16 23:00:00+00:00,B16,0.0
DK1,2025-06-17 00:00:00+00:00,B16,0.0
DK1,2025-06-17 01:00:00+00:00,B16,0.0
DK1,2025-06-17 02:00:00+00:00,B16,0.0
DK1,2025-06-17 03:00:00+00:00,B16,12.99
DK1,2025-06-17 04:00:00+00:00,B16,72.11
DK1,2025-06-17 05:00:00+00:00,B16,251.45
DK1,2025-06-17 06:00:00+00:00,B16,323.88
DK1,2025-06-17 07:00:00+00:00,B16,601.03
DK1,2025-06-17 08:00:00+00:00,B16,702.52
DK1,2025-06-17 09:00:00+00:00,B16,580.54
DK1,2025-06-17 10:00:00+00:00,B16,624.5
DK1,2025-06-17 11:00:00+00:00,B16,1312.59
DK1,2025-06-17 12:00:00+00:00,B16,1034.39
DK1,2025-06-17 13:00:00+00:00,B16,1068.67
DK1,2025-06-17 14:00:00+00:00,B16,920.21
DK1,2025-06-17 15:00:00+00:00,B16,730.73
DK1,2025-06-17 16:00:00+00:00,B16,600.95
DK1,2025-06-17 17:00:00+00:00,B16,323.86
DK1,2025-06-17 18:00:00+00:00,B16,195.58
DK1,2025-06-17 19:00:00+00:00,B16,63.9
DK1,2025-06-17 20:00:00+00:00,B16,1.1
DK1,2025-06-17 21:00:00+00:00,B16,0.0
DK1,2025-06-17 22:00:00+00:00,B16,0.0
DK1,2025-06-17 23:00:00+00:00,B16,0.0
DK1,2025-06-18 00:00:00+00:00,B16,0.0
DK1,2025-06-18 01:00:00+00:00,B16,0.0
DK1,2025-06-18 02:00:00+00:00,B16,0.0
DK1,2025-06-18 03:00:00+00:00,B16,14.24
DK1,2025-06-18 04:00:00+00:00,B16,158.29
DK1,2025-06-18 05:00:00+00:00,B16,319.56
DK1,2025-06-18 06:00:00+00:00,B16,595.32
DK1,2025-06-18 07:00:00+00:00,B16,785.89
DK1,2025-06-18 08:00:00+00:00,B16,1191.05
DK1,2025-06-18 09:00:00+00:00,B16,1265.05
DK1,2025-06-18 10:00:00+00:00,B16,1128.36
DK1,2025-06-18 11:00:00+00:00,B16,1512.33
DK1,2025-06-18 12:00:00+00:00,B16,1572.35
DK1,2025-06-18 13:00:00+00:00,B16,1304.3
DK1,2025-06-18 14:00:00+00:00,B16,1345.59
DK1,2025-06-18 15:00:00+00:00,B16,1146.82
DK1,2025-06-18 16:00:00+00:00,B16,782.71
DK1,2025-06-18 17:00:00+00:00,B16,571.28
DK1,2025-06-18 18:00:00+00:00,B16,278.47
DK1,2025-06-18 19:00:00+00:00,B16,126.02
DK1,2025-06-18 20:00:00+00:00,B16,2.58
DK1,2025-06-18 21:00:00+00:00,B16,0.0
DK1,2025-06-18 22:00:00+00:00,B16,0.0
DK1,2025-06-18 23:00:00+00:00,B16,0.0
DK1,2025-06-19 00:00:00+00:00,B16,0.0
DK1,2025-06-19 01:00:00+00:00,B16,0.0
DK1,2025-06-19 02:00:00+00:00,B16,0.0
DK1,2025-06-19 03:00:00+00:00,B16,23.24
DK1,2025-06-19 04:00:00+00:00,B16,197.01
DK1,2025-06-19 05:00:00+00:00,B16,389.65
DK1,2025-06-19 06:00:00+00:00,B16,641.66
DK1,2025-06-19 07:00:00+00:00,B16,933.75
DK1,2025-06-19 08:00:00+00:00,B16,1204.11
DK1,2025-06-19 09:00:00+00:00,B16,1530.49
DK1,2025-06-19 10:00:00+00:00,B16,1750.43
DK1,2025-06-19 11:00:00+00:00,B16,1671.42
DK1,2025-06-19 12:00:00+00:00,B16,1788.69
DK1,2025-06-19 13:00:00+00:00,B16,1594.64
DK1,2025-06-19 14:00:00+00:00,B16,1478.81
DK1,2025-06-19 15:00:00+00:00,B16,1142.94
DK1,2025-06-19 16:00:00+00:00,B16,788.78
DK1,2025-06-19 17:00:00+00:00,B16,613.95
DK1,2025-06-19 18:00:00+00:00,B16,352.04
DK1,2025-06-19 19:00:00+00:00,B16,133.5
DK1,2025-06-19 20:00:00+00:00,B16,3.09
DK1,2025-06-19 21:00:00+00:00,B16,0.0
DK1,2025-06-19 22:00:00+00:00,B16,0.0
DK1,2025-06-19 23:00:00+00:00,B16,0.0
DK1,2025-06-20 00:00:00+00:00,B16,0.0
DK1,2025-06-20 01:00:00+00:00,B16,0.0
DK1,2025-06-20 02:00:00+00:00,B16,0.0
DK1,2025-06-20 03:00:00+00:00,B16,20.93
DK1,2025-06-20 04:00:00+00:00,B16,193.6
DK1,2025-06-20 05:00:00+00:00,B16,355.5
DK1,2025-06-20 06:00:00+00:00,B16,679.5
DK1,2025-06-20 07:00:00+00:00,B16,383.53
DK1,2025-06-20 08:00:00+00:00,B16,1345.95
DK1,2025-06-20 09:00:00+00:00,B16,909.79
DK1,2025-06-20 10:00:00+00:00,B16,1639.63
DK1,2025-06-20 11:00:00+00:00,B16,1009.43
DK1,2025-06-20 12:00:00+00:00,B16,1839.63
DK1,2025-06-20 13:00:00+00:00,B16,1779.01
DK1,2025-06-20 14:00:00+00:00,B16,1399.38
DK1,2025-06-20 15:00:00+00:00,B16,1300.8
DK1,2025-06-20 16:00:00+00:00,B16,1029.47
DK1,2025-06-20 17:00:00+00:00,B16,568.98
DK1,2025-06-20 18:00:00+00:00,B16,379.36
DK1,2025-06-20 19:00:00+00:00,B16,117.66
DK1,2025-06-20 20:00:00+00:00,B16,2.94
DK1,2025-06-20 21:00:00+00:00,B16,0.0
DK1,2025-06-20 22:00:00+00:00,B16,0.0
DK1,2025-06-20 23:00:00+00:00,B16,0.0
DK1,2025-06-21 00:00:00+00:00,B16,0.0
DK1,2025-06-21 01:00:00+00:00,B16,0.0
DK1,2025-06-21 02:00:00+00:00,B16,0.0
DK1,2025-06-21 03:00:00+00:00,B16,21.92
DK1,2025-06-21 04:00:00+00:00,B16,168.56
DK1,2025-06-21 05:00:00+00:00,B16,380.51
DK1,2025-06-21 06:00:00+00:00,B16,567.78
DK1,2025-06-21 07:00:00+00:00,B16,924.04
DK1,2025-06-21 08:00:00+00:00,B16,1150.6
DK1,2025-06-21 09:00:00+00:00,B16,1546.77
DK1,2025-06-21 10:00:00+00:00,B16,1552.65
DK1,2025-06-21 11:00:00+00:00,B16,1469.98
DK1,2025-06-21 12:00:00+00:00,B16,1506.01
DK1,2025-06-21 13:00:00+00:00,B16,1597.04
DK1,2025-06-21 14:00:00+00:00,B16,1355.0
DK1,2025-06-21 15:00:00+00:00,B16,543.6
DK1,2025-06-21 16:00:00+00:00,B16,749.04
DK1,2025-06-21 17:00:00+00:00,B16,537.27
DK1,2025-06-21 18:00:00+00:00,B16,293.15
DK1,2025-06-21 19:00:00+00:00,B16,107.81
DK1,2025-06-21 20:00:00+00:00,B16,2.71
DK1,2025-06-21 21:00:00+00:00,B16,0.0
DK1,2025-06-21 22:00:00+00:00,B16,0.0
DK1,2025-06-21 23:00:00+00:00,B16,0.0
DK1,2025-06-22 00:00:00+00:00,B16,0.0
DK1,2025-06-22 01:00:00+00:00,B16,0.0
DK1,2025-06-22 02:00:00+00:00,B16,0.0
DK1,2025-06-22 03:00:00+00:00,B16,22.68
DK1,2025-06-22 04:00:00+00:00,B16,198.34
DK1,2025-06-22 05:00:00+00:00,B16,345.38
DK1,2025-06-22 06:00:00+00:00,B16,583.51
DK1,2025-06-22 07:00:00+00:00,B16,537.54
DK1,2025-06-22 08:00:00+00:00,B16,1501.9
DK1,2025-06-22 09:00:00+00:00,B16,664.84
DK1,2025-06-22 10:00:00+00:00,B16,1981.71
DK1,2025-06-22 11:00:00+00:00,B16,2067.94
DK1,2025-06-22 12:00:00+00:00,B16,1803.54
DK1,2025-06-22 13:00:00+00:00,B16,1790.21
DK1,2025-06-22 14:00:00+00:00,B16,1519.41
DK1,2025-06-22 15:00:00+00:00,B16,1410.76
DK1,2025-06-22 16:00:00+00:00,B16,911.95
DK1,2025-06-22 17:00:00+00:00,B16,591.93
DK1,2025-06-22 18:00:00+00:00,B16,368.5
DK1,2025-06-22 19:00:00+00:00,B16,154.09
DK1,2025-06-22 20:00:00+00:00,B16,3.31
DK1,2025-06-22 21:00:00+00:00,B16,0.0
DK1,2025-06-22 22:00:00+00:00,B16,0.0
DK1,2025-06-22 23:00:00+00:00,B16,0.0
DK1,2025-06-23 00:00:00+00:00,B16,0.0
DK1,2025-06-23 01:00:00+00:00,B16,0.0
DK1,2025-06-23 02:00:00+00:00,B16,0.0
DK1,2025-06-23 03:00:00+00:00,B16,21.46
DK1,2025-06-23 04:00:00+00:00,B16,101.06
DK1,2025-06-23 05:00:00+00:00,B16,360.34
DK1,2025-06-23 06:00:00+00:00,B16,675.33
DK1,2025-06-23 07:00:00+00:00,B16,965.42
DK1,2025-06-23 08:00:00+00:00,B16,1189.99
DK1,2025-06-23 09:00:00+00:00,B16,754.0
DK1,2025-06-23 10:00:00+00:00,B16,974.7
DK1,2025-06-23 11:00:00+00:00,B16,1896.8
DK1,2025-06-23 12:00:00+00:00,B16,1847.14
DK1,2025-06-23 13:00:00+00:00,B16,1746.41
DK1,2025-06-23 14:00:00+00:00,B16,1009.62
DK1,2025-06-23 15:00:00+00:00,B16,1284.24
DK1,2025-06-23 16:00:00+00:00,B16,838.97
DK1,2025-06-23 17:00:00+00:00,B16,403.62
DK1,2025-06-23 18:00:00+00:00,B16,325.4
DK1,2025-06-23 19:00:00+00:00,B16,121.77
DK1,2025-06-23 20:00:00+00:00,B16,2.96
DK1,2025-06-23 21:00:00+00:00,B16,0.0
DK1,2025-06-23 22:00:00+00:00,B16,0.0
DK1,2025-06-23 23:00:00+00:00,B16,0.0
DK1,2025-06-24 00:00:00+00:00,B16,0.0
DK1,2025-06-24 01:00:00+00:00,B16,0.0
DK1,2025-06-24 02:00:00+00:00,B16,0.0
DK1,2025-06-24 03:00:00+00:00,B16,20.6
DK1,2025-06-24 04:00:00+00:00,B16,152.08
DK1,2025-06-24 05:00:00+00:00,B16,275.02
DK1,2025-06-24 06:00:00+00:00,B16,586.51
DK1,2025-06-24 07:00:00+00:00,B16,543.38
DK1,2025-06-24 08:00:00+00:00,B16,608.11
DK1,2025-06-24 09:00:00+00:00,B16,730.46
DK1,2025-06-24 10:00:00+00:00,B16,1432.85
DK1,2025-06-24 11:00:00+00:00,B16,1802.82
DK1,2025-06-24 12:00:00+00:00,B16,1693.87
DK1,2025-06-24 13:00:00+00:00,B16,1654.92
DK1,2025-06-24 14:00:00+00:00,B16,1116.02
DK1,2025-06-24 15:00:00+00:00,B16,1130.48
DK1,2025-06-24 16:00:00+00:00,B16,685.39
DK1,2025-06-24 17:00:00+00:00,B16,604.79
DK1,2025-06-24 18:00:00+00:00,B16,331.81
DK1,2025-06-24 19:00:00+00:00,B16,96.72
DK1,2025-06-24 20:00:00+00:00,B16,1.47
DK1,2025-06-24 21:00:00+00:00,B16,0.0
DK1,2025-06-24 22:00:00+00:00,B16,0.0
DK1,2025-06-24 23:00:00+00:00,B16,0.0
DK1,2025-06-25 00:00:00+00:00,B16,0.0
DK1,2025-06-25 01:00:00+00:00,B16,0.0
DK1,2025-06-25 02:00:00+00:00,B16,0.0
DK1,2025-06-25 03:00:00+00:00,B16,19.3
DK1,2025-06-25 04:00:00+00:00,B16,163.93
DK1,2025-06-25 05:00:00+00:00,B16,365.32
DK1,2025-06-25 06:00:00+00:00,B16,611.34
DK1,2025-06-25 07:00:00+00:00,B16,667.24
DK1,2025-06-25 08:00:00+00:00,B16,776.6
DK1,2025-06-25 09:00:00+00:00,B16,1496.9
DK1,2025-06-25 10:00:00+00:00,B16,1696.66
DK1,2025-06-25 11:00:00+00:00,B16,1543.96
DK1,2025-06-25 12:00:00+00:00,B16,1426.88
DK1,2025-06-25 13:00:00+00:00,B16,1677.11
DK1,2025-06-25 14:00:00+00:00,B16,445.34
DK1,2025-06-25 15:00:00+00:00,B16,1134.16
DK1,2025-06-25 16:00:00+00:00,B16,417.71
DK1,2025-06-25 17:00:00+00:00,B16,487.98
DK1,2025-06-25 18:00:00+00:00,B16,274.22
DK1,2025-06-25 19:00:00+00:00,B16,131.01
DK1,2025-06-25 20:00:00+00:00,B16,2.6
DK1,2025-06-25 21:00:00+00:00,B16,0.0
DK1,2025-06-25 22:00:00+00:00,B16,0.0
DK1,2025-06-25 23:00:00+00:00,B16,0.0
DK1,2025-06-26 00:00:00+00:00,B16,0.0
DK1,2025-06-26 01:00:00+00:00,B16,0.0
DK1,2025-06-26 02:00:00+00:00,B16,0.0
DK1,2025-06-26 03:00:00+00:00,B16,25.05
DK1,2025-06-26 04:00:00+00:00,B16,195.67
DK1,2025-06-26 05:00:00+00:00,B16,478.58
DK1,2025-06-26 06:00:00+00:00,B16,716.66
DK1,2025-06-26 07:00:00+00:00,B16,1265.96
DK1,2025-06-26 08:00:00+00:00,B16,1507.08
DK1,2025-06-26 09:00:00+00:00,B16,1809.64
DK1,2025-06-26 10:00:00+00:00,B16,2118.38
DK1,2025-06-26 11:00:00+00:00,B16,2201.01
DK1,2025-06-26 12:00:00+00:00,B16,1378.88
DK1,2025-06-26 13:00:00+00:00,B16,999.78
DK1,2025-06-26 14:00:00+00:00,B16,1631.73
DK1,2025-06-26 15:00:00+00:00,B16,1720.34
DK1,2025-06-26 16:00:00+00:00,B16,1204.16
DK1,2025-06-26 17:00:00+00:00,B16,539.05
DK1,2025-06-26 18:00:00+00:00,B16,413.89
DK1,2025-06-26 19:00:00+00:00,B16,142.06
DK1,2025-06-26 20:00:00+00:00,B16,2.67
DK1,2025-06-26 21:00:00+00:00,B16,0.0
DK1,2025-06-26 22:00:00+00:00,B16,0.0
DK1,2025-06-26 23:00:00+00:00,B16,0.0
DK1,2025-06-27 00:00:00+00:00,B16,0.0
DK1,2025-06-27 01:00:00+00:00,B16,0.0
DK1,2025-06-27 02:00:00+00:00,B16,0.0
DK1,2025-06-27 03:00:00+00:00,B16,20.8
DK1,2025-06-27 04:00:00+00:00,B16,127.16
DK1,2025-06-27 05:00:00+00:00,B16,159.73
DK1,2025-06-27 06:00:00+00:00,B16,678.48
DK1,2025-06-27 07:00:00+00:00,B16,1008.47
DK1,2025-06-27 08:00:00+00:00,B16,1467.0
DK1,2025-06-27 09:00:00+00:00,B16,1280.1
DK1,2025-06-27 10:00:00+00:00,B16,1235.53
DK1,2025-06-27 11:00:00+00:00,B16,1841.23
DK1,2025-06-27 12:00:00+00:00,B16,1822.46
DK1,2025-06-27 13:00:00+00:00,B16,1798.64
DK1,2025-06-27 14:00:00+00:00,B16,1657.0
DK1,2025-06-27 15:00:00+00:00,B16,1382.57
DK1,2025-06-27 16:00:00+00:00,B16,992.07
DK1,2025-06-27 17:00:00+00:00,B16,494.08
DK1,2025-06-27 18:00:00+00:00,B16,234.01
DK1,2025-06-27 19:00:00+00:00,B16,132.06
DK1,2025-06-27 20:00:00+00:00,B16,1.4
DK1,2025-06-27 21:00:00+00:00,B16,0.0
DK1,2025-06-27 22:00:00+00:00,B16,0.0
DK1,2025-06-27 23:00:00+00:00,B16,0.0
DK1,2025-06-28 00:00:00+00:00,B16,0.0
DK1,2025-06-28 01:00:00+00:00,B16,0.0
DK1,2025-06-28 02:00:00+00:00,B16,0.0
DK1,2025-06-28 03:00:00+00:00,B16,21.32
DK1,2025-06-28 04:00:00+00:00,B16,181.79
DK1,2025-06-28 05:00:00+00:00,B16,392.84
DK1,2025-06-28 06:00:00+00:00,B16,739.54
DK1,2025-06-28 07:00:00+00:00,B16,985.01
DK1,2025-06-28 08:00:00+00:00,B16,1318.05
DK1,2025-06-28 09:00:00+00:00,B16,1155.73
DK1,2025-06-28 10:00:00+00:00,B16,1841.47
DK1,2025-06-28 11:00:00+00:00,B16,1903.51
DK1,2025-06-28 12:00:00+00:00,B16,1916.79
DK1,2025-06-28 13:00:00+00:00,B16,1799.13
DK1,2025-06-28 14:00:00+00:00,B16,1662.75
DK1,2025-06-28 15:00:00+00:00,B16,1249.41
DK1,2025-06-28 16:00:00+00:00,B16,1028.42
DK1,2025-06-28 17:00:00+00:00,B16,666.15
DK1,2025-06-28 18:00:00+00:00,B16,376.45
DK1,2025-06-28 19:00:00+00:00,B16,73.25
DK1,2025-06-28 20:00:00+00:00,B16,1.82
DK1,2025-06-28 21:00:00+00:00,B16,0.0
DK1,2025-06-28 22:00:00+00:00,B16,0.0
DK1,2025-06-28 23:00:00+00:00,B16,0.0
DK1,2025-06-29 00:00:00+00:00,B16,0.0
DK1,2025-06-29 01:00:00+00:00,B16,0.0
DK1,2025-06-29 02:00:00+00:00,B16,0.0
DK1,2025-06-29 03:00:00+00:00,B16,12.99
DK1,2025-06-29 04:00:00+00:00,B16,176.55
DK1,2025-06-29 05:00:00+00:00,B16,227.25
DK1,2025-06-29 06:00:00+00:00,B16,780.27
DK1,2025-06-29 07:00:00+00:00,B16,828.08
DK1,2025-06-29 08:00:00+00:00,B16,1379.72
DK1,2025-06-29 09:00:00+00:00,B16,1242.14
DK1,2025-06-29 10:00:00+00:00,B16,1318.44
DK1,2025-06-29 11:00:00+00:00,B16,2026.01
DK1,2025-06-29 12:00:00+00:00,B16,1996.27
DK1,2025-06-29 13:00:00+00:00,B16,1328.4
DK1,2025-06-29 14:00:00+00:00,B16,1720.28
DK1,2025-06-29 15:00:00+00:00,B16,930.97
DK1,2025-06-29 16:00:00+00:00,B16,738.96
DK1,2025-06-29 17:00:00+00:00,B16,646.84
DK1,2025-06-29 18:00:00+00:00,B16,394.29
DK1,2025-06-29 19:00:00+00:00,B16,116.38
DK1,2025-06-29 20:00:00+00:00,B16,1.31
DK1,2025-06-29 21:00:00+00:00,B16,0.0
DK1,2025-06-29 22:00:00+00:00,B16,0.0
DK1,2025-06-29 23:00:00+00:00,B16,0.0
DK1,2025-06-30 00:00:00+00:00,B16,0.0
DK1,2025-06-30 01:00:00+00:00,B16,0.0
DK1,2025-06-30 02:00:00+00:00,B16,0.0
DK1,2025-06-30 03:00:00+00:00,B16,20.91
DK1,2025-06-30 04:00:00+00:00,B16,194.75
DK1,2025-06-30 05:00:00+00:00,B16,353.7
DK1,2025-06-30 06:00:00+00:00,B16,790.57
DK1,2025-06-30 07:00:00+00:00,B16,1061.09
DK1,2025-06-30 08:00:00+00:00,B16,983.51
DK1,2025-06-30 09:00:00+00:00,B16,1595.33
DK1,2025-06-30 10:00:00+00:00,B16,1789.96
DK1,2025-06-30 11:00:00+00:00,B16,1616.74
DK1,2025-06-30 12:00:00+00:00,B16,1707.34
DK1,2025-06-30 13:00:00+00:00,B16,1468.42
DK1,2025-06-30 14:00:00+00:00,B16,1755.52
DK1,2025-06-30 15:00:00+00:00,B16,1344.39
DK1,2025-06-30 16:00:00+00:00,B16,509.62
DK1,2025-06-30 17:00:00+00:00,B16,569.46
DK1,2025-06-30 18:00:00+00:00,B16,354.54
DK1,2025-06-30 19:00:00+00:00,B16,130.52
DK1,2025-06-30 20:00:00+00:00,B16,1.02
DK1,2025-06-30 21:00:00+00:00,B16,0.0
DK1,2025-06-30 22:00:00+00:00,B16,0.0
DK1,2025-06-30 23:00:00+00:00,B16,0.0
DK1,2025-07-01 00:00:00+00:00,B16,0.0
DK1,2025-07-01 01:00:00+00:00,B16,0.0
DK1,2025-07-01 02:00:00+00:00,B16,0.0
DK1,2025-07-01 03:00:00+00:00,B16,9.63
DK1,2025-07-01 04:00:00+00:00,B16,83.42
DK1,2025-07-01 05:00:00+00:00,B16,285.59
DK1,2025-07-01 06:00:00+00:00,B16,436.15
DK1,2025-07-01 07:00:00+00:00,B16,610.16
DK1,2025-07-01 08:00:00+00:00,B16,867.04
DK1,2025-07-01 09:00:00+00:00,B16,882.82
DK1,2025-07-01 10:00:00+00:00,B16,1246.82
DK1,2025-07-01 11:00:00+00:00,B16,1339.18
DK1,2025-07-01 12:00:00+00:00,B16,1014.45
DK1,2025-07-01 13:00:00+00:00,B16,1152.91
DK1,2025-07-01 14:00:00+00:00,B16,931.78
DK1,2025-07-01 15:00:00+00:00,B16,936.94
DK1,2025-07-01 16:00:00+00:00,B16,608.8
DK1,2025-07-01 17:00:00+00:00,B16,394.04
DK1,2025-07-01 18:00:00+00:00,B16,275.05
DK1,2025-07-01 19:00:00+00:00,B16,93.62
DK1,2025-07-01 20:00:00+00:00,B16,0.37
DK1,2025-07-01 21:00:00+00:00,B16,0.0
DK1,2025-07-01 22:00:00+00:00,B16,0.0
DK1,2025-07-01 23:00:00+00:00,B16,0.0
DK1,2025-07-02 00:00:00+00:00,B16,0.0
DK1,2025-07-02 01:00:00+00:00,B16,0.0
DK1,2025-07-02 02:00:00+00:00,B16,0.0
DK1,2025-07-02 03:00:00+00:00,B16,19.33
DK1,2025-07-02 04:00:00+00:00,B16,222.1
DK1,2025-07-02 05:00:00+00:00,B16,431.53
DK1,2025-07-02 06:00:00+00:00,B16,663.73
DK1,2025-07-02 07:00:00+00:00,B16,1036.31
DK1,2025-07-02 08:00:00+00:00,B16,1366.66
DK1,2025-07-02 09:00:00+00:00,B16,1670.65
DK1,2025-07-02 10:00:00+00:00,B16,747.17
DK1,2025-07-02 11:00:00+00:00,B16,1930.85
DK1,2025-07-02 12:00:00+00:00,B16,810.3
DK1,2025-07-02 13:00:00+00:00,B16,609.8
DK1,2025-07-02 14:00:00+00:00,B16,1712.04
DK1,2025-07-02 15:00:00+00:00,B16,900.95
DK1,2025-07-02 16:00:00+00:00,B16,1053.43
DK1,2025-07-02 17:00:00+00:00,B16,735.49
DK1,2025-07-02 18:00:00+00:00,B16,380.71
DK1,2025-07-02 19:00:00+00:00,B16,144.14
DK1,2025-07-02 20:00:00+00:00,B16,0.21
DK1,2025-07-02 21:00:00+00:00,B16,0.0
DK1,2025-07-02 22:00:00+00:00,B16,0.0
DK1,2025-07-02 23:00:00+00:00,B16,0.0
DK1,2025-07-03 00:00:00+00:00,B16,0.0
DK1,2025-07-03 01:00:00+00:00,B16,0.0
DK1,2025-07-03 02:00:00+00:00,B16,0.0
DK1,2025-07-03 03:00:00+00:00,B16,20.23
DK1,2025-07-03 04:00:00+00:00,B16,204.09
DK1,2025-07-03 05:00:00+00:00,B16,437.09
DK1,2025-07-03 06:00:00+00:00,B16,789.29
DK1,2025-07-03 07:00:00+00:00,B16,1095.22
DK1,2025-07-03 08:00:00+00:00,B16,1574.64
DK1,2025-07-03 09:00:00+00:00,B16,1642.84
DK1,2025-07-03 10:00:00+00:00,B16,1979.23
DK1,2025-07-03 11:00:00+00:00,B16,1022.41
DK1,2025-07-03 12:00:00+00:00,B16,1100.19
DK1,2025-07-03 13:00:00+00:00,B16,2034.52
DK1,2025-07-03 14:00:00+00:00,B16,1586.68
DK1,2025-07-03 15:00:00+00:00,B16,1419.44
DK1,2025-07-03 16:00:00+00:00,B16,1015.66
DK1,2025-07-03 17:00:00+00:00,B16,752.98
DK1,2025-07-03 18:00:00+00:00,B16,405.87
DK1,2025-07-03 19:00:00+00:00,B16,147.82
DK1,2025-07-03 20:00:00+00:00,B16,0.0
DK1,2025-07-03 21:00:00+00:00,B16,0.0
DK1,2025-07-03 22:00:00+00:00,B16,0.0
DK1,2025-07-03 23:00:00+00:00,B16,0.0
DK1,2025-07-04 00:00:00+00:00,B16,0.0
DK1,2025-07-04 01:00:00+00:00,B16,0.0
DK1,2025-07-04 02:00:00+00:00,B16,0.0
DK1,2025-07-04 03:00:00+00:00,B16,7.32
DK1,2025-07-04 04:00:00+00:00,B16,125.99
DK1,2025-07-04 05:00:00+00:00,B16,304.34
DK1,2025-07-04 06:00:00+00:00,B16,187.28
DK1,2025-07-04 07:00:00+00:00,B16,831.82
DK1,2025-07-04 08:00:00+00:00,B16,1151.47
DK1,2025-07-04 09:00:00+00:00,B16,1333.28
DK1,2025-07-04 10:00:00+00:00,B16,858.76
DK1,2025-07-04 11:00:00+00:00,B16,1218.99
DK1,2025-07-04 12:00:00+00:00,B16,1458.7
DK1,2025-07-04 13:00:00+00:00,B16,1285.21
DK1,2025-07-04 14:00:00+00:00,B16,1294.41
DK1,2025-07-04 15:00:00+00:00,B16,1100.91
DK1,2025-07-04 16:00:00+00:00,B16,717.53
DK1,2025-07-04 17:00:00+00:00,B16,510.2
DK1,2025-07-04 18:00:00+00:00,B16,303.38
DK1,2025-07-04 19:00:00+00:00,B16,95.38
DK1,2025-07-04 20:00:00+00:00,B16,0.0
DK1,2025-07-04 21:00:00+00:00,B16,0.0
DK1,2025-07-04 22:00:00+00:00,B16,0.0
DK1,2025-07-04 23:00:00+00:00,B16,0.0
DK1,2025-07-05 00:00:00+00:00,B16,0.0
DK1,2025-07-05 01:00:00+00:00,B16,0.0
DK1,2025-07-05 02:00:00+00:00,B16,0.0
DK1,2025-07-05 03:00:00+00:00,B16,16.13
DK1,2025-07-05 04:00:00+00:00,B16,122.97
DK1,2025-07-05 05:00:00+00:00,B16,436.77
DK1,2025-07-05 06:00:00+00:00,B16,571.4
DK1,2025-07-05 07:00:00+00:00,B16,362.19
DK1,2025-07-05 08:00:00+00:00,B16,758.18
DK1,2025-07-05 09:00:00+00:00,B16,1528.75
DK1,2025-07-05 10:00:00+00:00,B16,1492.99
DK1,2025-07-05 11:00:00+00:00,B16,2083.95
DK1,2025-07-05 12:00:00+00:00,B16,2040.37
DK1,2025-07-05 13:00:00+00:00,B16,1627.86
DK1,2025-07-05 14:00:00+00:00,B16,1702.24
DK1,2025-07-05 15:00:00+00:00,B16,1382.39
DK1,2025-07-05 16:00:00+00:00,B16,522.7
DK1,2025-07-05 17:00:00+00:00,B16,671.52
DK1,2025-07-05 18:00:00+00:00,B16,421.21
DK1,2025-07-05 19:00:00+00:00,B16,146.48
DK1,2025-07-05 20:00:00+00:00,B16,0.0
DK1,2025-07-05 21:00:00+00:00,B16,0.0
DK1,2025-07-05 22:00:00+00:00,B16,0.0
DK1,2025-07-05 23:00:00+00:00,B16,0.0
DK1,2025-07-06 00:00:00+00:00,B16,0.0
DK1,2025-07-06 01:00:00+00:00,B16,0.0
DK1,2025-07-06 02:00:00+00:00,B16,0.0
DK1,2025-07-06 03:00:00+00:00,B16,9.54
DK1,2025-07-06 04:00:00+00:00,B16,62.66
DK1,2025-07-06 05:00:00+00:00,B16,333.33
DK1,2025-07-06 06:00:00+00:00,B16,595.95
DK1,2025-07-06 07:00:00+00:00,B16,728.08
DK1,2025-07-06 08:00:00+00:00,B16,466.65
DK1,2025-07-06 09:00:00+00:00,B16,1134.26
DK1,2025-07-06 10:00:00+00:00,B16,1307.71
DK1,2025-07-06 11:00:00+00:00,B16,1683.15
DK1,2025-07-06 12:00:00+00:00,B16,1300.82
DK1,2025-07-06 13:00:00+00:00,B16,1022.62
DK1,2025-07-06 14:00:00+00:00,B16,1229.62
DK1,2025-07-06 15:00:00+00:00,B16,1016.18
DK1,2025-07-06 16:00:00+00:00,B16,802.85
DK1,2025-07-06 17:00:00+00:00,B16,564.8
DK1,2025-07-06 18:00:00+00:00,B16,151.16
DK1,2025-07-06 19:00:00+00:00,B16,87.26
DK1,2025-07-06 20:00:00+00:00,B16,0.0
DK1,2025-07-06 21:00:00+00:00,B16,0.0
DK1,2025-07-06 22:00:00+00:00,B16,0.0
DK1,2025-07-06 23:00:00+00:00,B16,0.0
DK1,2025-07-07 00:00:00+00:00,B16,0.0
DK1,2025-07-07 01:00:00+00:00,B16,0.0
DK1,2025-07-07 02:00:00+00:00,B16,0.0
DK1,2025-07-07 03:00:00+00:00,B16,11.28
DK1,2025-07-07 04:00:00+00:00,B16,113.62
DK1,2025-07-07 05:00:00+00:00,B16,413.6
DK1,2025-07-07 06:00:00+00:00,B16,682.18
DK1,2025-07-07 07:00:00+00:00,B16,914.6
DK1,2025-07-07 08:00:00+00:00,B16,974.53
DK1,2025-07-07 09:00:00+00:00,B16,1383.15
DK1,2025-07-07 10:00:00+00:00,B16,1915.76
DK1,2025-07-07 11:00:00+00:00,B16,1438.37
DK1,2025-07-07 12:00:00+00:00,B16,1819.87
DK1,2025-07-07 13:00:00+00:00,B16,1345.67
DK1,2025-07-07 14:00:00+00:00,B16,1498.63
DK1,2025-07-07 15:00:00+00:00,B16,1109.06
DK1,2025-07-07 16:00:00+00:00,B16,867.29
DK1,2025-07-07 17:00:00+00:00,B16,650.55
DK1,2025-07-07 18:00:00+00:00,B16,313.52
DK1,2025-07-07 19:00:00+00:00,B16,116.25
DK1,2025-07-07 20:00:00+00:00,B16,0.0
DK1,2025-07-07 21:00:00+00:00,B16,0.0
DK1,2025-07-07 22:00:00+00:00,B16,0.0
DK1,2025-07-07 23:00:00+00:00,B16,0.0
DK1,2025-07-08 00:00:00+00:00,B16,0.0
DK1,2025-07-08 01:00:00+00:00,B16,0.0
DK1,2025-07-08 02:00:00+00:00,B16,0.0
DK1,2025-07-08 03:00:00+00:00,B16,4.97
DK1,2025-07-08 04:00:00+00:00,B16,142.93
DK1,2025-07-08 05:00:00+00:00,B16,196.36
DK1,2025-07-08 06:00:00+00:00,B16,497.39
DK1,2025-07-08 07:00:00+00:00,B16,859.22
DK1,2025-07-08 08:00:00+00:00,B16,1091.87
DK1,2025-07-08 09:00:00+00:00,B16,1510.9
DK1,2025-07-08 10:00:00+00:00,B16,960.41
DK1,2025-07-08 11:00:00+00:00,B16,1861.11
DK1,2025-07-08 12:00:00+00:00,B16,1712.53
DK1,2025-07-08 13:00:00+00:00,B16,1810.94
DK1,2025-07-08 14:00:00+00:00,B16,1373.6
DK1,2025-07-08 15:00:00+00:00,B16,1034.42
DK1,2025-07-08 16:00:00+00:00,B16,618.03
DK1,2025-07-08 17:00:00+00:00,B16,585.47
DK1,2025-07-08 18:00:00+00:00,B16,269.69
DK1,2025-07-08 19:00:00+00:00,B16,97.5
DK1,2025-07-08 20:00:00+00:00,B16,0.0
DK1,2025-07-08 21:00:00+00:00,B16,0.0
DK1,2025-07-08 22:00:00+00:00,B16,0.0
DK1,2025-07-08 23:00:00+00:00,B16,0.0
DK1,2025-07-09 00:00:00+00:00,B16,0.0
DK1,2025-07-09 01:00:00+00:00,B16,0.0
DK1,2025-07-09 02:00:00+00:00,B16,0.0
DK1,2025-07-09 03:00:00+00:00,B16,7.14
DK1,2025-07-09 04:00:00+00:00,B16,164.39
DK1,2025-07-09 05:00:00+00:00,B16,399.06
DK1,2025-07-09 06:00:00+00:00,B16,690.15
DK1,2025-07-09 07:00:00+00:00,B16,941.39
DK1,2025-07-09 08:00:00+00:00,B16,1346.26
DK1,2025-07-09 09:00:00+00:00,B16,1527.77
DK1,2025-07-09 10:00:00+00:00,B16,1671.9
DK1,2025-07-09 11:00:00+00:00,B16,2009.47
DK1,2025-07-09 12:00:00+00:00,B16,2079.62
DK1,2025-07-09 13:00:00+00:00,B16,1683.53
DK1,2025-07-09 14:00:00+00:00,B16,869.88
DK1,2025-07-09 15:00:00+00:00,B16,1249.81
DK1,2025-07-09 16:00:00+00:00,B16,946.23
DK1,2025-07-09 17:00:00+00:00,B16,642.64
DK1,2025-07-09 18:00:00+00:00,B16,317.2
DK1,2025-07-09 19:00:00+00:00,B16,127.3
DK1,2025-07-09 20:00:00+00:00,B16,0.0
DK1,2025-07-09 21:00:00+00:00,B16,0.0
DK1,2025-07-09 22:00:00+00:00,B16,0.0
DK1,2025-07-09 23:00:00+00:00,B16,0.0
DK1,2025-07-10 00:00:00+00:00,B16,0.0
DK1,2025-07-10 01:00:00+00:00,B16,0.0
DK1,2025-07-10 02:00:00+00:00,B16,0.0
DK1,2025-07-10 03:00:00+00:00,B16,6.42
DK1,2025-07-10 04:00:00+00:00,B16,140.25
DK1,2025-07-10 05:00:00+00:00,B16,354.34
DK1,2025-07-10 06:00:00+00:00,B16,655.6
DK1,2025-07-10 07:00:00+00:00,B16,784.02
DK1,2025-07-10 08:00:00+00:00,B16,1101.93
DK1,2025-07-10 09:00:00+00:00,B16,1016.49
DK1,2025-07-10 10:00:00+00:00,B16,1470.93
DK1,2025-07-10 11:00:00+00:00,B16,1661.63
DK1,2025-07-10 12:00:00+00:00,B16,1548.0
DK1,2025-07-10 13:00:00+00:00,B16,1352.95
DK1,2025-07-10 14:00:00+00:00,B16,844.37
DK1,2025-07-10 15:00:00+00:00,B16,1007.5
DK1,2025-07-10 16:00:00+00:00,B16,658.43
DK1,2025-07-10 17:00:00+00:00,B16,500.73
DK1,2025-07-10 18:00:00+00:00,B16,288.06
DK1,2025-07-10 19:00:00+00:00,B16,85.49
DK1,2025-07-10 20:00:00+00:00,B16,0.0
DK1,2025-07-10 21:00:00+00:00,B16,0.0
DK1,2025-07-10 22:00:00+00:00,B16,0.0
DK1,2025-07-10 23:00:00+00:00,B16,0.0
DK1,2025-07-11 00:00:00+00:00,B16,0.0
DK1,2025-07-11 01:00:00+00:00,B16,0.0
DK1,2025-07-11 02:00:00+00:00,B16,0.0
DK1,2025-07-11 03:00:00+00:00,B16,3.44
DK1,2025-07-11 04:00:00+00:00,B16,94.39
DK1,2025-07-11 05:00:00+00:00,B16,260.6
DK1,2025-07-11 06:00:00+00:00,B16,441.75
DK1,2025-07-11 07:00:00+00:00,B16,344.28
DK1,2025-07-11 08:00:00+00:00,B16,444.03
DK1,2025-07-11 09:00:00+00:00,B16,947.03
DK1,2025-07-11 10:00:00+00:00,B16,1025.78
DK1,2025-07-11 11:00:00+00:00,B16,1161.63
DK1,2025-07-11 12:00:00+00:00,B16,1100.28
DK1,2025-07-11 13:00:00+00:00,B16,399.0
DK1,2025-07-11 14:00:00+00:00,B16,813.97
DK1,2025-07-11 15:00:00+00:00,B16,678.81
DK1,2025-07-11 16:00:00+00:00,B16,569.91
DK1,2025-07-11 17:00:00+00:00,B16,405.31
DK1,2025-07-11 18:00:00+00:00,B16,234.79
DK1,2025-07-11 19:00:00+00:00,B16,61.29
DK1,2025-07-11 20:00:00+00:00,B16,0.0
DK1,2025-07-11 21:00:00+00:00,B16,0.0
DK1,2025-07-11 22:00:00+00:00,B16,0.0
DK1,2025-07-11 23:00:00+00:00,B16,0.0
DK1,2025-07-12 00:00:00+00:00,B16,0.0
DK1,2025-07-12 01:00:00+00:00,B16,0.0
DK1,2025-07-12 02:00:00+00:00,B16,0.0
DK1,2025-07-12 03:00:00+00:00,B16,5.26
DK1,2025-07-12 04:00:00+00:00,B16,122.85
DK1,2025-07-12 05:00:00+00:00,B16,429.01
DK1,2025-07-12 06:00:00+00:00,B16,788.68
DK1,2025-07-12 07:00:00+00:00,B16,1001.97
DK1,2025-07-12 08:00:00+00:00,B16,1297.47
DK1,2025-07-12 09:00:00+00:00,B16,1775.63
DK1,2025-07-12 10:00:00+00:00,B16,679.53
DK1,2025-07-12 11:00:00+00:00,B16,1994.88
DK1,2025-07-12 12:00:00+00:00,B16,1605.43
DK1,2025-07-12 13:00:00+00:00,B16,1783.65
DK1,2025-07-12 14:00:00+00:00,B16,1751.84
DK1,2025-07-12 15:00:00+00:00,B16,1503.37
DK1,2025-07-12 16:00:00+00:00,B16,926.23
DK1,2025-07-12 17:00:00+00:00,B16,714.81
DK1,2025-07-12 18:00:00+00:00,B16,369.66
DK1,2025-07-12 19:00:00+00:00,B16,111.6
DK1,2025-07-12 20:00:00+00:00,B16,0.0
DK1,2025-07-12 21:00:00+00:00,B16,0.0
DK1,2025-07-12 22:00:00+00:00,B16,0.0
DK1,2025-07-12 23:00:00+00:00,B16,0.0
DK1,2025-07-13 00:00:00+00:00,B16,0.0
DK1,2025-07-13 01:00:00+00:00,B16,0.0
DK1,2025-07-13 02:00:00+00:00,B16,0.0
DK1,2025-07-13 03:00:00+00:00,B16,2.66
DK1,2025-07-13 04:00:00+00:00,B16,134.92
DK1,2025-07-13 05:00:00+00:00,B16,296.27
DK1,2025-07-13 06:00:00+00:00,B16,593.85
DK1,2025-07-13 07:00:00+00:00,B16,955.91
DK1,2025-07-13 08:00:00+00:00,B16,1005.49
DK1,2025-07-13 09:00:00+00:00,B16,1128.89
DK1,2025-07-13 10:00:00+00:00,B16,1616.58
DK1,2025-07-13 11:00:00+00:00,B16,1582.12
DK1,2025-07-13 12:00:00+00:00,B16,1613.43
DK1,2025-07-13 13:00:00+00:00,B16,1651.44
DK1,2025-07-13 14:00:00+00:00,B16,1346.5
DK1,2025-07-13 15:00:00+00:00,B16,1224.13
DK1,2025-07-13 16:00:00+00:00,B16,732.78
DK1,2025-07-13 17:00:00+00:00,B16,566.35
DK1,2025-07-13 18:00:00+00:00,B16,303.04
DK1,2025-07-13 19:00:00+00:00,B16,94.0
DK1,2025-07-13 20:00:00+00:00,B16,0.0
DK1,2025-07-13 21:00:00+00:00,B16,0.0
DK1,2025-07-13 22:00:00+00:00,B16,0.0
DK1,2025-07-13 23:00:00+00:00,B16,0.0
DK1,2025-07-14 00:00:00+00:00,B16,0.0
DK1,2025-07-14 01:00:00+00:00,B16,0.0
DK1,2025-07-14 02:00:00+00:00,B16,0.0
DK1,2025-07-14 03:00:00+00:00,B16,1.65
DK1,2025-07-14 04:00:00+00:00,B16,131.99
DK1,2025-07-14 05:00:00+00:00,B16,357.11
DK1,2025-07-14 06:00:00+00:00,B16,608.45
DK1,2025-07-14 07:00:00+00:00,B16,1037.76
DK1,2025-07-14 08:00:00+00:00,B16,691.76
DK1,2025-07-14 09:00:00+00:00,B16,1448.22
DK1,2025-07-14 10:00:00+00:00,B16,1588.94
DK1,2025-07-14 11:00:00+00:00,B16,1936.57
DK1,2025-07-14 12:00:00+00:00,B16,1604.05
DK1,2025-07-14 13:00:00+00:00,B16,1504.8
DK1,2025-07-14 14:00:00+00:00,B16,1447.66
DK1,2025-07-14 15:00:00+00:00,B16,1168.54
DK1,2025-07-14 16:00:00+00:00,B16,1043.67
DK1,2025-07-14 17:00:00+00:00,B16,530.56
DK1,2025-07-14 18:00:00+00:00,B16,315.25
DK1,2025-07-14 19:00:00+00:00,B16,101.8
DK1,2025-07-14 20:00:00+00:00,B16,0.0
DK1,2025-07-14 21:00:00+00:00,B16,0.0
DK1,2025-07-14 22:00:00+00:00,B16,0.0
DK1,2025-07-14 23:00:00+00:00,B16,0.0
DK1,2025-07-15 00:00:00+00:00,B16,0.0
DK1,2025-07-15 01:00:00+00:00,B16,0.0
DK1,2025-07-15 02:00:00+00:00,B16,0.0
DK1,2025-07-15 03:00:00+00:00,B16,0.83
DK1,2025-07-15 04:00:00+00:00,B16,110.08
DK1,2025-07-15 05:00:00+00:00,B16,360.83
DK1,2025-07-15 06:00:00+00:00,B16,679.71
DK1,2025-07-15 07:00:00+00:00,B16,875.07
DK1,2025-07-15 08:00:00+00:00,B16,1267.05
DK1,2025-07-15 09:00:00+00:00,B16,1399.49
DK1,2025-07-15 10:00:00+00:00,B16,1372.18
DK1,2025-07-15 11:00:00+00:00,B16,1263.01
DK1,2025-07-15 12:00:00+00:00,B16,1720.95
DK1,2025-07-15 13:00:00+00:00,B16,1563.19
DK1,2025-07-15 14:00:00+00:00,B16,1302.4
DK1,2025-07-15 15:00:00+00:00,B16,1119.43
DK1,2025-07-15 16:00:00+00:00,B16,829.07
DK1,2025-07-15 17:00:00+00:00,B16,532.46
DK1,2025-07-15 18:00:00+00:00,B16,219.42
DK1,2025-07-15 19:00:00+00:00,B16,92.17
DK1,2025-07-15 20:00:00+00:00,B16,0.0
DK1,2025-07-15 21:00:00+00:00,B16,0.0
DK1,2025-07-15 22:00:00+00:00,B16,0.0
DK1,2025-07-15 23:00:00+00:00,B16,0.0
DK1,2025-07-16 00:00:00+00:00,B16,0.0
DK1,2025-07-16 01:00:00+00:00,B16,0.0
DK1,2025-07-16 02:00:00+00:00,B16,0.0
DK1,2025-07-16 03:00:00+00:00,B16,0.0
DK1,2025-07-16 04:00:00+00:00,B16,78.04
DK1,2025-07-16 05:00:00+00:00,B16,289.4
DK1,2025-07-16 06:00:00+00:00,B16,634.37
DK1,2025-07-16 07:00:00+00:00,B16,976.28
DK1,2025-07-16 08:00:00+00:00,B16,1318.54
DK1,2025-07-16 09:00:00+00:00,B16,1015.22
DK1,2025-07-16 10:00:00+00:00,B16,1496.31
DK1,2025-07-16 11:00:00+00:00,B16,1826.32
DK1,2025-07-16 12:00:00+00:00,B16,709.85
DK1,2025-07-16 13:00:00+00:00,B16,631.42
DK1,2025-07-16 14:00:00+00:00,B16,1466.44
DK1,2025-07-16 15:00:00+00:00,B16,1245.62
DK1,2025-07-16 16:00:00+00:00,B16,1015.58
DK1,2025-07-16 17:00:00+00:00,B16,547.44
DK1,2025-07-16 18:00:00+00:00,B16,309.81
DK1,2025-07-16 19:00:00+00:00,B16,81.11
DK1,2025-07-16 20:00:00+00:00,B16,0.0
DK1,2025-07-16 21:00:00+00:00,B16,0.0
DK1,2025-07-16 22:00:00+00:00,B16,0.0
DK1,2025-07-16 23:00:00+00:00,B16,0.0
DK1,2025-07-17 00:00:00+00:00,B16,0.0
DK1,2025-07-17 01:00:00+00:00,B16,0.0
DK1,2025-07-17 02:00:00+00:00,B16,0.0
DK1,2025-07-17 03:00:00+00:00,B16,0.0
DK1,2025-07-17 04:00:00+00:00,B16,109.54
DK1,2025-07-17 05:00:00+00:00,B16,289.39
DK1,2025-07-17 06:00:00+00:00,B16,582.8
DK1,2025-07-17 07:00:00+00:00,B16,929.03
DK1,2025-07-17 08:00:00+00:00,B16,1085.07
DK1,2025-07-17 09:00:00+00:00,B16,1486.38
DK1,2025-07-17 10:00:00+00:00,B16,1705.61
DK1,2025-07-17 11:00:00+00:00,B16,801.38
DK1,2025-07-17 12:00:00+00:00,B16,1351.69
DK1,2025-07-17 13:00:00+00:00,B16,1376.9
DK1,2025-07-17 14:00:00+00:00,B16,1098.83
DK1,2025-07-17 15:00:00+00:00,B16,405.35
DK1,2025-07-17 16:00:00+00:00,B16,834.91
DK1,2025-07-17 17:00:00+00:00,B16,169.06
DK1,2025-07-17 18:00:00+00:00,B16,273.63
DK1,2025-07-17 19:00:00+00:00,B16,64.25
DK1,2025-07-17 20:00:00+00:00,B16,0.0
DK1,2025-07-17 21:00:00+00:00,B16,0.0
DK1,2025-07-17 22:00:00+00:00,B16,0.0
DK1,2025-07-17 23:00:00+00:00,B16,0.0
DK1,2025-07-18 00:00:00+00:00,B16,0.0
DK1,2025-07-18 01:00:00+00:00,B16,0.0
DK1,2025-07-18 02:00:00+00:00,B16,0.0
DK1,2025-07-18 03:00:00+00:00,B16,0.0
DK1,2025-07-18 04:00:00+00:00,B16,104.21
DK1,2025-07-18 05:00:00+00:00,B16,340.32
DK1,2025-07-18 06:00:00+00:00,B16,267.22
DK1,2025-07-18 07:00:00+00:00,B16,471.81
DK1,2025-07-18 08:00:00+00:00,B16,752.87
DK1,2025-07-18 09:00:00+00:00,B16,934.67
DK1,2025-07-18 10:00:00+00:00,B16,1298.49
DK1,2025-07-18 11:00:00+00:00,B16,1619.34
DK1,2025-07-18 12:00:00+00:00,B16,1211.2
DK1,2025-07-18 13:00:00+00:00,B16,1335.55
DK1,2025-07-18 14:00:00+00:00,B16,875.39
DK1,2025-07-18 15:00:00+00:00,B16,1067.81
DK1,2025-07-18 16:00:00+00:00,B16,718.97
DK1,2025-07-18 17:00:00+00:00,B16,413.82
DK1,2025-07-18 18:00:00+00:00,B16,271.88
DK1,2025-07-18 19:00:00+00:00,B16,60.69
DK1,2025-07-18 20:00:00+00:00,B16,0.0
DK1,2025-07-18 21:00:00+00:00,B16,0.0
DK1,2025-07-18 22:00:00+00:00,B16,0.0
DK1,2025-07-18 23:00:00+00:00,B16,0.0
DK1,2025-07-19 00:00:00+00:00,B16,0.0
DK1,2025-07-19 01:00:00+00:00,B16,0.0
DK1,2025-07-19 02:00:00+00:00,B16,0.0
DK1,2025-07-19 03:00:00+00:00,B16,0.0
DK1,2025-07-19 04:00:00+00:00,B16,100.69
DK1,2025-07-19 05:00:00+00:00,B16,275.86
DK1,2025-07-19 06:00:00+00:00,B16,492.7
DK1,2025-07-19 07:00:00+00:00,B16,823.78
DK1,2025-07-19 08:00:00+00:00,B16,364.19
DK1,2025-07-19 09:00:00+00:00,B16,1255.49
DK1,2025-07-19 10:00:00+00:00,B16,1525.68
DK1,2025-07-19 11:00:00+00:00,B16,1498.71
DK1,2025-07-19 12:00:00+00:00,B16,1503.5
DK1,2025-07-19 13:00:00+00:00,B16,1364.94
DK1,2025-07-19 14:00:00+00:00,B16,1114.23
DK1,2025-07-19 15:00:00+00:00,B16,1080.06
DK1,2025-07-19 16:00:00+00:00,B16,598.19
DK1,2025-07-19 17:00:00+00:00,B16,431.56
DK1,2025-07-19 18:00:00+00:00,B16,216.95
DK1,2025-07-19 19:00:00+00:00,B16,65.71
DK1,2025-07-19 20:00:00+00:00,B16,0.0
DK1,2025-07-19 21:00:00+00:00,B16,0.0
DK1,2025-07-19 22:00:00+00:00,B16,0.0
DK1,2025-07-19 23:00:00+00:00,B16,0.0
DK1,2025-07-20 00:00:00+00:00,B16,0.0
DK1,2025-07-20 01:00:00+00:00,B16,0.0
DK1,2025-07-20 02:00:00+00:00,B16,0.0
DK1,2025-07-20 03:00:00+00:00,B16,0.0
DK1,2025-07-20 04:00:00+00:00,B16,111.8
DK1,2025-07-20 05:00:00+00:00,B16,300.75
DK1,2025-07-20 06:00:00+00:00,B16,678.37
DK1,2025-07-20 07:00:00+00:00,B16,656.26
DK1,2025-07-20 08:00:00+00:00,B16,1244.27
DK1,2025-07-20 09:00:00+00:00,B16,1517.76
DK1,2025-07-20 10:00:00+00:00,B16,1594.09
DK1,2025-07-20 11:00:00+00:00,B16,1299.7
DK1,2025-07-20 12:00:00+00:00,B16,1753.06
DK1,2025-07-20 13:00:00+00:00,B16,1576.46
DK1,2025-07-20 14:00:00+00:00,B16,1515.22
DK1,2025-07-20 15:00:00+00:00,B16,694.87
DK1,2025-07-20 16:00:00+00:00,B16,706.11
DK1,2025-07-20 17:00:00+00:00,B16,612.1
DK1,2025-07-20 18:00:00+00:00,B16,275.55
DK1,2025-07-20 19:00:00+00:00,B16,55.04
DK1,2025-07-20 20:00:00+00:00,B16,0.0
DK1,2025-07-20 21:00:00+00:00,B16,0.0
DK1,2025-07-20 22:00:00+00:00,B16,0.0
DK1,2025-07-20 23:00:00+00:00,B16,0.0
DK1,2025-07-21 00:00:00+00:00,B16,0.0
DK1,2025-07-21 01:00:00+00:00,B16,0.0
DK1,2025-07-21 02:00:00+00:00,B16,0.0
DK1,2025-07-21 03:00:00+00:00,B16,0.0
DK1,2025-07-21 04:00:00+00:00,B16,116.9
DK1,2025-07-21 05:00:00+00:00,B16,388.41
DK1,2025-07-21 06:00:00+00:00,B16,668.91
DK1,2025-07-21 07:00:00+00:00,B16,876.78
DK1,2025-07-21 08:00:00+00:00,B16,1207.32
DK1,2025-07-21 09:00:00+00:00,B16,1549.44
DK1,2025-07-21 10:00:00+00:00,B16,1125.78
DK1,2025-07-21 11:00:00+00:00,B16,1729.98
DK1,2025-07-21 12:00:00+00:00,B16,1725.4
DK1,2025-07-21 13:00:00+00:00,B16,1792.09
DK1,2025-07-21 14:00:00+00:00,B16,1089.3
DK1,2025-07-21 15:00:00+00:00,B16,1357.84
DK1,2025-07-21 16:00:00+00:00,B16,801.07
DK1,2025-07-21 17:00:00+00:00,B16,521.89
DK1,2025-07-21 18:00:00+00:00,B16,283.87
DK1,2025-07-21 19:00:00+00:00,B16,56.38
DK1,2025-07-21 20:00:00+00:00,B16,0.0
DK1,2025-07-21 21:00:00+00:00,B16,0.0
DK1,2025-07-21 22:00:00+00:00,B16,0.0
DK1,2025-07-21 23:00:00+00:00,B16,0.0
DK1,2025-07-22 00:00:00+00:00,B16,0.0
DK1,2025-07-22 01:00:00+00:00,B16,0.0
DK1,2025-07-22 02:00:00+00:00,B16,0.0
DK1,2025-07-22 03:00:00+00:00,B16,0.0
DK1,2025-07-22 04:00:00+00:00,B16,127.24
DK1,2025-07-22 05:00:00+00:00,B16,381.08
DK1,2025-07-22 06:00:00+00:00,B16,432.17
DK1,2025-07-22 07:00:00+00:00,B16,977.97
DK1,2025-07-22 08:00:00+00:00,B16,1186.47
DK1,2025-07-22 09:00:00+00:00,B16,1420.55
DK1,2025-07-22 10:00:00+00:00,B16,1068.73
DK1,2025-07-22 11:00:00+00:00,B16,1879.57
DK1,2025-07-22 12:00:00+00:00,B16,2030.19
DK1,2025-07-22 13:00:00+00:00,B16,1845.89
DK1,2025-07-22 14:00:00+00:00,B16,1419.63
DK1,2025-07-22 15:00:00+00:00,B16,1037.71
DK1,2025-07-22 16:00:00+00:00,B16,914.29
DK1,2025-07-22 17:00:00+00:00,B16,579.91
DK1,2025-07-22 18:00:00+00:00,B16,275.25
DK1,2025-07-22 19:00:00+00:00,B16,67.27
DK1,2025-07-22 20:00:00+00:00,B16,0.0
DK1,2025-07-22 21:00:00+00:00,B16,0.0
DK1,2025-07-22 22:00:00+00:00,B16,0.0
DK1,2025-07-22 23:00:00+00:00,B16,0.0
DK1,2025-07-23 00:00:00+00:00,B16,0.0
DK1,2025-07-23 01:00:00+00:00,B16,0.0
DK1,2025-07-23 02:00:00+00:00,B16,0.0
DK1,2025-07-23 03:00:00+00:00,B16,0.0
DK1,2025-07-23 04:00:00+00:00,B16,98.72
DK1,2025-07-23 05:00:00+00:00,B16,312.03
DK1,2025-07-23 06:00:00+00:00,B16,578.13
DK1,2025-07-23 07:00:00+00:00,B16,969.86
DK1,2025-07-23 08:00:00+00:00,B16,1235.58
DK1,2025-07-23 09:00:00+00:00,B16,1442.6
DK1,2025-07-23 10:00:00+00:00,B16,1297.95
DK1,2025-07-23 11:00:00+00:00,B16,1414.53
DK1,2025-07-23 12:00:00+00:00,B16,1915.36
DK1,2025-07-23 13:00:00+00:00,B16,572.63
DK1,2025-07-23 14:00:00+00:00,B16,1682.17
DK1,2025-07-23 15:00:00+00:00,B16,1066.06
DK1,2025-07-23 16:00:00+00:00,B16,675.02
DK1,2025-07-23 17:00:00+00:00,B16,438.98
DK1,2025-07-23 18:00:00+00:00,B16,300.35
DK1,2025-07-23 19:00:00+00:00,B16,66.12
DK1,2025-07-23 20:00:00+00:00,B16,0.0
DK1,2025-07-23 21:00:00+00:00,B16,0.0
DK1,2025-07-23 22:00:00+00:00,B16,0.0
DK1,2025-07-23 23:00:00+00:00,B16,0.0
DK1,2025-07-24 00:00:00+00:00,B16,0.0
DK1,2025-07-24 01:00:00+00:00,B16,0.0
DK1,2025-07-24 02:00:00+00:00,B16,0.0
DK1,2025-07-24 03:00:00+00:00,B16,0.0
DK1,2025-07-24 04:00:00+00:00,B16,102.04
DK1,2025-07-24 05:00:00+00:00,B16,289.82
DK1,2025-07-24 06:00:00+00:00,B16,643.87
DK1,2025-07-24 07:00:00+00:00,B16,887.28
DK1,2025-07-24 08:00:00+00:00,B16,1060.91
DK1,2025-07-24 09:00:00+00:00,B16,490.3
DK1,2025-07-24 10:00:00+00:00,B16,1782.78
DK1,2025-07-24 11:00:00+00:00,B16,1792.94
DK1,2025-07-24 12:00:00+00:00,B16,1782.54
DK1,2025-07-24 13:00:00+00:00,B16,1921.5
DK1,2025-07-24 14:00:00+00:00,B16,1351.88
DK1,2025-07-24 15:00:00+00:00,B16,1029.57
DK1,2025-07-24 16:00:00+00:00,B16,580.59
DK1,2025-07-24 17:00:00+00:00,B16,612.35
DK1,2025-07-24 18:00:00+00:00,B16,274.07
DK1,2025-07-24 19:00:00+00:00,B16,59.97
DK1,2025-07-24 20:00:00+00:00,B16,0.0
DK1,2025-07-24 21:00:00+00:00,B16,0.0
DK1,2025-07-24 22:00:00+00:00,B16,0.0
DK1,2025-07-24 23:00:00+00:00,B16,0.0
DK1,2025-07-25 00:00:00+00:00,B16,0.0
DK1,2025-07-25 01:00:00+00:00,B16,0.0
DK1,2025-07-25 02:00:00+00:00,B16,0.0
DK1,2025-07-25 03:00:00+00:00,B16,0.0
DK1,2025-07-25 04:00:00+00:00,B16,93.26
DK1,2025-07-25 05:00:00+00:00,B16,227.28
DK1,2025-07-25 06:00:00+00:00,B16,515.89
DK1,2025-07-25 07:00:00+00:00,B16,950.22
DK1,2025-07-25 08:00:00+00:00,B16,1238.09
DK1,2025-07-25 09:00:00+00:00,B16,1369.06
DK1,2025-07-25 10:00:00+00:00,B16,1530.11
DK1,2025-07-25 11:00:00+00:00,B16,1563.99
DK1,2025-07-25 12:00:00+00:00,B16,1810.03
DK1,2025-07-25 13:00:00+00:00,B16,1325.24
DK1,2025-07-25 14:00:00+00:00,B16,1609.01
DK1,2025-07-25 15:00:00+00:00,B16,1069.96
DK1,2025-07-25 16:00:00+00:00,B16,810.39
DK1,2025-07-25 17:00:00+00:00,B16,471.73
DK1,2025-07-25 18:00:00+00:00,B16,206.91
DK1,2025-07-25 19:00:00+00:00,B16,50.93
DK1,2025-07-25 20:00:00+00:00,B16,0.0
DK1,2025-07-25 21:00:00+00:00,B16,0.0
DK1,2025-07-25 22:00:00+00:00,B16,0.0
DK1,2025-07-25 23:00:00+00:00,B16,0.0
DK1,2025-07-26 00:00:00+00:00,B16,0.0
DK1,2025-07-26 01:00:00+00:00,B16,0.0
DK1,2025-07-26 02:00:00+00:00,B16,0.0
DK1,2025-07-26 03:00:00+00:00,B16,0.0
DK1,2025-07-26 04:00:00+00:00,B16,105.38
DK1,2025-07-26 05:00:00+00:00,B16,244.61
DK1,2025-07-26 06:00:00+00:00,B16,576.06
DK1,2025-07-26 07:00:00+00:00,B16,860.33
DK1,2025-07-26 08:00:00+00:00,B16,1460.25
DK1,2025-07-26 09:00:00+00:00,B16,1582.15
DK1,2025-07-26 10:00:00+00:00,B16,1815.18
DK1,2025-07-26 11:00:00+00:00,B16,1961.04
DK1,2025-07-26 12:00:00+00:00,B16,1696.1
DK1,2025-07-26 13:00:00+00:00,B16,2138.38
DK1,2025-07-26 14:00:00+00:00,B16,1644.76
DK1,2025-07-26 15:00:00+00:00,B16,1259.97
DK1,2025-07-26 16:00:00+00:00,B16,976.57
DK1,2025-07-26 17:00:00+00:00,B16,622.6
DK1,2025-07-26 18:00:00+00:00,B16,331.85
DK1,2025-07-26 19:00:00+00:00,B16,59.37
DK1,2025-07-26 20:00:00+00:00,B16,0.0
DK1,2025-07-26 21:00:00+00:00,B16,0.0
DK1,2025-07-26 22:00:00+00:00,B16,0.0
DK1,2025-07-26 23:00:00+00:00,B16,0.0
DK1,2025-07-27 00:00:00+00:00,B16,0.0
DK1,2025-07-27 01:00:00+00:00,B16,0.0
DK1,2025-07-27 02:00:00+00:00,B16,0.0
DK1,2025-07-27 03:00:00+00:00,B16,0.0
DK1,2025-07-27 04:00:00+00:00,B16,86.97
DK1,2025-07-27 05:00:00+00:00,B16,171.36
DK1,2025-07-27 06:00:00+00:00,B16,609.11
DK1,2025-07-27 07:00:00+00:00,B16,971.62
DK1,2025-07-27 08:00:00+00:00,B16,1095.82
DK1,2025-07-27 09:00:00+00:00,B16,1384.81
DK1,2025-07-27 10:00:00+00:00,B16,1682.82
DK1,2025-07-27 11:00:00+00:00,B16,1698.17
DK1,2025-07-27 12:00:00+00:00,B16,612.05
DK1,2025-07-27 13:00:00+00:00,B16,1813.66
DK1,2025-07-27 14:00:00+00:00,B16,1269.95
DK1,2025-07-27 15:00:00+00:00,B16,1107.86
DK1,2025-07-27 16:00:00+00:00,B16,802.05
DK1,2025-07-27 17:00:00+00:00,B16,484.99
DK1,2025-07-27 18:00:00+00:00,B16,239.16
DK1,2025-07-27 19:00:00+00:00,B16,55.87
DK1,2025-07-27 20:00:00+00:00,B16,0.0
DK1,2025-07-27 21:00:00+00:00,B16,0.0
DK1,2025-07-27 22:00:00+00:00,B16,0.0
DK1,2025-07-27 23:00:00+00:00,B16,0.0
DK1,2025-07-28 00:00:00+00:00,B16,0.0
DK1,2025-07-28 01:00:00+00:00,B16,0.0
DK1,2025-07-28 02:00:00+00:00,B16,0.0
DK1,2025-07-28 03:00:00+00:00,B16,0.0
DK1,2025-07-28 04:00:00+00:00,B16,103.99
DK1,2025-07-28 05:00:00+00:00,B16,270.3
DK1,2025-07-28 06:00:00+00:00,B16,597.46
DK1,2025-07-28 07:00:00+00:00,B16,1089.75
DK1,2025-07-28 08:00:00+00:00,B16,703.92
DK1,2025-07-28 09:00:00+00:00,B16,1769.77
DK1,2025-07-28 10:00:00+00:00,B16,1886.55
DK1,2025-07-28 11:00:00+00:00,B16,2400.43
DK1,2025-07-28 12:00:00+00:00,B16,2004.48
DK1,2025-07-28 13:00:00+00:00,B16,1885.17
DK1,2025-07-28 14:00:00+00:00,B16,1538.57
DK1,2025-07-28 15:00:00+00:00,B16,1329.57
DK1,2025-07-28 16:00:00+00:00,B16,619.21
DK1,2025-07-28 17:00:00+00:00,B16,565.86
DK1,2025-07-28 18:00:00+00:00,B16,287.25
DK1,2025-07-28 19:00:00+00:00,B16,39.94
DK1,2025-07-28 20:00:00+00:00,B16,0.0
DK1,2025-07-28 21:00:00+00:00,B16,0.0
DK1,2025-07-28 22:00:00+00:00,B16,0.0
DK1,2025-07-28 23:00:00+00:00,B16,0.0
DK1,2025-07-29 00:00:00+00:00,B16,0.0
DK1,2025-07-29 01:00:00+00:00,B16,0.0
DK1,2025-07-29 02:00:00+00:00,B16,0.0
DK1,2025-07-29 03:00:00+00:00,B16,0.0
DK1,2025-07-29 04:00:00+00:00,B16,65.99
DK1,2025-07-29 05:00:00+00:00,B16,131.37
DK1,2025-07-29 06:00:00+00:00,B16,547.08
DK1,2025-07-29 07:00:00+00:00,B16,865.14
DK1,2025-07-29 08:00:00+00:00,B16,984.2
DK1,2025-07-29 09:00:00+00:00,B16,1284.68
DK1,2025-07-29 10:00:00+00:00,B16,1641.75
DK1,2025-07-29 11:00:00+00:00,B16,1515.12
DK1,2025-07-29 12:00:00+00:00,B16,1138.87
DK1,2025-07-29 13:00:00+00:00,B16,1399.6
DK1,2025-07-29 14:00:00+00:00,B16,1093.07
DK1,2025-07-29 15:00:00+00:00,B16,942.16
DK1,2025-07-29 16:00:00+00:00,B16,750.42
DK1,2025-07-29 17:00:00+00:00,B16,400.8
DK1,2025-07-29 18:00:00+00:00,B16,177.4
DK1,2025-07-29 19:00:00+00:00,B16,34.54
DK1,2025-07-29 20:00:00+00:00,B16,0.0
DK1,2025-07-29 21:00:00+00:00,B16,0.0
DK1,2025-07-29 22:00:00+00:00,B16,0.0
DK1,2025-07-29 23:00:00+00:00,B16,0.0
DK1,2025-07-30 00:00:00+00:00,B16,0.0
DK1,2025-07-30 01:00:00+00:00,B16,0.0
DK1,2025-07-30 02:00:00+00:00,B16,0.0
DK1,2025-07-30 03:00:00+00:00,B16,0.0
DK1,2025-07-30 04:00:00+00:00,B16,41.1
DK1,2025-07-30 05:00:00+00:00,B16,351.6
DK1,2025-07-30 06:00:00+00:00,B16,714.55
DK1,2025-07-30 07:00:00+00:00,B16,1229.25
DK1,2025-07-30 08:00:00+00:00,B16,1463.67
DK1,2025-07-30 09:00:00+00:00,B16,1627.42
DK1,2025-07-30 10:00:00+00:00,B16,1241.99
DK1,2025-07-30 11:00:00+00:00,B16,1935.72
DK1,2025-07-30 12:00:00+00:00,B16,2110.17
DK1,2025-07-30 13:00:00+00:00,B16,1743.38
DK1,2025-07-30 14:00:00+00:00,B16,1624.92
DK1,2025-07-30 15:00:00+00:00,B16,1182.3
DK1,2025-07-30 16:00:00+00:00,B16,822.38
DK1,2025-07-30 17:00:00+00:00,B16,409.89
DK1,2025-07-30 18:00:00+00:00,B16,294.43
DK1,2025-07-30 19:00:00+00:00,B16,40.37
DK1,2025-07-30 20:00:00+00:00,B16,0.0
DK1,2025-07-30 21:00:00+00:00,B16,0.0
DK1,2025-07-30 22:00:00+00:00,B16,0.0
DK1,2025-07-30 23:00:00+00:00,B16,0.0
DK1,2025-07-31 00:00:00+00:00,B16,0.0
DK1,2025-07-31 01:00:00+00:00,B16,0.0
DK1,2025-07-31 02:00:00+00:00,B16,0.0
DK1,2025-07-31 03:00:00+00:00,B16,0.0
DK1,2025-07-31 04:00:00+00:00,B16,68.95
DK1,2025-07-31 05:00:00+00:00,B16,308.92
DK1,2025-07-31 06:00:00+00:00,B16,533.57
DK1,2025-07-31 07:00:00+00:00,B16,1040.48
DK1,2025-07-31 08:00:00+00:00,B16,1269.22
DK1,2025-07-31 09:00:00+00:00,B16,1264.63
DK1,2025-07-31 10:00:00+00:00,B16,1717.74
DK1,2025-07-31 11:00:00+00:00,B16,2018.91
DK1,2025-07-31 12:00:00+00:00,B16,1917.21
DK1,2025-07-31 13:00:00+00:00,B16,638.15
DK1,2025-07-31 14:00:00+00:00,B16,1458.68
DK1,2025-07-31 15:00:00+00:00,B16,718.4
DK1,2025-07-31 16:00:00+00:00,B16,921.27
DK1,2025-07-31 17:00:00+00:00,B16,512.92
DK1,2025-07-31 18:00:00+00:00,B16,253.72
DK1,2025-07-31 19:00:00+00:00,B16,34.75
DK1,2025-07-31 20:00:00+00:00,B16,0.0
DK1,2025-07-31 21:00:00+00:00,B16,0.0
DK1,2025-07-31 22:00:00+00:00,B16,0.0
DK1,2025-07-31 23:00:00+00:00,B16,0.0
DK1,2025-08-01 00:00:00+00:00,B16,0.0
DK1,2025-08-01 01:00:00+00:00,B16,0.0
DK1,2025-08-01 02:00:00+00:00,B16,0.0
DK1,2025-08-01 03:00:00+00:00,B16,0.0
DK1,2025-08-01 04:00:00+00:00,B16,45.18
DK1,2025-08-01 05:00:00+00:00,B16,183.0
DK1,2025-08-01 06:00:00+00:00,B16,474.31
DK1,2025-08-01 07:00:00+00:00,B16,813.41
DK1,2025-08-01 08:00:00+00:00,B16,960.74
DK1,2025-08-01 09:00:00+00:00,B16,1206.77
DK1,2025-08-01 10:00:00+00:00,B16,1408.84
DK1,2025-08-01 11:00:00+00:00,B16,1587.03
DK1,2025-08-01 12:00:00+00:00,B16,1115.77
DK1,2025-08-01 13:00:00+00:00,B16,1607.23
DK1,2025-08-01 14:00:00+00:00,B16,432.73
DK1,2025-08-01 15:00:00+00:00,B16,902.29
DK1,2025-08-01 16:00:00+00:00,B16,689.32
DK1,2025-08-01 17:00:00+00:00,B16,355.9
DK1,2025-08-01 18:00:00+00:00,B16,178.25
DK1,2025-08-01 19:00:00+00:00,B16,26.79
DK1,2025-08-01 20:00:00+00:00,B16,0.0
DK1,2025-08-01 21:00:00+00:00,B16,0.0
DK1,2025-08-01 22:00:00+00:00,B16,0.0
DK1,2025-08-01 23:00:00+00:00,B16,0.0
DK1,2025-08-02 00:00:00+00:00,B16,0.0
DK1,2025-08-02 01:00:00+00:00,B16,0.0
DK1,2025-08-02 02:00:00+00:00,B16,0.0
DK1,2025-08-02 03:00:00+00:00,B16,0.0
DK1,2025-08-02 04:00:00+00:00,B16,38.13
DK1,2025-08-02 05:00:00+00:00,B16,240.16
DK1,2025-08-02 06:00:00+00:00,B16,292.17
DK1,2025-08-02 07:00:00+00:00,B16,785.47
DK1,2025-08-02 08:00:00+00:00,B16,1087.25
DK1,2025-08-02 09:00:00+00:00,B16,1199.22
DK1,2025-08-02 10:00:00+00:00,B16,1488.49
DK1,2025-08-02 11:00:00+00:00,B16,1248.14
DK1,2025-08-02 12:00:00+00:00,B16,1429.12
DK1,2025-08-02 13:00:00+00:00,B16,777.02
DK1,2025-08-02 14:00:00+00:00,B16,1183.15
DK1,2025-08-02 15:00:00+00:00,B16,1213.65
DK1,2025-08-02 16:00:00+00:00,B16,675.65
DK1,2025-08-02 17:00:00+00:00,B16,435.34
DK1,2025-08-02 18:00:00+00:00,B16,142.7
DK1,2025-08-02 19:00:00+00:00,B16,19.82
DK1,2025-08-02 20:00:00+00:00,B16,0.0
DK1,2025-08-02 21:00:00+00:00,B16,0.0
DK1,2025-08-02 22:00:00+00:00,B16,0.0
DK1,2025-08-02 23:00:00+00:00,B16,0.0
DK1,2025-08-03 00:00:00+00:00,B16,0.0
DK1,2025-08-03 01:00:00+00:00,B16,0.0
DK1,2025-08-03 02:00:00+00:00,B16,0.0
DK1,2025-08-03 03:00:00+00:00,B16,0.0
DK1,2025-08-03 04:00:00+00:00,B16,49.61
DK1,2025-08-03 05:00:00+00:00,B16,249.76
DK1,2025-08-03 06:00:00+00:00,B16,574.86
DK1,2025-08-03 07:00:00+00:00,B16,864.97
DK1,2025-08-03 08:00:00+00:00,B16,1279.52
DK1,2025-08-03 09:00:00+00:00,B16,1077.16
DK1,2025-08-03 10:00:00+00:00,B16,1255.52
DK1,2025-08-03 11:00:00+00:00,B16,1303.31
DK1,2025-08-03 12:00:00+00:00,B16,1608.33
DK1,2025-08-03 13:00:00+00:00,B16,1474.61
DK1,2025-08-03 14:00:00+00:00,B16,1428.87
DK1,2025-08-03 15:00:00+00:00,B16,838.71
DK1,2025-08-03 16:00:00+00:00,B16,411.63
DK1,2025-08-03 17:00:00+00:00,B16,494.21
DK1,2025-08-03 18:00:00+00:00,B16,244.99
DK1,2025-08-03 19:00:00+00:00,B16,14.02
DK1,2025-08-03 20:00:00+00:00,B16,0.0
DK1,2025-08-03 21:00:00+00:00,B16,0.0
DK1,2025-08-03 22:00:00+00:00,B16,0.0
DK1,2025-08-03 23:00:00+00:00,B16,0.0
DK1,2025-08-04 00:00:00+00:00,B16,0.0
DK1,2025-08-04 01:00:00+00:00,B16,0.0
DK1,2025-08-04 02:00:00+00:00,B16,0.0
DK1,2025-08-04 03:00:00+00:00,B16,0.0
DK1,2025-08-04 04:00:00+00:00,B16,37.35
DK1,2025-08-04 05:00:00+00:00,B16,189.36
DK1,2025-08-04 06:00:00+00:00,B16,132.95
DK1,2025-08-04 07:00:00+00:00,B16,531.22
DK1,2025-08-04 08:00:00+00:00,B16,497.37
DK1,2025-08-04 09:00:00+00:00,B16,1020.75
DK1,2025-08-04 10:00:00+00:00,B16,1381.49
DK1,2025-08-04 11:00:00+00:00,B16,769.52
DK1,2025-08-04 12:00:00+00:00,B16,1252.07
DK1,2025-08-04 13:00:00+00:00,B16,1135.26
DK1,2025-08-04 14:00:00+00:00,B16,776.52
DK1,2025-08-04 15:00:00+00:00,B16,787.38
DK1,2025-08-04 16:00:00+00:00,B16,642.77
DK1,2025-08-04 17:00:00+00:00,B16,212.67
DK1,2025-08-04 18:00:00+00:00,B16,157.91
DK1,2025-08-04 19:00:00+00:00,B16,15.24
DK1,2025-08-04 20:00:00+00:00,B16,0.0
DK1,2025-08-04 21:00:00+00:00,B16,0.0
DK1,2025-08-04 22:00:00+00:00,B16,0.0
DK1,2025-08-04 23:00:00+00:00,B16,0.0
DK1,2025-08-05 00:00:00+00:00,B16,0.0
DK1,2025-08-05 01:00:00+00:00,B16,0.0
DK1,2025-08-05 02:00:00+00:00,B16,0.0
DK1,2025-08-05 03:00:00+00:00,B16,0.0
DK1,2025-08-05 04:00:00+00:00,B16,37.09
DK1,2025-08-05 05:00:00+00:00,B16,179.67
DK1,2025-08-05 06:00:00+00:00,B16,495.91
DK1,2025-08-05 07:00:00+00:00,B16,960.56
DK1,2025-08-05 08:00:00+00:00,B16,1354.84
DK1,2025-08-05 09:00:00+00:00,B16,583.26
DK1,2025-08-05 10:00:00+00:00,B16,1753.77
DK1,2025-08-05 11:00:00+00:00,B16,1691.83
DK1,2025-08-05 12:00:00+00:00,B16,1404.25
DK1,2025-08-05 13:00:00+00:00,B16,1755.3
DK1,2025-08-05 14:00:00+00:00,B16,1410.38
DK1,2025-08-05 15:00:00+00:00,B16,1164.85
DK1,2025-08-05 16:00:00+00:00,B16,720.61
DK1,2025-08-05 17:00:00+00:00,B16,496.89
DK1,2025-08-05 18:00:00+00:00,B16,94.71
DK1,2025-08-05 19:00:00+00:00,B16,12.33
DK1,2025-08-05 20:00:00+00:00,B16,0.0
DK1,2025-08-05 21:00:00+00:00,B16,0.0
DK1,2025-08-05 22:00:00+00:00,B16,0.0
DK1,2025-08-05 23:00:00+00:00,B16,0.0
DK1,2025-08-06 00:00:00+00:00,B16,0.0
DK1,2025-08-06 01:00:00+00:00,B16,0.0
DK1,2025-08-06 02:00:00+00:00,B16,0.0
DK1,2025-08-06 03:00:00+00:00,B16,0.0
DK1,2025-08-06 04:00:00+00:00,B16,32.12
DK1,2025-08-06 05:00:00+00:00,B16,152.04
DK1,2025-08-06 06:00:00+00:00,B16,593.15
DK1,2025-08-06 07:00:00+00:00,B16,817.48
DK1,2025-08-06 08:00:00+00:00,B16,587.53
DK1,2025-08-06 09:00:00+00:00,B16,1365.58
DK1,2025-08-06 10:00:00+00:00,B16,1627.87
DK1,2025-08-06 11:00:00+00:00,B16,1707.72
DK1,2025-08-06 12:00:00+00:00,B16,1653.18
DK1,2025-08-06 13:00:00+00:00,B16,1336.12
DK1,2025-08-06 14:00:00+00:00,B16,1394.49
DK1,2025-08-06 15:00:00+00:00,B16,1140.35
DK1,2025-08-06 16:00:00+00:00,B16,677.19
DK1,2025-08-06 17:00:00+00:00,B16,395.63
DK1,2025-08-06 18:00:00+00:00,B16,200.61
DK1,2025-08-06 19:00:00+00:00,B16,9.94
DK1,2025-08-06 20:00:00+00:00,B16,0.0
DK1,2025-08-06 21:00:00+00:00,B16,0.0
DK1,2025-08-06 22:00:00+00:00,B16,0.0
DK1,2025-08-06 23:00:00+00:00,B16,0.0
DK1,2025-08-07 00:00:00+00:00,B16,0.0
DK1,2025-08-07 01:00:00+00:00,B16,0.0
DK1,2025-08-07 02:00:00+00:00,B16,0.0
DK1,2025-08-07 03:00:00+00:00,B16,0.0
DK1,2025-08-07 04:00:00+00:00,B16,32.67
DK1,2025-08-07 05:00:00+00:00,B16,231.07
DK1,2025-08-07 06:00:00+00:00,B16,553.54
DK1,2025-08-07 07:00:00+00:00,B16,798.52
DK1,2025-08-07 08:00:00+00:00,B16,1274.41
DK1,2025-08-07 09:00:00+00:00,B16,869.74
DK1,2025-08-07 10:00:00+00:00,B16,1480.3
DK1,2025-08-07 11:00:00+00:00,B16,1309.9
DK1,2025-08-07 12:00:00+00:00,B16,1311.47
DK1,2025-08-07 13:00:00+00:00,B16,976.24
DK1,2025-08-07 14:00:00+00:00,B16,1362.67
DK1,2025-08-07 15:00:00+00:00,B16,820.69
DK1,2025-08-07 16:00:00+00:00,B16,532.43
DK1,2025-08-07 17:00:00+00:00,B16,385.59
DK1,2025-08-07 18:00:00+00:00,B16,174.07
DK1,2025-08-07 19:00:00+00:00,B16,5.44
DK1,2025-08-07 20:00:00+00:00,B16,0.0
DK1,2025-08-07 21:00:00+00:00,B16,0.0
DK1,2025-08-07 22:00:00+00:00,B16,0.0
DK1,2025-08-07 23:00:00+00:00,B16,0.0
DK1,2025-08-08 00:00:00+00:00,B16,0.0
DK1,2025-08-08 01:00:00+00:00,B16,0.0
DK1,2025-08-08 02:00:00+00:00,B16,0.0
DK1,2025-08-08 03:00:00+00:00,B16,0.0
DK1,2025-08-08 04:00:00+00:00,B16,25.81
DK1,2025-08-08 05:00:00+00:00,B16,216.39
DK1,2025-08-08 06:00:00+00:00,B16,460.09
DK1,2025-08-08 07:00:00+00:00,B16,624.92
DK1,2025-08-08 08:00:00+00:00,B16,919.36
DK1,2025-08-08 09:00:00+00:00,B16,368.65
DK1,2025-08-08 10:00:00+00:00,B16,1198.32
DK1,2025-08-08 11:00:00+00:00,B16,751.51
DK1,2025-08-08 12:00:00+00:00,B16,1393.49
DK1,2025-08-08 13:00:00+00:00,B16,1259.21
DK1,2025-08-08 14:00:00+00:00,B16,776.43
DK1,2025-08-08 15:00:00+00:00,B16,739.54
DK1,2025-08-08 16:00:00+00:00,B16,662.58
DK1,2025-08-08 17:00:00+00:00,B16,295.54
DK1,2025-08-08 18:00:00+00:00,B16,47.46
DK1,2025-08-08 19:00:00+00:00,B16,3.0
DK1,2025-08-08 20:00:00+00:00,B16,0.0
DK1,2025-08-08 21:00:00+00:00,B16,0.0
DK1,2025-08-08 22:00:00+00:00,B16,0.0
DK1,2025-08-08 23:00:00+00:00,B16,0.0
DK1,2025-08-09 00:00:00+00:00,B16,0.0
DK1,2025-08-09 01:00:00+00:00,B16,0.0
DK1,2025-08-09 02:00:00+00:00,B16,0.0
DK1,2025-08-09 03:00:00+00:00,B16,0.0
DK1,2025-08-09 04:00:00+00:00,B16,21.21
DK1,2025-08-09 05:00:00+00:00,B16,198.37
DK1,2025-08-09 06:00:00+00:00,B16,465.93
DK1,2025-08-09 07:00:00+00:00,B16,402.78
DK1,2025-08-09 08:00:00+00:00,B16,1001.6
DK1,2025-08-09 09:00:00+00:00,B16,1167.3
DK1,2025-08-09 10:00:00+00:00,B16,1380.47
DK1,2025-08-09 11:00:00+00:00,B16,1395.25
DK1,2025-08-09 12:00:00+00:00,B16,1368.83
DK1,2025-08-09 13:00:00+00:00,B16,956.18
DK1,2025-08-09 14:00:00+00:00,B16,1114.34
DK1,2025-08-09 15:00:00+00:00,B16,887.42
DK1,2025-08-09 16:00:00+00:00,B16,645.61
DK1,2025-08-09 17:00:00+00:00,B16,404.55
DK1,2025-08-09 18:00:00+00:00,B16,134.98
DK1,2025-08-09 19:00:00+00:00,B16,0.8
DK1,2025-08-09 20:00:00+00:00,B16,0.0
DK1,2025-08-09 21:00:00+00:00,B16,0.0
DK1,2025-08-09 22:00:00+00:00,B16,0.0
DK1,2025-08-09 23:00:00+00:00,B16,0.0
DK1,2025-08-10 00:00:00+00:00,B16,0.0
DK1,2025-08-10 01:00:00+00:00,B16,0.0
DK1,2025-08-10 02:00:00+00:00,B16,0.0
DK1,2025-08-10 03:00:00+00:00,B16,0.0
DK1,2025-08-10 04:00:00+00:00,B16,19.86
DK1,2025-08-10 05:00:00+00:00,B16,122.7
DK1,2025-08-10 06:00:00+00:00,B16,158.5
DK1,2025-08-10 07:00:00+00:00,B16,814.58
DK1,2025-08-10 08:00:00+00:00,B16,1057.52
DK1,2025-08-10 09:00:00+00:00,B16,1227.74
DK1,2025-08-10 10:00:00+00:00,B16,1478.65
DK1,2025-08-10 11:00:00+00:00,B16,1581.42
DK1,2025-08-10 12:00:00+00:00,B16,562.25
DK1,2025-08-10 13:00:00+00:00,B16,1330.39
DK1,2025-08-10 14:00:00+00:00,B16,1157.69
DK1,2025-08-10 15:00:00+00:00,B16,792.74
DK1,2025-08-10 16:00:00+00:00,B16,722.37
DK1,2025-08-10 17:00:00+00:00,B16,409.43
DK1,2025-08-10 18:00:00+00:00,B16,119.22
DK1,2025-08-10 19:00:00+00:00,B16,0.0
DK1,2025-08-10 20:00:00+00:00,B16,0.0
DK1,2025-08-10 21:00:00+00:00,B16,0.0
DK1,2025-08-10 22:00:00+00:00,B16,0.0
DK1,2025-08-10 23:00:00+00:00,B16,0.0
DK1,2025-08-11 00:00:00+00:00,B16,0.0
DK1,2025-08-11 01:00:00+00:00,B16,0.0
DK1,2025-08-11 02:00:00+00:00,B16,0.0
DK1,2025-08-11 03:00:00+00:00,B16,0.0
DK1,2025-08-11 04:00:00+00:00,B16,6.12
DK1,2025-08-11 05:00:00+00:00,B16,163.93
DK1,2025-08-11 06:00:00+00:00,B16,480.85
DK1,2025-08-11 07:00:00+00:00,B16,400.52
DK1,2025-08-11 08:00:00+00:00,B16,943.01
DK1,2025-08-11 09:00:00+00:00,B16,1462.09
DK1,2025-08-11 10:00:00+00:00,B16,1507.17
DK1,2025-08-11 11:00:00+00:00,B16,1661.78
DK1,2025-08-11 12:00:00+00:00,B16,1201.24
DK1,2025-08-11 13:00:00+00:00,B16,1476.46
DK1,2025-08-11 14:00:00+00:00,B16,1085.37
DK1,2025-08-11 15:00:00+00:00,B16,979.47
DK1,2025-08-11 16:00:00+00:00,B16,398.96
DK1,2025-08-11 17:00:00+00:00,B16,271.42
DK1,2025-08-11 18:00:00+00:00,B16,100.19
DK1,2025-08-11 19:00:00+00:00,B16,0.0
DK1,2025-08-11 20:00:00+00:00,B16,0.0
DK1,2025-08-11 21:00:00+00:00,B16,0.0
DK1,2025-08-11 22:00:00+00:00,B16,0.0
DK1,2025-08-11 23:00:00+00:00,B16,0.0
DK1,2025-08-12 00:00:00+00:00,B16,0.0
DK1,2025-08-12 01:00:00+00:00,B16,0.0
DK1,2025-08-12 02:00:00+00:00,B16,0.0
DK1,2025-08-12 03:00:00+00:00,B16,0.0
DK1,2025-08-12 04:00:00+00:00,B16,13.43
DK1,2025-08-12 05:00:00+00:00,B16,193.88
DK1,2025-08-12 06:00:00+00:00,B16,488.78
DK1,2025-08-12 07:00:00+00:00,B16,634.76
DK1,2025-08-12 08:00:00+00:00,B16,739.39
DK1,2025-08-12 09:00:00+00:00,B16,1508.42
DK1,2025-08-12 10:00:00+00:00,B16,1400.7
DK1,2025-08-12 11:00:00+00:00,B16,1323.14
DK1,2025-08-12 12:00:00+00:00,B16,814.64
DK1,2025-08-12 13:00:00+00:00,B16,1356.35
DK1,2025-08-12 14:00:00+00:00,B16,1037.38
DK1,2025-08-12 15:00:00+00:00,B16,931.93
DK1,2025-08-12 16:00:00+00:00,B16,782.35
DK1,2025-08-12 17:00:00+00:00,B16,361.37
DK1,2025-08-12 18:00:00+00:00,B16,153.27
DK1,2025-08-12 19:00:00+00:00,B16,0.0
DK1,2025-08-12 20:00:00+00:00,B16,0.0
DK1,2025-08-12 21:00:00+00:00,B16,0.0
DK1,2025-08-12 22:00:00+00:00,B16,0.0
DK1,2025-08-12 23:00:00+00:00,B16,0.0
DK1,2025-08-13 00:00:00+00:00,B16,0.0
DK1,2025-08-13 01:00:00+00:00,B16,0.0
DK1,2025-08-13 02:00:00+00:00,B16,0.0
DK1,2025-08-13 03:00:00+00:00,B16,0.0
DK1,2025-08-13 04:00:00+00:00,B16,9.73
DK1,2025-08-13 05:00:00+00:00,B16,195.06
DK1,2025-08-13 06:00:00+00:00,B16,134.39
DK1,2025-08-13 07:00:00+00:00,B16,748.3
DK1,2025-08-13 08:00:00+00:00,B16,1074.2
DK1,2025-08-13 09:00:00+00:00,B16,1218.03
DK1,2025-08-13 10:00:00+00:00,B16,1389.0
DK1,2025-08-13 11:00:00+00:00,B16,1442.32
DK1,2025-08-13 12:00:00+00:00,B16,1485.06
DK1,2025-08-13 13:00:00+00:00,B16,1253.91
DK1,2025-08-13 14:00:00+00:00,B16,1211.45
DK1,2025-08-13 15:00:00+00:00,B16,875.14
DK1,2025-08-13 16:00:00+00:00,B16,757.09
DK1,2025-08-13 17:00:00+00:00,B16,403.1
DK1,2025-08-13 18:00:00+00:00,B16,123.14
DK1,2025-08-13 19:00:00+00:00,B16,0.0
DK1,2025-08-13 20:00:00+00:00,B16,0.0
DK1,2025-08-13 21:00:00+00:00,B16,0.0
DK1,2025-08-13 22:00:00+00:00,B16,0.0
DK1,2025-08-13 23:00:00+00:00,B16,0.0
DK1,2025-08-14 00:00:00+00:00,B16,0.0
DK1,2025-08-14 01:00:00+00:00,B16,0.0
DK1,2025-08-14 02:00:00+00:00,B16,0.0
DK1,2025-08-14 03:00:00+00:00,B16,0.0
DK1,2025-08-14 04:00:00+00:00,B16,6.0
DK1,2025-08-14 05:00:00+00:00,B16,180.23
DK1,2025-08-14 06:00:00+00:00,B16,397.18
DK1,2025-08-14 07:00:00+00:00,B16,542.12
DK1,2025-08-14 08:00:00+00:00,B16,1023.51
DK1,2025-08-14 09:00:00+00:00,B16,1260.88
DK1,2025-08-14 10:00:00+00:00,B16,1558.84
DK1,2025-08-14 11:00:00+00:00,B16,1691.12
DK1,2025-08-14 12:00:00+00:00,B16,1608.83
DK1,2025-08-14 13:00:00+00:00,B16,1334.4
DK1,2025-08-14 14:00:00+00:00,B16,1306.66
DK1,2025-08-14 15:00:00+00:00,B16,927.02
DK1,2025-08-14 16:00:00+00:00,B16,705.51
DK1,2025-08-14 17:00:00+00:00,B16,392.2
DK1,2025-08-14 18:00:00+00:00,B16,115.43
DK1,2025-08-14 19:00:00+00:00,B16,0.0
DK1,2025-08-14 20:00:00+00:00,B16,0.0
DK1,2025-08-14 21:00:00+00:00,B16,0.0
DK1,2025-08-14 22:00:00+00:00,B16,0.0
DK1,2025-08-14 23:00:00+00:00,B16,0.0
DK1,2025-08-15 00:00:00+00:00,B16,0.0
DK1,2025-08-15 01:00:00+00:00,B16,0.0
DK1,2025-08-15 02:00:00+00:00,B16,0.0
DK1,2025-08-15 03:00:00+00:00,B16,0.0
DK1,2025-08-15 04:00:00+00:00,B16,2.35
DK1,2025-08-15 05:00:00+00:00,B16,147.19
DK1,2025-08-15 06:00:00+00:00,B16,351.1
DK1,2025-08-15 07:00:00+00:00,B16,630.47
DK1,2025-08-15 08:00:00+00:00,B16,819.72
DK1,2025-08-15 09:00:00+00:00,B16,1044.77
DK1,2025-08-15 10:00:00+00:00,B16,474.51
DK1,2025-08-15 11:00:00+00:00,B16,1268.98
DK1,2025-08-15 12:00:00+00:00,B16,1309.44
DK1,2025-08-15 13:00:00+00:00,B16,1170.55
DK1,2025-08-15 14:00:00+00:00,B16,827.4
DK1,2025-08-15 15:00:00+00:00,B16,818.42
DK1,2025-08-15 16:00:00+00:00,B16,413.99
DK1,2025-08-15 17:00:00+00:00,B16,296.79
DK1,2025-08-15 18:00:00+00:00,B16,79.53
DK1,2025-08-15 19:00:00+00:00,B16,0.0
DK1,2025-08-15 20:00:00+00:00,B16,0.0
DK1,2025-08-15 21:00:00+00:00,B16,0.0
DK1,2025-08-15 22:00:00+00:00,B16,0.0
DK1,2025-08-15 23:00:00+00:00,B16,0.0
DK1,2025-08-16 00:00:00+00:00,B16,0.0
DK1,2025-08-16 01:00:00+00:00,B16,0.0
DK1,2025-08-16 02:00:00+00:00,B16,0.0
DK1,2025-08-16 03:00:00+00:00,B16,0.0
DK1,2025-08-16 04:00:00+00:00,B16,0.23
DK1,2025-08-16 05:00:00+00:00,B16,142.71
DK1,2025-08-16 06:00:00+00:00,B16,200.35
DK1,2025-08-16 07:00:00+00:00,B16,785.99
DK1,2025-08-16 08:00:00+00:00,B16,1130.91
DK1,2025-08-16 09:00:00+00:00,B16,1512.97
DK1,2025-08-16 10:00:00+00:00,B16,1842.38
DK1,2025-08-16 11:00:00+00:00,B16,653.89
DK1,2025-08-16 12:00:00+00:00,B16,1779.89
DK1,2025-08-16 13:00:00+00:00,B16,618.66
DK1,2025-08-16 14:00:00+00:00,B16,1441.57
DK1,2025-08-16 15:00:00+00:00,B16,1042.21
DK1,2025-08-16 16:00:00+00:00,B16,802.58
DK1,2025-08-16 17:00:00+00:00,B16,428.71
DK1,2025-08-16 18:00:00+00:00,B16,127.45
DK1,2025-08-16 19:00:00+00:00,B16,0.0
DK1,2025-08-16 20:00:00+00:00,B16,0.0
DK1,2025-08-16 21:00:00+00:00,B16,0.0
DK1,2025-08-16 22:00:00+00:00,B16,0.0
DK1,2025-08-16 23:00:00+00:00,B16,0.0
DK1,2025-08-17 00:00:00+00:00,B16,0.0
DK1,2025-08-17 01:00:00+00:00,B16,0.0
DK1,2025-08-17 02:00:00+00:00,B16,0.0
DK1,2025-08-17 03:00:00+00:00,B16,0.0
DK1,2025-08-17 04:00:00+00:00,B16,0.0
DK1,2025-08-17 05:00:00+00:00,B16,148.65
DK1,2025-08-17 06:00:00+00:00,B16,290.3
DK1,2025-08-17 07:00:00+00:00,B16,741.83
DK1,2025-08-17 08:00:00+00:00,B16,1101.56
DK1,2025-08-17 09:00:00+00:00,B16,1086.57
DK1,2025-08-17 10:00:00+00:00,B16,1541.22
DK1,2025-08-17 11:00:00+00:00,B16,1283.02
DK1,2025-08-17 12:00:00+00:00,B16,1506.35
DK1,2025-08-17 13:00:00+00:00,B16,938.89
DK1,2025-08-17 14:00:00+00:00,B16,1009.34
DK1,2025-08-17 15:00:00+00:00,B16,929.43
DK1,2025-08-17 16:00:00+00:00,B16,584.34
DK1,2025-08-17 17:00:00+00:00,B16,330.0
DK1,2025-08-17 18:00:00+00:00,B16,93.85
DK1,2025-08-17 19:00:00+00:00,B16,0.0
DK1,2025-08-17 20:00:00+00:00,B16,0.0
DK1,2025-08-17 21:00:00+00:00,B16,0.0
DK1,2025-08-17 22:00:00+00:00,B16,0.0
DK1,2025-08-17 23:00:00+00:00,B16,0.0
DK1,2025-08-18 00:00:00+00:00,B16,0.0
DK1,2025-08-18 01:00:00+00:00,B16,0.0
DK1,2025-08-18 02:00:00+00:00,B16,0.0
DK1,2025-08-18 03:00:00+00:00,B16,0.0
DK1,2025-08-18 04:00:00+00:00,B16,0.0
DK1,2025-08-18 05:00:00+00:00,B16,138.18
DK1,2025-08-18 06:00:00+00:00,B16,350.53
DK1,2025-08-18 07:00:00+00:00,B16,391.98
DK1,2025-08-18 08:00:00+00:00,B16,908.26
DK1,2025-08-18 09:00:00+00:00,B16,1043.14
DK1,2025-08-18 10:00:00+00:00,B16,1238.64
DK1,2025-08-18 11:00:00+00:00,B16,1163.27
DK1,2025-08-18 12:00:00+00:00,B16,1298.33
DK1,2025-08-18 13:00:00+00:00,B16,982.69
DK1,2025-08-18 14:00:00+00:00,B16,1025.53
DK1,2025-08-18 15:00:00+00:00,B16,765.68
DK1,2025-08-18 16:00:00+00:00,B16,428.8
DK1,2025-08-18 17:00:00+00:00,B16,302.23
DK1,2025-08-18 18:00:00+00:00,B16,97.42
DK1,2025-08-18 19:00:00+00:00,B16,0.0
DK1,2025-08-18 20:00:00+00:00,B16,0.0
DK1,2025-08-18 21:00:00+00:00,B16,0.0
DK1,2025-08-18 22:00:00+00:00,B16,0.0
DK1,2025-08-18 23:00:00+00:00,B16,0.0
DK1,2025-08-19 00:00:00+00:00,B16,0.0
DK1,2025-08-19 01:00:00+00:00,B16,0.0
DK1,2025-08-19 02:00:00+00:00,B16,0.0
DK1,2025-08-19 03:00:00+00:00,B16,0.0
DK1,2025-08-19 04:00:00+00:00,B16,0.0
DK1,2025-08-19 05:00:00+00:00,B16,169.23
DK1,2025-08-19 06:00:00+00:00,B16,363.26
DK1,2025-08-19 07:00:00+00:00,B16,877.26
DK1,2025-08-19 08:00:00+00:00,B16,433.45
DK1,2025-08-19 09:00:00+00:00,B16,1563.22
DK1,2025-08-19 10:00:00+00:00,B16,1660.56
DK1,2025-08-19 11:00:00+00:00,B16,976.68
DK1,2025-08-19 12:00:00+00:00,B16,1855.98
DK1,2025-08-19 13:00:00+00:00,B16,1381.77
DK1,2025-08-19 14:00:00+00:00,B16,1284.02
DK1,2025-08-19 15:00:00+00:00,B16,992.65
DK1,2025-08-19 16:00:00+00:00,B16,560.65
DK1,2025-08-19 17:00:00+00:00,B16,358.89
DK1,2025-08-19 18:00:00+00:00,B16,111.23
DK1,2025-08-19 19:00:00+00:00,B16,0.0
DK1,2025-08-19 20:00:00+00:00,B16,0.0
DK1,2025-08-19 21:00:00+00:00,B16,0.0
DK1,2025-08-19 22:00:00+00:00,B16,0.0
DK1,2025-08-19 23:00:00+00:00,B16,0.0
DK1,2025-08-20 00:00:00+00:00,B16,0.0
DK1,2025-08-20 01:00:00+00:00,B16,0.0
DK1,2025-08-20 02:00:00+00:00,B16,0.0
DK1,2025-08-20 03:00:00+00:00,B16,0.0
DK1,2025-08-20 04:00:00+00:00,B16,0.0
DK1,2025-08-20 05:00:00+00:00,B16,92.97
DK1,2025-08-20 06:00:00+00:00,B16,348.37
DK1,2025-08-20 07:00:00+00:00,B16,598.52
DK1,2025-08-20 08:00:00+00:00,B16,824.96
DK1,2025-08-20 09:00:00+00:00,B16,660.66
DK1,2025-08-20 10:00:00+00:00,B16,938.77
DK1,2025-08-20 11:00:00+00:00,B16,1248.77
DK1,2025-08-20 12:00:00+00:00,B16,568.18
DK1,2025-08-20 13:00:00+00:00,B16,1012.3
DK1,2025-08-20 14:00:00+00:00,B16,998.41
DK1,2025-08-20 15:00:00+00:00,B16,714.72
DK1,2025-08-20 16:00:00+00:00,B16,426.88
DK1,2025-08-20 17:00:00+00:00,B16,248.31
DK1,2025-08-20 18:00:00+00:00,B16,66.87
DK1,2025-08-20 19:00:00+00:00,B16,0.0
DK1,2025-08-20 20:00:00+00:00,B16,0.0
DK1,2025-08-20 21:00:00+00:00,B16,0.0
DK1,2025-08-20 22:00:00+00:00,B16,0.0
DK1,2025-08-20 23:00:00+00:00,B16,0.0
DK1,2025-08-21 00:00:00+00:00,B16,0.0
DK1,2025-08-21 01:00:00+00:00,B16,0.0
DK1,2025-08-21 02:00:00+00:00,B16,0.0
DK1,2025-08-21 03:00:00+00:00,B16,0.0
DK1,2025-08-21 04:00:00+00:00,B16,0.0
DK1,2025-08-21 05:00:00+00:00,B16,97.71
DK1,2025-08-21 06:00:00+00:00,B16,269.78
DK1,2025-08-21 07:00:00+00:00,B16,591.42
DK1,2025-08-21 08:00:00+00:00,B16,740.55
DK1,2025-08-21 09:00:00+00:00,B16,818.58
DK1,2025-08-21 10:00:00+00:00,B16,1186.39
DK1,2025-08-21 11:00:00+00:00,B16,1062.05
DK1,2025-08-21 12:00:00+00:00,B16,1228.72
DK1,2025-08-21 13:00:00+00:00,B16,947.32
DK1,2025-08-21 14:00:00+00:00,B16,926.14
DK1,2025-08-21 15:00:00+00:00,B16,692.78
DK1,2025-08-21 16:00:00+00:00,B16,480.44
DK1,2025-08-21 17:00:00+00:00,B16,200.48
DK1,2025-08-21 18:00:00+00:00,B16,56.28
DK1,2025-08-21 19:00:00+00:00,B16,0.0
DK1,2025-08-21 20:00:00+00:00,B16,0.0
DK1,2025-08-21 21:00:00+00:00,B16,0.0
DK1,2025-08-21 22:00:00+00:00,B16,0.0
DK1,2025-08-21 23:00:00+00:00,B16,0.0
DK1,2025-08-22 00:00:00+00:00,B16,0.0
DK1,2025-08-22 01:00:00+00:00,B16,0.0
DK1,2025-08-22 02:00:00+00:00,B16,0.0
DK1,2025-08-22 03:00:00+00:00,B16,0.0
DK1,2025-08-22 04:00:00+00:00,B16,0.0
DK1,2025-08-22 05:00:00+00:00,B16,110.73
DK1,2025-08-22 06:00:00+00:00,B16,215.03
DK1,2025-08-22 07:00:00+00:00,B16,272.31
DK1,2025-08-22 08:00:00+00:00,B16,1107.13
DK1,2025-08-22 09:00:00+00:00,B16,1242.78
DK1,2025-08-22 10:00:00+00:00,B16,1267.46
DK1,2025-08-22 11:00:00+00:00,B16,1098.88
DK1,2025-08-22 12:00:00+00:00,B16,1539.79
DK1,2025-08-22 13:00:00+00:00,B16,1264.57
DK1,2025-08-22 14:00:00+00:00,B16,616.82
DK1,2025-08-22 15:00:00+00:00,B16,880.16
DK1,2025-08-22 16:00:00+00:00,B16,584.87
DK1,2025-08-22 17:00:00+00:00,B16,294.39
DK1,2025-08-22 18:00:00+00:00,B16,78.5
DK1,2025-08-22 19:00:00+00:00,B16,0.0
DK1,2025-08-22 20:00:00+00:00,B16,0.0
DK1,2025-08-22 21:00:00+00:00,B16,0.0
DK1,2025-08-22 22:00:00+00:00,B16,0.0
DK1,2025-08-22 23:00:00+00:00,B16,0.0
DK1,2025-08-23 00:00:00+00:00,B16,0.0
DK1,2025-08-23 01:00:00+00:00,B16,0.0
DK1,2025-08-23 02:00:00+00:00,B16,0.0
DK1,2025-08-23 03:00:00+00:00,B16,0.0
DK1,2025-08-23 04:00:00+00:00,B16,0.0
DK1,2025-08-23 05:00:00+00:00,B16,93.7
DK1,2025-08-23 06:00:00+00:00,B16,302.53
DK1,2025-08-23 07:00:00+00:00,B16,605.66
DK1,2025-08-23 08:00:00+00:00,B16,798.35
DK1,2025-08-23 09:00:00+00:00,B16,1099.03
DK1,2025-08-23 10:00:00+00:00,B16,1090.02
DK1,2025-08-23 11:00:00+00:00,B16,1238.5
DK1,2025-08-23 12:00:00+00:00,B16,1238.68
DK1,2025-08-23 13:00:00+00:00,B16,1090.11
DK1,2025-08-23 14:00:00+00:00,B16,916.94
DK1,2025-08-23 15:00:00+00:00,B16,645.95
DK1,2025-08-23 16:00:00+00:00,B16,352.56
DK1,2025-08-23 17:00:00+00:00,B16,248.13
DK1,2025-08-23 18:00:00+00:00,B16,54.46
DK1,2025-08-23 19:00:00+00:00,B16,0.0
DK1,2025-08-23 20:00:00+00:00,B16,0.0
DK1,2025-08-23 21:00:00+00:00,B16,0.0
DK1,2025-08-23 22:00:00+00:00,B16,0.0
DK1,2025-08-23 23:00:00+00:00,B16,0.0
DK1,2025-08-24 00:00:00+00:00,B16,0.0
DK1,2025-08-24 01:00:00+00:00,B16,0.0
DK1,2025-08-24 02:00:00+00:00,B16,0.0
DK1,2025-08-24 03:00:00+00:00,B16,0.0
DK1,2025-08-24 04:00:00+00:00,B16,0.0
DK1,2025-08-24 05:00:00+00:00,B16,110.44
DK1,2025-08-24 06:00:00+00:00,B16,272.55
DK1,2025-08-24 07:00:00+00:00,B16,575.61
DK1,2025-08-24 08:00:00+00:00,B16,1056.9
DK1,2025-08-24 09:00:00+00:00,B16,1313.61
DK1,2025-08-24 10:00:00+00:00,B16,1435.54
DK1,2025-08-24 11:00:00+00:00,B16,543.57
DK1,2025-08-24 12:00:00+00:00,B16,1543.86
DK1,2025-08-24 13:00:00+00:00,B16,1532.07
DK1,2025-08-24 14:00:00+00:00,B16,544.64
DK1,2025-08-24 15:00:00+00:00,B16,965.84
DK1,2025-08-24 16:00:00+00:00,B16,485.04
DK1,2025-08-24 17:00:00+00:00,B16,323.4
DK1,2025-08-24 18:00:00+00:00,B16,64.46
DK1,2025-08-24 19:00:00+00:00,B16,0.0
DK1,2025-08-24 20:00:00+00:00,B16,0.0
DK1,2025-08-24 21:00:00+00:00,B16,0.0
DK1,2025-08-24 22:00:00+00:00,B16,0.0
DK1,2025-08-24 23:00:00+00:00,B16,0.0
DK1,2025-08-25 00:00:00+00:00,B16,0.0
DK1,2025-08-25 01:00:00+00:00,B16,0.0
DK1,2025-08-25 02:00:00+00:00,B16,0.0
DK1,2025-08-25 03:00:00+00:00,B16,0.0
DK1,2025-08-25 04:00:00+00:00,B16,0.0
DK1,2025-08-25 05:00:00+00:00,B16,122.04
DK1,2025-08-25 06:00:00+00:00,B16,329.08
DK1,2025-08-25 07:00:00+00:00,B16,225.46
DK1,2025-08-25 08:00:00+00:00,B16,1033.7
DK1,2025-08-25 09:00:00+00:00,B16,1284.39
DK1,2025-08-25 10:00:00+00:00,B16,1269.47
DK1,2025-08-25 11:00:00+00:00,B16,1330.39
DK1,2025-08-25 12:00:00+00:00,B16,1736.78
DK1,2025-08-25 13:00:00+00:00,B16,1146.43
DK1,2025-08-25 14:00:00+00:00,B16,1333.4
DK1,2025-08-25 15:00:00+00:00,B16,938.84
DK1,2025-08-25 16:00:00+00:00,B16,652.21
DK1,2025-08-25 17:00:00+00:00,B16,309.01
DK1,2025-08-25 18:00:00+00:00,B16,41.52
DK1,2025-08-25 19:00:00+00:00,B16,0.0
DK1,2025-08-25 20:00:00+00:00,B16,0.0
DK1,2025-08-25 21:00:00+00:00,B16,0.0
DK1,2025-08-25 22:00:00+00:00,B16,0.0
DK1,2025-08-25 23:00:00+00:00,B16,0.0
DK1,2025-08-26 00:00:00+00:00,B16,0.0
DK1,2025-08-26 01:00:00+00:00,B16,0.0
DK1,2025-08-26 02:00:00+00:00,B16,0.0
DK1,2025-08-26 03:00:00+00:00,B16,0.0
DK1,2025-08-26 04:00:00+00:00,B16,0.0
DK1,2025-08-26 05:00:00+00:00,B16,91.0
DK1,2025-08-26 06:00:00+00:00,B16,144.73
DK1,2025-08-26 07:00:00+00:00,B16,542.32
DK1,2025-08-26 08:00:00+00:00,B16,842.1
DK1,2025-08-26 09:00:00+00:00,B16,1172.65
DK1,2025-08-26 10:00:00+00:00,B16,1132.99
DK1,2025-08-26 11:00:00+00:00,B16,913.3
DK1,2025-08-26 12:00:00+00:00,B16,1210.02
DK1,2025-08-26 13:00:00+00:00,B16,1299.94
DK1,2025-08-26 14:00:00+00:00,B16,920.89
DK1,2025-08-26 15:00:00+00:00,B16,829.82
DK1,2025-08-26 16:00:00+00:00,B16,369.34
DK1,2025-08-26 17:00:00+00:00,B16,265.75
DK1,2025-08-26 18:00:00+00:00,B16,42.59
DK1,2025-08-26 19:00:00+00:00,B16,0.0
DK1,2025-08-26 20:00:00+00:00,B16,0.0
DK1,2025-08-26 21:00:00+00:00,B16,0.0
DK1,2025-08-26 22:00:00+00:00,B16,0.0
DK1,2025-08-26 23:00:00+00:00,B16,0.0
DK1,2025-08-27 00:00:00+00:00,B16,0.0
DK1,2025-08-27 01:00:00+00:00,B16,0.0
DK1,2025-08-27 02:00:00+00:00,B16,0.0
DK1,2025-08-27 03:00:00+00:00,B16,0.0
DK1,2025-08-27 04:00:00+00:00,B16,0.0
DK1,2025-08-27 05:00:00+00:00,B16,98.68
DK1,2025-08-27 06:00:00+00:00,B16,401.71
DK1,2025-08-27 07:00:00+00:00,B16,677.35
DK1,2025-08-27 08:00:00+00:00,B16,733.03
DK1,2025-08-27 09:00:00+00:00,B16,430.8
DK1,2025-08-27 10:00:00+00:00,B16,1674.81
DK1,2025-08-27 11:00:00+00:00,B16,1857.17
DK1,2025-08-27 12:00:00+00:00,B16,1677.59
DK1,2025-08-27 13:00:00+00:00,B16,1590.09
DK1,2025-08-27 14:00:00+00:00,B16,1236.21
DK1,2025-08-27 15:00:00+00:00,B16,958.49
DK1,2025-08-27 16:00:00+00:00,B16,559.27
DK1,2025-08-27 17:00:00+00:00,B16,270.16
DK1,2025-08-27 18:00:00+00:00,B16,49.79
DK1,2025-08-27 19:00:00+00:00,B16,0.0
DK1,2025-08-27 20:00:00+00:00,B16,0.0
DK1,2025-08-27 21:00:00+00:00,B16,0.0
DK1,2025-08-27 22:00:00+00:00,B16,0.0
DK1,2025-08-27 23:00:00+00:00,B16,0.0
DK1,2025-08-28 00:00:00+00:00,B16,0.0
DK1,2025-08-28 01:00:00+00:00,B16,0.0
DK1,2025-08-28 02:00:00+00:00,B16,0.0
DK1,2025-08-28 03:00:00+00:00,B16,0.0
DK1,2025-08-28 04:00:00+00:00,B16,0.0
DK1,2025-08-28 05:00:00+00:00,B16,64.5
DK1,2025-08-28 06:00:00+00:00,B16,264.7
DK1,2025-08-28 07:00:00+00:00,B16,510.07
DK1,2025-08-28 08:00:00+00:00,B16,682.57
DK1,2025-08-28 09:00:00+00:00,B16,494.11
DK1,2025-08-28 10:00:00+00:00,B16,1322.46
DK1,2025-08-28 11:00:00+00:00,B16,1243.47
DK1,2025-08-28 12:00:00+00:00,B16,1359.34
DK1,2025-08-28 13:00:00+00:00,B16,1113.8
DK1,2025-08-28 14:00:00+00:00,B16,736.22
DK1,2025-08-28 15:00:00+00:00,B16,728.58
DK1,2025-08-28 16:00:00+00:00,B16,219.11
DK1,2025-08-28 17:00:00+00:00,B16,168.6
DK1,2025-08-28 18:00:00+00:00,B16,27.05
DK1,2025-08-28 19:00:00+00:00,B16,0.0
DK1,2025-08-28 20:00:00+00:00,B16,0.0
DK1,2025-08-28 21:00:00+00:00,B16,0.0
DK1,2025-08-28 22:00:00+00:00,B16,0.0
DK1,2025-08-28 23:00:00+00:00,B16,0.0
DK1,2025-08-29 00:00:00+00:00,B16,0.0
DK1,2025-08-29 01:00:00+00:00,B16,0.0
DK1,2025-08-29 02:00:00+00:00,B16,0.0
DK1,2025-08-29 03:00:00+00:00,B16,0.0
DK1,2025-08-29 04:00:00+00:00,B16,0.0
DK1,2025-08-29 05:00:00+00:00,B16,65.88
DK1,2025-08-29 06:00:00+00:00,B16,153.87
DK1,2025-08-29 07:00:00+00:00,B16,500.43
DK1,2025-08-29 08:00:00+00:00,B16,840.64
DK1,2025-08-29 09:00:00+00:00,B16,1281.86
DK1,2025-08-29 10:00:00+00:00,B16,1277.71
DK1,2025-08-29 11:00:00+00:00,B16,1207.63
DK1,2025-08-29 12:00:00+00:00,B16,1214.2
DK1,2025-08-29 13:00:00+00:00,B16,1255.7
DK1,2025-08-29 14:00:00+00:00,B16,980.82
DK1,2025-08-29 15:00:00+00:00,B16,786.41
DK1,2025-08-29 16:00:00+00:00,B16,508.08
DK1,2025-08-29 17:00:00+00:00,B16,229.02
DK1,2025-08-29 18:00:00+00:00,B16,31.77
DK1,2025-08-29 19:00:00+00:00,B16,0.0
DK1,2025-08-29 20:00:00+00:00,B16,0.0
DK1,2025-08-29 21:00:00+00:00,B16,0.0
DK1,2025-08-29 22:00:00+00:00,B16,0.0
DK1,2025-08-29 23:00:00+00:00,B16,0.0
DK1,2025-08-30 00:00:00+00:00,B16,0.0
DK1,2025-08-30 01:00:00+00:00,B16,0.0
DK1,2025-08-30 02:00:00+00:00,B16,0.0
DK1,2025-08-30 03:00:00+00:00,B16,0.0
DK1,2025-08-30 04:00:00+00:00,B16,0.0
DK1,2025-08-30 05:00:00+00:00,B16,59.29
DK1,2025-08-30 06:00:00+00:00,B16,306.88
DK1,2025-08-30 07:00:00+00:00,B16,627.76
DK1,2025-08-30 08:00:00+00:00,B16,736.24
DK1,2025-08-30 09:00:00+00:00,B16,1306.9
DK1,2025-08-30 10:00:00+00:00,B16,1469.19
DK1,2025-08-30 11:00:00+00:00,B16,1573.03
DK1,2025-08-30 12:00:00+00:00,B16,1606.53
DK1,2025-08-30 13:00:00+00:00,B16,1344.0
DK1,2025-08-30 14:00:00+00:00,B16,1178.95
DK1,2025-08-30 15:00:00+00:00,B16,521.72
DK1,2025-08-30 16:00:00+00:00,B16,417.75
DK1,2025-08-30 17:00:00+00:00,B16,297.63
DK1,2025-08-30 18:00:00+00:00,B16,25.73
DK1,2025-08-30 19:00:00+00:00,B16,0.0
DK1,2025-08-30 20:00:00+00:00,B16,0.0
DK1,2025-08-30 21:00:00+00:00,B16,0.0
DK1,2025-08-30 22:00:00+00:00,B16,0.0
DK1,2025-08-30 23:00:00+00:00,B16,0.0
DK1,2025-08-31 00:00:00+00:00,B16,0.0
DK1,2025-08-31 01:00:00+00:00,B16,0.0
DK1,2025-08-31 02:00:00+00:00,B16,0.0
DK1,2025-08-31 03:00:00+00:00,B16,0.0
DK1,2025-08-31 04:00:00+00:00,B16,0.0
DK1,2025-08-31 05:00:00+00:00,B16,65.24
DK1,2025-08-31 06:00:00+00:00,B16,348.72
DK1,2025-08-31 07:00:00+00:00,B16,592.5
DK1,2025-08-31 08:00:00+00:00,B16,859.24
DK1,2025-08-31 09:00:00+00:00,B16,1043.0
DK1,2025-08-31 10:00:00+00:00,B16,708.95
DK1,2025-08-31 11:00:00+00:00,B16,1373.19
DK1,2025-08-31 12:00:00+00:00,B16,1716.64
DK1,2025-08-31 13:00:00+00:00,B16,1244.72
DK1,2025-08-31 14:00:00+00:00,B16,885.44
DK1,2025-08-31 15:00:00+00:00,B16,481.67
DK1,2025-08-31 16:00:00+00:00,B16,410.99
DK1,2025-08-31 17:00:00+00:00,B16,247.52
DK1,2025-08-31 18:00:00+00:00,B16,10.67
DK1,2025-08-31 19:00:00+00:00,B16,0.0
DK1,2025-08-31 20:00:00+00:00,B16,0.0
DK1,2025-08-31 21:00:00+00:00,B16,0.0
DK1,2025-08-31 22:00:00+00:00,B16,0.0
DK1,2025-08-31 23:00:00+00:00,B16,0.0
DK1,2025-09-01 00:00:00+00:00,B16,0.0
DK1,2025-09-01 01:00:00+00:00,B16,0.0
DK1,2025-09-01 02:00:00+00:00,B16,0.0
DK1,2025-09-01 03:00:00+00:00,B16,0.0
DK1,2025-09-01 04:00:00+00:00,B16,0.0
DK1,2025-09-01 05:00:00+00:00,B16,52.13
DK1,2025-09-01 06:00:00+00:00,B16,102.71
DK1,2025-09-01 07:00:00+00:00,B16,624.28
DK1,2025-09-01 08:00:00+00:00,B16,643.63
DK1,2025-09-01 09:00:00+00:00,B16,993.0
DK1,2025-09-01 10:00:00+00:00,B16,1234.61
DK1,2025-09-01 11:00:00+00:00,B16,1554.02
DK1,2025-09-01 12:00:00+00:00,B16,1649.33
DK1,2025-09-01 13:00:00+00:00,B16,1300.08
DK1,2025-09-01 14:00:00+00:00,B16,1168.48
DK1,2025-09-01 15:00:00+00:00,B16,465.36
DK1,2025-09-01 16:00:00+00:00,B16,489.86
DK1,2025-09-01 17:00:00+00:00,B16,257.65
DK1,2025-09-01 18:00:00+00:00,B16,17.84
DK1,2025-09-01 19:00:00+00:00,B16,0.0
DK1,2025-09-01 20:00:00+00:00,B16,0.0
DK1,2025-09-01 21:00:00+00:00,B16,0.0
DK1,2025-09-01 22:00:00+00:00,B16,0.0
DK1,2025-09-01 23:00:00+00:00,B16,0.0
DK1,2025-09-02 00:00:00+00:00,B16,0.0
DK1,2025-09-02 01:00:00+00:00,B16,0.0
DK1,2025-09-02 02:00:00+00:00,B16,0.0
DK1,2025-09-02 03:00:00+00:00,B16,0.0
DK1,2025-09-02 04:00:00+00:00,B16,0.0
DK1,2025-09-02 05:00:00+00:00,B16,38.85
DK1,2025-09-02 06:00:00+00:00,B16,216.54
DK1,2025-09-02 07:00:00+00:00,B16,545.24
DK1,2025-09-02 08:00:00+00:00,B16,825.62
DK1,2025-09-02 09:00:00+00:00,B16,1090.59
DK1,2025-09-02 10:00:00+00:00,B16,1213.28
DK1,2025-09-02 11:00:00+00:00,B16,1416.08
DK1,2025-09-02 12:00:00+00:00,B16,1208.6
DK1,2025-09-02 13:00:00+00:00,B16,1166.55
DK1,2025-09-02 14:00:00+00:00,B16,1028.29
DK1,2025-09-02 15:00:00+00:00,B16,736.77
DK1,2025-09-02 16:00:00+00:00,B16,440.05
DK1,2025-09-02 17:00:00+00:00,B16,70.43
DK1,2025-09-02 18:00:00+00:00,B16,10.15
DK1,2025-09-02 19:00:00+00:00,B16,0.0
DK1,2025-09-02 20:00:00+00:00,B16,0.0
DK1,2025-09-02 21:00:00+00:00,B16,0.0
DK1,2025-09-02 22:00:00+00:00,B16,0.0
DK1,2025-09-02 23:00:00+00:00,B16,0.0
DK1,2025-09-03 00:00:00+00:00,B16,0.0
DK1,2025-09-03 01:00:00+00:00,B16,0.0
DK1,2025-09-03 02:00:00+00:00,B16,0.0
DK1,2025-09-03 03:00:00+00:00,B16,0.0
DK1,2025-09-03 04:00:00+00:00,B16,0.0
DK1,2025-09-03 05:00:00+00:00,B16,41.15
DK1,2025-09-03 06:00:00+00:00,B16,139.84
DK1,2025-09-03 07:00:00+00:00,B16,596.77
DK1,2025-09-03 08:00:00+00:00,B16,808.67
DK1,2025-09-03 09:00:00+00:00,B16,1173.4
DK1,2025-09-03 10:00:00+00:00,B16,463.57
DK1,2025-09-03 11:00:00+00:00,B16,1008.52
DK1,2025-09-03 12:00:00+00:00,B16,1468.54
DK1,2025-09-03 13:00:00+00:00,B16,1207.03
DK1,2025-09-03 14:00:00+00:00,B16,1081.15
DK1,2025-09-03 15:00:00+00:00,B16,256.75
DK1,2025-09-03 16:00:00+00:00,B16,512.8
DK1,2025-09-03 17:00:00+00:00,B16,143.91
DK1,2025-09-03 18:00:00+00:00,B16,5.89
DK1,2025-09-03 19:00:00+00:00,B16,0.0
DK1,2025-09-03 20:00:00+00:00,B16,0.0
DK1,2025-09-03 21:00:00+00:00,B16,0.0
DK1,2025-09-03 22:00:00+00:00,B16,0.0
DK1,2025-09-03 23:00:00+00:00,B16,0.0
DK1,2025-09-04 00:00:00+00:00,B16,0.0
DK1,2025-09-04 01:00:00+00:00,B16,0.0
DK1,2025-09-04 02:00:00+00:00,B16,0.0
DK1,2025-09-04 03:00:00+00:00,B16,0.0
DK1,2025-09-04 04:00:00+00:00,B16,0.0
DK1,2025-09-04 05:00:00+00:00,B16,26.99
DK1,2025-09-04 06:00:00+00:00,B16,197.71
DK1,2025-09-04 07:00:00+00:00,B16,421.47
DK1,2025-09-04 08:00:00+00:00,B16,677.87
DK1,2025-09-04 09:00:00+00:00,B16,833.09
DK1,2025-09-04 10:00:00+00:00,B16,1043.67
DK1,2025-09-04 11:00:00+00:00,B16,992.55
DK1,2025-09-04 12:00:00+00:00,B16,551.71
DK1,2025-09-04 13:00:00+00:00,B16,1137.13
DK1,2025-09-04 14:00:00+00:00,B16,831.97
DK1,2025-09-04 15:00:00+00:00,B16,257.3
DK1,2025-09-04 16:00:00+00:00,B16,396.34
DK1,2025-09-04 17:00:00+00:00,B16,91.34
DK1,2025-09-04 18:00:00+00:00,B16,2.05
DK1,2025-09-04 19:00:00+00:00,B16,0.0
DK1,2025-09-04 20:00:00+00:00,B16,0.0
DK1,2025-09-04 21:00:00+00:00,B16,0.0
DK1,2025-09-04 22:00:00+00:00,B16,0.0
DK1,2025-09-04 23:00:00+00:00,B16,0.0
DK1,2025-09-05 00:00:00+00:00,B16,0.0
DK1,2025-09-05 01:00:00+00:00,B16,0.0
DK1,2025-09-05 02:00:00+00:00,B16,0.0
DK1,2025-09-05 03:00:00+00:00,B16,0.0
DK1,2025-09-05 04:00:00+00:00,B16,0.0
DK1,2025-09-05 05:00:00+00:00,B16,26.47
DK1,2025-09-05 06:00:00+00:00,B16,213.33
DK1,2025-09-05 07:00:00+00:00,B16,477.02
DK1,2025-09-05 08:00:00+00:00,B16,569.34
DK1,2025-09-05 09:00:00+00:00,B16,555.38
DK1,2025-09-05 10:00:00+00:00,B16,949.17
DK1,2025-09-05 11:00:00+00:00,B16,1342.51
DK1,2025-09-05 12:00:00+00:00,B16,1204.73
DK1,2025-09-05 13:00:00+00:00,B16,1159.61
DK1,2025-09-05 14:00:00+00:00,B16,914.93
DK1,2025-09-05 15:00:00+00:00,B16,685.7
DK1,2025-09-05 16:00:00+00:00,B16,225.68
DK1,2025-09-05 17:00:00+00:00,B16,159.25
DK1,2025-09-05 18:00:00+00:00,B16,0.0
DK1,2025-09-05 19:00:00+00:00,B16,0.0
DK1,2025-09-05 20:00:00+00:00,B16,0.0
DK1,2025-09-05 21:00:00+00:00,B16,0.0
DK1,2025-09-05 22:00:00+00:00,B16,0.0
DK1,2025-09-05 23:00:00+00:00,B16,0.0
DK1,2025-09-06 00:00:00+00:00,B16,0.0
DK1,2025-09-06 01:00:00+00:00,B16,0.0
DK1,2025-09-06 02:00:00+00:00,B16,0.0
DK1,2025-09-06 03:00:00+00:00,B16,0.0
DK1,2025-09-06 04:00:00+00:00,B16,0.0
DK1,2025-09-06 05:00:00+00:00,B16,22.41
DK1,2025-09-06 06:00:00+00:00,B16,199.51
DK1,2025-09-06 07:00:00+00:00,B16,535.36
DK1,2025-09-06 08:00:00+00:00,B16,878.57
DK1,2025-09-06 09:00:00+00:00,B16,1107.18
DK1,2025-09-06 10:00:00+00:00,B16,1427.68
DK1,2025-09-06 11:00:00+00:00,B16,1446.69
DK1,2025-09-06 12:00:00+00:00,B16,1435.09
DK1,2025-09-06 13:00:00+00:00,B16,1344.63
DK1,2025-09-06 14:00:00+00:00,B16,1051.43
DK1,2025-09-06 15:00:00+00:00,B16,675.24
DK1,2025-09-06 16:00:00+00:00,B16,429.71
DK1,2025-09-06 17:00:00+00:00,B16,129.46
DK1,2025-09-06 18:00:00+00:00,B16,0.0
DK1,2025-09-06 19:00:00+00:00,B16,0.0
DK1,2025-09-06 20:00:00+00:00,B16,0.0
DK1,2025-09-06 21:00:00+00:00,B16,0.0
DK1,2025-09-06 22:00:00+00:00,B16,0.0
DK1,2025-09-06 23:00:00+00:00,B16,0.0
DK1,2025-09-07 00:00:00+00:00,B16,0.0
DK1,2025-09-07 01:00:00+00:00,B16,0.0
DK1,2025-09-07 02:00:00+00:00,B16,0.0
DK1,2025-09-07 03:00:00+00:00,B16,0.0
DK1,2025-09-07 04:00:00+00:00,B16,0.0
DK1,2025-09-07 05:00:00+00:00,B16,15.24
DK1,2025-09-07 06:00:00+00:00,B16,128.69
DK1,2025-09-07 07:00:00+00:00,B16,374.63
DK1,2025-09-07 08:00:00+00:00,B16,612.82
DK1,2025-09-07 09:00:00+00:00,B16,667.92
DK1,2025-09-07 10:00:00+00:00,B16,1383.12
DK1,2025-09-07 11:00:00+00:00,B16,1517.55
DK1,2025-09-07 12:00:00+00:00,B16,1382.01
DK1,2025-09-07 13:00:00+00:00,B16,1006.25
DK1,2025-09-07 14:00:00+00:00,B16,569.84
DK1,2025-09-07 15:00:00+00:00,B16,782.46
DK1,2025-09-07 16:00:00+00:00,B16,410.33
DK1,2025-09-07 17:00:00+00:00,B16,192.86
DK1,2025-09-07 18:00:00+00:00,B16,0.0
DK1,2025-09-07 19:00:00+00:00,B16,0.0
DK1,2025-09-07 20:00:00+00:00,B16,0.0
DK1,2025-09-07 21:00:00+00:00,B16,0.0
DK1,2025-09-07 22:00:00+00:00,B16,0.0
DK1,2025-09-07 23:00:00+00:00,B16,0.0
DK1,2025-09-08 00:00:00+00:00,B16,0.0
DK1,2025-09-08 01:00:00+00:00,B16,0.0
DK1,2025-09-08 02:00:00+00:00,B16,0.0
DK1,2025-09-08 03:00:00+00:00,B16,0.0
DK1,2025-09-08 04:00:00+00:00,B16,0.0
DK1,2025-09-08 05:00:00+00:00,B16,9.48
DK1,2025-09-08 06:00:00+00:00,B16,74.54
DK1,2025-09-08 07:00:00+00:00,B16,457.99
DK1,2025-09-08 08:00:00+00:00,B16,703.06
DK1,2025-09-08 09:00:00+00:00,B16,897.83
DK1,2025-09-08 10:00:00+00:00,B16,775.7
DK1,2025-09-08 11:00:00+00:00,B16,1251.95
DK1,2025-09-08 12:00:00+00:00,B16,1068.6
DK1,2025-09-08 13:00:00+00:00,B16,631.12
DK1,2025-09-08 14:00:00+00:00,B16,859.71
DK1,2025-09-08 15:00:00+00:00,B16,663.62
DK1,2025-09-08 16:00:00+00:00,B16,211.26
DK1,2025-09-08 17:00:00+00:00,B16,73.29
DK1,2025-09-08 18:00:00+00:00,B16,0.0
DK1,2025-09-08 19:00:00+00:00,B16,0.0
DK1,2025-09-08 20:00:00+00:00,B16,0.0
DK1,2025-09-08 21:00:00+00:00,B16,0.0
DK1,2025-09-08 22:00:00+00:00,B16,0.0
DK1,2025-09-08 23:00:00+00:00,B16,0.0
DK1,2025-09-09 00:00:00+00:00,B16,0.0
DK1,2025-09-09 01:00:00+00:00,B16,0.0
DK1,2025-09-09 02:00:00+00:00,B16,0.0
DK1,2025-09-09 03:00:00+00:00,B16,0.0
DK1,2025-09-09 04:00:00+00:00,B16,0.0
DK1,2025-09-09 05:00:00+00:00,B16,3.78
DK1,2025-09-09 06:00:00+00:00,B16,178.47
DK1,2025-09-09 07:00:00+00:00,B16,370.47
DK1,2025-09-09 08:00:00+00:00,B16,331.89
DK1,2025-09-09 09:00:00+00:00,B16,333.67
DK1,2025-09-09 10:00:00+00:00,B16,1105.52
DK1,2025-09-09 11:00:00+00:00,B16,1196.23
DK1,2025-09-09 12:00:00+00:00,B16,1235.29
DK1,2025-09-09 13:00:00+00:00,B16,344.51
DK1,2025-09-09 14:00:00+00:00,B16,801.6
DK1,2025-09-09 15:00:00+00:00,B16,603.73
DK1,2025-09-09 16:00:00+00:00,B16,381.09
DK1,2025-09-09 17:00:00+00:00,B16,124.04
DK1,2025-09-09 18:00:00+00:00,B16,0.0
DK1,2025-09-09 19:00:00+00:00,B16,0.0
DK1,2025-09-09 20:00:00+00:00,B16,0.0
DK1,2025-09-09 21:00:00+00:00,B16,0.0
DK1,2025-09-09 22:00:00+00:00,B16,0.0
DK1,2025-09-09 23:00:00+00:00,B16,0.0
DK1,2025-09-10 00:00:00+00:00,B16,0.0
DK1,2025-09-10 01:00:00+00:00,B16,0.0
DK1,2025-09-10 02:00:00+00:00,B16,0.0
DK1,2025-09-10 03:00:00+00:00,B16,0.0
DK1,2025-09-10 04:00:00+00:00,B16,0.0
DK1,2025-09-10 05:00:00+00:00,B16,1.94
DK1,2025-09-10 06:00:00+00:00,B16,149.51
DK1,2025-09-10 07:00:00+00:00,B16,318.69
DK1,2025-09-10 08:00:00+00:00,B16,507.92
DK1,2025-09-10 09:00:00+00:00,B16,907.91
DK1,2025-09-10 10:00:00+00:00,B16,1013.69
DK1,2025-09-10 11:00:00+00:00,B16,1091.97
DK1,2025-09-10 12:00:00+00:00,B16,1215.28
DK1,2025-09-10 13:00:00+00:00,B16,1164.44
DK1,2025-09-10 14:00:00+00:00,B16,866.82
DK1,2025-09-10 15:00:00+00:00,B16,616.18
DK1,2025-09-10 16:00:00+00:00,B16,333.96
DK1,2025-09-10 17:00:00+00:00,B16,130.41
DK1,2025-09-10 18:00:00+00:00,B16,0.0
DK1,2025-09-10 19:00:00+00:00,B16,0.0
DK1,2025-09-10 20:00:00+00:00,B16,0.0
DK1,2025-09-10 21:00:00+00:00,B16,0.0
DK1,2025-09-10 22:00:00+00:00,B16,0.0
DK1,2025-09-10 23:00:00+00:00,B16,0.0
DK1,2025-09-11 00:00:00+00:00,B16,0.0
DK1,2025-09-11 01:00:00+00:00,B16,0.0
DK1,2025-09-11 02:00:00+00:00,B16,0.0
DK1,2025-09-11 03:00:00+00:00,B16,0.0
DK1,2025-09-11 04:00:00+00:00,B16,0.0
DK1,2025-09-11 05:00:00+00:00,B16,0.02
DK1,2025-09-11 06:00:00+00:00,B16,151.75
DK1,2025-09-11 07:00:00+00:00,B16,356.36
DK1,2025-09-11 08:00:00+00:00,B16,710.5
DK1,2025-09-11 09:00:00+00:00,B16,807.41
DK1,2025-09-11 10:00:00+00:00,B16,920.74
DK1,2025-09-11 11:00:00+00:00,B16,1020.64
DK1,2025-09-11 12:00:00+00:00,B16,1012.86
DK1,2025-09-11 13:00:00+00:00,B16,789.8
DK1,2025-09-11 14:00:00+00:00,B16,601.25
DK1,2025-09-11 15:00:00+00:00,B16,519.73
DK1,2025-09-11 16:00:00+00:00,B16,320.09
DK1,2025-09-11 17:00:00+00:00,B16,102.22
DK1,2025-09-11 18:00:00+00:00,B16,0.0
DK1,2025-09-11 19:00:00+00:00,B16,0.0
DK1,2025-09-11 20:00:00+00:00,B16,0.0
DK1,2025-09-11 21:00:00+00:00,B16,0.0
DK1,2025-09-11 22:00:00+00:00,B16,0.0
DK1,2025-09-11 23:00:00+00:00,B16,0.0
DK1,2025-09-12 00:00:00+00:00,B16,0.0
DK1,2025-09-12 01:00:00+00:00,B16,0.0
DK1,2025-09-12 02:00:00+00:00,B16,0.0
DK1,2025-09-12 03:00:00+00:00,B16,0.0
DK1,2025-09-12 04:00:00+00:00,B16,0.0
DK1,2025-09-12 05:00:00+00:00,B16,0.0
DK1,2025-09-12 06:00:00+00:00,B16,164.16
DK1,2025-09-12 07:00:00+00:00,B16,305.98
DK1,2025-09-12 08:00:00+00:00,B16,846.66
DK1,2025-09-12 09:00:00+00:00,B16,1129.18
DK1,2025-09-12 10:00:00+00:00,B16,1238.55
DK1,2025-09-12 11:00:00+00:00,B16,1394.62
DK1,2025-09-12 12:00:00+00:00,B16,977.4
DK1,2025-09-12 13:00:00+00:00,B16,1243.31
DK1,2025-09-12 14:00:00+00:00,B16,538.24
DK1,2025-09-12 15:00:00+00:00,B16,671.0
DK1,2025-09-12 16:00:00+00:00,B16,222.61
DK1,2025-09-12 17:00:00+00:00,B16,124.36
DK1,2025-09-12 18:00:00+00:00,B16,0.0
DK1,2025-09-12 19:00:00+00:00,B16,0.0
DK1,2025-09-12 20:00:00+00:00,B16,0.0
DK1,2025-09-12 21:00:00+00:00,B16,0.0
DK1,2025-09-12 22:00:00+00:00,B16,0.0
DK1,2025-09-12 23:00:00+00:00,B16,0.0
DK1,2025-09-13 00:00:00+00:00,B16,0.0
DK1,2025-09-13 01:00:00+00:00,B16,0.0
DK1,2025-09-13 02:00:00+00:00,B16,0.0
DK1,2025-09-13 03:00:00+00:00,B16,0.0
DK1,2025-09-13 04:00:00+00:00,B16,0.0
DK1,2025-09-13 05:00:00+00:00,B16,0.0
DK1,2025-09-13 06:00:00+00:00,B16,105.8
DK1,2025-09-13 07:00:00+00:00,B16,428.07
DK1,2025-09-13 08:00:00+00:00,B16,663.49
DK1,2025-09-13 09:00:00+00:00,B16,788.43
DK1,2025-09-13 10:00:00+00:00,B16,989.64
DK1,2025-09-13 11:00:00+00:00,B16,1040.92
DK1,2025-09-13 12:00:00+00:00,B16,325.92
DK1,2025-09-13 13:00:00+00:00,B16,898.33
DK1,2025-09-13 14:00:00+00:00,B16,734.24
DK1,2025-09-13 15:00:00+00:00,B16,594.03
DK1,2025-09-13 16:00:00+00:00,B16,312.12
DK1,2025-09-13 17:00:00+00:00,B16,94.38
DK1,2025-09-13 18:00:00+00:00,B16,0.0
DK1,2025-09-13 19:00:00+00:00,B16,0.0
DK1,2025-09-13 20:00:00+00:00,B16,0.0
DK1,2025-09-13 21:00:00+00:00,B16,0.0
DK1,2025-09-13 22:00:00+00:00,B16,0.0
DK1,2025-09-13 23:00:00+00:00,B16,0.0
DK1,2025-09-14 00:00:00+00:00,B16,0.0
DK1,2025-09-14 01:00:00+00:00,B16,0.0
DK1,2025-09-14 02:00:00+00:00,B16,0.0
DK1,2025-09-14 03:00:00+00:00,B16,0.0
DK1,2025-09-14 04:00:00+00:00,B16,0.0
DK1,2025-09-14 05:00:00+00:00,B16,0.0
DK1,2025-09-14 06:00:00+00:00,B16,165.06
DK1,2025-09-14 07:00:00+00:00,B16,456.26
DK1,2025-09-14 08:00:00+00:00,B16,445.93
DK1,2025-09-14 09:00:00+00:00,B16,1038.88
DK1,2025-09-14 10:00:00+00:00,B16,1282.66
DK1,2025-09-14 11:00:00+00:00,B16,1264.54
DK1,2025-09-14 12:00:00+00:00,B16,1330.56
DK1,2025-09-14 13:00:00+00:00,B16,1102.73
DK1,2025-09-14 14:00:00+00:00,B16,1024.0
DK1,2025-09-14 15:00:00+00:00,B16,708.88
DK1,2025-09-14 16:00:00+00:00,B16,184.53
DK1,2025-09-14 17:00:00+00:00,B16,108.31
DK1,2025-09-14 18:00:00+00:00,B16,0.0
DK1,2025-09-14 19:00:00+00:00,B16,0.0
DK1,2025-09-14 20:00:00+00:00,B16,0.0
DK1,2025-09-14 21:00:00+00:00,B16,0.0
DK1,2025-09-14 22:00:00+00:00,B16,0.0
DK1,2025-09-14 23:00:00+00:00,B16,0.0
DK1,2025-09-15 00:00:00+00:00,B16,0.0
DK1,2025-09-15 01:00:00+00:00,B16,0.0
DK1,2025-09-15 02:00:00+00:00,B16,0.0
DK1,2025-09-15 03:00:00+00:00,B16,0.0
DK1,2025-09-15 04:00:00+00:00,B16,0.0
DK1,2025-09-15 05:00:00+00:00,B16,0.0
DK1,2025-09-15 06:00:00+00:00,B16,109.34
DK1,2025-09-15 07:00:00+00:00,B16,377.12
DK1,2025-09-15 08:00:00+00:00,B16,458.37
DK1,2025-09-15 09:00:00+00:00,B16,851.97
DK1,2025-09-15 10:00:00+00:00,B16,851.81
DK1,2025-09-15 11:00:00+00:00,B16,1053.77
DK1,2025-09-15 12:00:00+00:00,B16,1193.4
DK1,2025-09-15 13:00:00+00:00,B16,1004.69
DK1,2025-09-15 14:00:00+00:00,B16,734.1
DK1,2025-09-15 15:00:00+00:00,B16,607.44
DK1,2025-09-15 16:00:00+00:00,B16,365.34
DK1,2025-09-15 17:00:00+00:00,B16,95.82
DK1,2025-09-15 18:00:00+00:00,B16,0.0
DK1,2025-09-15 19:00:00+00:00,B16,0.0
DK1,2025-09-15 20:00:00+00:00,B16,0.0
DK1,2025-09-15 21:00:00+00:00,B16,0.0
DK1,2025-09-15 22:00:00+00:00,B16,0.0
DK1,2025-09-15 23:00:00+00:00,B16,0.0
DK1,2025-09-16 00:00:00+00:00,B16,0.0
DK1,2025-09-16 01:00:00+00:00,B16,0.0
DK1,2025-09-16 02:00:00+00:00,B16,0.0
DK1,2025-09-16 03:00:00+00:00,B16,0.0
DK1,2025-09-16 04:00:00+00:00,B16,0.0
DK1,2025-09-16 05:00:00+00:00,B16,0.0
DK1,2025-09-16 06:00:00+00:00,B16,121.64
DK1,2025-09-16 07:00:00+00:00,B16,282.33
DK1,2025-09-16 08:00:00+00:00,B16,313.73
DK1,2025-09-16 09:00:00+00:00,B16,244.63
DK1,2025-09-16 10:00:00+00:00,B16,611.49
DK1,2025-09-16 11:00:00+00:00,B16,452.24
DK1,2025-09-16 12:00:00+00:00,B16,981.6
DK1,2025-09-16 13:00:00+00:00,B16,928.22
DK1,2025-09-16 14:00:00+00:00,B16,590.3
DK1,2025-09-16 15:00:00+00:00,B16,282.45
DK1,2025-09-16 16:00:00+00:00,B16,256.21
DK1,2025-09-16 17:00:00+00:00,B16,62.0
DK1,2025-09-16 18:00:00+00:00,B16,0.0
DK1,2025-09-16 19:00:00+00:00,B16,0.0
DK1,2025-09-16 20:00:00+00:00,B16,0.0
DK1,2025-09-16 21:00:00+00:00,B16,0.0
DK1,2025-09-16 22:00:00+00:00,B16,0.0
DK1,2025-09-16 23:00:00+00:00,B16,0.0
DK1,2025-09-17 00:00:00+00:00,B16,0.0
DK1,2025-09-17 01:00:00+00:00,B16,0.0
DK1,2025-09-17 02:00:00+00:00,B16,0.0
DK1,2025-09-17 03:00:00+00:00,B16,0.0
DK1,2025-09-17 04:00:00+00:00,B16,0.0
DK1,2025-09-17 05:00:00+00:00,B16,0.0
DK1,2025-09-17 06:00:00+00:00,B16,128.38
DK1,2025-09-17 07:00:00+00:00,B16,330.15
DK1,2025-09-17 08:00:00+00:00,B16,595.88
DK1,2025-09-17 09:00:00+00:00,B16,832.62
DK1,2025-09-17 10:00:00+00:00,B16,1084.74
DK1,2025-09-17 11:00:00+00:00,B16,1239.68
DK1,2025-09-17 12:00:00+00:00,B16,613.85
DK1,2025-09-17 13:00:00+00:00,B16,1147.11
DK1,2025-09-17 14:00:00+00:00,B16,778.6
DK1,2025-09-17 15:00:00+00:00,B16,578.85
DK1,2025-09-17 16:00:00+00:00,B16,301.93
DK1,2025-09-17 17:00:00+00:00,B16,51.83
DK1,2025-09-17 18:00:00+00:00,B16,0.0
DK1,2025-09-17 19:00:00+00:00,B16,0.0
DK1,2025-09-17 20:00:00+00:00,B16,0.0
DK1,2025-09-17 21:00:00+00:00,B16,0.0
DK1,2025-09-17 22:00:00+00:00,B16,0.0
DK1,2025-09-17 23:00:00+00:00,B16,0.0
DK1,2025-09-18 00:00:00+00:00,B16,0.0
DK1,2025-09-18 01:00:00+00:00,B16,0.0
DK1,2025-09-18 02:00:00+00:00,B16,0.0
DK1,2025-09-18 03:00:00+00:00,B16,0.0
DK1,2025-09-18 04:00:00+00:00,B16,0.0
DK1,2025-09-18 05:00:00+00:00,B16,0.0
DK1,2025-09-18 06:00:00+00:00,B16,108.58
DK1,2025-09-18 07:00:00+00:00,B16,371.05
DK1,2025-09-18 08:00:00+00:00,B16,341.98
DK1,2025-09-18 09:00:00+00:00,B16,882.73
DK1,2025-09-18 10:00:00+00:00,B16,994.5
DK1,2025-09-18 11:00:00+00:00,B16,791.76
DK1,2025-09-18 12:00:00+00:00,B16,1104.47
DK1,2025-09-18 13:00:00+00:00,B16,1005.0
DK1,2025-09-18 14:00:00+00:00,B16,772.67
DK1,2025-09-18 15:00:00+00:00,B16,434.57
DK1,2025-09-18 16:00:00+00:00,B16,303.26
DK1,2025-09-18 17:00:00+00:00,B16,31.38
DK1,2025-09-18 18:00:00+00:00,B16,0.0
DK1,2025-09-18 19:00:00+00:00,B16,0.0
DK1,2025-09-18 20:00:00+00:00,B16,0.0
DK1,2025-09-18 21:00:00+00:00,B16,0.0
DK1,2025-09-18 22:00:00+00:00,B16,0.0
DK1,2025-09-18 23:00:00+00:00,B16,0.0
DK1,2025-09-19 00:00:00+00:00,B16,0.0
DK1,2025-09-19 01:00:00+00:00,B16,0.0
DK1,2025-09-19 02:00:00+00:00,B16,0.0
DK1,2025-09-19 03:00:00+00:00,B16,0.0
DK1,2025-09-19 04:00:00+00:00,B16,0.0
DK1,2025-09-19 05:00:00+00:00,B16,0.0
DK1,2025-09-19 06:00:00+00:00,B16,99.89
DK1,2025-09-19 07:00:00+00:00,B16,314.76
DK1,2025-09-19 08:00:00+00:00,B16,405.23
DK1,2025-09-19 09:00:00+00:00,B16,785.36
DK1,2025-09-19 10:00:00+00:00,B16,456.13
DK1,2025-09-19 11:00:00+00:00,B16,1169.51
DK1,2025-09-19 12:00:00+00:00,B16,626.14
DK1,2025-09-19 13:00:00+00:00,B16,893.46
DK1,2025-09-19 14:00:00+00:00,B16,726.72
DK1,2025-09-19 15:00:00+00:00,B16,348.22
DK1,2025-09-19 16:00:00+00:00,B16,142.5
DK1,2025-09-19 17:00:00+00:00,B16,34.71
DK1,2025-09-19 18:00:00+00:00,B16,0.0
DK1,2025-09-19 19:00:00+00:00,B16,0.0
DK1,2025-09-19 20:00:00+00:00,B16,0.0
DK1,2025-09-19 21:00:00+00:00,B16,0.0
DK1,2025-09-19 22:00:00+00:00,B16,0.0
DK1,2025-09-19 23:00:00+00:00,B16,0.0
DK1,2025-09-20 00:00:00+00:00,B16,0.0
DK1,2025-09-20 01:00:00+00:00,B16,0.0
DK1,2025-09-20 02:00:00+00:00,B16,0.0
DK1,2025-09-20 03:00:00+00:00,B16,0.0
DK1,2025-09-20 04:00:00+00:00,B16,0.0
DK1,2025-09-20 05:00:00+00:00,B16,0.0
DK1,2025-09-20 06:00:00+00:00,B16,75.7
DK1,2025-09-20 07:00:00+00:00,B16,241.35
DK1,2025-09-20 08:00:00+00:00,B16,482.72
DK1,2025-09-20 09:00:00+00:00,B16,653.67
DK1,2025-09-20 10:00:00+00:00,B16,852.34
DK1,2025-09-20 11:00:00+00:00,B16,314.26
DK1,2025-09-20 12:00:00+00:00,B16,814.5
DK1,2025-09-20 13:00:00+00:00,B16,735.0
DK1,2025-09-20 14:00:00+00:00,B16,628.21
DK1,2025-09-20 15:00:00+00:00,B16,458.03
DK1,2025-09-20 16:00:00+00:00,B16,243.65
DK1,2025-09-20 17:00:00+00:00,B16,13.72
DK1,2025-09-20 18:00:00+00:00,B16,0.0
DK1,2025-09-20 19:00:00+00:00,B16,0.0
DK1,2025-09-20 20:00:00+00:00,B16,0.0
DK1,2025-09-20 21:00:00+00:00,B16,0.0
DK1,2025-09-20 22:00:00+00:00,B16,0.0
DK1,2025-09-20 23:00:00+00:00,B16,0.0
DK1,2025-09-21 00:00:00+00:00,B16,0.0
DK1,2025-09-21 01:00:00+00:00,B16,0.0
DK1,2025-09-21 02:00:00+00:00,B16,0.0
DK1,2025-09-21 03:00:00+00:00,B16,0.0
DK1,2025-09-21 04:00:00+00:00,B16,0.0
DK1,2025-09-21 05:00:00+00:00,B16,0.0
DK1,2025-09-21 06:00:00+00:00,B16,87.75
DK1,2025-09-21 07:00:00+00:00,B16,324.06
DK1,2025-09-21 08:00:00+00:00,B16,489.97
DK1,2025-09-21 09:00:00+00:00,B16,786.53
DK1,2025-09-21 10:00:00+00:00,B16,911.1
DK1,2025-09-21 11:00:00+00:00,B16,1020.59
DK1,2025-09-21 12:00:00+00:00,B16,1075.75
DK1,2025-09-21 13:00:00+00:00,B16,853.32
DK1,2025-09-21 14:00:00+00:00,B16,591.99
DK1,2025-09-21 15:00:00+00:00,B16,416.32
DK1,2025-09-21 16:00:00+00:00,B16,198.86
DK1,2025-09-21 17:00:00+00:00,B16,42.34
DK1,2025-09-21 18:00:00+00:00,B16,0.0
DK1,2025-09-21 19:00:00+00:00,B16,0.0
DK1,2025-09-21 20:00:00+00:00,B16,0.0
DK1,2025-09-21 21:00:00+00:00,B16,0.0
DK1,2025-09-21 22:00:00+00:00,B16,0.0
DK1,2025-09-21 23:00:00+00:00,B16,0.0
DK1,2025-09-22 00:00:00+00:00,B16,0.0
DK1,2025-09-22 01:00:00+00:00,B16,0.0
DK1,2025-09-22 02:00:00+00:00,B16,0.0
DK1,2025-09-22 03:00:00+00:00,B16,0.0
DK1,2025-09-22 04:00:00+00:00,B16,0.0
DK1,2025-09-22 05:00:00+00:00,B16,0.0
DK1,2025-09-22 06:00:00+00:00,B16,66.52
DK1,2025-09-22 07:00:00+00:00,B16,309.54
DK1,2025-09-22 08:00:00+00:00,B16,494.91
DK1,2025-09-22 09:00:00+00:00,B16,489.88
DK1,2025-09-22 10:00:00+00:00,B16,999.05
DK1,2025-09-22 11:00:00+00:00,B16,948.01
DK1,2025-09-22 12:00:00+00:00,B16,1052.63
DK1,2025-09-22 13:00:00+00:00,B16,858.98
DK1,2025-09-22 14:00:00+00:00,B16,807.97
DK1,2025-09-22 15:00:00+00:00,B16,388.78
DK1,2025-09-22 16:00:00+00:00,B16,234.86
DK1,2025-09-22 17:00:00+00:00,B16,37.7
DK1,2025-09-22 18:00:00+00:00,B16,0.0
DK1,2025-09-22 19:00:00+00:00,B16,0.0
DK1,2025-09-22 20:00:00+00:00,B16,0.0
DK1,2025-09-22 21:00:00+00:00,B16,0.0
DK1,2025-09-22 22:00:00+00:00,B16,0.0
DK1,2025-09-22 23:00:00+00:00,B16,0.0
DK1,2025-09-23 00:00:00+00:00,B16,0.0
DK1,2025-09-23 01:00:00+00:00,B16,0.0
DK1,2025-09-23 02:00:00+00:00,B16,0.0
DK1,2025-09-23 03:00:00+00:00,B16,0.0
DK1,2025-09-23 04:00:00+00:00,B16,0.0
DK1,2025-09-23 05:00:00+00:00,B16,0.0
DK1,2025-09-23 06:00:00+00:00,B16,58.03
DK1,2025-09-23 07:00:00+00:00,B16,226.37
DK1,2025-09-23 08:00:00+00:00,B16,279.05
DK1,2025-09-23 09:00:00+00:00,B16,624.98
DK1,2025-09-23 10:00:00+00:00,B16,836.45
DK1,2025-09-23 11:00:00+00:00,B16,998.1
DK1,2025-09-23 12:00:00+00:00,B16,653.93
DK1,2025-09-23 13:00:00+00:00,B16,716.36
DK1,2025-09-23 14:00:00+00:00,B16,639.97
DK1,2025-09-23 15:00:00+00:00,B16,405.67
DK1,2025-09-23 16:00:00+00:00,B16,183.4
DK1,2025-09-23 17:00:00+00:00,B16,25.35
DK1,2025-09-23 18:00:00+00:00,B16,0.0
DK1,2025-09-23 19:00:00+00:00,B16,0.0
DK1,2025-09-23 20:00:00+00:00,B16,0.0
DK1,2025-09-23 21:00:00+00:00,B16,0.0
DK1,2025-09-23 22:00:00+00:00,B16,0.0
DK1,2025-09-23 23:00:00+00:00,B16,0.0
DK1,2025-09-24 00:00:00+00:00,B16,0.0
DK1,2025-09-24 01:00:00+00:00,B16,0.0
DK1,2025-09-24 02:00:00+00:00,B16,0.0
DK1,2025-09-24 03:00:00+00:00,B16,0.0
DK1,2025-09-24 04:00:00+00:00,B16,0.0
DK1,2025-09-24 05:00:00+00:00,B16,0.0
DK1,2025-09-24 06:00:00+00:00,B16,42.73
DK1,2025-09-24 07:00:00+00:00,B16,232.09
DK1,2025-09-24 08:00:00+00:00,B16,431.13
DK1,2025-09-24 09:00:00+00:00,B16,610.71
DK1,2025-09-24 10:00:00+00:00,B16,831.69
DK1,2025-09-24 11:00:00+00:00,B16,895.81
DK1,2025-09-24 12:00:00+00:00,B16,871.92
DK1,2025-09-24 13:00:00+00:00,B16,747.15
DK1,2025-09-24 14:00:00+00:00,B16,598.48
DK1,2025-09-24 15:00:00+00:00,B16,275.46
DK1,2025-09-24 16:00:00+00:00,B16,193.7
DK1,2025-09-24 17:00:00+00:00,B16,16.51
DK1,2025-09-24 18:00:00+00:00,B16,0.0
DK1,2025-09-24 19:00:00+00:00,B16,0.0
DK1,2025-09-24 20:00:00+00:00,B16,0.0
DK1,2025-09-24 21:00:00+00:00,B16,0.0
DK1,2025-09-24 22:00:00+00:00,B16,0.0
DK1,2025-09-24 23:00:00+00:00,B16,0.0
DK1,2025-09-25 00:00:00+00:00,B16,0.0
DK1,2025-09-25 01:00:00+00:00,B16,0.0
DK1,2025-09-25 02:00:00+00:00,B16,0.0
DK1,2025-09-25 03:00:00+00:00,B16,0.0
DK1,2025-09-25 04:00:00+00:00,B16,0.0
DK1,2025-09-25 05:00:00+00:00,B16,0.0
DK1,2025-09-25 06:00:00+00:00,B16,47.45
DK1,2025-09-25 07:00:00+00:00,B16,333.65
DK1,2025-09-25 08:00:00+00:00,B16,460.03
DK1,2025-09-25 09:00:00+00:00,B16,671.62
DK1,2025-09-25 10:00:00+00:00,B16,899.24
DK1,2025-09-25 11:00:00+00:00,B16,745.51
DK1,2025-09-25 12:00:00+00:00,B16,979.82
DK1,2025-09-25 13:00:00+00:00,B16,763.47
DK1,2025-09-25 14:00:00+00:00,B16,653.85
DK1,2025-09-25 15:00:00+00:00,B16,416.41
DK1,2025-09-25 16:00:00+00:00,B16,240.63
DK1,2025-09-25 17:00:00+00:00,B16,18.62
DK1,2025-09-25 18:00:00+00:00,B16,0.0
DK1,2025-09-25 19:00:00+00:00,B16,0.0
DK1,2025-09-25 20:00:00+00:00,B16,0.0
DK1,2025-09-25 21:00:00+00:00,B16,0.0
DK1,2025-09-25 22:00:00+00:00,B16,0.0
DK1,2025-09-25 23:00:00+00:00,B16,0.0
DK1,2025-09-26 00:00:00+00:00,B16,0.0
DK1,2025-09-26 01:00:00+00:00,B16,0.0
DK1,2025-09-26 02:00:00+00:00,B16,0.0
DK1,2025-09-26 03:00:00+00:00,B16,0.0
DK1,2025-09-26 04:00:00+00:00,B16,0.0
DK1,2025-09-26 05:00:00+00:00,B16,0.0
DK1,2025-09-26 06:00:00+00:00,B16,51.19
DK1,2025-09-26 07:00:00+00:00,B16,248.15
DK1,2025-09-26 08:00:00+00:00,B16,570.5
DK1,2025-09-26 09:00:00+00:00,B16,857.51
DK1,2025-09-26 10:00:00+00:00,B16,952.64
DK1,2025-09-26 11:00:00+00:00,B16,1026.29
DK1,2025-09-26 12:00:00+00:00,B16,912.93
DK1,2025-09-26 13:00:00+00:00,B16,945.74
DK1,2025-09-26 14:00:00+00:00,B16,767.64
DK1,2025-09-26 15:00:00+00:00,B16,435.97
DK1,2025-09-26 16:00:00+00:00,B16,214.75
DK1,2025-09-26 17:00:00+00:00,B16,14.77
DK1,2025-09-26 18:00:00+00:00,B16,0.0
DK1,2025-09-26 19:00:00+00:00,B16,0.0
DK1,2025-09-26 20:00:00+00:00,B16,0.0
DK1,2025-09-26 21:00:00+00:00,B16,0.0
DK1,2025-09-26 22:00:00+00:00,B16,0.0
DK1,2025-09-26 23:00:00+00:00,B16,0.0
DK1,2025-09-27 00:00:00+00:00,B16,0.0
DK1,2025-09-27 01:00:00+00:00,B16,0.0
DK1,2025-09-27 02:00:00+00:00,B16,0.0
DK1,2025-09-27 03:00:00+00:00,B16,0.0
DK1,2025-09-27 04:00:00+00:00,B16,0.0
DK1,2025-09-27 05:00:00+00:00,B16,0.0
DK1,2025-09-27 06:00:00+00:00,B16,46.26
DK1,2025-09-27 07:00:00+00:00,B16,274.6
DK1,2025-09-27 08:00:00+00:00,B16,495.17
DK1,2025-09-27 09:00:00+00:00,B16,675.8
DK1,2025-09-27 10:00:00+00:00,B16,848.69
DK1,2025-09-27 11:00:00+00:00,B16,960.35
DK1,2025-09-27 12:00:00+00:00,B16,957.94
DK1,2025-09-27 13:00:00+00:00,B16,942.96
DK1,2025-09-27 14:00:00+00:00,B16,775.29
DK1,2025-09-27 15:00:00+00:00,B16,449.98
DK1,2025-09-27 16:00:00+00:00,B16,224.62
DK1,2025-09-27 17:00:00+00:00,B16,12.17
DK1,2025-09-27 18:00:00+00:00,B16,0.0
DK1,2025-09-27 19:00:00+00:00,B16,0.0
DK1,2025-09-27 20:00:00+00:00,B16,0.0
DK1,2025-09-27 21:00:00+00:00,B16,0.0
DK1,2025-09-27 22:00:00+00:00,B16,0.0
DK1,2025-09-27 23:00:00+00:00,B16,0.0
DK1,2025-09-28 00:00:00+00:00,B16,0.0
DK1,2025-09-28 01:00:00+00:00,B16,0.0
DK1,2025-09-28 02:00:00+00:00,B16,0.0
DK1,2025-09-28 03:00:00+00:00,B16,0.0
DK1,2025-09-28 04:00:00+00:00,B16,0.0
DK1,2025-09-28 05:00:00+00:00,B16,0.0
DK1,2025-09-28 06:00:00+00:00,B16,32.34
DK1,2025-09-28 07:00:00+00:00,B16,212.15
DK1,2025-09-28 08:00:00+00:00,B16,466.24
DK1,2025-09-28 09:00:00+00:00,B16,623.94
DK1,2025-09-28 10:00:00+00:00,B16,763.29
DK1,2025-09-28 11:00:00+00:00,B16,797.54
DK1,2025-09-28 12:00:00+00:00,B16,617.22
DK1,2025-09-28 13:00:00+00:00,B16,694.07
DK1,2025-09-28 14:00:00+00:00,B16,604.33
DK1,2025-09-28 15:00:00+00:00,B16,125.29
DK1,2025-09-28 16:00:00+00:00,B16,177.9
DK1,2025-09-28 17:00:00+00:00,B16,5.51
DK1,2025-09-28 18:00:00+00:00,B16,0.0
DK1,2025-09-28 19:00:00+00:00,B16,0.0
DK1,2025-09-28 20:00:00+00:00,B16,0.0
DK1,2025-09-28 21:00:00+00:00,B16,0.0
DK1,2025-09-28 22:00:00+00:00,B16,0.0
DK1,2025-09-28 23:00:00+00:00,B16,0.0
DK1,2025-09-29 00:00:00+00:00,B16,0.0
DK1,2025-09-29 01:00:00+00:00,B16,0.0
DK1,2025-09-29 02:00:00+00:00,B16,0.0
DK1,2025-09-29 03:00:00+00:00,B16,0.0
DK1,2025-09-29 04:00:00+00:00,B16,0.0
DK1,2025-09-29 05:00:00+00:00,B16,0.0
DK1,2025-09-29 06:00:00+00:00,B16,16.91
DK1,2025-09-29 07:00:00+00:00,B16,93.53
DK1,2025-09-29 08:00:00+00:00,B16,322.69
DK1,2025-09-29 09:00:00+00:00,B16,491.6
DK1,2025-09-29 10:00:00+00:00,B16,582.28
DK1,2025-09-29 11:00:00+00:00,B16,601.33
DK1,2025-09-29 12:00:00+00:00,B16,664.73
DK1,2025-09-29 13:00:00+00:00,B16,571.8
DK1,2025-09-29 14:00:00+00:00,B16,387.13
DK1,2025-09-29 15:00:00+00:00,B16,239.25
DK1,2025-09-29 16:00:00+00:00,B16,65.87
DK1,2025-09-29 17:00:00+00:00,B16,1.56
DK1,2025-09-29 18:00:00+00:00,B16,0.0
DK1,2025-09-29 19:00:00+00:00,B16,0.0
DK1,2025-09-29 20:00:00+00:00,B16,0.0
DK1,2025-09-29 21:00:00+00:00,B16,0.0
DK1,2025-09-29 22:00:00+00:00,B16,0.0
DK1,2025-09-29 23:00:00+00:00,B16,0.0
DK1,2025-09-30 00:00:00+00:00,B16,0.0
DK1,2025-09-30 01:00:00+00:00,B16,0.0
DK1,2025-09-30 02:00:00+00:00,B16,0.0
DK1,2025-09-30 03:00:00+00:00,B16,0.0
DK1,2025-09-30 04:00:00+00:00,B16,0.0
DK1,2025-09-30 05:00:00+00:00,B16,0.0
DK1,2025-09-30 06:00:00+00:00,B16,18.91
DK1,2025-09-30 07:00:00+00:00,B16,104.82
DK1,2025-09-30 08:00:00+00:00,B16,358.9
DK1,2025-09-30 09:00:00+00:00,B16,587.28
DK1,2025-09-30 10:00:00+00:00,B16,607.39
DK1,2025-09-30 11:00:00+00:00,B16,699.84
DK1,2025-09-30 12:00:00+00:00,B16,713.91
DK1,2025-09-30 13:00:00+00:00,B16,328.64
DK1,2025-09-30 14:00:00+00:00,B16,497.12
DK1,2025-09-30 15:00:00+00:00,B16,305.35
DK1,2025-09-30 16:00:00+00:00,B16,99.8
DK1,2025-09-30 17:00:00+00:00,B16,0.0
DK1,2025-09-30 18:00:00+00:00,B16,0.0
DK1,2025-09-30 19:00:00+00:00,B16,0.0
DK1,2025-09-30 20:00:00+00:00,B16,0.0
DK1,2025-09-30 21:00:00+00:00,B16,0.0
DK1,2025-09-30 22:00:00+00:00,B16,0.0
DK1,2025-09-30 23:00:00+00:00,B16,0.0
DK1,2025-10-01 00:00:00+00:00,B16,0.0
DK1,2025-10-01 01:00:00+00:00,B16,0.0
DK1,2025-10-01 02:00:00+00:00,B16,0.0
DK1,2025-10-01 03:00:00+00:00,B16,0.0
DK1,2025-10-01 04:00:00+00:00,B16,0.0
DK1,2025-10-01 05:00:00+00:00,B16,0.0
DK1,2025-10-01 06:00:00+00:00,B16,20.06
DK1,2025-10-01 07:00:00+00:00,B16,237.33
DK1,2025-10-01 08:00:00+00:00,B16,507.92
DK1,2025-10-01 09:00:00+00:00,B16,500.36
DK1,2025-10-01 10:00:00+00:00,B16,905.35
DK1,2025-10-01 11:00:00+00:00,B16,687.95
DK1,2025-10-01 12:00:00+00:00,B16,997.24
DK1,2025-10-01 13:00:00+00:00,B16,917.88
DK1,2025-10-01 14:00:00+00:00,B16,696.2
DK1,2025-10-01 15:00:00+00:00,B16,461.81
DK1,2025-10-01 16:00:00+00:00,B16,176.77
DK1,2025-10-01 17:00:00+00:00,B16,0.0
DK1,2025-10-01 18:00:00+00:00,B16,0.0
DK1,2025-10-01 19:00:00+00:00,B16,0.0
DK1,2025-10-01 20:00:00+00:00,B16,0.0
DK1,2025-10-01 21:00:00+00:00,B16,0.0
DK1,2025-10-01 22:00:00+00:00,B16,0.0
DK1,2025-10-01 23:00:00+00:00,B16,0.0
DK1,2025-10-02 00:00:00+00:00,B16,0.0
DK1,2025-10-02 01:00:00+00:00,B16,0.0
DK1,2025-10-02 02:00:00+00:00,B16,0.0
DK1,2025-10-02 03:00:00+00:00,B16,0.0
DK1,2025-10-02 04:00:00+00:00,B16,0.0
DK1,2025-10-02 05:00:00+00:00,B16,0.0
DK1,2025-10-02 06:00:00+00:00,B16,13.7
DK1,2025-10-02 07:00:00+00:00,B16,195.02
DK1,2025-10-02 08:00:00+00:00,B16,429.02
DK1,2025-10-02 09:00:00+00:00,B16,598.64
DK1,2025-10-02 10:00:00+00:00,B16,851.3
DK1,2025-10-02 11:00:00+00:00,B16,680.22
DK1,2025-10-02 12:00:00+00:00,B16,795.45
DK1,2025-10-02 13:00:00+00:00,B16,769.12
DK1,2025-10-02 14:00:00+00:00,B16,558.29
DK1,2025-10-02 15:00:00+00:00,B16,356.54
DK1,2025-10-02 16:00:00+00:00,B16,98.02
DK1,2025-10-02 17:00:00+00:00,B16,0.0
DK1,2025-10-02 18:00:00+00:00,B16,0.0
DK1,2025-10-02 19:00:00+00:00,B16,0.0
DK1,2025-10-02 20:00:00+00:00,B16,0.0
DK1,2025-10-02 21:00:00+00:00,B16,0.0
DK1,2025-10-02 22:00:00+00:00,B16,0.0
DK1,2025-10-02 23:00:00+00:00,B16,0.0
DK1,2025-10-03 00:00:00+00:00,B16,0.0
DK1,2025-10-03 01:00:00+00:00,B16,0.0
DK1,2025-10-03 02:00:00+00:00,B16,0.0
DK1,2025-10-03 03:00:00+00:00,B16,0.0
DK1,2025-10-03 04:00:00+00:00,B16,0.0
DK1,2025-10-03 05:00:00+00:00,B16,0.0
DK1,2025-10-03 06:00:00+00:00,B16,8.53
DK1,2025-10-03 07:00:00+00:00,B16,138.33
DK1,2025-10-03 08:00:00+00:00,B16,423.32
DK1,2025-10-03 09:00:00+00:00,B16,574.57
DK1,2025-10-03 10:00:00+00:00,B16,641.71
DK1,2025-10-03 11:00:00+00:00,B16,670.03
DK1,2025-10-03 12:00:00+00:00,B16,852.95
DK1,2025-10-03 13:00:00+00:00,B16,720.93
DK1,2025-10-03 14:00:00+00:00,B16,566.55
DK1,2025-10-03 15:00:00+00:00,B16,382.75
DK1,2025-10-03 16:00:00+00:00,B16,135.16
DK1,2025-10-03 17:00:00+00:00,B16,0.0
DK1,2025-10-03 18:00:00+00:00,B16,0.0
DK1,2025-10-03 19:00:00+00:00,B16,0.0
DK1,2025-10-03 20:00:00+00:00,B16,0.0
DK1,2025-10-03 21:00:00+00:00,B16,0.0
DK1,2025-10-03 22:00:00+00:00,B16,0.0
DK1,2025-10-03 23:00:00+00:00,B16,0.0
DK1,2025-10-04 00:00:00+00:00,B16,0.0
DK1,2025-10-04 01:00:00+00:00,B16,0.0
DK1,2025-10-04 02:00:00+00:00,B16,0.0
DK1,2025-10-04 03:00:00+00:00,B16,0.0
DK1,2025-10-04 04:00:00+00:00,B16,0.0
DK1,2025-10-04 05:00:00+00:00,B16,0.0
DK1,2025-10-04 06:00:00+00:00,B16,5.73
DK1,2025-10-04 07:00:00+00:00,B16,206.15
DK1,2025-10-04 08:00:00+00:00,B16,381.31
DK1,2025-10-04 09:00:00+00:00,B16,658.48
DK1,2025-10-04 10:00:00+00:00,B16,819.88
DK1,2025-10-04 11:00:00+00:00,B16,563.04
DK1,2025-10-04 12:00:00+00:00,B16,878.19
DK1,2025-10-04 13:00:00+00:00,B16,277.82
DK1,2025-10-04 14:00:00+00:00,B16,654.21
DK1,2025-10-04 15:00:00+00:00,B16,192.79
DK1,2025-10-04 16:00:00+00:00,B16,113.38
DK1,2025-10-04 17:00:00+00:00,B16,0.0
DK1,2025-10-04 18:00:00+00:00,B16,0.0
DK1,2025-10-04 19:00:00+00:00,B16,0.0
DK1,2025-10-04 20:00:00+00:00,B16,0.0
DK1,2025-10-04 21:00:00+00:00,B16,0.0
DK1,2025-10-04 22:00:00+00:00,B16,0.0
DK1,2025-10-04 23:00:00+00:00,B16,0.0
DK1,2025-10-05 00:00:00+00:00,B16,0.0
DK1,2025-10-05 01:00:00+00:00,B16,0.0
DK1,2025-10-05 02:00:00+00:00,B16,0.0
DK1,2025-10-05 03:00:00+00:00,B16,0.0
DK1,2025-10-05 04:00:00+00:00,B16,0.0
DK1,2025-10-05 05:00:00+00:00,B16,0.0
DK1,2025-10-05 06:00:00+00:00,B16,1.55
DK1,2025-10-05 07:00:00+00:00,B16,172.48
DK1,2025-10-05 08:00:00+00:00,B16,279.82
DK1,2025-10-05 09:00:00+00:00,B16,464.36
DK1,2025-10-05 10:00:00+00:00,B16,708.58
DK1,2025-10-05 11:00:00+00:00,B16,620.64
DK1,2025-10-05 12:00:00+00:00,B16,787.71
DK1,2025-10-05 13:00:00+00:00,B16,659.18
DK1,2025-10-05 14:00:00+00:00,B16,620.16
DK1,2025-10-05 15:00:00+00:00,B16,325.71
DK1,2025-10-05 16:00:00+00:00,B16,110.76
DK1,2025-10-05 17:00:00+00:00,B16,0.0
DK1,2025-10-05 18:00:00+00:00,B16,0.0
DK1,2025-10-05 19:00:00+00:00,B16,0.0
DK1,2025-10-05 20:00:00+00:00,B16,0.0
DK1,2025-10-05 21:00:00+00:00,B16,0.0
DK1,2025-10-05 22:00:00+00:00,B16,0.0
DK1,2025-10-05 23:00:00+00:00,B16,0.0
DK1,2025-10-06 00:00:00+00:00,B16,0.0
DK1,2025-10-06 01:00:00+00:00,B16,0.0
DK1,2025-10-06 02:00:00+00:00,B16,0.0
DK1,2025-10-06 03:00:00+00:00,B16,0.0
DK1,2025-10-06 04:00:00+00:00,B16,0.0
DK1,2025-10-06 05:00:00+00:00,B16,0.0
DK1,2025-10-06 06:00:00+00:00,B16,0.0
DK1,2025-10-06 07:00:00+00:00,B16,141.48
DK1,2025-10-06 08:00:00+00:00,B16,352.12
DK1,2025-10-06 09:00:00+00:00,B16,572.67
DK1,2025-10-06 10:00:00+00:00,B16,626.32
DK1,2025-10-06 11:00:00+00:00,B16,647.63
DK1,2025-10-06 12:00:00+00:00,B16,692.74
DK1,2025-10-06 13:00:00+00:00,B16,636.0
DK1,2025-10-06 14:00:00+00:00,B16,452.67
DK1,2025-10-06 15:00:00+00:00,B16,315.44
DK1,2025-10-06 16:00:00+00:00,B16,108.95
DK1,2025-10-06 17:00:00+00:00,B16,0.0
DK1,2025-10-06 18:00:00+00:00,B16,0.0
DK1,2025-10-06 19:00:00+00:00,B16,0.0
DK1,2025-10-06 20:00:00+00:00,B16,0.0
DK1,2025-10-06 21:00:00+00:00,B16,0.0
DK1,2025-10-06 22:00:00+00:00,B16,0.0
DK1,2025-10-06 23:00:00+00:00,B16,0.0
DK1,2025-10-07 00:00:00+00:00,B16,0.0
DK1,2025-10-07 01:00:00+00:00,B16,0.0
DK1,2025-10-07 02:00:00+00:00,B16,0.0
DK1,2025-10-07 03:00:00+00:00,B16,0.0
DK1,2025-10-07 04:00:00+00:00,B16,0.0
DK1,2025-10-07 05:00:00+00:00,B16,0.0
DK1,2025-10-07 06:00:00+00:00,B16,0.0
DK1,2025-10-07 07:00:00+00:00,B16,116.16
DK1,2025-10-07 08:00:00+00:00,B16,283.48
DK1,2025-10-07 09:00:00+00:00,B16,483.51
DK1,2025-10-07 10:00:00+00:00,B16,608.2
DK1,2025-10-07 11:00:00+00:00,B16,491.42
DK1,2025-10-07 12:00:00+00:00,B16,714.16
DK1,2025-10-07 13:00:00+00:00,B16,584.86
DK1,2025-10-07 14:00:00+00:00,B16,500.12
DK1,2025-10-07 15:00:00+00:00,B16,245.96
DK1,2025-10-07 16:00:00+00:00,B16,80.33
DK1,2025-10-07 17:00:00+00:00,B16,0.0
DK1,2025-10-07 18:00:00+00:00,B16,0.0
DK1,2025-10-07 19:00:00+00:00,B16,0.0
DK1,2025-10-07 20:00:00+00:00,B16,0.0
DK1,2025-10-07 21:00:00+00:00,B16,0.0
DK1,2025-10-07 22:00:00+00:00,B16,0.0
DK1,2025-10-07 23:00:00+00:00,B16,0.0
DK1,2025-10-08 00:00:00+00:00,B16,0.0
DK1,2025-10-08 01:00:00+00:00,B16,0.0
DK1,2025-10-08 02:00:00+00:00,B16,0.0
DK1,2025-10-08 03:00:00+00:00,B16,0.0
DK1,2025-10-08 04:00:00+00:00,B16,0.0
DK1,2025-10-08 05:00:00+00:00,B16,0.0
DK1,2025-10-08 06:00:00+00:00,B16,0.0
DK1,2025-10-08 07:00:00+00:00,B16,99.14
DK1,2025-10-08 08:00:00+00:00,B16,256.69
DK1,2025-10-08 09:00:00+00:00,B16,347.72
DK1,2025-10-08 10:00:00+00:00,B16,400.65
DK1,2025-10-08 11:00:00+00:00,B16,575.15
DK1,2025-10-08 12:00:00+00:00,B16,378.48
DK1,2025-10-08 13:00:00+00:00,B16,461.41
DK1,2025-10-08 14:00:00+00:00,B16,279.26
DK1,2025-10-08 15:00:00+00:00,B16,196.27
DK1,2025-10-08 16:00:00+00:00,B16,70.2
DK1,2025-10-08 17:00:00+00:00,B16,0.0
DK1,2025-10-08 18:00:00+00:00,B16,0.0
DK1,2025-10-08 19:00:00+00:00,B16,0.0
DK1,2025-10-08 20:00:00+00:00,B16,0.0
DK1,2025-10-08 21:00:00+00:00,B16,0.0
DK1,2025-10-08 22:00:00+00:00,B16,0.0
DK1,2025-10-08 23:00:00+00:00,B16,0.0
DK1,2025-10-09 00:00:00+00:00,B16,0.0
DK1,2025-10-09 01:00:00+00:00,B16,0.0
DK1,2025-10-09 02:00:00+00:00,B16,0.0
DK1,2025-10-09 03:00:00+00:00,B16,0.0
DK1,2025-10-09 04:00:00+00:00,B16,0.0
DK1,2025-10-09 05:00:00+00:00,B16,0.0
DK1,2025-10-09 06:00:00+00:00,B16,0.0
DK1,2025-10-09 07:00:00+00:00,B16,136.54
DK1,2025-10-09 08:00:00+00:00,B16,203.98
DK1,2025-10-09 09:00:00+00:00,B16,529.26
DK1,2025-10-09 10:00:00+00:00,B16,782.76
DK1,2025-10-09 11:00:00+00:00,B16,874.31
DK1,2025-10-09 12:00:00+00:00,B16,590.14
DK1,2025-10-09 13:00:00+00:00,B16,662.95
DK1,2025-10-09 14:00:00+00:00,B16,582.79
DK1,2025-10-09 15:00:00+00:00,B16,339.05
DK1,2025-10-09 16:00:00+00:00,B16,111.29
DK1,2025-10-09 17:00:00+00:00,B16,0.0
DK1,2025-10-09 18:00:00+00:00,B16,0.0
DK1,2025-10-09 19:00:00+00:00,B16,0.0
DK1,2025-10-09 20:00:00+00:00,B16,0.0
DK1,2025-10-09 21:00:00+00:00,B16,0.0
DK1,2025-10-09 22:00:00+00:00,B16,0.0
DK1,2025-10-09 23:00:00+00:00,B16,0.0
DK1,2025-10-10 00:00:00+00:00,B16,0.0
DK1,2025-10-10 01:00:00+00:00,B16,0.0
DK1,2025-10-10 02:00:00+00:00,B16,0.0
DK1,2025-10-10 03:00:00+00:00,B16,0.0
DK1,2025-10-10 04:00:00+00:00,B16,0.0
DK1,2025-10-10 05:00:00+00:00,B16,0.0
DK1,2025-10-10 06:00:00+00:00,B16,0.0
DK1,2025-10-10 07:00:00+00:00,B16,104.85
DK1,2025-10-10 08:00:00+00:00,B16,161.79
DK1,2025-10-10 09:00:00+00:00,B16,515.7
DK1,2025-10-10 10:00:00+00:00,B16,591.31
DK1,2025-10-10 11:00:00+00:00,B16,630.37
DK1,2025-10-10 12:00:00+00:00,B16,696.96
DK1,2025-10-10 13:00:00+00:00,B16,579.97
DK1,2025-10-10 14:00:00+00:00,B16,419.11
DK1,2025-10-10 15:00:00+00:00,B16,243.51
DK1,2025-10-10 16:00:00+00:00,B16,73.68
DK1,2025-10-10 17:00:00+00:00,B16,0.0
DK1,2025-10-10 18:00:00+00:00,B16,0.0
DK1,2025-10-10 19:00:00+00:00,B16,0.0
DK1,2025-10-10 20:00:00+00:00,B16,0.0
DK1,2025-10-10 21:00:00+00:00,B16,0.0
DK1,2025-10-10 22:00:00+00:00,B16,0.0
DK1,2025-10-10 23:00:00+00:00,B16,0.0
DK1,2025-10-11 00:00:00+00:00,B16,0.0
DK1,2025-10-11 01:00:00+00:00,B16,0.0
DK1,2025-10-11 02:00:00+00:00,B16,0.0
DK1,2025-10-11 03:00:00+00:00,B16,0.0
DK1,2025-10-11 04:00:00+00:00,B16,0.0
DK1,2025-10-11 05:00:00+00:00,B16,0.0
DK1,2025-10-11 06:00:00+00:00,B16,0.0
DK1,2025-10-11 07:00:00+00:00,B16,124.81
DK1,2025-10-11 08:00:00+00:00,B16,326.05
DK1,2025-10-11 09:00:00+00:00,B16,363.68
DK1,2025-10-11 10:00:00+00:00,B16,494.85
DK1,2025-10-11 11:00:00+00:00,B16,782.5
DK1,2025-10-11 12:00:00+00:00,B16,767.74
DK1,2025-10-11 13:00:00+00:00,B16,699.59
DK1,2025-10-11 14:00:00+00:00,B16,550.58
DK1,2025-10-11 15:00:00+00:00,B16,294.41
DK1,2025-10-11 16:00:00+00:00,B16,77.19
DK1,2025-10-11 17:00:00+00:00,B16,0.0
DK1,2025-10-11 18:00:00+00:00,B16,0.0
DK1,2025-10-11 19:00:00+00:00,B16,0.0
DK1,2025-10-11 20:00:00+00:00,B16,0.0
DK1,2025-10-11 21:00:00+00:00,B16,0.0
DK1,2025-10-11 22:00:00+00:00,B16,0.0
DK1,2025-10-11 23:00:00+00:00,B16,0.0
DK1,2025-10-12 00:00:00+00:00,B16,0.0
DK1,2025-10-12 01:00:00+00:00,B16,0.0
DK1,2025-10-12 02:00:00+00:00,B16,0.0
DK1,2025-10-12 03:00:00+00:00,B16,0.0
DK1,2025-10-12 04:00:00+00:00,B16,0.0
DK1,2025-10-12 05:00:00+00:00,B16,0.0
DK1,2025-10-12 06:00:00+00:00,B16,0.0
DK1,2025-10-12 07:00:00+00:00,B16,82.43
DK1,2025-10-12 08:00:00+00:00,B16,326.48
DK1,2025-10-12 09:00:00+00:00,B16,619.62
DK1,2025-10-12 10:00:00+00:00,B16,697.98
DK1,2025-10-12 11:00:00+00:00,B16,413.29
DK1,2025-10-12 12:00:00+00:00,B16,739.35
DK1,2025-10-12 13:00:00+00:00,B16,601.19
DK1,2025-10-12 14:00:00+00:00,B16,534.01
DK1,2025-10-12 15:00:00+00:00,B16,186.2
DK1,2025-10-12 16:00:00+00:00,B16,71.57
DK1,2025-10-12 17:00:00+00:00,B16,0.0
DK1,2025-10-12 18:00:00+00:00,B16,0.0
DK1,2025-10-12 19:00:00+00:00,B16,0.0
DK1,2025-10-12 20:00:00+00:00,B16,0.0
DK1,2025-10-12 21:00:00+00:00,B16,0.0
DK1,2025-10-12 22:00:00+00:00,B16,0.0
DK1,2025-10-12 23:00:00+00:00,B16,0.0
DK1,2025-10-13 00:00:00+00:00,B16,0.0
DK1,2025-10-13 01:00:00+00:00,B16,0.0
DK1,2025-10-13 02:00:00+00:00,B16,0.0
DK1,2025-10-13 03:00:00+00:00,B16,0.0
DK1,2025-10-13 04:00:00+00:00,B16,0.0
DK1,2025-10-13 05:00:00+00:00,B16,0.0
DK1,2025-10-13 06:00:00+00:00,B16,0.0
DK1,2025-10-13 07:00:00+00:00,B16,113.55
DK1,2025-10-13 08:00:00+00:00,B16,287.81
DK1,2025-10-13 09:00:00+00:00,B16,370.85
DK1,2025-10-13 10:00:00+00:00,B16,612.66
DK1,2025-10-13 11:00:00+00:00,B16,227.66
DK1,2025-10-13 12:00:00+00:00,B16,712.98
DK1,2025-10-13 13:00:00+00:00,B16,541.99
DK1,2025-10-13 14:00:00+00:00,B16,392.16
DK1,2025-10-13 15:00:00+00:00,B16,73.79
DK1,2025-10-13 16:00:00+00:00,B16,59.47
DK1,2025-10-13 17:00:00+00:00,B16,0.0
DK1,2025-10-13 18:00:00+00:00,B16,0.0
DK1,2025-10-13 19:00:00+00:00,B16,0.0
DK1,2025-10-13 20:00:00+00:00,B16,0.0
DK1,2025-10-13 21:00:00+00:00,B16,0.0
DK1,2025-10-13 22:00:00+00:00,B16,0.0
DK1,2025-10-13 23:00:00+00:00,B16,0.0
DK1,2025-10-14 00:00:00+00:00,B16,0.0
DK1,2025-10-14 01:00:00+00:00,B16,0.0
DK1,2025-10-14 02:00:00+00:00,B16,0.0
DK1,2025-10-14 03:00:00+00:00,B16,0.0
DK1,2025-10-14 04:00:00+00:00,B16,0.0
DK1,2025-10-14 05:00:00+00:00,B16,0.0
DK1,2025-10-14 06:00:00+00:00,B16,0.0
DK1,2025-10-14 07:00:00+00:00,B16,90.1
DK1,2025-10-14 08:00:00+00:00,B16,336.45
DK1,2025-10-14 09:00:00+00:00,B16,548.87
DK1,2025-10-14 10:00:00+00:00,B16,669.98
DK1,2025-10-14 11:00:00+00:00,B16,769.44
DK1,2025-10-14 12:00:00+00:00,B16,591.18
DK1,2025-10-14 13:00:00+00:00,B16,511.12
DK1,2025-10-14 14:00:00+00:00,B16,446.88
DK1,2025-10-14 15:00:00+00:00,B16,258.23
DK1,2025-10-14 16:00:00+00:00,B16,27.79
DK1,2025-10-14 17:00:00+00:00,B16,0.0
DK1,2025-10-14 18:00:00+00:00,B16,0.0
DK1,2025-10-14 19:00:00+00:00,B16,0.0
DK1,2025-10-14 20:00:00+00:00,B16,0.0
DK1,2025-10-14 21:00:00+00:00,B16,0.0
DK1,2025-10-14 22:00:00+00:00,B16,0.0
DK1,2025-10-14 23:00:00+00:00,B16,0.0
DK1,2025-10-15 00:00:00+00:00,B16,0.0
DK1,2025-10-15 01:00:00+00:00,B16,0.0
DK1,2025-10-15 02:00:00+00:00,B16,0.0
DK1,2025-10-15 03:00:00+00:00,B16,0.0
DK1,2025-10-15 04:00:00+00:00,B16,0.0
DK1,2025-10-15 05:00:00+00:00,B16,0.0
DK1,2025-10-15 06:00:00+00:00,B16,0.0
DK1,2025-10-15 07:00:00+00:00,B16,81.01
DK1,2025-10-15 08:00:00+00:00,B16,279.91
DK1,2025-10-15 09:00:00+00:00,B16,381.15
DK1,2025-10-15 10:00:00+00:00,B16,434.98
DK1,2025-10-15 11:00:00+00:00,B16,459.57
DK1,2025-10-15 12:00:00+00:00,B16,489.48
DK1,2025-10-15 13:00:00+00:00,B16,469.93
DK1,2025-10-15 14:00:00+00:00,B16,333.2
DK1,2025-10-15 15:00:00+00:00,B16,221.96
DK1,2025-10-15 16:00:00+00:00,B16,40.69
DK1,2025-10-15 17:00:00+00:00,B16,0.0
DK1,2025-10-15 18:00:00+00:00,B16,0.0
DK1,2025-10-15 19:00:00+00:00,B16,0.0
DK1,2025-10-15 20:00:00+00:00,B16,0.0
DK1,2025-10-15 21:00:00+00:00,B16,0.0
DK1,2025-10-15 22:00:00+00:00,B16,0.0
DK1,2025-10-15 23:00:00+00:00,B16,0.0
DK1,2025-10-16 00:00:00+00:00,B16,0.0
DK1,2025-10-16 01:00:00+00:00,B16,0.0
DK1,2025-10-16 02:00:00+00:00,B16,0.0
DK1,2025-10-16 03:00:00+00:00,B16,0.0
DK1,2025-10-16 04:00:00+00:00,B16,0.0
DK1,2025-10-16 05:00:00+00:00,B16,0.0
DK1,2025-10-16 06:00:00+00:00,B16,0.0
DK1,2025-10-16 07:00:00+00:00,B16,84.94
DK1,2025-10-16 08:00:00+00:00,B16,273.52
DK1,2025-10-16 09:00:00+00:00,B16,490.81
DK1,2025-10-16 10:00:00+00:00,B16,716.69
DK1,2025-10-16 11:00:00+00:00,B16,643.89
DK1,2025-10-16 12:00:00+00:00,B16,540.81
DK1,2025-10-16 13:00:00+00:00,B16,617.94
DK1,2025-10-16 14:00:00+00:00,B16,459.79
DK1,2025-10-16 15:00:00+00:00,B16,241.12
DK1,2025-10-16 16:00:00+00:00,B16,48.21
DK1,2025-10-16 17:00:00+00:00,B16,0.0
DK1,2025-10-16 18:00:00+00:00,B16,0.0
DK1,2025-10-16 19:00:00+00:00,B16,0.0
DK1,2025-10-16 20:00:00+00:00,B16,0.0
DK1,2025-10-16 21:00:00+00:00,B16,0.0
DK1,2025-10-16 22:00:00+00:00,B16,0.0
DK1,2025-10-16 23:00:00+00:00,B16,0.0
DK1,2025-10-17 00:00:00+00:00,B16,0.0
DK1,2025-10-17 01:00:00+00:00,B16,0.0
DK1,2025-10-17 02:00:00+00:00,B16,0.0
DK1,2025-10-17 03:00:00+00:00,B16,0.0
DK1,2025-10-17 04:00:00+00:00,B16,0.0
DK1,2025-10-17 05:00:00+00:00,B16,0.0
DK1,2025-10-17 06:00:00+00:00,B16,0.0
DK1,2025-10-17 07:00:00+00:00,B16,79.66
DK1,2025-10-17 08:00:00+00:00,B16,233.69
DK1,2025-10-17 09:00:00+00:00,B16,344.54
DK1,2025-10-17 10:00:00+00:00,B16,664.88
DK1,2025-10-17 11:00:00+00:00,B16,575.57
DK1,2025-10-17 12:00:00+00:00,B16,703.26
DK1,2025-10-17 13:00:00+00:00,B16,553.13
DK1,2025-10-17 14:00:00+00:00,B16,501.93
DK1,2025-10-17 15:00:00+00:00,B16,241.08
DK1,2025-10-17 16:00:00+00:00,B16,27.92
DK1,2025-10-17 17:00:00+00:00,B16,0.0
DK1,2025-10-17 18:00:00+00:00,B16,0.0
DK1,2025-10-17 19:00:00+00:00,B16,0.0
DK1,2025-10-17 20:00:00+00:00,B16,0.0
DK1,2025-10-17 21:00:00+00:00,B16,0.0
DK1,2025-10-17 22:00:00+00:00,B16,0.0
DK1,2025-10-17 23:00:00+00:00,B16,0.0
DK1,2025-10-18 00:00:00+00:00,B16,0.0
DK1,2025-10-18 01:00:00+00:00,B16,0.0
DK1,2025-10-18 02:00:00+00:00,B16,0.0
DK1,2025-10-18 03:00:00+00:00,B16,0.0
DK1,2025-10-18 04:00:00+00:00,B16,0.0
DK1,2025-10-18 05:00:00+00:00,B16,0.0
DK1,2025-10-18 06:00:00+00:00,B16,0.0
DK1,2025-10-18 07:00:00+00:00,B16,72.1
DK1,2025-10-18 08:00:00+00:00,B16,288.97
DK1,2025-10-18 09:00:00+00:00,B16,473.65
DK1,2025-10-18 10:00:00+00:00,B16,656.68
DK1,2025-10-18 11:00:00+00:00,B16,357.87
DK1,2025-10-18 12:00:00+00:00,B16,694.82
DK1,2025-10-18 13:00:00+00:00,B16,671.54
DK1,2025-10-18 14:00:00+00:00,B16,368.46
DK1,2025-10-18 15:00:00+00:00,B16,192.73
DK1,2025-10-18 16:00:00+00:00,B16,10.02
DK1,2025-10-18 17:00:00+00:00,B16,0.0
DK1,2025-10-18 18:00:00+00:00,B16,0.0
DK1,2025-10-18 19:00:00+00:00,B16,0.0
DK1,2025-10-18 20:00:00+00:00,B16,0.0
DK1,2025-10-18 21:00:00+00:00,B16,0.0
DK1,2025-10-18 22:00:00+00:00,B16,0.0
DK1,2025-10-18 23:00:00+00:00,B16,0.0
DK1,2025-10-19 00:00:00+00:00,B16,0.0
DK1,2025-10-19 01:00:00+00:00,B16,0.0
DK1,2025-10-19 02:00:00+00:00,B16,0.0
DK1,2025-10-19 03:00:00+00:00,B16,0.0
DK1,2025-10-19 04:00:00+00:00,B16,0.0
DK1,2025-10-19 05:00:00+00:00,B16,0.0
DK1,2025-10-19 06:00:00+00:00,B16,0.0
DK1,2025-10-19 07:00:00+00:00,B16,42.97
DK1,2025-10-19 08:00:00+00:00,B16,198.9
DK1,2025-10-19 09:00:00+00:00,B16,324.48
DK1,2025-10-19 10:00:00+00:00,B16,351.2
DK1,2025-10-19 11:00:00+00:00,B16,520.76
DK1,2025-10-19 12:00:00+00:00,B16,551.81
DK1,2025-10-19 13:00:00+00:00,B16,424.13
DK1,2025-10-19 14:00:00+00:00,B16,216.12
DK1,2025-10-19 15:00:00+00:00,B16,151.28
DK1,2025-10-19 16:00:00+00:00,B16,18.96
DK1,2025-10-19 17:00:00+00:00,B16,0.0
DK1,2025-10-19 18:00:00+00:00,B16,0.0
DK1,2025-10-19 19:00:00+00:00,B16,0.0
DK1,2025-10-19 20:00:00+00:00,B16,0.0
DK1,2025-10-19 21:00:00+00:00,B16,0.0
DK1,2025-10-19 22:00:00+00:00,B16,0.0
DK1,2025-10-19 23:00:00+00:00,B16,0.0
DK1,2025-10-20 00:00:00+00:00,B16,0.0
DK1,2025-10-20 01:00:00+00:00,B16,0.0
DK1,2025-10-20 02:00:00+00:00,B16,0.0
DK1,2025-10-20 03:00:00+00:00,B16,0.0
DK1,2025-10-20 04:00:00+00:00,B16,0.0
DK1,2025-10-20 05:00:00+00:00,B16,0.0
DK1,2025-10-20 06:00:00+00:00,B16,0.0
DK1,2025-10-20 07:00:00+00:00,B16,51.35
DK1,2025-10-20 08:00:00+00:00,B16,140.07
DK1,2025-10-20 09:00:00+00:00,B16,394.71
DK1,2025-10-20 10:00:00+00:00,B16,311.09
DK1,2025-10-20 11:00:00+00:00,B16,726.86
DK1,2025-10-20 12:00:00+00:00,B16,610.14
DK1,2025-10-20 13:00:00+00:00,B16,629.09
DK1,2025-10-20 14:00:00+00:00,B16,412.16
DK1,2025-10-20 15:00:00+00:00,B16,208.65
DK1,2025-10-20 16:00:00+00:00,B16,22.42
DK1,2025-10-20 17:00:00+00:00,B16,0.0
DK1,2025-10-20 18:00:00+00:00,B16,0.0
DK1,2025-10-20 19:00:00+00:00,B16,0.0
DK1,2025-10-20 20:00:00+00:00,B16,0.0
DK1,2025-10-20 21:00:00+00:00,B16,0.0
DK1,2025-10-20 22:00:00+00:00,B16,0.0
DK1,2025-10-20 23:00:00+00:00,B16,0.0
DK1,2025-10-21 00:00:00+00:00,B16,0.0
DK1,2025-10-21 01:00:00+00:00,B16,0.0
DK1,2025-10-21 02:00:00+00:00,B16,0.0
DK1,2025-10-21 03:00:00+00:00,B16,0.0
DK1,2025-10-21 04:00:00+00:00,B16,0.0
DK1,2025-10-21 05:00:00+00:00,B16,0.0
DK1,2025-10-21 06:00:00+00:00,B16,0.0
DK1,2025-10-21 07:00:00+00:00,B16,33.9
DK1,2025-10-21 08:00:00+00:00,B16,159.13
DK1,2025-10-21 09:00:00+00:00,B16,228.16
DK1,2025-10-21 10:00:00+00:00,B16,427.87
DK1,2025-10-21 11:00:00+00:00,B16,454.29
DK1,2025-10-21 12:00:00+00:00,B16,501.14
DK1,2025-10-21 13:00:00+00:00,B16,321.77
DK1,2025-10-21 14:00:00+00:00,B16,207.52
DK1,2025-10-21 15:00:00+00:00,B16,154.62
DK1,2025-10-21 16:00:00+00:00,B16,7.19
DK1,2025-10-21 17:00:00+00:00,B16,0.0
DK1,2025-10-21 18:00:00+00:00,B16,0.0
DK1,2025-10-21 19:00:00+00:00,B16,0.0
DK1,2025-10-21 20:00:00+00:00,B16,0.0
DK1,2025-10-21 21:00:00+00:00,B16,0.0
DK1,2025-10-21 22:00:00+00:00,B16,0.0
DK1,2025-10-21 23:00:00+00:00,B16,0.0
DK1,2025-10-22 00:00:00+00:00,B16,0.0
DK1,2025-10-22 01:00:00+00:00,B16,0.0
DK1,2025-10-22 02:00:00+00:00,B16,0.0
DK1,2025-10-22 03:00:00+00:00,B16,0.0
DK1,2025-10-22 04:00:00+00:00,B16,0.0
DK1,2025-10-22 05:00:00+00:00,B16,0.0
DK1,2025-10-22 06:00:00+00:00,B16,0.0
DK1,2025-10-22 07:00:00+00:00,B16,30.73
DK1,2025-10-22 08:00:00+00:00,B16,242.24
DK1,2025-10-22 09:00:00+00:00,B16,140.98
DK1,2025-10-22 10:00:00+00:00,B16,392.52
DK1,2025-10-22 11:00:00+00:00,B16,631.42
DK1,2025-10-22 12:00:00+00:00,B16,514.71
DK1,2025-10-22 13:00:00+00:00,B16,529.28
DK1,2025-10-22 14:00:00+00:00,B16,333.79
DK1,2025-10-22 15:00:00+00:00,B16,162.62
DK1,2025-10-22 16:00:00+00:00,B16,9.48
DK1,2025-10-22 17:00:00+00:00,B16,0.0
DK1,2025-10-22 18:00:00+00:00,B16,0.0
DK1,2025-10-22 19:00:00+00:00,B16,0.0
DK1,2025-10-22 20:00:00+00:00,B16,0.0
DK1,2025-10-22 21:00:00+00:00,B16,0.0
DK1,2025-10-22 22:00:00+00:00,B16,0.0
DK1,2025-10-22 23:00:00+00:00,B16,0.0
DK1,2025-10-23 00:00:00+00:00,B16,0.0
DK1,2025-10-23 01:00:00+00:00,B16,0.0
DK1,2025-10-23 02:00:00+00:00,B16,0.0
DK1,2025-10-23 03:00:00+00:00,B16,0.0
DK1,2025-10-23 04:00:00+00:00,B16,0.0
DK1,2025-10-23 05:00:00+00:00,B16,0.0
DK1,2025-10-23 06:00:00+00:00,B16,0.0
DK1,2025-10-23 07:00:00+00:00,B16,42.9
DK1,2025-10-23 08:00:00+00:00,B16,215.03
DK1,2025-10-23 09:00:00+00:00,B16,397.37
DK1,2025-10-23 10:00:00+00:00,B16,285.41
DK1,2025-10-23 11:00:00+00:00,B16,653.58
DK1,2025-10-23 12:00:00+00:00,B16,546.69
DK1,2025-10-23 13:00:00+00:00,B16,153.87
DK1,2025-10-23 14:00:00+00:00,B16,390.72
DK1,2025-10-23 15:00:00+00:00,B16,130.54
DK1,2025-10-23 16:00:00+00:00,B16,5.76
DK1,2025-10-23 17:00:00+00:00,B16,0.0
DK1,2025-10-23 18:00:00+00:00,B16,0.0
DK1,2025-10-23 19:00:00+00:00,B16,0.0
DK1,2025-10-23 20:00:00+00:00,B16,0.0
DK1,2025-10-23 21:00:00+00:00,B16,0.0
DK1,2025-10-23 22:00:00+00:00,B16,0.0
DK1,2025-10-23 23:00:00+00:00,B16,0.0
DK1,2025-10-24 00:00:00+00:00,B16,0.0
DK1,2025-10-24 01:00:00+00:00,B16,0.0
DK1,2025-10-24 02:00:00+00:00,B16,0.0
DK1,2025-10-24 03:00:00+00:00,B16,0.0
DK1,2025-10-24 04:00:00+00:00,B16,0.0
DK1,2025-10-24 05:00:00+00:00,B16,0.0
DK1,2025-10-24 06:00:00+00:00,B16,0.0
DK1,2025-10-24 07:00:00+00:00,B16,17.01
DK1,2025-10-24 08:00:00+00:00,B16,127.11
DK1,2025-10-24 09:00:00+00:00,B16,308.46
DK1,2025-10-24 10:00:00+00:00,B16,366.78
DK1,2025-10-24 11:00:00+00:00,B16,475.56
DK1,2025-10-24 12:00:00+00:00,B16,380.74
DK1,2025-10-24 13:00:00+00:00,B16,359.81
DK1,2025-10-24 14:00:00+00:00,B16,92.42
DK1,2025-10-24 15:00:00+00:00,B16,77.7
DK1,2025-10-24 16:00:00+00:00,B16,2.6
DK1,2025-10-24 17:00:00+00:00,B16,0.0
DK1,2025-10-24 18:00:00+00:00,B16,0.0
DK1,2025-10-24 19:00:00+00:00,B16,0.0
DK1,2025-10-24 20:00:00+00:00,B16,0.0
DK1,2025-10-24 21:00:00+00:00,B16,0.0
DK1,2025-10-24 22:00:00+00:00,B16,0.0
DK1,2025-10-24 23:00:00+00:00,B16,0.0
DK1,2025-10-25 00:00:00+00:00,B16,0.0
DK1,2025-10-25 01:00:00+00:00,B16,0.0
DK1,2025-10-25 02:00:00+00:00,B16,0.0
DK1,2025-10-25 03:00:00+00:00,B16,0.0
DK1,2025-10-25 04:00:00+00:00,B16,0.0
DK1,2025-10-25 05:00:00+00:00,B16,0.0
DK1,2025-10-25 06:00:00+00:00,B16,0.0
DK1,2025-10-25 07:00:00+00:00,B16,18.84
DK1,2025-10-25 08:00:00+00:00,B16,197.79
DK1,2025-10-25 09:00:00+00:00,B16,392.39
DK1,2025-10-25 10:00:00+00:00,B16,483.02
DK1,2025-10-25 11:00:00+00:00,B16,558.59
DK1,2025-10-25 12:00:00+00:00,B16,561.86
DK1,2025-10-25 13:00:00+00:00,B16,436.84
DK1,2025-10-25 14:00:00+00:00,B16,359.29
DK1,2025-10-25 15:00:00+00:00,B16,77.77
DK1,2025-10-25 16:00:00+00:00,B16,0.91
DK1,2025-10-25 17:00:00+00:00,B16,0.0
DK1,2025-10-25 18:00:00+00:00,B16,0.0
DK1,2025-10-25 19:00:00+00:00,B16,0.0
DK1,2025-10-25 20:00:00+00:00,B16,0.0
DK1,2025-10-25 21:00:00+00:00,B16,0.0
DK1,2025-10-25 22:00:00+00:00,B16,0.0
DK1,2025-10-25 23:00:00+00:00,B16,0.0
DK1,2025-10-26 00:00:00+00:00,B16,0.0
DK1,2025-10-26 01:00:00+00:00,B16,0.0
DK1,2025-10-26 02:00:00+00:00,B16,0.0
DK1,2025-10-26 03:00:00+00:00,B16,0.0
DK1,2025-10-26 04:00:00+00:00,B16,0.0
DK1,2025-10-26 05:00:00+00:00,B16,0.0
DK1,2025-10-26 06:00:00+00:00,B16,0.0
DK1,2025-10-26 07:00:00+00:00,B16,21.16
DK1,2025-10-26 08:00:00+00:00,B16,147.03
DK1,2025-10-26 09:00:00+00:00,B16,346.55
DK1,2025-10-26 10:00:00+00:00,B16,494.91
DK1,2025-10-26 11:00:00+00:00,B16,584.7
DK1,2025-10-26 12:00:00+00:00,B16,494.15
DK1,2025-10-26 13:00:00+00:00,B16,412.92
DK1,2025-10-26 14:00:00+00:00,B16,275.72
DK1,2025-10-26 15:00:00+00:00,B16,106.82
DK1,2025-10-26 16:00:00+00:00,B16,0.0
DK1,2025-10-26 17:00:00+00:00,B16,0.0
DK1,2025-10-26 18:00:00+00:00,B16,0.0
DK1,2025-10-26 19:00:00+00:00,B16,0.0
DK1,2025-10-26 20:00:00+00:00,B16,0.0
DK1,2025-10-26 21:00:00+00:00,B16,0.0
DK1,2025-10-26 22:00:00+00:00,B16,0.0
DK1,2025-10-26 23:00:00+00:00,B16,0.0
DK1,2025-10-27 00:00:00+00:00,B16,0.0
DK1,2025-10-27 01:00:00+00:00,B16,0.0
DK1,2025-10-27 02:00:00+00:00,B16,0.0
DK1,2025-10-27 03:00:00+00:00,B16,0.0
DK1,2025-10-27 04:00:00+00:00,B16,0.0
DK1,2025-10-27 05:00:00+00:00,B16,0.0
DK1,2025-10-27 06:00:00+00:00,B16,0.0
DK1,2025-10-27 07:00:00+00:00,B16,13.26
DK1,2025-10-27 08:00:00+00:00,B16,154.54
DK1,2025-10-27 09:00:00+00:00,B16,314.04
DK1,2025-10-27 10:00:00+00:00,B16,368.54
DK1,2025-10-27 11:00:00+00:00,B16,484.0
DK1,2025-10-27 12:00:00+00:00,B16,371.07
DK1,2025-10-27 13:00:00+00:00,B16,348.6
DK1,2025-10-27 14:00:00+00:00,B16,240.64
DK1,2025-10-27 15:00:00+00:00,B16,65.87
DK1,2025-10-27 16:00:00+00:00,B16,0.0
DK1,2025-10-27 17:00:00+00:00,B16,0.0
DK1,2025-10-27 18:00:00+00:00,B16,0.0
DK1,2025-10-27 19:00:00+00:00,B16,0.0
DK1,2025-10-27 20:00:00+00:00,B16,0.0
DK1,2025-10-27 21:00:00+00:00,B16,0.0
DK1,2025-10-27 22:00:00+00:00,B16,0.0
DK1,2025-10-27 23:00:00+00:00,B16,0.0
DK1,2025-10-28 00:00:00+00:00,B16,0.0
DK1,2025-10-28 01:00:00+00:00,B16,0.0
DK1,2025-10-28 02:00:00+00:00,B16,0.0
DK1,2025-10-28 03:00:00+00:00,B16,0.0
DK1,2025-10-28 04:00:00+00:00,B16,0.0
DK1,2025-10-28 05:00:00+00:00,B16,0.0
DK1,2025-10-28 06:00:00+00:00,B16,0.0
DK1,2025-10-28 07:00:00+00:00,B16,12.11
DK1,2025-10-28 08:00:00+00:00,B16,156.4
DK1,2025-10-28 09:00:00+00:00,B16,312.25
DK1,2025-10-28 10:00:00+00:00,B16,485.64
DK1,2025-10-28 11:00:00+00:00,B16,534.84
DK1,2025-10-28 12:00:00+00:00,B16,464.42
DK1,2025-10-28 13:00:00+00:00,B16,445.08
DK1,2025-10-28 14:00:00+00:00,B16,189.34
DK1,2025-10-28 15:00:00+00:00,B16,127.07
DK1,2025-10-28 16:00:00+00:00,B16,0.0
DK1,2025-10-28 17:00:00+00:00,B16,0.0
DK1,2025-10-28 18:00:00+00:00,B16,0.0
DK1,2025-10-28 19:00:00+00:00,B16,0.0
DK1,2025-10-28 20:00:00+00:00,B16,0.0
DK1,2025-10-28 21:00:00+00:00,B16,0.0
DK1,2025-10-28 22:00:00+00:00,B16,0.0
DK1,2025-10-28 23:00:00+00:00,B16,0.0
DK1,2025-10-29 00:00:00+00:00,B16,0.0
DK1,2025-10-29 01:00:00+00:00,B16,0.0
DK1,2025-10-29 02:00:00+00:00,B16,0.0
DK1,2025-10-29 03:00:00+00:00,B16,0.0
DK1,2025-10-29 04:00:00+00:00,B16,0.0
DK1,2025-10-29 05:00:00+00:00,B16,0.0
DK1,2025-10-29 06:00:00+00:00,B16,0.0
DK1,2025-10-29 07:00:00+00:00,B16,3.69
DK1,2025-10-29 08:00:00+00:00,B16,129.77
DK1,2025-10-29 09:00:00+00:00,B16,321.69
DK1,2025-10-29 10:00:00+00:00,B16,367.9
DK1,2025-10-29 11:00:00+00:00,B16,246.06
DK1,2025-10-29 12:00:00+00:00,B16,472.06
DK1,2025-10-29 13:00:00+00:00,B16,425.08
DK1,2025-10-29 14:00:00+00:00,B16,134.72
DK1,2025-10-29 15:00:00+00:00,B16,112.27
DK1,2025-10-29 16:00:00+00:00,B16,0.0
DK1,2025-10-29 17:00:00+00:00,B16,0.0
DK1,2025-10-29 18:00:00+00:00,B16,0.0
DK1,2025-10-29 19:00:00+00:00,B16,0.0
DK1,2025-10-29 20:00:00+00:00,B16,0.0
DK1,2025-10-29 21:00:00+00:00,B16,0.0
DK1,2025-10-29 22:00:00+00:00,B16,0.0
DK1,2025-10-29 23:00:00+00:00,B16,0.0
DK1,2025-10-30 00:00:00+00:00,B16,0.0
DK1,2025-10-30 01:00:00+00:00,B16,0.0
DK1,2025-10-30 02:00:00+00:00,B16,0.0
DK1,2025-10-30 03:00:00+00:00,B16,0.0
DK1,2025-10-30 04:00:00+00:00,B16,0.0
DK1,2025-10-30 05:00:00+00:00,B16,0.0
DK1,2025-10-30 06:00:00+00:00,B16,0.0
DK1,2025-10-30 07:00:00+00:00,B16,1.94
DK1,2025-10-30 08:00:00+00:00,B16,125.06
DK1,2025-10-30 09:00:00+00:00,B16,276.69
DK1,2025-10-30 10:00:00+00:00,B16,318.23
DK1,2025-10-30 11:00:00+00:00,B16,406.29
DK1,2025-10-30 12:00:00+00:00,B16,202.45
DK1,2025-10-30 13:00:00+00:00,B16,205.86
DK1,2025-10-30 14:00:00+00:00,B16,237.37
DK1,2025-10-30 15:00:00+00:00,B16,87.83
DK1,2025-10-30 16:00:00+00:00,B16,0.0
DK1,2025-10-30 17:00:00+00:00,B16,0.0
DK1,2025-10-30 18:00:00+00:00,B16,0.0
DK1,2025-10-30 19:00:00+00:00,B16,0.0
DK1,2025-10-30 20:00:00+00:00,B16,0.0
DK1,2025-10-30 21:00:00+00:00,B16,0.0
DK1,2025-10-30 22:00:00+00:00,B16,0.0
DK1,2025-10-30 23:00:00+00:00,B16,0.0
DK1,2025-10-31 00:00:00+00:00,B16,0.0
DK1,2025-10-31 01:00:00+00:00,B16,0.0
DK1,2025-10-31 02:00:00+00:00,B16,0.0
DK1,2025-10-31 03:00:00+00:00,B16,0.0
DK1,2025-10-31 04:00:00+00:00,B16,0.0
DK1,2025-10-31 05:00:00+00:00,B16,0.0
DK1,2025-10-31 06:00:00+00:00,B16,0.0
DK1,2025-10-31 07:00:00+00:00,B16,2.09
DK1,2025-10-31 08:00:00+00:00,B16,140.73
DK1,2025-10-31 09:00:00+00:00,B16,258.15
DK1,2025-10-31 10:00:00+00:00,B16,453.15
DK1,2025-10-31 11:00:00+00:00,B16,535.09
DK1,2025-10-31 12:00:00+00:00,B16,362.29
DK1,2025-10-31 13:00:00+00:00,B16,430.33
DK1,2025-10-31 14:00:00+00:00,B16,258.8
DK1,2025-10-31 15:00:00+00:00,B16,98.92
DK1,2025-10-31 16:00:00+00:00,B16,0.0
DK1,2025-10-31 17:00:00+00:00,B16,0.0
DK1,2025-10-31 18:00:00+00:00,B16,0.0
DK1,2025-10-31 19:00:00+00:00,B16,0.0
DK1,2025-10-31 20:00:00+00:00,B16,0.0
DK1,2025-10-31 21:00:00+00:00,B16,0.0
DK1,2025-10-31 22:00:00+00:00,B16,0.0
DK1,2025-10-31 23:00:00+00:00,B16,0.0
DK1,2025-11-01 00:00:00+00:00,B16,0.0
DK1,2025-11-01 01:00:00+00:00,B16,0.0
DK1,2025-11-01 02:00:00+00:00,B16,0.0
DK1,2025-11-01 03:00:00+00:00,B16,0.0
DK1,2025-11-01 04:00:00+00:00,B16,0.0
DK1,2025-11-01 05:00:00+00:00,B16,0.0
DK1,2025-11-01 06:00:00+00:00,B16,0.0
DK1,2025-11-01 07:00:00+00:00,B16,0.12
DK1,2025-11-01 08:00:00+00:00,B16,127.99
DK1,2025-11-01 09:00:00+00:00,B16,330.77
DK1,2025-11-01 10:00:00+00:00,B16,412.41
DK1,2025-11-01 11:00:00+00:00,B16,306.26
DK1,2025-11-01 12:00:00+00:00,B16,367.08
DK1,2025-11-01 13:00:00+00:00,B16,412.54
DK1,2025-11-01 14:00:00+00:00,B16,260.68
DK1,2025-11-01 15:00:00+00:00,B16,94.2
DK1,2025-11-01 16:00:00+00:00,B16,0.0
DK1,2025-11-01 17:00:00+00:00,B16,0.0
DK1,2025-11-01 18:00:00+00:00,B16,0.0
DK1,2025-11-01 19:00:00+00:00,B16,0.0
DK1,2025-11-01 20:00:00+00:00,B16,0.0
DK1,2025-11-01 21:00:00+00:00,B16,0.0
DK1,2025-11-01 22:00:00+00:00,B16,0.0
DK1,2025-11-01 23:00:00+00:00,B16,0.0
DK1,2025-11-02 00:00:00+00:00,B16,0.0
DK1,2025-11-02 01:00:00+00:00,B16,0.0
DK1,2025-11-02 02:00:00+00:00,B16,0.0
DK1,2025-11-02 03:00:00+00:00,B16,0.0
DK1,2025-11-02 04:00:00+00:00,B16,0.0
DK1,2025-11-02 05:00:00+00:00,B16,0.0
DK1,2025-11-02 06:00:00+00:00,B16,0.0
DK1,2025-11-02 07:00:00+00:00,B16,0.0
DK1,2025-11-02 08:00:00+00:00,B16,138.96
DK1,2025-11-02 09:00:00+00:00,B16,295.83
DK1,2025-11-02 10:00:00+00:00,B16,477.79
DK1,2025-11-02 11:00:00+00:00,B16,508.32
DK1,2025-11-02 12:00:00+00:00,B16,442.55
DK1,2025-11-02 13:00:00+00:00,B16,387.03
DK1,2025-11-02 14:00:00+00:00,B16,256.22
DK1,2025-11-02 15:00:00+00:00,B16,63.01
DK1,2025-11-02 16:00:00+00:00,B16,0.0
DK1,2025-11-02 17:00:00+00:00,B16,0.0
DK1,2025-11-02 18:00:00+00:00,B16,0.0
DK1,2025-11-02 19:00:00+00:00,B16,0.0
DK1,2025-11-02 20:00:00+00:00,B16,0.0
DK1,2025-11-02 21:00:00+00:00,B16,0.0
DK1,2025-11-02 22:00:00+00:00,B16,0.0
DK1,2025-11-02 23:00:00+00:00,B16,0.0
DK1,2025-11-03 00:00:00+00:00,B16,0.0
DK1,2025-11-03 01:00:00+00:00,B16,0.0
DK1,2025-11-03 02:00:00+00:00,B16,0.0
DK1,2025-11-03 03:00:00+00:00,B16,0.0
DK1,2025-11-03 04:00:00+00:00,B16,0.0
DK1,2025-11-03 05:00:00+00:00,B16,0.0
DK1,2025-11-03 06:00:00+00:00,B16,0.0
DK1,2025-11-03 07:00:00+00:00,B16,0.0
DK1,2025-11-03 08:00:00+00:00,B16,76.01
DK1,2025-11-03 09:00:00+00:00,B16,236.03
DK1,2025-11-03 10:00:00+00:00,B16,324.56
DK1,2025-11-03 11:00:00+00:00,B16,354.7
DK1,2025-11-03 12:00:00+00:00,B16,385.18
DK1,2025-11-03 13:00:00+00:00,B16,286.23
DK1,2025-11-03 14:00:00+00:00,B16,157.63
DK1,2025-11-03 15:00:00+00:00,B16,70.45
DK1,2025-11-03 16:00:00+00:00,B16,0.0
DK1,2025-11-03 17:00:00+00:00,B16,0.0
DK1,2025-11-03 18:00:00+00:00,B16,0.0
DK1,2025-11-03 19:00:00+00:00,B16,0.0
DK1,2025-11-03 20:00:00+00:00,B16,0.0
DK1,2025-11-03 21:00:00+00:00,B16,0.0
DK1,2025-11-03 22:00:00+00:00,B16,0.0
DK1,2025-11-03 23:00:00+00:00,B16,0.0
DK1,2025-11-04 00:00:00+00:00,B16,0.0
DK1,2025-11-04 01:00:00+00:00,B16,0.0
DK1,2025-11-04 02:00:00+00:00,B16,0.0
DK1,2025-11-04 03:00:00+00:00,B16,0.0
DK1,2025-11-04 04:00:00+00:00,B16,0.0
DK1,2025-11-04 05:00:00+00:00,B16,0.0
DK1,2025-11-04 06:00:00+00:00,B16,0.0
DK1,2025-11-04 07:00:00+00:00,B16,0.0
DK1,2025-11-04 08:00:00+00:00,B16,81.46
DK1,2025-11-04 09:00:00+00:00,B16,188.33
DK1,2025-11-04 10:00:00+00:00,B16,313.78
DK1,2025-11-04 11:00:00+00:00,B16,334.31
DK1,2025-11-04 12:00:00+00:00,B16,317.27
DK1,2025-11-04 13:00:00+00:00,B16,288.99
DK1,2025-11-04 14:00:00+00:00,B16,179.81
DK1,2025-11-04 15:00:00+00:00,B16,41.69
DK1,2025-11-04 16:00:00+00:00,B16,0.0
DK1,2025-11-04 17:00:00+00:00,B16,0.0
DK1,2025-11-04 18:00:00+00:00,B16,0.0
DK1,2025-11-04 19:00:00+00:00,B16,0.0
DK1,2025-11-04 20:00:00+00:00,B16,0.0
DK1,2025-11-04 21:00:00+00:00,B16,0.0
DK1,2025-11-04 22:00:00+00:00,B16,0.0
DK1,2025-11-04 23:00:00+00:00,B16,0.0
DK1,2025-11-05 00:00:00+00:00,B16,0.0
DK1,2025-11-05 01:00:00+00:00,B16,0.0
DK1,2025-11-05 02:00:00+00:00,B16,0.0
DK1,2025-11-05 03:00:00+00:00,B16,0.0
DK1,2025-11-05 04:00:00+00:00,B16,0.0
DK1,2025-11-05 05:00:00+00:00,B16,0.0
DK1,2025-11-05 06:00:00+00:00,B16,0.0
DK1,2025-11-05 07:00:00+00:00,B16,0.0
DK1,2025-11-05 08:00:00+00:00,B16,86.51
DK1,2025-11-05 09:00:00+00:00,B16,223.83
DK1,2025-11-05 10:00:00+00:00,B16,349.44
DK1,2025-11-05 11:00:00+00:00,B16,307.63
DK1,2025-11-05 12:00:00+00:00,B16,407.56
DK1,2025-11-05 13:00:00+00:00,B16,341.87
DK1,2025-11-05 14:00:00+00:00,B16,192.8
DK1,2025-11-05 15:00:00+00:00,B16,61.01
DK1,2025-11-05 16:00:00+00:00,B16,0.0
DK1,2025-11-05 17:00:00+00:00,B16,0.0
DK1,2025-11-05 18:00:00+00:00,B16,0.0
DK1,2025-11-05 19:00:00+00:00,B16,0.0
DK1,2025-11-05 20:00:00+00:00,B16,0.0
DK1,2025-11-05 21:00:00+00:00,B16,0.0
DK1,2025-11-05 22:00:00+00:00,B16,0.0
DK1,2025-11-05 23:00:00+00:00,B16,0.0
DK1,2025-11-06 00:00:00+00:00,B16,0.0
DK1,2025-11-06 01:00:00+00:00,B16,0.0
DK1,2025-11-06 02:00:00+00:00,B16,0.0
DK1,2025-11-06 03:00:00+00:00,B16,0.0
DK1,2025-11-06 04:00:00+00:00,B16,0.0
DK1,2025-11-06 05:00:00+00:00,B16,0.0
DK1,2025-11-06 06:00:00+00:00,B16,0.0
DK1,2025-11-06 07:00:00+00:00,B16,0.0
DK1,2025-11-06 08:00:00+00:00,B16,101.03
DK1,2025-11-06 09:00:00+00:00,B16,243.94
DK1,2025-11-06 10:00:00+00:00,B16,385.44
DK1,2025-11-06 11:00:00+00:00,B16,422.87
DK1,2025-11-06 12:00:00+00:00,B16,469.06
DK1,2025-11-06 13:00:00+00:00,B16,370.23
DK1,2025-11-06 14:00:00+00:00,B16,140.21
DK1,2025-11-06 15:00:00+00:00,B16,63.12
DK1,2025-11-06 16:00:00+00:00,B16,0.0
DK1,2025-11-06 17:00:00+00:00,B16,0.0
DK1,2025-11-06 18:00:00+00:00,B16,0.0
DK1,2025-11-06 19:00:00+00:00,B16,0.0
DK1,2025-11-06 20:00:00+00:00,B16,0.0
DK1,2025-11-06 21:00:00+00:00,B16,0.0
DK1,2025-11-06 22:00:00+00:00,B16,0.0
DK1,2025-11-06 23:00:00+00:00,B16,0.0
DK1,2025-11-07 00:00:00+00:00,B16,0.0
DK1,2025-11-07 01:00:00+00:00,B16,0.0
DK1,2025-11-07 02:00:00+00:00,B16,0.0
DK1,2025-11-07 03:00:00+00:00,B16,0.0
DK1,2025-11-07 04:00:00+00:00,B16,0.0
DK1,2025-11-07 05:00:00+00:00,B16,0.0
DK1,2025-11-07 06:00:00+00:00,B16,0.0
DK1,2025-11-07 07:00:00+00:00,B16,0.0
DK1,2025-11-07 08:00:00+00:00,B16,83.02
DK1,2025-11-07 09:00:00+00:00,B16,189.41
DK1,2025-11-07 10:00:00+00:00,B16,319.42
DK1,2025-11-07 11:00:00+00:00,B16,365.1
DK1,2025-11-07 12:00:00+00:00,B16,379.83
DK1,2025-11-07 13:00:00+00:00,B16,290.07
DK1,2025-11-07 14:00:00+00:00,B16,103.96
DK1,2025-11-07 15:00:00+00:00,B16,58.41
DK1,2025-11-07 16:00:00+00:00,B16,0.0
DK1,2025-11-07 17:00:00+00:00,B16,0.0
DK1,2025-11-07 18:00:00+00:00,B16,0.0
DK1,2025-11-07 19:00:00+00:00,B16,0.0
DK1,2025-11-07 20:00:00+00:00,B16,0.0
DK1,2025-11-07 21:00:00+00:00,B16,0.0
DK1,2025-11-07 22:00:00+00:00,B16,0.0
DK1,2025-11-07 23:00:00+00:00,B16,0.0
DK1,2025-11-08 00:00:00+00:00,B16,0.0
DK1,2025-11-08 01:00:00+00:00,B16,0.0
DK1,2025-11-08 02:00:00+00:00,B16,0.0
DK1,2025-11-08 03:00:00+00:00,B16,0.0
DK1,2025-11-08 04:00:00+00:00,B16,0.0
DK1,2025-11-08 05:00:00+00:00,B16,0.0
DK1,2025-11-08 06:00:00+00:00,B16,0.0
DK1,2025-11-08 07:00:00+00:00,B16,0.0
DK1,2025-11-08 08:00:00+00:00,B16,83.52
DK1,2025-11-08 09:00:00+00:00,B16,199.89
DK1,2025-11-08 10:00:00+00:00,B16,253.18
DK1,2025-11-08 11:00:00+00:00,B16,412.03
DK1,2025-11-08 12:00:00+00:00,B16,312.63
DK1,2025-11-08 13:00:00+00:00,B16,299.77
DK1,2025-11-08 14:00:00+00:00,B16,112.52
DK1,2025-11-08 15:00:00+00:00,B16,57.34
DK1,2025-11-08 16:00:00+00:00,B16,0.0
DK1,2025-11-08 17:00:00+00:00,B16,0.0
DK1,2025-11-08 18:00:00+00:00,B16,0.0
DK1,2025-11-08 19:00:00+00:00,B16,0.0
DK1,2025-11-08 20:00:00+00:00,B16,0.0
DK1,2025-11-08 21:00:00+00:00,B16,0.0
DK1,2025-11-08 22:00:00+00:00,B16,0.0
DK1,2025-11-08 23:00:00+00:00,B16,0.0
DK1,2025-11-09 00:00:00+00:00,B16,0.0
DK1,2025-11-09 01:00:00+00:00,B16,0.0
DK1,2025-11-09 02:00:00+00:00,B16,0.0
DK1,2025-11-09 03:00:00+00:00,B16,0.0
DK1,2025-11-09 04:00:00+00:00,B16,0.0
DK1,2025-11-09 05:00:00+00:00,B16,0.0
DK1,2025-11-09 06:00:00+00:00,B16,0.0
DK1,2025-11-09 07:00:00+00:00,B16,0.0
DK1,2025-11-09 08:00:00+00:00,B16,81.26
DK1,2025-11-09 09:00:00+00:00,B16,220.76
DK1,2025-11-09 10:00:00+00:00,B16,332.47
DK1,2025-11-09 11:00:00+00:00,B16,305.95
DK1,2025-11-09 12:00:00+00:00,B16,302.72
DK1,2025-11-09 13:00:00+00:00,B16,217.99
DK1,2025-11-09 14:00:00+00:00,B16,199.03
DK1,2025-11-09 15:00:00+00:00,B16,44.15
DK1,2025-11-09 16:00:00+00:00,B16,0.0
DK1,2025-11-09 17:00:00+00:00,B16,0.0
DK1,2025-11-09 18:00:00+00:00,B16,0.0
DK1,2025-11-09 19:00:00+00:00,B16,0.0
DK1,2025-11-09 20:00:00+00:00,B16,0.0
DK1,2025-11-09 21:00:00+00:00,B16,0.0
DK1,2025-11-09 22:00:00+00:00,B16,0.0
DK1,2025-11-09 23:00:00+00:00,B16,0.0
DK1,2025-11-10 00:00:00+00:00,B16,0.0
DK1,2025-11-10 01:00:00+00:00,B16,0.0
DK1,2025-11-10 02:00:00+00:00,B16,0.0
DK1,2025-11-10 03:00:00+00:00,B16,0.0
DK1,2025-11-10 04:00:00+00:00,B16,0.0
DK1,2025-11-10 05:00:00+00:00,B16,0.0
DK1,2025-11-10 06:00:00+00:00,B16,0.0
DK1,2025-11-10 07:00:00+00:00,B16,0.0
DK1,2025-11-10 08:00:00+00:00,B16,77.06
DK1,2025-11-10 09:00:00+00:00,B16,220.4
DK1,2025-11-10 10:00:00+00:00,B16,344.54
DK1,2025-11-10 11:00:00+00:00,B16,453.6
DK1,2025-11-10 12:00:00+00:00,B16,384.16
DK1,2025-11-10 13:00:00+00:00,B16,359.44
DK1,2025-11-10 14:00:00+00:00,B16,229.23
DK1,2025-11-10 15:00:00+00:00,B16,30.71
DK1,2025-11-10 16:00:00+00:00,B16,0.0
DK1,2025-11-10 17:00:00+00:00,B16,0.0
DK1,2025-11-10 18:00:00+00:00,B16,0.0
DK1,2025-11-10 19:00:00+00:00,B16,0.0
DK1,2025-11-10 20:00:00+00:00,B16,0.0
DK1,2025-11-10 21:00:00+00:00,B16,0.0
DK1,2025-11-10 22:00:00+00:00,B16,0.0
DK1,2025-11-10 23:00:00+00:00,B16,0.0
DK1,2025-11-11 00:00:00+00:00,B16,0.0
DK1,2025-11-11 01:00:00+00:00,B16,0.0
DK1,2025-11-11 02:00:00+00:00,B16,0.0
DK1,2025-11-11 03:00:00+00:00,B16,0.0
DK1,2025-11-11 04:00:00+00:00,B16,0.0
DK1,2025-11-11 05:00:00+00:00,B16,0.0
DK1,2025-11-11 06:00:00+00:00,B16,0.0
DK1,2025-11-11 07:00:00+00:00,B16,0.0
DK1,2025-11-11 08:00:00+00:00,B16,75.8
DK1,2025-11-11 09:00:00+00:00,B16,186.47
DK1,2025-11-11 10:00:00+00:00,B16,321.13
DK1,2025-11-11 11:00:00+00:00,B16,392.33
DK1,2025-11-11 12:00:00+00:00,B16,263.06
DK1,2025-11-11 13:00:00+00:00,B16,287.75
DK1,2025-11-11 14:00:00+00:00,B16,125.22
DK1,2025-11-11 15:00:00+00:00,B16,35.7
DK1,2025-11-11 16:00:00+00:00,B16,0.0
DK1,2025-11-11 17:00:00+00:00,B16,0.0
DK1,2025-11-11 18:00:00+00:00,B16,0.0
DK1,2025-11-11 19:00:00+00:00,B16,0.0
DK1,2025-11-11 20:00:00+00:00,B16,0.0
DK1,2025-11-11 21:00:00+00:00,B16,0.0
DK1,2025-11-11 22:00:00+00:00,B16,0.0
DK1,2025-11-11 23:00:00+00:00,B16,0.0
DK1,2025-11-12 00:00:00+00:00,B16,0.0
DK1,2025-11-12 01:00:00+00:00,B16,0.0
DK1,2025-11-12 02:00:00+00:00,B16,0.0
DK1,2025-11-12 03:00:00+00:00,B16,0.0
DK1,2025-11-12 04:00:00+00:00,B16,0.0
DK1,2025-11-12 05:00:00+00:00,B16,0.0
DK1,2025-11-12 06:00:00+00:00,B16,0.0
DK1,2025-11-12 07:00:00+00:00,B16,0.0
DK1,2025-11-12 08:00:00+00:00,B16,54.2
DK1,2025-11-12 09:00:00+00:00,B16,186.74
DK1,2025-11-12 10:00:00+00:00,B16,325.32
DK1,2025-11-12 11:00:00+00:00,B16,271.85
DK1,2025-11-12 12:00:00+00:00,B16,317.51
DK1,2025-11-12 13:00:00+00:00,B16,294.72
DK1,2025-11-12 14:00:00+00:00,B16,93.65
DK1,2025-11-12 15:00:00+00:00,B16,39.23
DK1,2025-11-12 16:00:00+00:00,B16,0.0
DK1,2025-11-12 17:00:00+00:00,B16,0.0
DK1,2025-11-12 18:00:00+00:00,B16,0.0
DK1,2025-11-12 19:00:00+00:00,B16,0.0
DK1,2025-11-12 20:00:00+00:00,B16,0.0
DK1,2025-11-12 21:00:00+00:00,B16,0.0
DK1,2025-11-12 22:00:00+00:00,B16,0.0
DK1,2025-11-12 23:00:00+00:00,B16,0.0
DK1,2025-11-13 00:00:00+00:00,B16,0.0
DK1,2025-11-13 01:00:00+00:00,B16,0.0
DK1,2025-11-13 02:00:00+00:00,B16,0.0
DK1,2025-11-13 03:00:00+00:00,B16,0.0
DK1,2025-11-13 04:00:00+00:00,B16,0.0
DK1,2025-11-13 05:00:00+00:00,B16,0.0
DK1,2025-11-13 06:00:00+00:00,B16,0.0
DK1,2025-11-13 07:00:00+00:00,B16,0.0
DK1,2025-11-13 08:00:00+00:00,B16,72.64
DK1,2025-11-13 09:00:00+00:00,B16,197.64
DK1,2025-11-13 10:00:00+00:00,B16,383.64
DK1,2025-11-13 11:00:00+00:00,B16,383.81
DK1,2025-11-13 12:00:00+00:00,B16,171.73
DK1,2025-11-13 13:00:00+00:00,B16,165.21
DK1,2025-11-13 14:00:00+00:00,B16,118.53
DK1,2025-11-13 15:00:00+00:00,B16,28.57
DK1,2025-11-13 16:00:00+00:00,B16,0.0
DK1,2025-11-13 17:00:00+00:00,B16,0.0
DK1,2025-11-13 18:00:00+00:00,B16,0.0
DK1,2025-11-13 19:00:00+00:00,B16,0.0
DK1,2025-11-13 20:00:00+00:00,B16,0.0
DK1,2025-11-13 21:00:00+00:00,B16,0.0
DK1,2025-11-13 22:00:00+00:00,B16,0.0
DK1,2025-11-13 23:00:00+00:00,B16,0.0
DK1,2025-11-14 00:00:00+00:00,B16,0.0
DK1,2025-11-14 01:00:00+00:00,B16,0.0
DK1,2025-11-14 02:00:00+00:00,B16,0.0
DK1,2025-11-14 03:00:00+00:00,B16,0.0
DK1,2025-11-14 04:00:00+00:00,B16,0.0
DK1,2025-11-14 05:00:00+00:00,B16,0.0
DK1,2025-11-14 06:00:00+00:00,B16,0.0
DK1,2025-11-14 07:00:00+00:00,B16,0.0
DK1,2025-11-14 08:00:00+00:00,B16,50.27
DK1,2025-11-14 09:00:00+00:00,B16,159.88
DK1,2025-11-14 10:00:00+00:00,B16,232.47
DK1,2025-11-14 11:00:00+00:00,B16,302.98
DK1,2025-11-14 12:00:00+00:00,B16,319.09
DK1,2025-11-14 13:00:00+00:00,B16,239.38
DK1,2025-11-14 14:00:00+00:00,B16,142.94
DK1,2025-11-14 15:00:00+00:00,B16,13.11
DK1,2025-11-14 16:00:00+00:00,B16,0.0
DK1,2025-11-14 17:00:00+00:00,B16,0.0
DK1,2025-11-14 18:00:00+00:00,B16,0.0
DK1,2025-11-14 19:00:00+00:00,B16,0.0
DK1,2025-11-14 20:00:00+00:00,B16,0.0
DK1,2025-11-14 21:00:00+00:00,B16,0.0
DK1,2025-11-14 22:00:00+00:00,B16,0.0
DK1,2025-11-14 23:00:00+00:00,B16,0.0
DK1,2025-11-15 00:00:00+00:00,B16,0.0
DK1,2025-11-15 01:00:00+00:00,B16,0.0
DK1,2025-11-15 02:00:00+00:00,B16,0.0
DK1,2025-11-15 03:00:00+00:00,B16,0.0
DK1,2025-11-15 04:00:00+00:00,B16,0.0
DK1,2025-11-15 05:00:00+00:00,B16,0.0
DK1,2025-11-15 06:00:00+00:00,B16,0.0
DK1,2025-11-15 07:00:00+00:00,B16,0.0
DK1,2025-11-15 08:00:00+00:00,B16,50.08
DK1,2025-11-15 09:00:00+00:00,B16,149.55
DK1,2025-11-15 10:00:00+00:00,B16,280.2
DK1,2025-11-15 11:00:00+00:00,B16,346.21
DK1,2025-11-15 12:00:00+00:00,B16,356.23
DK1,2025-11-15 13:00:00+00:00,B16,248.82
DK1,2025-11-15 14:00:00+00:00,B16,141.18
DK1,2025-11-15 15:00:00+00:00,B16,21.36
DK1,2025-11-15 16:00:00+00:00,B16,0.0
DK1,2025-11-15 17:00:00+00:00,B16,0.0
DK1,2025-11-15 18:00:00+00:00,B16,0.0
DK1,2025-11-15 19:00:00+00:00,B16,0.0
DK1,2025-11-15 20:00:00+00:00,B16,0.0
DK1,2025-11-15 21:00:00+00:00,B16,0.0
DK1,2025-11-15 22:00:00+00:00,B16,0.0
DK1,2025-11-15 23:00:00+00:00,B16,0.0
DK1,2025-11-16 00:00:00+00:00,B16,0.0
DK1,2025-11-16 01:00:00+00:00,B16,0.0
DK1,2025-11-16 02:00:00+00:00,B16,0.0
DK1,2025-11-16 03:00:00+00:00,B16,0.0
DK1,2025-11-16 04:00:00+00:00,B16,0.0
DK1,2025-11-16 05:00:00+00:00,B16,0.0
DK1,2025-11-16 06:00:00+00:00,B16,0.0
DK1,2025-11-16 07:00:00+00:00,B16,0.0
DK1,2025-11-16 08:00:00+00:00,B16,50.33
DK1,2025-11-16 09:00:00+00:00,B16,186.41
DK1,2025-11-16 10:00:00+00:00,B16,311.06
DK1,2025-11-16 11:00:00+00:00,B16,335.31
DK1,2025-11-16 12:00:00+00:00,B16,250.73
DK1,2025-11-16 13:00:00+00:00,B16,294.39
DK1,2025-11-16 14:00:00+00:00,B16,149.55
DK1,2025-11-16 15:00:00+00:00,B16,23.58
DK1,2025-11-16 16:00:00+00:00,B16,0.0
DK1,2025-11-16 17:00:00+00:00,B16,0.0
DK1,2025-11-16 18:00:00+00:00,B16,0.0
DK1,2025-11-16 19:00:00+00:00,B16,0.0
DK1,2025-11-16 20:00:00+00:00,B16,0.0
DK1,2025-11-16 21:00:00+00:00,B16,0.0
DK1,2025-11-16 22:00:00+00:00,B16,0.0
DK1,2025-11-16 23:00:00+00:00,B16,0.0
DK1,2025-11-17 00:00:00+00:00,B16,0.0
DK1,2025-11-17 01:00:00+00:00,B16,0.0
DK1,2025-11-17 02:00:00+00:00,B16,0.0
DK1,2025-11-17 03:00:00+00:00,B16,0.0
DK1,2025-11-17 04:00:00+00:00,B16,0.0
DK1,2025-11-17 05:00:00+00:00,B16,0.0
DK1,2025-11-17 06:00:00+00:00,B16,0.0
DK1,2025-11-17 07:00:00+00:00,B16,0.0
DK1,2025-11-17 08:00:00+00:00,B16,48.71
DK1,2025-11-17 09:00:00+00:00,B16,155.54
DK1,2025-11-17 10:00:00+00:00,B16,267.29
DK1,2025-11-17 11:00:00+00:00,B16,308.79
DK1,2025-11-17 12:00:00+00:00,B16,298.3
DK1,2025-11-17 13:00:00+00:00,B16,234.05
DK1,2025-11-17 14:00:00+00:00,B16,137.12
DK1,2025-11-17 15:00:00+00:00,B16,8.88
DK1,2025-11-17 16:00:00+00:00,B16,0.0
DK1,2025-11-17 17:00:00+00:00,B16,0.0
DK1,2025-11-17 18:00:00+00:00,B16,0.0
DK1,2025-11-17 19:00:00+00:00,B16,0.0
DK1,2025-11-17 20:00:00+00:00,B16,0.0
DK1,2025-11-17 21:00:00+00:00,B16,0.0
DK1,2025-11-17 22:00:00+00:00,B16,0.0
DK1,2025-11-17 23:00:00+00:00,B16,0.0
DK1,2025-11-18 00:00:00+00:00,B16,0.0
DK1,2025-11-18 01:00:00+00:00,B16,0.0
DK1,2025-11-18 02:00:00+00:00,B16,0.0
DK1,2025-11-18 03:00:00+00:00,B16,0.0
DK1,2025-11-18 04:00:00+00:00,B16,0.0
DK1,2025-11-18 05:00:00+00:00,B16,0.0
DK1,2025-11-18 06:00:00+00:00,B16,0.0
DK1,2025-11-18 07:00:00+00:00,B16,0.0
DK1,2025-11-18 08:00:00+00:00,B16,34.95
DK1,2025-11-18 09:00:00+00:00,B16,150.46
DK1,2025-11-18 10:00:00+00:00,B16,180.08
DK1,2025-11-18 11:00:00+00:00,B16,302.83
DK1,2025-11-18 12:00:00+00:00,B16,275.48
DK1,2025-11-18 13:00:00+00:00,B16,153.56
DK1,2025-11-18 14:00:00+00:00,B16,105.08
DK1,2025-11-18 15:00:00+00:00,B16,6.83
DK1,2025-11-18 16:00:00+00:00,B16,0.0
DK1,2025-11-18 17:00:00+00:00,B16,0.0
DK1,2025-11-18 18:00:00+00:00,B16,0.0
DK1,2025-11-18 19:00:00+00:00,B16,0.0
DK1,2025-11-18 20:00:00+00:00,B16,0.0
DK1,2025-11-18 21:00:00+00:00,B16,0.0
DK1,2025-11-18 22:00:00+00:00,B16,0.0
DK1,2025-11-18 23:00:00+00:00,B16,0.0
DK1,2025-11-19 00:00:00+00:00,B16,0.0
DK1,2025-11-19 01:00:00+00:00,B16,0.0
DK1,2025-11-19 02:00:00+00:00,B16,0.0
DK1,2025-11-19 03:00:00+00:00,B16,0.0
DK1,2025-11-19 04:00:00+00:00,B16,0.0
DK1,2025-11-19 05:00:00+00:00,B16,0.0
DK1,2025-11-19 06:00:00+00:00,B16,0.0
DK1,2025-11-19 07:00:00+00:00,B16,0.0
DK1,2025-11-19 08:00:00+00:00,B16,18.58
DK1,2025-11-19 09:00:00+00:00,B16,132.11
DK1,2025-11-19 10:00:00+00:00,B16,262.13
DK1,2025-11-19 11:00:00+00:00,B16,282.51
DK1,2025-11-19 12:00:00+00:00,B16,318.02
DK1,2025-11-19 13:00:00+00:00,B16,235.03
DK1,2025-11-19 14:00:00+00:00,B16,117.12
DK1,2025-11-19 15:00:00+00:00,B16,11.65
DK1,2025-11-19 16:00:00+00:00,B16,0.0
DK1,2025-11-19 17:00:00+00:00,B16,0.0
DK1,2025-11-19 18:00:00+00:00,B16,0.0
DK1,2025-11-19 19:00:00+00:00,B16,0.0
DK1,2025-11-19 20:00:00+00:00,B16,0.0
DK1,2025-11-19 21:00:00+00:00,B16,0.0
DK1,2025-11-19 22:00:00+00:00,B16,0.0
DK1,2025-11-19 23:00:00+00:00,B16,0.0
DK1,2025-11-20 00:00:00+00:00,B16,0.0
DK1,2025-11-20 01:00:00+00:00,B16,0.0
DK1,2025-11-20 02:00:00+00:00,B16,0.0
DK1,2025-11-20 03:00:00+00:00,B16,0.0
DK1,2025-11-20 04:00:00+00:00,B16,0.0
DK1,2025-11-20 05:00:00+00:00,B16,0.0
DK1,2025-11-20 06:00:00+00:00,B16,0.0
DK1,2025-11-20 07:00:00+00:00,B16,0.0
DK1,2025-11-20 08:00:00+00:00,B16,32.83
DK1,2025-11-20 09:00:00+00:00,B16,150.95
DK1,2025-11-20 10:00:00+00:00,B16,208.68
DK1,2025-11-20 11:00:00+00:00,B16,294.29
DK1,2025-11-20 12:00:00+00:00,B16,264.75
DK1,2025-11-20 13:00:00+00:00,B16,209.74
DK1,2025-11-20 14:00:00+00:00,B16,136.17
DK1,2025-11-20 15:00:00+00:00,B16,10.51
DK1,2025-11-20 16:00:00+00:00,B16,0.0
DK1,2025-11-20 17:00:00+00:00,B16,0.0
DK1,2025-11-20 18:00:00+00:00,B16,0.0
DK1,2025-11-20 19:00:00+00:00,B16,0.0
DK1,2025-11-20 20:00:00+00:00,B16,0.0
DK1,2025-11-20 21:00:00+00:00,B16,0.0
DK1,2025-11-20 22:00:00+00:00,B16,0.0
DK1,2025-11-20 23:00:00+00:00,B16,0.0
DK1,2025-11-21 00:00:00+00:00,B16,0.0
DK1,2025-11-21 01:00:00+00:00,B16,0.0
DK1,2025-11-21 02:00:00+00:00,B16,0.0
DK1,2025-11-21 03:00:00+00:00,B16,0.0
DK1,2025-11-21 04:00:00+00:00,B16,0.0
DK1,2025-11-21 05:00:00+00:00,B16,0.0
DK1,2025-11-21 06:00:00+00:00,B16,0.0
DK1,2025-11-21 07:00:00+00:00,B16,0.0
DK1,2025-11-21 08:00:00+00:00,B16,9.94
DK1,2025-11-21 09:00:00+00:00,B16,66.91
DK1,2025-11-21 10:00:00+00:00,B16,255.46
DK1,2025-11-21 11:00:00+00:00,B16,317.26
DK1,2025-11-21 12:00:00+00:00,B16,234.83
DK1,2025-11-21 13:00:00+00:00,B16,217.97
DK1,2025-11-21 14:00:00+00:00,B16,111.34
DK1,2025-11-21 15:00:00+00:00,B16,4.85
DK1,2025-11-21 16:00:00+00:00,B16,0.0
DK1,2025-11-21 17:00:00+00:00,B16,0.0
DK1,2025-11-21 18:00:00+00:00,B16,0.0
DK1,2025-11-21 19:00:00+00:00,B16,0.0
DK1,2025-11-21 20:00:00+00:00,B16,0.0
DK1,2025-11-21 21:00:00+00:00,B16,0.0
DK1,2025-11-21 22:00:00+00:00,B16,0.0
DK1,2025-11-21 23:00:00+00:00,B16,0.0
DK1,2025-11-22 00:00:00+00:00,B16,0.0
DK1,2025-11-22 01:00:00+00:00,B16,0.0
DK1,2025-11-22 02:00:00+00:00,B16,0.0
DK1,2025-11-22 03:00:00+00:00,B16,0.0
DK1,2025-11-22 04:00:00+00:00,B16,0.0
DK1,2025-11-22 05:00:00+00:00,B16,0.0
DK1,2025-11-22 06:00:00+00:00,B16,0.0
DK1,2025-11-22 07:00:00+00:00,B16,0.0
DK1,2025-11-22 08:00:00+00:00,B16,19.12
DK1,2025-11-22 09:00:00+00:00,B16,100.39
DK1,2025-11-22 10:00:00+00:00,B16,97.78
DK1,2025-11-22 11:00:00+00:00,B16,230.76
DK1,2025-11-22 12:00:00+00:00,B16,230.61
DK1,2025-11-22 13:00:00+00:00,B16,162.48
DK1,2025-11-22 14:00:00+00:00,B16,44.83
DK1,2025-11-22 15:00:00+00:00,B16,3.51
DK1,2025-11-22 16:00:00+00:00,B16,0.0
DK1,2025-11-22 17:00:00+00:00,B16,0.0
DK1,2025-11-22 18:00:00+00:00,B16,0.0
DK1,2025-11-22 19:00:00+00:00,B16,0.0
DK1,2025-11-22 20:00:00+00:00,B16,0.0
DK1,2025-11-22 21:00:00+00:00,B16,0.0
DK1,2025-11-22 22:00:00+00:00,B16,0.0
DK1,2025-11-22 23:00:00+00:00,B16,0.0
DK1,2025-11-23 00:00:00+00:00,B16,0.0
DK1,2025-11-23 01:00:00+00:00,B16,0.0
DK1,2025-11-23 02:00:00+00:00,B16,0.0
DK1,2025-11-23 03:00:00+00:00,B16,0.0
DK1,2025-11-23 04:00:00+00:00,B16,0.0
DK1,2025-11-23 05:00:00+00:00,B16,0.0
DK1,2025-11-23 06:00:00+00:00,B16,0.0
DK1,2025-11-23 07:00:00+00:00,B16,0.0
DK1,2025-11-23 08:00:00+00:00,B16,17.73
DK1,2025-11-23 09:00:00+00:00,B16,116.17
DK1,2025-11-23 10:00:00+00:00,B16,199.39
DK1,2025-11-23 11:00:00+00:00,B16,225.75
DK1,2025-11-23 12:00:00+00:00,B16,170.79
DK1,2025-11-23 13:00:00+00:00,B16,183.21
DK1,2025-11-23 14:00:00+00:00,B16,98.39
DK1,2025-11-23 15:00:00+00:00,B16,2.7
DK1,2025-11-23 16:00:00+00:00,B16,0.0
DK1,2025-11-23 17:00:00+00:00,B16,0.0
DK1,2025-11-23 18:00:00+00:00,B16,0.0
DK1,2025-11-23 19:00:00+00:00,B16,0.0
DK1,2025-11-23 20:00:00+00:00,B16,0.0
DK1,2025-11-23 21:00:00+00:00,B16,0.0
DK1,2025-11-23 22:00:00+00:00,B16,0.0
DK1,2025-11-23 23:00:00+00:00,B16,0.0
DK1,2025-11-24 00:00:00+00:00,B16,0.0
DK1,2025-11-24 01:00:00+00:00,B16,0.0
DK1,2025-11-24 02:00:00+00:00,B16,0.0
DK1,2025-11-24 03:00:00+00:00,B16,0.0
DK1,2025-11-24 04:00:00+00:00,B16,0.0
DK1,2025-11-24 05:00:00+00:00,B16,0.0
DK1,2025-11-24 06:00:00+00:00,B16,0.0
DK1,2025-11-24 07:00:00+00:00,B16,0.0
DK1,2025-11-24 08:00:00+00:00,B16,20.78
DK1,2025-11-24 09:00:00+00:00,B16,141.6
DK1,2025-11-24 10:00:00+00:00,B16,247.68
DK1,2025-11-24 11:00:00+00:00,B16,319.12
DK1,2025-11-24 12:00:00+00:00,B16,304.42
DK1,2025-11-24 13:00:00+00:00,B16,151.44
DK1,2025-11-24 14:00:00+00:00,B16,114.79
DK1,2025-11-24 15:00:00+00:00,B16,1.97
DK1,2025-11-24 16:00:00+00:00,B16,0.0
DK1,2025-11-24 17:00:00+00:00,B16,0.0
DK1,2025-11-24 18:00:00+00:00,B16,0.0
DK1,2025-11-24 19:00:00+00:00,B16,0.0
DK1,2025-11-24 20:00:00+00:00,B16,0.0
DK1,2025-11-24 21:00:00+00:00,B16,0.0
DK1,2025-11-24 22:00:00+00:00,B16,0.0
DK1,2025-11-24 23:00:00+00:00,B16,0.0
DK1,2025-11-25 00:00:00+00:00,B16,0.0
DK1,2025-11-25 01:00:00+00:00,B16,0.0
DK1,2025-11-25 02:00:00+00:00,B16,0.0
DK1,2025-11-25 03:00:00+00:00,B16,0.0
DK1,2025-11-25 04:00:00+00:00,B16,0.0
DK1,2025-11-25 05:00:00+00:00,B16,0.0
DK1,2025-11-25 06:00:00+00:00,B16,0.0
DK1,2025-11-25 07:00:00+00:00,B16,0.0
DK1,2025-11-25 08:00:00+00:00,B16,15.63
DK1,2025-11-25 09:00:00+00:00,B16,95.69
DK1,2025-11-25 10:00:00+00:00,B16,64.6
DK1,2025-11-25 11:00:00+00:00,B16,216.41
DK1,2025-11-25 12:00:00+00:00,B16,226.03
DK1,2025-11-25 13:00:00+00:00,B16,201.18
DK1,2025-11-25 14:00:00+00:00,B16,41.91
DK1,2025-11-25 15:00:00+00:00,B16,0.45
DK1,2025-11-25 16:00:00+00:00,B16,0.0
DK1,2025-11-25 17:00:00+00:00,B16,0.0
DK1,2025-11-25 18:00:00+00:00,B16,0.0
DK1,2025-11-25 19:00:00+00:00,B16,0.0
DK1,2025-11-25 20:00:00+00:00,B16,0.0
DK1,2025-11-25 21:00:00+00:00,B16,0.0
DK1,2025-11-25 22:00:00+00:00,B16,0.0
DK1,2025-11-25 23:00:00+00:00,B16,0.0
DK1,2025-11-26 00:00:00+00:00,B16,0.0
DK1,2025-11-26 01:00:00+00:00,B16,0.0
DK1,2025-11-26 02:00:00+00:00,B16,0.0
DK1,2025-11-26 03:00:00+00:00,B16,0.0
DK1,2025-11-26 04:00:00+00:00,B16,0.0
DK1,2025-11-26 05:00:00+00:00,B16,0.0
DK1,2025-11-26 06:00:00+00:00,B16,0.0
DK1,2025-11-26 07:00:00+00:00,B16,0.0
DK1,2025-11-26 08:00:00+00:00,B16,16.28
DK1,2025-11-26 09:00:00+00:00,B16,133.96
DK1,2025-11-26 10:00:00+00:00,B16,152.83
DK1,2025-11-26 11:00:00+00:00,B16,274.38
DK1,2025-11-26 12:00:00+00:00,B16,275.55
DK1,2025-11-26 13:00:00+00:00,B16,155.05
DK1,2025-11-26 14:00:00+00:00,B16,46.66
DK1,2025-11-26 15:00:00+00:00,B16,0.0
DK1,2025-11-26 16:00:00+00:00,B16,0.0
DK1,2025-11-26 17:00:00+00:00,B16,0.0
DK1,2025-11-26 18:00:00+00:00,B16,0.0
DK1,2025-11-26 19:00:00+00:00,B16,0.0
DK1,2025-11-26 20:00:00+00:00,B16,0.0
DK1,2025-11-26 21:00:00+00:00,B16,0.0
DK1,2025-11-26 22:00:00+00:00,B16,0.0
DK1,2025-11-26 23:00:00+00:00,B16,0.0
DK1,2025-11-27 00:00:00+00:00,B16,0.0
DK1,2025-11-27 01:00:00+00:00,B16,0.0
DK1,2025-11-27 02:00:00+00:00,B16,0.0
DK1,2025-11-27 03:00:00+00:00,B16,0.0
DK1,2025-11-27 04:00:00+00:00,B16,0.0
DK1,2025-11-27 05:00:00+00:00,B16,0.0
DK1,2025-11-27 06:00:00+00:00,B16,0.0
DK1,2025-11-27 07:00:00+00:00,B16,0.0
DK1,2025-11-27 08:00:00+00:00,B16,13.72
DK1,2025-11-27 09:00:00+00:00,B16,130.86
DK1,2025-11-27 10:00:00+00:00,B16,130.75
DK1,2025-11-27 11:00:00+00:00,B16,257.07
DK1,2025-11-27 12:00:00+00:00,B16,269.44
DK1,2025-11-27 13:00:00+00:00,B16,213.18
DK1,2025-11-27 14:00:00+00:00,B16,100.16
DK1,2025-11-27 15:00:00+00:00,B16,0.0
DK1,2025-11-27 16:00:00+00:00,B16,0.0
DK1,2025-11-27 17:00:00+00:00,B16,0.0
DK1,2025-11-27 18:00:00+00:00,B16,0.0
DK1,2025-11-27 19:00:00+00:00,B16,0.0
DK1,2025-11-27 20:00:00+00:00,B16,0.0
DK1,2025-11-27 21:00:00+00:00,B16,0.0
DK1,2025-11-27 22:00:00+00:00,B16,0.0
DK1,2025-11-27 23:00:00+00:00,B16,0.0
DK1,2025-11-28 00:00:00+00:00,B16,0.0
DK1,2025-11-28 01:00:00+00:00,B16,0.0
DK1,2025-11-28 02:00:00+00:00,B16,0.0
DK1,2025-11-28 03:00:00+00:00,B16,0.0
DK1,2025-11-28 04:00:00+00:00,B16,0.0
DK1,2025-11-28 05:00:00+00:00,B16,0.0
DK1,2025-11-28 06:00:00+00:00,B16,0.0
DK1,2025-11-28 07:00:00+00:00,B16,0.0
DK1,2025-11-28 08:00:00+00:00,B16,14.3
DK1,2025-11-28 09:00:00+00:00,B16,98.19
DK1,2025-11-28 10:00:00+00:00,B16,226.14
DK1,2025-11-28 11:00:00+00:00,B16,295.87
DK1,2025-11-28 12:00:00+00:00,B16,263.03
DK1,2025-11-28 13:00:00+00:00,B16,218.29
DK1,2025-11-28 14:00:00+00:00,B16,93.95
DK1,2025-11-28 15:00:00+00:00,B16,0.0
DK1,2025-11-28 16:00:00+00:00,B16,0.0
DK1,2025-11-28 17:00:00+00:00,B16,0.0
DK1,2025-11-28 18:00:00+00:00,B16,0.0
DK1,2025-11-28 19:00:00+00:00,B16,0.0
DK1,2025-11-28 20:00:00+00:00,B16,0.0
DK1,2025-11-28 21:00:00+00:00,B16,0.0
DK1,2025-11-28 22:00:00+00:00,B16,0.0
DK1,2025-11-28 23:00:00+00:00,B16,0.0
DK1,2025-11-29 00:00:00+00:00,B16,0.0
DK1,2025-11-29 01:00:00+00:00,B16,0.0
DK1,2025-11-29 02:00:00+00:00,B16,0.0
DK1,2025-11-29 03:00:00+00:00,B16,0.0
DK1,2025-11-29 04:00:00+00:00,B16,0.0
DK1,2025-11-29 05:00:00+00:00,B16,0.0
DK1,2025-11-29 06:00:00+00:00,B16,0.0
DK1,2025-11-29 07:00:00+00:00,B16,0.0
DK1,2025-11-29 08:00:00+00:00,B16,9.17
DK1,2025-11-29 09:00:00+00:00,B16,79.45
DK1,2025-11-29 10:00:00+00:00,B16,168.82
DK1,2025-11-29 11:00:00+00:00,B16,158.08
DK1,2025-11-29 12:00:00+00:00,B16,157.01
DK1,2025-11-29 13:00:00+00:00,B16,152.21
DK1,2025-11-29 14:00:00+00:00,B16,61.63
DK1,2025-11-29 15:00:00+00:00,B16,0.0
DK1,2025-11-29 16:00:00+00:00,B16,0.0
DK1,2025-11-29 17:00:00+00:00,B16,0.0
DK1,2025-11-29 18:00:00+00:00,B16,0.0
DK1,2025-11-29 19:00:00+00:00,B16,0.0
DK1,2025-11-29 20:00:00+00:00,B16,0.0
DK1,2025-11-29 21:00:00+00:00,B16,0.0
DK1,2025-11-29 22:00:00+00:00,B16,0.0
DK1,2025-11-29 23:00:00+00:00,B16,0.0
DK1,2025-11-30 00:00:00+00:00,B16,0.0
DK1,2025-11-30 01:00:00+00:00,B16,0.0
DK1,2025-11-30 02:00:00+00:00,B16,0.0
DK1,2025-11-30 03:00:00+00:00,B16,0.0
DK1,2025-11-30 04:00:00+00:00,B16,0.0
DK1,2025-11-30 05:00:00+00:00,B16,0.0
DK1,2025-11-30 06:00:00+00:00,B16,0.0
DK1,2025-11-30 07:00:00+00:00,B16,0.0
DK1,2025-11-30 08:00:00+00:00,B16,3.92
DK1,2025-11-30 09:00:00+00:00,B16,87.46
DK1,2025-11-30 10:00:00+00:00,B16,191.88
DK1,2025-11-30 11:00:00+00:00,B16,235.87
DK1,2025-11-30 12:00:00+00:00,B16,180.55
DK1,2025-11-30 13:00:00+00:00,B16,152.22
DK1,2025-11-30 14:00:00+00:00,B16,69.32
DK1,2025-11-30 15:00:00+00:00,B16,0.0
DK1,2025-11-30 16:00:00+00:00,B16,0.0
DK1,2025-11-30 17:00:00+00:00,B16,0.0
DK1,2025-11-30 18:00:00+00:00,B16,0.0
DK1,2025-11-30 19:00:00+00:00,B16,0.0
DK1,2025-11-30 20:00:00+00:00,B16,0.0
DK1,2025-11-30 21:00:00+00:00,B16,0.0
DK1,2025-11-30 22:00:00+00:00,B16,0.0
DK1,2025-11-30 23:00:00+00:00,B16,0.0
DK1,2025-12-01 00:00:00+00:00,B16,0.0
DK1,2025-12-01 01:00:00+00:00,B16,0.0
DK1,2025-12-01 02:00:00+00:00,B16,0.0
DK1,2025-12-01 03:00:00+00:00,B16,0.0
DK1,2025-12-01 04:00:00+00:00,B16,0.0
DK1,2025-12-01 05:00:00+00:00,B16,0.0
DK1,2025-12-01 06:00:00+00:00,B16,0.0
DK1,2025-12-01 07:00:00+00:00,B16,0.0
DK1,2025-12-01 08:00:00+00:00,B16,4.04
DK1,2025-12-01 09:00:00+00:00,B16,117.86
DK1,2025-12-01 10:00:00+00:00,B16,153.09
DK1,2025-12-01 11:00:00+00:00,B16,275.45
DK1,2025-12-01 12:00:00+00:00,B16,268.23
DK1,2025-12-01 13:00:00+00:00,B16,199.89
DK1,2025-12-01 14:00:00+00:00,B16,82.57
DK1,2025-12-01 15:00:00+00:00,B16,0.0
DK1,2025-12-01 16:00:00+00:00,B16,0.0
DK1,2025-12-01 17:00:00+00:00,B16,0.0
DK1,2025-12-01 18:00:00+00:00,B16,0.0
DK1,2025-12-01 19:00:00+00:00,B16,0.0
DK1,2025-12-01 20:00:00+00:00,B16,0.0
DK1,2025-12-01 21:00:00+00:00,B16,0.0
DK1,2025-12-01 22:00:00+00:00,B16,0.0
DK1,2025-12-01 23:00:00+00:00,B16,0.0
DK1,2025-12-02 00:00:00+00:00,B16,0.0
DK1,2025-12-02 01:00:00+00:00,B16,0.0
DK1,2025-12-02 02:00:00+00:00,B16,0.0
DK1,2025-12-02 03:00:00+00:00,B16,0.0
DK1,2025-12-02 04:00:00+00:00,B16,0.0
DK1,2025-12-02 05:00:00+00:00,B16,0.0
DK1,2025-12-02 06:00:00+00:00,B16,0.0
DK1,2025-12-02 07:00:00+00:00,B16,0.0
DK1,2025-12-02 08:00:00+00:00,B16,4.08
DK1,2025-12-02 09:00:00+00:00,B16,66.46
DK1,2025-12-02 10:00:00+00:00,B16,85.04
DK1,2025-12-02 11:00:00+00:00,B16,155.81
DK1,2025-12-02 12:00:00+00:00,B16,162.1
DK1,2025-12-02 13:00:00+00:00,B16,123.79
DK1,2025-12-02 14:00:00+00:00,B16,56.22
DK1,2025-12-02 15:00:00+00:00,B16,0.0
DK1,2025-12-02 16:00:00+00:00,B16,0.0
DK1,2025-12-02 17:00:00+00:00,B16,0.0
DK1,2025-12-02 18:00:00+00:00,B16,0.0
DK1,2025-12-02 19:00:00+00:00,B16,0.0
DK1,2025-12-02 20:00:00+00:00,B16,0.0
DK1,2025-12-02 21:00:00+00:00,B16,0.0
DK1,2025-12-02 22:00:00+00:00,B16,0.0
DK1,2025-12-02 23:00:00+00:00,B16,0.0
DK1,2025-12-03 00:00:00+00:00,B16,0.0
DK1,2025-12-03 01:00:00+00:00,B16,0.0
DK1,2025-12-03 02:00:00+00:00,B16,0.0
DK1,2025-12-03 03:00:00+00:00,B16,0.0
DK1,2025-12-03 04:00:00+00:00,B16,0.0
DK1,2025-12-03 05:00:00+00:00,B16,0.0
DK1,2025-12-03 06:00:00+00:00,B16,0.0
DK1,2025-12-03 07:00:00+00:00,B16,0.0
DK1,2025-12-03 08:00:00+00:00,B16,3.75
DK1,2025-12-03 09:00:00+00:00,B16,87.81
DK1,2025-12-03 10:00:00+00:00,B16,182.1
DK1,2025-12-03 11:00:00+00:00,B16,231.93
DK1,2025-12-03 12:00:00+00:00,B16,185.89
DK1,2025-12-03 13:00:00+00:00,B16,131.97
DK1,2025-12-03 14:00:00+00:00,B16,69.06
DK1,2025-12-03 15:00:00+00:00,B16,0.0
DK1,2025-12-03 16:00:00+00:00,B16,0.0
DK1,2025-12-03 17:00:00+00:00,B16,0.0
DK1,2025-12-03 18:00:00+00:00,B16,0.0
DK1,2025-12-03 19:00:00+00:00,B16,0.0
DK1,2025-12-03 20:00:00+00:00,B16,0.0
DK1,2025-12-03 21:00:00+00:00,B16,0.0
DK1,2025-12-03 22:00:00+00:00,B16,0.0
DK1,2025-12-03 23:00:00+00:00,B16,0.0
DK1,2025-12-04 00:00:00+00:00,B16,0.0
DK1,2025-12-04 01:00:00+00:00,B16,0.0
DK1,2025-12-04 02:00:00+00:00,B16,0.0
DK1,2025-12-04 03:00:00+00:00,B16,0.0
DK1,2025-12-04 04:00:00+00:00,B16,0.0
DK1,2025-12-04 05:00:00+00:00,B16,0.0
DK1,2025-12-04 06:00:00+00:00,B16,0.0
DK1,2025-12-04 07:00:00+00:00,B16,0.0
DK1,2025-12-04 08:00:00+00:00,B16,2.72
DK1,2025-12-04 09:00:00+00:00,B16,101.94
DK1,2025-12-04 10:00:00+00:00,B16,159.18
DK1,2025-12-04 11:00:00+00:00,B16,223.17
DK1,2025-12-04 12:00:00+00:00,B16,224.74
DK1,2025-12-04 13:00:00+00:00,B16,177.65
DK1,2025-12-04 14:00:00+00:00,B16,67.61
DK1,2025-12-04 15:00:00+00:00,B16,0.0
DK1,2025-12-04 16:00:00+00:00,B16,0.0
DK1,2025-12-04 17:00:00+00:00,B16,0.0
DK1,2025-12-04 18:00:00+00:00,B16,0.0
DK1,2025-12-04 19:00:00+00:00,B16,0.0
DK1,2025-12-04 20:00:00+00:00,B16,0.0
DK1,2025-12-04 21:00:00+00:00,B16,0.0
DK1,2025-12-04 22:00:00+00:00,B16,0.0
DK1,2025-12-04 23:00:00+00:00,B16,0.0
DK1,2025-12-05 00:00:00+00:00,B16,0.0
DK1,2025-12-05 01:00:00+00:00,B16,0.0
DK1,2025-12-05 02:00:00+00:00,B16,0.0
DK1,2025-12-05 03:00:00+00:00,B16,0.0
DK1,2025-12-05 04:00:00+00:00,B16,0.0
DK1,2025-12-05 05:00:00+00:00,B16,0.0
DK1,2025-12-05 06:00:00+00:00,B16,0.0
DK1,2025-12-05 07:00:00+00:00,B16,0.0
DK1,2025-12-05 08:00:00+00:00,B16,2.1
DK1,2025-12-05 09:00:00+00:00,B16,76.61
DK1,2025-12-05 10:00:00+00:00,B16,140.01
DK1,2025-12-05 11:00:00+00:00,B16,243.29
DK1,2025-12-05 12:00:00+00:00,B16,245.27
DK1,2025-12-05 13:00:00+00:00,B16,175.36
DK1,2025-12-05 14:00:00+00:00,B16,65.85
DK1,2025-12-05 15:00:00+00:00,B16,0.0
DK1,2025-12-05 16:00:00+00:00,B16,0.0
DK1,2025-12-05 17:00:00+00:00,B16,0.0
DK1,2025-12-05 18:00:00+00:00,B16,0.0
DK1,2025-12-05 19:00:00+00:00,B16,0.0
DK1,2025-12-05 20:00:00+00:00,B16,0.0
DK1,2025-12-05 21:00:00+00:00,B16,0.0
DK1,2025-12-05 22:00:00+00:00,B16,0.0
DK1,2025-12-05 23:00:00+00:00,B16,0.0
DK1,2025-12-06 00:00:00+00:00,B16,0.0
DK1,2025-12-06 01:00:00+00:00,B16,0.0
DK1,2025-12-06 02:00:00+00:00,B16,0.0
DK1,2025-12-06 03:00:00+00:00,B16,0.0
DK1,2025-12-06 04:00:00+00:00,B16,0.0
DK1,2025-12-06 05:00:00+00:00,B16,0.0
DK1,2025-12-06 06:00:00+00:00,B16,0.0
DK1,2025-12-06 07:00:00+00:00,B16,0.0
DK1,2025-12-06 08:00:00+00:00,B16,1.25
DK1,2025-12-06 09:00:00+00:00,B16,84.29
DK1,2025-12-06 10:00:00+00:00,B16,179.88
DK1,2025-12-06 11:00:00+00:00,B16,216.14
DK1,2025-12-06 12:00:00+00:00,B16,206.0
DK1,2025-12-06 13:00:00+00:00,B16,160.96
DK1,2025-12-06 14:00:00+00:00,B16,40.9
DK1,2025-12-06 15:00:00+00:00,B16,0.0
DK1,2025-12-06 16:00:00+00:00,B16,0.0
DK1,2025-12-06 17:00:00+00:00,B16,0.0
DK1,2025-12-06 18:00:00+00:00,B16,0.0
DK1,2025-12-06 19:00:00+00:00,B16,0.0
DK1,2025-12-06 20:00:00+00:00,B16,0.0
DK1,2025-12-06 21:00:00+00:00,B16,0.0
DK1,2025-12-06 22:00:00+00:00,B16,0.0
DK1,2025-12-06 23:00:00+00:00,B16,0.0
DK1,2025-12-07 00:00:00+00:00,B16,0.0
DK1,2025-12-07 01:00:00+00:00,B16,0.0
DK1,2025-12-07 02:00:00+00:00,B16,0.0
DK1,2025-12-07 03:00:00+00:00,B16,0.0
DK1,2025-12-07 04:00:00+00:00,B16,0.0
DK1,2025-12-07 05:00:00+00:00,B16,0.0
DK1,2025-12-07 06:00:00+00:00,B16,0.0
DK1,2025-12-07 07:00:00+00:00,B16,0.0
DK1,2025-12-07 08:00:00+00:00,B16,0.59
DK1,2025-12-07 09:00:00+00:00,B16,58.33
DK1,2025-12-07 10:00:00+00:00,B16,169.2
DK1,2025-12-07 11:00:00+00:00,B16,180.79
DK1,2025-12-07 12:00:00+00:00,B16,210.32
DK1,2025-12-07 13:00:00+00:00,B16,52.82
DK1,2025-12-07 14:00:00+00:00,B16,63.15
DK1,2025-12-07 15:00:00+00:00,B16,0.0
DK1,2025-12-07 16:00:00+00:00,B16,0.0
DK1,2025-12-07 17:00:00+00:00,B16,0.0
DK1,2025-12-07 18:00:00+00:00,B16,0.0
DK1,2025-12-07 19:00:00+00:00,B16,0.0
DK1,2025-12-07 20:00:00+00:00,B16,0.0
DK1,2025-12-07 21:00:00+00:00,B16,0.0
DK1,2025-12-07 22:00:00+00:00,B16,0.0
DK1,2025-12-07 23:00:00+00:00,B16,0.0
DK1,2025-12-08 00:00:00+00:00,B16,0.0
DK1,2025-12-08 01:00:00+00:00,B16,0.0
DK1,2025-12-08 02:00:00+00:00,B16,0.0
DK1,2025-12-08 03:00:00+00:00,B16,0.0
DK1,2025-12-08 04:00:00+00:00,B16,0.0
DK1,2025-12-08 05:00:00+00:00,B16,0.0
DK1,2025-12-08 06:00:00+00:00,B16,0.0
DK1,2025-12-08 07:00:00+00:00,B16,0.0
DK1,2025-12-08 08:00:00+00:00,B16,0.29
DK1,2025-12-08 09:00:00+00:00,B16,79.37
DK1,2025-12-08 10:00:00+00:00,B16,148.18
DK1,2025-12-08 11:00:00+00:00,B16,197.29
DK1,2025-12-08 12:00:00+00:00,B16,195.42
DK1,2025-12-08 13:00:00+00:00,B16,123.98
DK1,2025-12-08 14:00:00+00:00,B16,56.32
DK1,2025-12-08 15:00:00+00:00,B16,0.0
DK1,2025-12-08 16:00:00+00:00,B16,0.0
DK1,2025-12-08 17:00:00+00:00,B16,0.0
DK1,2025-12-08 18:00:00+00:00,B16,0.0
DK1,2025-12-08 19:00:00+00:00,B16,0.0
DK1,2025-12-08 20:00:00+00:00,B16,0.0
DK1,2025-12-08 21:00:00+00:00,B16,0.0
DK1,2025-12-08 22:00:00+00:00,B16,0.0
DK1,2025-12-08 23:00:00+00:00,B16,0.0
DK1,2025-12-09 00:00:00+00:00,B16,0.0
DK1,2025-12-09 01:00:00+00:00,B16,0.0
DK1,2025-12-09 02:00:00+00:00,B16,0.0
DK1,2025-12-09 03:00:00+00:00,B16,0.0
DK1,2025-12-09 04:00:00+00:00,B16,0.0
DK1,2025-12-09 05:00:00+00:00,B16,0.0
DK1,2025-12-09 06:00:00+00:00,B16,0.0
DK1,2025-12-09 07:00:00+00:00,B16,0.0
DK1,2025-12-09 08:00:00+00:00,B16,0.02
DK1,2025-12-09 09:00:00+00:00,B16,48.16
DK1,2025-12-09 10:00:00+00:00,B16,177.44
DK1,2025-12-09 11:00:00+00:00,B16,250.45
DK1,2025-12-09 12:00:00+00:00,B16,126.91
DK1,2025-12-09 13:00:00+00:00,B16,127.05
DK1,2025-12-09 14:00:00+00:00,B16,56.57
DK1,2025-12-09 15:00:00+00:00,B16,0.0
DK1,2025-12-09 16:00:00+00:00,B16,0.0
DK1,2025-12-09 17:00:00+00:00,B16,0.0
DK1,2025-12-09 18:00:00+00:00,B16,0.0
DK1,2025-12-09 19:00:00+00:00,B16,0.0
DK1,2025-12-09 20:00:00+00:00,B16,0.0
DK1,2025-12-09 21:00:00+00:00,B16,0.0
DK1,2025-12-09 22:00:00+00:00,B16,0.0
DK1,2025-12-09 23:00:00+00:00,B16,0.0
DK1,2025-12-10 00:00:00+00:00,B16,0.0
DK1,2025-12-10 01:00:00+00:00,B16,0.0
DK1,2025-12-10 02:00:00+00:00,B16,0.0
DK1,2025-12-10 03:00:00+00:00,B16,0.0
DK1,2025-12-10 04:00:00+00:00,B16,0.0
DK1,2025-12-10 05:00:00+00:00,B16,0.0
DK1,2025-12-10 06:00:00+00:00,B16,0.0
DK1,2025-12-10 07:00:00+00:00,B16,0.0
DK1,2025-12-10 08:00:00+00:00,B16,0.0
DK1,2025-12-10 09:00:00+00:00,B16,51.14
DK1,2025-12-10 10:00:00+00:00,B16,164.47
DK1,2025-12-10 11:00:00+00:00,B16,183.37
DK1,2025-12-10 12:00:00+00:00,B16,191.82
DK1,2025-12-10 13:00:00+00:00,B16,101.35
DK1,2025-12-10 14:00:00+00:00,B16,56.61
DK1,2025-12-10 15:00:00+00:00,B16,0.0
DK1,2025-12-10 16:00:00+00:00,B16,0.0
DK1,2025-12-10 17:00:00+00:00,B16,0.0
DK1,2025-12-10 18:00:00+00:00,B16,0.0
DK1,2025-12-10 19:00:00+00:00,B16,0.0
DK1,2025-12-10 20:00:00+00:00,B16,0.0
DK1,2025-12-10 21:00:00+00:00,B16,0.0
DK1,2025-12-10 22:00:00+00:00,B16,0.0
DK1,2025-12-10 23:00:00+00:00,B16,0.0
DK1,2025-12-11 00:00:00+00:00,B16,0.0
DK1,2025-12-11 01:00:00+00:00,B16,0.0
DK1,2025-12-11 02:00:00+00:00,B16,0.0
DK1,2025-12-11 03:00:00+00:00,B16,0.0
DK1,2025-12-11 04:00:00+00:00,B16,0.0
DK1,2025-12-11 05:00:00+00:00,B16,0.0
DK1,2025-12-11 06:00:00+00:00,B16,0.0
DK1,2025-12-11 07:00:00+00:00,B16,0.0
DK1,2025-12-11 08:00:00+00:00,B16,0.0
DK1,2025-12-11 09:00:00+00:00,B16,75.62
DK1,2025-12-11 10:00:00+00:00,B16,102.28
DK1,2025-12-11 11:00:00+00:00,B16,192.73
DK1,2025-12-11 12:00:00+00:00,B16,177.63
DK1,2025-12-11 13:00:00+00:00,B16,151.6
DK1,2025-12-11 14:00:00+00:00,B16,60.13
DK1,2025-12-11 15:00:00+00:00,B16,0.0
DK1,2025-12-11 16:00:00+00:00,B16,0.0
DK1,2025-12-11 17:00:00+00:00,B16,0.0
DK1,2025-12-11 18:00:00+00:00,B16,0.0
DK1,2025-12-11 19:00:00+00:00,B16,0.0
DK1,2025-12-11 20:00:00+00:00,B16,0.0
DK1,2025-12-11 21:00:00+00:00,B16,0.0
DK1,2025-12-11 22:00:00+00:00,B16,0.0
DK1,2025-12-11 23:00:00+00:00,B16,0.0
DK1,2025-12-12 00:00:00+00:00,B16,0.0
DK1,2025-12-12 01:00:00+00:00,B16,0.0
DK1,2025-12-12 02:00:00+00:00,B16,0.0
DK1,2025-12-12 03:00:00+00:00,B16,0.0
DK1,2025-12-12 04:00:00+00:00,B16,0.0
DK1,2025-12-12 05:00:00+00:00,B16,0.0
DK1,2025-12-12 06:00:00+00:00,B16,0.0
DK1,2025-12-12 07:00:00+00:00,B16,0.0
DK1,2025-12-12 08:00:00+00:00,B16,0.0
DK1,2025-12-12 09:00:00+00:00,B16,61.12
DK1,2025-12-12 10:00:00+00:00,B16,77.45
DK1,2025-12-12 11:00:00+00:00,B16,207.16
DK1,2025-12-12 12:00:00+00:00,B16,223.76
DK1,2025-12-12 13:00:00+00:00,B16,74.12
DK1,2025-12-12 14:00:00+00:00,B16,62.2
DK1,2025-12-12 15:00:00+00:00,B16,0.0
DK1,2025-12-12 16:00:00+00:00,B16,0.0
DK1,2025-12-12 17:00:00+00:00,B16,0.0
DK1,2025-12-12 18:00:00+00:00,B16,0.0
DK1,2025-12-12 19:00:00+00:00,B16,0.0
DK1,2025-12-12 20:00:00+00:00,B16,0.0
DK1,2025-12-12 21:00:00+00:00,B16,0.0
DK1,2025-12-12 22:00:00+00:00,B16,0.0
DK1,2025-12-12 23:00:00+00:00,B16,0.0
DK1,2025-12-13 00:00:00+00:00,B16,0.0
DK1,2025-12-13 01:00:00+00:00,B16,0.0
DK1,2025-12-13 02:00:00+00:00,B16,0.0
DK1,2025-12-13 03:00:00+00:00,B16,0.0
DK1,2025-12-13 04:00:00+00:00,B16,0.0
DK1,2025-12-13 05:00:00+00:00,B16,0.0
DK1,2025-12-13 06:00:00+00:00,B16,0.0
DK1,2025-12-13 07:00:00+00:00,B16,0.0
DK1,2025-12-13 08:00:00+00:00,B16,0.0
DK1,2025-12-13 09:00:00+00:00,B16,84.92
DK1,2025-12-13 10:00:00+00:00,B16,105.23
DK1,2025-12-13 11:00:00+00:00,B16,245.33
DK1,2025-12-13 12:00:00+00:00,B16,228.47
DK1,2025-12-13 13:00:00+00:00,B16,138.75
DK1,2025-12-13 14:00:00+00:00,B16,50.62
DK1,2025-12-13 15:00:00+00:00,B16,0.0
DK1,2025-12-13 16:00:00+00:00,B16,0.0
DK1,2025-12-13 17:00:00+00:00,B16,0.0
DK1,2025-12-13 18:00:00+00:00,B16,0.0
DK1,2025-12-13 19:00:00+00:00,B16,0.0
DK1,2025-12-13 20:00:00+00:00,B16,0.0
DK1,2025-12-13 21:00:00+00:00,B16,0.0
DK1,2025-12-13 22:00:00+00:00,B16,0.0
DK1,2025-12-13 23:00:00+00:00,B16,0.0
DK1,2025-12-14 00:00:00+00:00,B16,0.0
DK1,2025-12-14 01:00:00+00:00,B16,0.0
DK1,2025-12-14 02:00:00+00:00,B16,0.0
DK1,2025-12-14 03:00:00+00:00,B16,0.0
DK1,2025-12-14 04:00:00+00:00,B16,0.0
DK1,2025-12-14 05:00:00+00:00,B16,0.0
DK1,2025-12-14 06:00:00+00:00,B16,0.0
DK1,2025-12-14 07:00:00+00:00,B16,0.0
DK1,2025-12-14 08:00:00+00:00,B16,0.0
DK1,2025-12-14 09:00:00+00:00,B16,81.0
DK1,2025-12-14 10:00:00+00:00,B16,141.8
DK1,2025-12-14 11:00:00+00:00,B16,66.64
DK1,2025-12-14 12:00:00+00:00,B16,175.35
DK1,2025-12-14 13:00:00+00:00,B16,146.75
DK1,2025-12-14 14:00:00+00:00,B16,52.28
DK1,2025-12-14 15:00:00+00:00,B16,0.0
DK1,2025-12-14 16:00:00+00:00,B16,0.0
DK1,2025-12-14 17:00:00+00:00,B16,0.0
DK1,2025-12-14 18:00:00+00:00,B16,0.0
DK1,2025-12-14 19:00:00+00:00,B16,0.0
DK1,2025-12-14 20:00:00+00:00,B16,0.0
DK1,2025-12-14 21:00:00+00:00,B16,0.0
DK1,2025-12-14 22:00:00+00:00,B16,0.0
DK1,2025-12-14 23:00:00+00:00,B16,0.0
DK1,2025-12-15 00:00:00+00:00,B16,0.0
DK1,2025-12-15 01:00:00+00:00,B16,0.0
DK1,2025-12-15 02:00:00+00:00,B16,0.0
DK1,2025-12-15 03:00:00+00:00,B16,0.0
DK1,2025-12-15 04:00:00+00:00,B16,0.0
DK1,2025-12-15 05:00:00+00:00,B16,0.0
DK1,2025-12-15 06:00:00+00:00,B16,0.0
DK1,2025-12-15 07:00:00+00:00,B16,0.0
DK1,2025-12-15 08:00:00+00:00,B16,0.0
DK1,2025-12-15 09:00:00+00:00,B16,42.25
DK1,2025-12-15 10:00:00+00:00,B16,117.71
DK1,2025-12-15 11:00:00+00:00,B16,173.99
DK1,2025-12-15 12:00:00+00:00,B16,109.77
DK1,2025-12-15 13:00:00+00:00,B16,54.25
DK1,2025-12-15 14:00:00+00:00,B16,39.63
DK1,2025-12-15 15:00:00+00:00,B16,0.0
DK1,2025-12-15 16:00:00+00:00,B16,0.0
DK1,2025-12-15 17:00:00+00:00,B16,0.0
DK1,2025-12-15 18:00:00+00:00,B16,0.0
DK1,2025-12-15 19:00:00+00:00,B16,0.0
DK1,2025-12-15 20:00:00+00:00,B16,0.0
DK1,2025-12-15 21:00:00+00:00,B16,0.0
DK1,2025-12-15 22:00:00+00:00,B16,0.0
DK1,2025-12-15 23:00:00+00:00,B16,0.0
DK1,2025-12-16 00:00:00+00:00,B16,0.0
DK1,2025-12-16 01:00:00+00:00,B16,0.0
DK1,2025-12-16 02:00:00+00:00,B16,0.0
DK1,2025-12-16 03:00:00+00:00,B16,0.0
DK1,2025-12-16 04:00:00+00:00,B16,0.0
DK1,2025-12-16 05:00:00+00:00,B16,0.0
DK1,2025-12-16 06:00:00+00:00,B16,0.0
DK1,2025-12-16 07:00:00+00:00,B16,0.0
DK1,2025-12-16 08:00:00+00:00,B16,0.0
DK1,2025-12-16 09:00:00+00:00,B16,71.58
DK1,2025-12-16 10:00:00+00:00,B16,153.86
DK1,2025-12-16 11:00:00+00:00,B16,192.48
DK1,2025-12-16 12:00:00+00:00,B16,188.22
DK1,2025-12-16 13:00:00+00:00,B16,129.02
DK1,2025-12-16 14:00:00+00:00,B16,43.24
DK1,2025-12-16 15:00:00+00:00,B16,0.0
DK1,2025-12-16 16:00:00+00:00,B16,0.0
DK1,2025-12-16 17:00:00+00:00,B16,0.0
DK1,2025-12-16 18:00:00+00:00,B16,0.0
DK1,2025-12-16 19:00:00+00:00,B16,0.0
DK1,2025-12-16 20:00:00+00:00,B16,0.0
DK1,2025-12-16 21:00:00+00:00,B16,0.0
DK1,2025-12-16 22:00:00+00:00,B16,0.0
DK1,2025-12-16 23:00:00+00:00,B16,0.0
DK1,2025-12-17 00:00:00+00:00,B16,0.0
DK1,2025-12-17 01:00:00+00:00,B16,0.0
DK1,2025-12-17 02:00:00+00:00,B16,0.0
DK1,2025-12-17 03:00:00+00:00,B16,0.0
DK1,2025-12-17 04:00:00+00:00,B16,0.0
DK1,2025-12-17 05:00:00+00:00,B16,0.0
DK1,2025-12-17 06:00:00+00:00,B16,0.0
DK1,2025-12-17 07:00:00+00:00,B16,0.0
DK1,2025-12-17 08:00:00+00:00,B16,0.0
DK1,2025-12-17 09:00:00+00:00,B16,68.49
DK1,2025-12-17 10:00:00+00:00,B16,127.9
DK1,2025-12-17 11:00:00+00:00,B16,162.52
DK1,2025-12-17 12:00:00+00:00,B16,177.18
DK1,2025-12-17 13:00:00+00:00,B16,95.85
DK1,2025-12-17 14:00:00+00:00,B16,41.12
DK1,2025-12-17 15:00:00+00:00,B16,0.0
DK1,2025-12-17 16:00:00+00:00,B16,0.0
DK1,2025-12-17 17:00:00+00:00,B16,0.0
DK1,2025-12-17 18:00:00+00:00,B16,0.0
DK1,2025-12-17 19:00:00+00:00,B16,0.0
DK1,2025-12-17 20:00:00+00:00,B16,0.0
DK1,2025-12-17 21:00:00+00:00,B16,0.0
DK1,2025-12-17 22:00:00+00:00,B16,0.0
DK1,2025-12-17 23:00:00+00:00,B16,0.0
DK1,2025-12-18 00:00:00+00:00,B16,0.0
DK1,2025-12-18 01:00:00+00:00,B16,0.0
DK1,2025-12-18 02:00:00+00:00,B16,0.0
DK1,2025-12-18 03:00:00+00:00,B16,0.0
DK1,2025-12-18 04:00:00+00:00,B16,0.0
DK1,2025-12-18 05:00:00+00:00,B16,0.0
DK1,2025-12-18 06:00:00+00:00,B16,0.0
DK1,2025-12-18 07:00:00+00:00,B16,0.0
DK1,2025-12-18 08:00:00+00:00,B16,0.0
DK1,2025-12-18 09:00:00+00:00,B16,74.44
DK1,2025-12-18 10:00:00+00:00,B16,161.29
DK1,2025-12-18 11:00:00+00:00,B16,165.69
DK1,2025-12-18 12:00:00+00:00,B16,170.76
DK1,2025-12-18 13:00:00+00:00,B16,96.84
DK1,2025-12-18 14:00:00+00:00,B16,50.94
DK1,2025-12-18 15:00:00+00:00,B16,0.0
DK1,2025-12-18 16:00:00+00:00,B16,0.0
DK1,2025-12-18 17:00:00+00:00,B16,0.0
DK1,2025-12-18 18:00:00+00:00,B16,0.0
DK1,2025-12-18 19:00:00+00:00,B16,0.0
DK1,2025-12-18 20:00:00+00:00,B16,0.0
DK1,2025-12-18 21:00:00+00:00,B16,0.0
DK1,2025-12-18 22:00:00+00:00,B16,0.0
DK1,2025-12-18 23:00:00+00:00,B16,0.0
DK1,2025-12-19 00:00:00+00:00,B16,0.0
DK1,2025-12-19 01:00:00+00:00,B16,0.0
DK1,2025-12-19 02:00:00+00:00,B16,0.0
DK1,2025-12-19 03:00:00+00:00,B16,0.0
DK1,2025-12-19 04:00:00+00:00,B16,0.0
DK1,2025-12-19 05:00:00+00:00,B16,0.0
DK1,2025-12-19 06:00:00+00:00,B16,0.0
DK1,2025-12-19 07:00:00+00:00,B16,0.0
DK1,2025-12-19 08:00:00+00:00,B16,0.0
DK1,2025-12-19 09:00:00+00:00,B16,75.96
DK1,2025-12-19 10:00:00+00:00,B16,168.09
DK1,2025-12-19 11:00:00+00:00,B16,231.42
DK1,2025-12-19 12:00:00+00:00,B16,214.0
DK1,2025-12-19 13:00:00+00:00,B16,110.47
DK1,2025-12-19 14:00:00+00:00,B16,43.37
DK1,2025-12-19 15:00:00+00:00,B16,0.0
DK1,2025-12-19 16:00:00+00:00,B16,0.0
DK1,2025-12-19 17:00:00+00:00,B16,0.0
DK1,2025-12-19 18:00:00+00:00,B16,0.0
DK1,2025-12-19 19:00:00+00:00,B16,0.0
DK1,2025-12-19 20:00:00+00:00,B16,0.0
DK1,2025-12-19 21:00:00+00:00,B16,0.0
DK1,2025-12-19 22:00:00+00:00,B16,0.0
DK1,2025-12-19 23:00:00+00:00,B16,0.0
DK1,2025-12-20 00:00:00+00:00,B16,0.0
DK1,2025-12-20 01:00:00+00:00,B16,0.0
DK1,2025-12-20 02:00:00+00:00,B16,0.0
DK1,2025-12-20 03:00:00+00:00,B16,0.0
DK1,2025-12-20 04:00:00+00:00,B16,0.0
DK1,2025-12-20 05:00:00+00:00,B16,0.0
DK1,2025-12-20 06:00:00+00:00,B16,0.0
DK1,2025-12-20 07:00:00+00:00,B16,0.0
DK1,2025-12-20 08:00:00+00:00,B16,0.0
DK1,2025-12-20 09:00:00+00:00,B16,65.52
DK1,2025-12-20 10:00:00+00:00,B16,81.81
DK1,2025-12-20 11:00:00+00:00,B16,183.89
DK1,2025-12-20 12:00:00+00:00,B16,104.62
DK1,2025-12-20 13:00:00+00:00,B16,127.74
DK1,2025-12-20 14:00:00+00:00,B16,27.92
DK1,2025-12-20 15:00:00+00:00,B16,0.0
DK1,2025-12-20 16:00:00+00:00,B16,0.0
DK1,2025-12-20 17:00:00+00:00,B16,0.0
DK1,2025-12-20 18:00:00+00:00,B16,0.0
DK1,2025-12-20 19:00:00+00:00,B16,0.0
DK1,2025-12-20 20:00:00+00:00,B16,0.0
DK1,2025-12-20 21:00:00+00:00,B16,0.0
DK1,2025-12-20 22:00:00+00:00,B16,0.0
DK1,2025-12-20 23:00:00+00:00,B16,0.0
DK1,2025-12-21 00:00:00+00:00,B16,0.0
DK1,2025-12-21 01:00:00+00:00,B16,0.0
DK1,2025-12-21 02:00:00+00:00,B16,0.0
DK1,2025-12-21 03:00:00+00:00,B16,0.0
DK1,2025-12-21 04:00:00+00:00,B16,0.0
DK1,2025-12-21 05:00:00+00:00,B16,0.0
DK1,2025-12-21 06:00:00+00:00,B16,0.0
DK1,2025-12-21 07:00:00+00:00,B16,0.0
DK1,2025-12-21 08:00:00+00:00,B16,0.0
DK1,2025-12-21 09:00:00+00:00,B16,78.18
DK1,2025-12-21 10:00:00+00:00,B16,162.59
DK1,2025-12-21 11:00:00+00:00,B16,156.37
DK1,2025-12-21 12:00:00+00:00,B16,195.85
DK1,2025-12-21 13:00:00+00:00,B16,61.78
DK1,2025-12-21 14:00:00+00:00,B16,55.24
DK1,2025-12-21 15:00:00+00:00,B16,0.0
DK1,2025-12-21 16:00:00+00:00,B16,0.0
DK1,2025-12-21 17:00:00+00:00,B16,0.0
DK1,2025-12-21 18:00:00+00:00,B16,0.0
DK1,2025-12-21 19:00:00+00:00,B16,0.0
DK1,2025-12-21 20:00:00+00:00,B16,0.0
DK1,2025-12-21 21:00:00+00:00,B16,0.0
DK1,2025-12-21 22:00:00+00:00,B16,0.0
DK1,2025-12-21 23:00:00+00:00,B16,0.0
DK1,2025-12-22 00:00:00+00:00,B16,0.0
DK1,2025-12-22 01:00:00+00:00,B16,0.0
DK1,2025-12-22 02:00:00+00:00,B16,0.0
DK1,2025-12-22 03:00:00+00:00,B16,0.0
DK1,2025-12-22 04:00:00+00:00,B16,0.0
DK1,2025-12-22 05:00:00+00:00,B16,0.0
DK1,2025-12-22 06:00:00+00:00,B16,0.0
DK1,2025-12-22 07:00:00+00:00,B16,0.0
DK1,2025-12-22 08:00:00+00:00,B16,0.0
DK1,2025-12-22 09:00:00+00:00,B16,68.45
DK1,2025-12-22 10:00:00+00:00,B16,175.09
DK1,2025-12-22 11:00:00+00:00,B16,221.86
DK1,2025-12-22 12:00:00+00:00,B16,110.4
DK1,2025-12-22 13:00:00+00:00,B16,155.05
DK1,2025-12-22 14:00:00+00:00,B16,40.0
DK1,2025-12-22 15:00:00+00:00,B16,0.0
DK1,2025-12-22 16:00:00+00:00,B16,0.0
DK1,2025-12-22 17:00:00+00:00,B16,0.0
DK1,2025-12-22 18:00:00+00:00,B16,0.0
DK1,2025-12-22 19:00:00+00:00,B16,0.0
DK1,2025-12-22 20:00:00+00:00,B16,0.0
DK1,2025-12-22 21:00:00+00:00,B16,0.0
DK1,2025-12-22 22:00:00+00:00,B16,0.0
DK1,2025-12-22 23:00:00+00:00,B16,0.0
DK1,2025-12-23 00:00:00+00:00,B16,0.0
DK1,2025-12-23 01:00:00+00:00,B16,0.0
DK1,2025-12-23 02:00:00+00:00,B16,0.0
DK1,2025-12-23 03:00:00+00:00,B16,0.0
DK1,2025-12-23 04:00:00+00:00,B16,0.0
DK1,2025-12-23 05:00:00+00:00,B16,0.0
DK1,2025-12-23 06:00:00+00:00,B16,0.0
DK1,2025-12-23 07:00:00+00:00,B16,0.0
DK1,2025-12-23 08:00:00+00:00,B16,0.0
DK1,2025-12-23 09:00:00+00:00,B16,74.72
DK1,2025-12-23 10:00:00+00:00,B16,91.11
DK1,2025-12-23 11:00:00+00:00,B16,205.79
DK1,2025-12-23 12:00:00+00:00,B16,207.2
DK1,2025-12-23 13:00:00+00:00,B16,159.62
DK1,2025-12-23 14:00:00+00:00,B16,56.22
DK1,2025-12-23 15:00:00+00:00,B16,0.0
DK1,2025-12-23 16:00:00+00:00,B16,0.0
DK1,2025-12-23 17:00:00+00:00,B16,0.0
DK1,2025-12-23 18:00:00+00:00,B16,0.0
DK1,2025-12-23 19:00:00+00:00,B16,0.0
DK1,2025-12-23 20:00:00+00:00,B16,0.0
DK1,2025-12-23 21:00:00+00:00,B16,0.0
DK1,2025-12-23 22:00:00+00:00,B16,0.0
DK1,2025-12-23 23:00:00+00:00,B16,0.0
DK1,2025-12-24 00:00:00+00:00,B16,0.0
DK1,2025-12-24 01:00:00+00:00,B16,0.0
DK1,2025-12-24 02:00:00+00:00,B16,0.0
DK1,2025-12-24 03:00:00+00:00,B16,0.0
DK1,2025-12-24 04:00:00+00:00,B16,0.0
DK1,2025-12-24 05:00:00+00:00,B16,0.0
DK1,2025-12-24 06:00:00+00:00,B16,0.0
DK1,2025-12-24 07:00:00+00:00,B16,0.0
DK1,2025-12-24 08:00:00+00:00,B16,0.0
DK1,2025-12-24 09:00:00+00:00,B16,52.32
DK1,2025-12-24 10:00:00+00:00,B16,120.89
DK1,2025-12-24 11:00:00+00:00,B16,165.85
DK1,2025-12-24 12:00:00+00:00,B16,170.52
DK1,2025-12-24 13:00:00+00:00,B16,101.73
DK1,2025-12-24 14:00:00+00:00,B16,30.78
DK1,2025-12-24 15:00:00+00:00,B16,0.0
DK1,2025-12-24 16:00:00+00:00,B16,0.0
DK1,2025-12-24 17:00:00+00:00,B16,0.0
DK1,2025-12-24 18:00:00+00:00,B16,0.0
DK1,2025-12-24 19:00:00+00:00,B16,0.0
DK1,2025-12-24 20:00:00+00:00,B16,0.0
DK1,2025-12-24 21:00:00+00:00,B16,0.0
DK1,2025-12-24 22:00:00+00:00,B16,0.0
DK1,2025-12-24 23:00:00+00:00,B16,0.0
DK1,2025-12-25 00:00:00+00:00,B16,0.0
DK1,2025-12-25 01:00:00+00:00,B16,0.0
DK1,2025-12-25 02:00:00+00:00,B16,0.0
DK1,2025-12-25 03:00:00+00:00,B16,0.0
DK1,2025-12-25 04:00:00+00:00,B16,0.0
DK1,2025-12-25 05:00:00+00:00,B16,0.0
DK1,2025-12-25 06:00:00+00:00,B16,0.0
DK1,2025-12-25 07:00:00+00:00,B16,0.0
DK1,2025-12-25 08:00:00+00:00,B16,0.0
DK1,2025-12-25 09:00:00+00:00,B16,79.47
DK1,2025-12-25 10:00:00+00:00,B16,184.62
DK1,2025-12-25 11:00:00+00:00,B16,233.25
DK1,2025-12-25 12:00:00+00:00,B16,219.19
DK1,2025-12-25 13:00:00+00:00,B16,127.98
DK1,2025-12-25 14:00:00+00:00,B16,52.44
DK1,2025-12-25 15:00:00+00:00,B16,0.0
DK1,2025-12-25 16:00:00+00:00,B16,0.0
DK1,2025-12-25 17:00:00+00:00,B16,0.0
DK1,2025-12-25 18:00:00+00:00,B16,0.0
DK1,2025-12-25 19:00:00+00:00,B16,0.0
DK1,2025-12-25 20:00:00+00:00,B16,0.0
DK1,2025-12-25 21:00:00+00:00,B16,0.0
DK1,2025-12-25 22:00:00+00:00,B16,0.0
DK1,2025-12-25 23:00:00+00:00,B16,0.0
DK1,2025-12-26 00:00:00+00:00,B16,0.0
DK1,2025-12-26 01:00:00+00:00,B16,0.0
DK1,2025-12-26 02:00:00+00:00,B16,0.0
DK1,2025-12-26 03:00:00+00:00,B16,0.0
DK1,2025-12-26 04:00:00+00:00,B16,0.0
DK1,2025-12-26 05:00:00+00:00,B16,0.0
DK1,2025-12-26 06:00:00+00:00,B16,0.0
DK1,2025-12-26 07:00:00+00:00,B16,0.0
DK1,2025-12-26 08:00:00+00:00,B16,0.0
DK1,2025-12-26 09:00:00+00:00,B16,69.22
DK1,2025-12-26 10:00:00+00:00,B16,148.16
DK1,2025-12-26 11:00:00+00:00,B16,172.97
DK1,2025-12-26 12:00:00+00:00,B16,118.79
DK1,2025-12-26 13:00:00+00:00,B16,106.38
DK1,2025-12-26 14:00:00+00:00,B16,37.91
DK1,2025-12-26 15:00:00+00:00,B16,0.0
DK1,2025-12-26 16:00:00+00:00,B16,0.0
DK1,2025-12-26 17:00:00+00:00,B16,0.0
DK1,2025-12-26 18:00:00+00:00,B16,0.0
DK1,2025-12-26 19:00:00+00:00,B16,0.0
DK1,2025-12-26 20:00:00+00:00,B16,0.0
DK1,2025-12-26 21:00:00+00:00,B16,0.0
DK1,2025-12-26 22:00:00+00:00,B16,0.0
DK1,2025-12-26 23:00:00+00:00,B16,0.0
DK1,2025-12-27 00:00:00+00:00,B16,0.0
DK1,2025-12-27 01:00:00+00:00,B16,0.0
DK1,2025-12-27 02:00:00+00:00,B16,0.0
DK1,2025-12-27 03:00:00+00:00,B16,0.0
DK1,2025-12-27 04:00:00+00:00,B16,0.0
DK1,2025-12-27 05:00:00+00:00,B16,0.0
DK1,2025-12-27 06:00:00+00:00,B16,0.0
DK1,2025-12-27 07:00:00+00:00,B16,0.0
DK1,2025-12-27 08:00:00+00:00,B16,0.0
DK1,2025-12-27 09:00:00+00:00,B16,70.08
DK1,2025-12-27 10:00:00+00:00,B16,141.08
DK1,2025-12-27 11:00:00+00:00,B16,105.69
DK1,2025-12-27 12:00:00+00:00,B16,141.03
DK1,2025-12-27 13:00:00+00:00,B16,159.69
DK1,2025-12-27 14:00:00+00:00,B16,52.82
DK1,2025-12-27 15:00:00+00:00,B16,0.0
DK1,2025-12-27 16:00:00+00:00,B16,0.0
DK1,2025-12-27 17:00:00+00:00,B16,0.0
DK1,2025-12-27 18:00:00+00:00,B16,0.0
DK1,2025-12-27 19:00:00+00:00,B16,0.0
DK1,2025-12-27 20:00:00+00:00,B16,0.0
DK1,2025-12-27 21:00:00+00:00,B16,0.0
DK1,2025-12-27 22:00:00+00:00,B16,0.0
DK1,2025-12-27 23:00:00+00:00,B16,0.0
DK1,2025-12-28 00:00:00+00:00,B16,0.0
DK1,2025-12-28 01:00:00+00:00,B16,0.0
DK1,2025-12-28 02:00:00+00:00,B16,0.0
DK1,2025-12-28 03:00:00+00:00,B16,0.0
DK1,2025-12-28 04:00:00+00:00,B16,0.0
DK1,2025-12-28 05:00:00+00:00,B16,0.0
DK1,2025-12-28 06:00:00+00:00,B16,0.0
DK1,2025-12-28 07:00:00+00:00,B16,0.0
DK1,2025-12-28 08:00:00+00:00,B16,0.0
DK1,2025-12-28 09:00:00+00:00,B16,74.58
DK1,2025-12-28 10:00:00+00:00,B16,112.15
DK1,2025-12-28 11:00:00+00:00,B16,197.06
DK1,2025-12-28 12:00:00+00:00,B16,182.17
DK1,2025-12-28 13:00:00+00:00,B16,138.63
DK1,2025-12-28 14:00:00+00:00,B16,39.86
DK1,2025-12-28 15:00:00+00:00,B16,0.0
DK1,2025-12-28 16:00:00+00:00,B16,0.0
DK1,2025-12-28 17:00:00+00:00,B16,0.0
DK1,2025-12-28 18:00:00+00:00,B16,0.0
DK1,2025-12-28 19:00:00+00:00,B16,0.0
DK1,2025-12-28 20:00:00+00:00,B16,0.0
DK1,2025-12-28 21:00:00+00:00,B16,0.0
DK1,2025-12-28 22:00:00+00:00,B16,0.0
DK1,2025-12-28 23:00:00+00:00,B16,0.0
DK1,2025-12-29 00:00:00+00:00,B16,0.0
DK1,2025-12-29 01:00:00+00:00,B16,0.0
DK1,2025-12-29 02:00:00+00:00,B16,0.0
DK1,2025-12-29 03:00:00+00:00,B16,0.0
DK1,2025-12-29 04:00:00+00:00,B16,0.0
DK1,2025-12-29 05:00:00+00:00,B16,0.0
DK1,2025-12-29 06:00:00+00:00,B16,0.0
DK1,2025-12-29 07:00:00+00:00,B16,0.0
DK1,2025-12-29 08:00:00+00:00,B16,0.0
DK1,2025-12-29 09:00:00+00:00,B16,44.32
DK1,2025-12-29 10:00:00+00:00,B16,165.33
DK1,2025-12-29 11:00:00+00:00,B16,242.63
DK1,2025-12-29 12:00:00+00:00,B16,226.23
DK1,2025-12-29 13:00:00+00:00,B16,156.66
DK1,2025-12-29 14:00:00+00:00,B16,57.1
DK1,2025-12-29 15:00:00+00:00,B16,0.0
DK1,2025-12-29 16:00:00+00:00,B16,0.0
DK1,2025-12-29 17:00:00+00:00,B16,0.0
DK1,2025-12-29 18:00:00+00:00,B16,0.0
DK1,2025-12-29 19:00:00+00:00,B16,0.0
DK1,2025-12-29 20:00:00+00:00,B16,0.0
DK1,2025-12-29 21:00:00+00:00,B16,0.0
DK1,2025-12-29 22:00:00+00:00,B16,0.0
DK1,2025-12-29 23:00:00+00:00,B16,0.0
DK1,2025-12-30 00:00:00+00:00,B16,0.0
DK1,2025-12-30 01:00:00+00:00,B16,0.0
DK1,2025-12-30 02:00:00+00:00,B16,0.0
DK1,2025-12-30 03:00:00+00:00,B16,0.0
DK1,2025-12-30 04:00:00+00:00,B16,0.0
DK1,2025-12-30 05:00:00+00:00,B16,0.0
DK1,2025-12-30 06:00:00+00:00,B16,0.0
DK1,2025-12-30 07:00:00+00:00,B16,0.0
DK1,2025-12-30 08:00:00+00:00,B16,0.0
DK1,2025-12-30 09:00:00+00:00,B16,71.52
DK1,2025-12-30 10:00:00+00:00,B16,108.81
DK1,2025-12-30 11:00:00+00:00,B16,174.27
DK1,2025-12-30 12:00:00+00:00,B16,153.2
DK1,2025-12-30 13:00:00+00:00,B16,128.77
DK1,2025-12-30 14:00:00+00:00,B16,43.42
DK1,2025-12-30 15:00:00+00:00,B16,0.0
DK1,2025-12-30 16:00:00+00:00,B16,0.0
DK1,2025-12-30 17:00:00+00:00,B16,0.0
DK1,2025-12-30 18:00:00+00:00,B16,0.0
DK1,2025-12-30 19:00:00+00:00,B16,0.0
DK1,2025-12-30 20:00:00+00:00,B16,0.0
DK1,2025-12-30 21:00:00+00:00,B16,0.0
DK1,2025-12-30 22:00:00+00:00,B16,0.0
DK1,2025-12-30 23:00:00+00:00,B16,0.0
DK1,2025-12-31 00:00:00+00:00,B16,0.0
DK1,2025-12-31 01:00:00+00:00,B16,0.0
DK1,2025-12-31 02:00:00+00:00,B16,0.0
DK1,2025-12-31 03:00:00+00:00,B16,0.0
DK1,2025-12-31 04:00:00+00:00,B16,0.0
DK1,2025-12-31 05:00:00+00:00,B16,0.0
DK1,2025-12-31 06:00:00+00:00,B16,0.0
DK1,2025-12-31 07:00:00+00:00,B16,0.0
DK1,2025-12-31 08:00:00+00:00,B16,0.0
DK1,2025-12-31 09:00:00+00:00,B16,88.79
DK1,2025-12-31 10:00:00+00:00,B16,176.6
DK1,2025-12-31 11:00:00+00:00,B16,142.79
DK1,2025-12-31 12:00:00+00:00,B16,194.46
DK1,2025-12-31 13:00:00+00:00,B16,165.95
DK1,2025-12-31 14:00:00+00:00,B16,62.01
DK1,2025-12-31 15:00:00+00:00,B16,0.0
DK1,2025-12-31 16:00:00+00:00,B16,0.0
DK1,2025-12-31 17:00:00+00:00,B16,0.0
DK1,2025-12-31 18:00:00+00:00,B16,0.0
DK1,2025-12-31 19:00:00+00:00,B16,0.0
DK1,2025-12-31 20:00:00+00:00,B16,0.0
DK1,2025-12-31 21:00:00+00:00,B16,0.0
DK1,2025-12-31 22:00:00+00:00,B16,0.0
DK1,2025-12-31 23:00:00+00:00,B16,0.0
