zone,time_utc,load_MW
DK1,2025-01-01 00:00:00+00:00,2657.31
DK1,2025-01-01 01:00:00+00:00,2620.47
DK1,2025-01-01 02:00:00+00:00,2563.18
DK1,2025-01-01 03:00:00+00:00,2511.83
DK1,2025-01-01 04:00:00+00:00,2501.29
DK1,2025-01-01 05:00:00+00:00,2490.64
DK1,2025-01-01 06:00:00+00:00,2522.23
DK1,2025-01-01 07:00:00+00:00,2614.93
DK1,2025-01-01 08:00:00+00:00,2604.95
DK1,2025-01-01 09:00:00+00:00,2781.57
DK1,2025-01-01 10:00:00+00:00,2837.18
DK1,2025-01-01 11:00:00+00:00,2875.76
DK1,2025-01-01 12:00:00+00:00,2917.0
DK1,2025-01-01 13:00:00+00:00,2941.09
DK1,2025-01-01 14:00:00+00:00,2979.53
DK1,2025-01-01 15:00:00+00:00,2939.82
DK1,2025-01-01 16:00:00+00:00,3079.54
DK1,2025-01-01 17:00:00+00:00,2919.42
DK1,2025-01-01 18:00:00+00:00,2769.61
DK1,2025-01-01 19:00:00+00:00,2803.37
DK1,2025-01-01 20:00:00+00:00,2655.31
DK1,2025-01-01 21:00:00+00:00,2512.44
DK1,2025-01-01 22:00:00+00:00,2497.65
DK1,2025-01-01 23:00:00+00:00,2665.93
DK1,2025-01-02 00:00:00+00:00,2632.92
DK1,2025-01-02 01:00:00+00:00,2538.67
DK1,2025-01-02 02:00:00+00:00,2447.25
DK1,2025-01-02 03:00:00+00:00,2401.09
DK1,2025-01-02 04:00:00+00:00,2339.22
DK1,2025-01-02 05:00:00+00:00,2482.28
DK1,2025-01-02 06:00:00+00:00,2696.29
DK1,2025-01-02 07:00:00+00:00,2913.39
DK1,2025-01-02 08:00:00+00:00,2977.53
DK1,2025-01-02 09:00:00+00:00,3054.2
DK1,2025-01-02 10:00:00+00:00,3066.11
DK1,2025-01-02 11:00:00+00:00,3031.46
DK1,2025-01-02 12:00:00+00:00,3014.06
DK1,2025-01-02 13:00:00+00:00,2950.68
DK1,2025-01-02 14:00:00+00:00,2996.19
DK1,2025-01-02 15:00:00+00:00,3101.79
DK1,2025-01-02 16:00:00+00:00,3276.01
DK1,2025-01-02 17:00:00+00:00,3165.46
DK1,2025-01-02 18:00:00+00:00,2979.82
DK1,2025-01-02 19:00:00+00:00,2827.9
DK1,2025-01-02 20:00:00+00:00,2725.81
DK1,2025-01-02 21:00:00+00:00,2717.86
DK1,2025-01-02 22:00:00+00:00,2647.2
DK1,2025-01-02 23:00:00+00:00,2709.12
DK1,2025-01-03 00:00:00+00:00,2729.57
DK1,2025-01-03 01:00:00+00:00,2807.46
DK1,2025-01-03 02:00:00+00:00,2840.34
DK1,2025-01-03 03:00:00+00:00,2839.54
DK1,2025-01-03 04:00:00+00:00,2788.93
DK1,2025-01-03 05:00:00+00:00,2864.6
DK1,2025-01-03 06:00:00+00:00,3229.14
DK1,2025-01-03 07:00:00+00:00,3386.74
DK1,2025-01-03 08:00:00+00:00,3468.54
DK1,2025-01-03 09:00:00+00:00,3361.86
DK1,2025-01-03 10:00:00+00:00,3400.76
DK1,2025-01-03 11:00:00+00:00,3414.79
DK1,2025-01-03 12:00:00+00:00,3379.28
DK1,2025-01-03 13:00:00+00:00,3331.54
DK1,2025-01-03 14:00:00+00:00,3177.28
DK1,2025-01-03 15:00:00+00:00,3258.48
DK1,2025-01-03 16:00:00+00:00,3322.38
DK1,2025-01-03 17:00:00+00:00,3178.47
DK1,2025-01-03 18:00:00+00:00,2930.98
DK1,2025-01-03 19:00:00+00:00,2832.17
DK1,2025-01-03 20:00:00+00:00,2799.81
DK1,2025-01-03 21:00:00+00:00,2809.85
DK1,2025-01-03 22:00:00+00:00,2620.61
DK1,2025-01-03 23:00:00+00:00,2589.31
DK1,2025-01-04 00:00:00+00:00,2557.71
DK1,2025-01-04 01:00:00+00:00,2538.76
DK1,2025-01-04 02:00:00+00:00,2420.11
DK1,2025-01-04 03:00:00+00:00,2348.09
DK1,2025-01-04 04:00:00+00:00,2336.9
DK1,2025-01-04 05:00:00+00:00,2378.13
DK1,2025-01-04 06:00:00+00:00,2495.3
DK1,2025-01-04 07:00:00+00:00,2633.7
DK1,2025-01-04 08:00:00+00:00,2711.99
DK1,2025-01-04 09:00:00+00:00,2775.01
DK1,2025-01-04 10:00:00+00:00,2774.92
DK1,2025-01-04 11:00:00+00:00,2723.71
DK1,2025-01-04 12:00:00+00:00,2711.68
DK1,2025-01-04 13:00:00+00:00,2700.12
DK1,2025-01-04 14:00:00+00:00,2728.73
DK1,2025-01-04 15:00:00+00:00,2880.3
DK1,2025-01-04 16:00:00+00:00,3071.27
DK1,2025-01-04 17:00:00+00:00,2970.52
DK1,2025-01-04 18:00:00+00:00,2766.35
DK1,2025-01-04 19:00:00+00:00,2664.42
DK1,2025-01-04 20:00:00+00:00,2564.37
DK1,2025-01-04 21:00:00+00:00,2457.66
DK1,2025-01-04 22:00:00+00:00,2398.39
DK1,2025-01-04 23:00:00+00:00,2401.11
DK1,2025-01-05 00:00:00+00:00,2406.42
DK1,2025-01-05 01:00:00+00:00,2385.27
DK1,2025-01-05 02:00:00+00:00,2311.23
DK1,2025-01-05 03:00:00+00:00,2272.95
DK1,2025-01-05 04:00:00+00:00,2237.06
DK1,2025-01-05 05:00:00+00:00,2283.74
DK1,2025-01-05 06:00:00+00:00,2415.72
DK1,2025-01-05 07:00:00+00:00,2578.67
DK1,2025-01-05 08:00:00+00:00,2662.05
DK1,2025-01-05 09:00:00+00:00,2803.53
DK1,2025-01-05 10:00:00+00:00,2837.38
DK1,2025-01-05 11:00:00+00:00,2834.86
DK1,2025-01-05 12:00:00+00:00,2818.88
DK1,2025-01-05 13:00:00+00:00,2893.7
DK1,2025-01-05 14:00:00+00:00,3071.49
DK1,2025-01-05 15:00:00+00:00,3206.67
DK1,2025-01-05 16:00:00+00:00,3412.8
DK1,2025-01-05 17:00:00+00:00,3339.6
DK1,2025-01-05 18:00:00+00:00,3177.88
DK1,2025-01-05 19:00:00+00:00,3065.96
DK1,2025-01-05 20:00:00+00:00,3038.42
DK1,2025-01-05 21:00:00+00:00,2959.0
DK1,2025-01-05 22:00:00+00:00,2940.69
DK1,2025-01-05 23:00:00+00:00,3042.94
DK1,2025-01-06 00:00:00+00:00,3103.39
DK1,2025-01-06 01:00:00+00:00,3213.82
DK1,2025-01-06 02:00:00+00:00,3191.96
DK1,2025-01-06 03:00:00+00:00,3107.14
DK1,2025-01-06 04:00:00+00:00,3047.74
DK1,2025-01-06 05:00:00+00:00,3217.44
DK1,2025-01-06 06:00:00+00:00,3487.06
DK1,2025-01-06 07:00:00+00:00,3648.63
DK1,2025-01-06 08:00:00+00:00,3699.49
DK1,2025-01-06 09:00:00+00:00,3727.25
DK1,2025-01-06 10:00:00+00:00,3695.95
DK1,2025-01-06 11:00:00+00:00,3682.67
DK1,2025-01-06 12:00:00+00:00,3696.12
DK1,2025-01-06 13:00:00+00:00,3635.85
DK1,2025-01-06 14:00:00+00:00,3619.17
DK1,2025-01-06 15:00:00+00:00,3675.92
DK1,2025-01-06 16:00:00+00:00,3766.74
DK1,2025-01-06 17:00:00+00:00,3581.82
DK1,2025-01-06 18:00:00+00:00,3411.67
DK1,2025-01-06 19:00:00+00:00,3342.02
DK1,2025-01-06 20:00:00+00:00,3299.14
DK1,2025-01-06 21:00:00+00:00,3136.26
DK1,2025-01-06 22:00:00+00:00,3076.05
DK1,2025-01-06 23:00:00+00:00,3050.22
DK1,2025-01-07 00:00:00+00:00,3218.5
DK1,2025-01-07 01:00:00+00:00,3130.01
DK1,2025-01-07 02:00:00+00:00,3178.83
DK1,2025-01-07 03:00:00+00:00,3079.47
DK1,2025-01-07 04:00:00+00:00,3093.55
DK1,2025-01-07 05:00:00+00:00,3199.1
DK1,2025-01-07 06:00:00+00:00,3476.72
DK1,2025-01-07 07:00:00+00:00,3641.8
DK1,2025-01-07 08:00:00+00:00,3627.74
DK1,2025-01-07 09:00:00+00:00,3715.81
DK1,2025-01-07 10:00:00+00:00,3600.65
DK1,2025-01-07 11:00:00+00:00,3617.43
DK1,2025-01-07 12:00:00+00:00,3601.32
DK1,2025-01-07 13:00:00+00:00,3563.27
DK1,2025-01-07 14:00:00+00:00,3491.4
DK1,2025-01-07 15:00:00+00:00,3592.86
DK1,2025-01-07 16:00:00+00:00,3792.5
DK1,2025-01-07 17:00:00+00:00,3683.68
DK1,2025-01-07 19:00:00+00:00,3325.18
DK1,2025-01-07 20:00:00+00:00,3397.32
DK1,2025-01-07 21:00:00+00:00,3311.8
DK1,2025-01-07 22:00:00+00:00,3141.68
DK1,2025-01-07 23:00:00+00:00,3314.82
DK1,2025-01-08 00:00:00+00:00,3308.43
DK1,2025-01-08 01:00:00+00:00,3217.95
DK1,2025-01-08 02:00:00+00:00,3042.89
DK1,2025-01-08 03:00:00+00:00,2960.23
DK1,2025-01-08 04:00:00+00:00,2976.22
DK1,2025-01-08 05:00:00+00:00,3251.34
DK1,2025-01-08 06:00:00+00:00,3593.34
DK1,2025-01-08 07:00:00+00:00,3712.31
DK1,2025-01-08 08:00:00+00:00,3623.98
DK1,2025-01-08 09:00:00+00:00,3527.44
DK1,2025-01-08 10:00:00+00:00,3528.28
DK1,2025-01-08 11:00:00+00:00,3495.8
DK1,2025-01-08 12:00:00+00:00,3486.26
DK1,2025-01-08 13:00:00+00:00,3435.57
DK1,2025-01-08 14:00:00+00:00,3386.85
DK1,2025-01-08 15:00:00+00:00,3406.98
DK1,2025-01-08 16:00:00+00:00,3477.05
DK1,2025-01-08 17:00:00+00:00,3423.11
DK1,2025-01-08 18:00:00+00:00,3225.75
DK1,2025-01-08 19:00:00+00:00,3068.98
DK1,2025-01-08 20:00:00+00:00,2987.65
DK1,2025-01-08 21:00:00+00:00,2851.31
DK1,2025-01-08 22:00:00+00:00,2755.73
DK1,2025-01-08 23:00:00+00:00,2820.64
DK1,2025-01-09 00:00:00+00:00,2762.28
DK1,2025-01-09 01:00:00+00:00,2707.06
DK1,2025-01-09 02:00:00+00:00,2613.38
DK1,2025-01-09 03:00:00+00:00,2542.67
DK1,2025-01-09 04:00:00+00:00,2570.54
DK1,2025-01-09 05:00:00+00:00,2896.11
DK1,2025-01-09 06:00:00+00:00,3227.31
DK1,2025-01-09 07:00:00+00:00,3356.69
DK1,2025-01-09 08:00:00+00:00,3364.82
DK1,2025-01-09 09:00:00+00:00,3384.01
DK1,2025-01-09 10:00:00+00:00,3415.2
DK1,2025-01-09 11:00:00+00:00,3315.27
DK1,2025-01-09 12:00:00+00:00,3341.54
DK1,2025-01-09 13:00:00+00:00,3277.41
DK1,2025-01-09 14:00:00+00:00,3225.66
DK1,2025-01-09 15:00:00+00:00,3334.89
DK1,2025-01-09 16:00:00+00:00,3486.93
DK1,2025-01-09 17:00:00+00:00,3353.63
DK1,2025-01-09 18:00:00+00:00,3184.0
DK1,2025-01-09 19:00:00+00:00,3055.79
DK1,2025-01-09 20:00:00+00:00,2944.56
DK1,2025-01-09 21:00:00+00:00,2828.22
DK1,2025-01-09 22:00:00+00:00,2754.55
DK1,2025-01-09 23:00:00+00:00,2815.78
DK1,2025-01-10 00:00:00+00:00,2886.86
DK1,2025-01-10 01:00:00+00:00,2894.38
DK1,2025-01-10 02:00:00+00:00,2801.9
DK1,2025-01-10 03:00:00+00:00,2747.57
DK1,2025-01-10 04:00:00+00:00,2772.1
DK1,2025-01-10 05:00:00+00:00,3031.07
DK1,2025-01-10 06:00:00+00:00,3291.15
DK1,2025-01-10 07:00:00+00:00,3443.49
DK1,2025-01-10 08:00:00+00:00,3394.69
DK1,2025-01-10 09:00:00+00:00,3419.65
DK1,2025-01-10 10:00:00+00:00,3404.99
DK1,2025-01-10 11:00:00+00:00,3393.17
DK1,2025-01-10 12:00:00+00:00,3343.26
DK1,2025-01-10 13:00:00+00:00,3270.58
DK1,2025-01-10 14:00:00+00:00,3189.77
DK1,2025-01-10 15:00:00+00:00,3250.65
DK1,2025-01-10 16:00:00+00:00,3401.78
DK1,2025-01-10 17:00:00+00:00,3314.31
DK1,2025-01-10 18:00:00+00:00,3114.47
DK1,2025-01-10 19:00:00+00:00,2943.66
DK1,2025-01-10 20:00:00+00:00,2968.43
DK1,2025-01-10 21:00:00+00:00,2851.83
DK1,2025-01-10 22:00:00+00:00,2753.3
DK1,2025-01-10 23:00:00+00:00,2822.95
DK1,2025-01-11 00:00:00+00:00,2773.16
DK1,2025-01-11 01:00:00+00:00,2810.02
DK1,2025-01-11 02:00:00+00:00,2788.39
DK1,2025-01-11 03:00:00+00:00,2797.23
DK1,2025-01-11 04:00:00+00:00,2765.7
DK1,2025-01-11 05:00:00+00:00,2751.71
DK1,2025-01-11 06:00:00+00:00,2833.81
DK1,2025-01-11 07:00:00+00:00,2986.69
DK1,2025-01-11 08:00:00+00:00,3051.99
DK1,2025-01-11 09:00:00+00:00,3074.76
DK1,2025-01-11 10:00:00+00:00,3129.84
DK1,2025-01-11 11:00:00+00:00,3232.95
DK1,2025-01-11 12:00:00+00:00,3174.71
DK1,2025-01-11 13:00:00+00:00,3055.84
DK1,2025-01-11 14:00:00+00:00,3011.65
DK1,2025-01-11 15:00:00+00:00,3068.2
DK1,2025-01-11 16:00:00+00:00,3211.19
DK1,2025-01-11 17:00:00+00:00,3172.9
DK1,2025-01-11 18:00:00+00:00,2965.13
DK1,2025-01-11 19:00:00+00:00,2848.76
DK1,2025-01-11 20:00:00+00:00,2731.29
DK1,2025-01-11 21:00:00+00:00,2640.25
DK1,2025-01-11 22:00:00+00:00,2577.09
DK1,2025-01-11 23:00:00+00:00,2845.43
DK1,2025-01-12 00:00:00+00:00,2834.44
DK1,2025-01-12 01:00:00+00:00,2750.06
DK1,2025-01-12 02:00:00+00:00,2657.58
DK1,2025-01-12 03:00:00+00:00,2560.4
DK1,2025-01-12 04:00:00+00:00,2533.22
DK1,2025-01-12 05:00:00+00:00,2553.01
DK1,2025-01-12 06:00:00+00:00,2695.94
DK1,2025-01-12 07:00:00+00:00,2776.84
DK1,2025-01-12 08:00:00+00:00,2821.69
DK1,2025-01-12 09:00:00+00:00,2871.81
DK1,2025-01-12 10:00:00+00:00,2883.2
DK1,2025-01-12 11:00:00+00:00,2862.9
DK1,2025-01-12 12:00:00+00:00,2810.67
DK1,2025-01-12 13:00:00+00:00,2774.0
DK1,2025-01-12 14:00:00+00:00,2780.5
DK1,2025-01-12 15:00:00+00:00,2888.93
DK1,2025-01-12 16:00:00+00:00,3164.7
DK1,2025-01-12 17:00:00+00:00,3078.62
DK1,2025-01-12 18:00:00+00:00,2904.91
DK1,2025-01-12 19:00:00+00:00,2761.48
DK1,2025-01-12 20:00:00+00:00,2731.71
DK1,2025-01-12 21:00:00+00:00,2644.09
DK1,2025-01-12 22:00:00+00:00,2608.72
DK1,2025-01-12 23:00:00+00:00,2641.62
DK1,2025-01-13 00:00:00+00:00,2736.88
DK1,2025-01-13 01:00:00+00:00,2768.8
DK1,2025-01-13 02:00:00+00:00,2759.98
DK1,2025-01-13 03:00:00+00:00,2824.91
DK1,2025-01-13 04:00:00+00:00,2988.58
DK1,2025-01-13 05:00:00+00:00,3166.35
DK1,2025-01-13 06:00:00+00:00,3484.89
DK1,2025-01-13 07:00:00+00:00,3653.44
DK1,2025-01-13 08:00:00+00:00,3601.38
DK1,2025-01-13 09:00:00+00:00,3653.78
DK1,2025-01-13 10:00:00+00:00,3717.9
DK1,2025-01-13 11:00:00+00:00,3696.22
DK1,2025-01-13 12:00:00+00:00,3708.83
DK1,2025-01-13 13:00:00+00:00,3656.52
DK1,2025-01-13 14:00:00+00:00,3654.09
DK1,2025-01-13 15:00:00+00:00,3739.24
DK1,2025-01-13 16:00:00+00:00,3836.54
DK1,2025-01-13 17:00:00+00:00,3565.37
DK1,2025-01-13 18:00:00+00:00,3448.96
DK1,2025-01-13 19:00:00+00:00,3310.42
DK1,2025-01-13 20:00:00+00:00,3365.02
DK1,2025-01-13 21:00:00+00:00,3181.21
DK1,2025-01-13 22:00:00+00:00,3399.78
DK1,2025-01-13 23:00:00+00:00,3410.52
DK1,2025-01-14 00:00:00+00:00,3317.19
DK1,2025-01-14 01:00:00+00:00,3168.2
DK1,2025-01-14 02:00:00+00:00,2975.0
DK1,2025-01-14 03:00:00+00:00,2957.07
DK1,2025-01-14 04:00:00+00:00,3007.55
DK1,2025-01-14 05:00:00+00:00,3260.25
DK1,2025-01-14 06:00:00+00:00,3678.76
DK1,2025-01-14 07:00:00+00:00,3792.0
DK1,2025-01-14 08:00:00+00:00,3754.15
DK1,2025-01-14 09:00:00+00:00,3762.73
DK1,2025-01-14 10:00:00+00:00,3724.38
DK1,2025-01-14 11:00:00+00:00,3701.19
DK1,2025-01-14 12:00:00+00:00,3749.32
DK1,2025-01-14 13:00:00+00:00,3674.91
DK1,2025-01-14 14:00:00+00:00,3611.06
DK1,2025-01-14 15:00:00+00:00,3486.43
DK1,2025-01-14 16:00:00+00:00,3622.0
DK1,2025-01-14 17:00:00+00:00,3490.28
DK1,2025-01-14 18:00:00+00:00,3295.19
DK1,2025-01-14 19:00:00+00:00,3181.59
DK1,2025-01-14 20:00:00+00:00,3116.57
DK1,2025-01-14 21:00:00+00:00,3057.13
DK1,2025-01-14 22:00:00+00:00,2825.5
DK1,2025-01-14 23:00:00+00:00,2929.09
DK1,2025-01-15 00:00:00+00:00,2834.75
DK1,2025-01-15 01:00:00+00:00,2712.2
DK1,2025-01-15 02:00:00+00:00,2542.86
DK1,2025-01-15 03:00:00+00:00,2527.54
DK1,2025-01-15 04:00:00+00:00,2530.93
DK1,2025-01-15 05:00:00+00:00,2768.27
DK1,2025-01-15 06:00:00+00:00,3111.94
DK1,2025-01-15 07:00:00+00:00,3232.58
DK1,2025-01-15 08:00:00+00:00,3176.95
DK1,2025-01-15 09:00:00+00:00,3283.89
DK1,2025-01-15 10:00:00+00:00,3281.25
DK1,2025-01-15 11:00:00+00:00,3175.11
DK1,2025-01-15 12:00:00+00:00,3157.99
DK1,2025-01-15 13:00:00+00:00,3064.91
DK1,2025-01-15 14:00:00+00:00,3005.5
DK1,2025-01-15 15:00:00+00:00,3111.75
DK1,2025-01-15 16:00:00+00:00,3297.2
DK1,2025-01-15 17:00:00+00:00,3164.58
DK1,2025-01-15 18:00:00+00:00,2972.99
DK1,2025-01-15 19:00:00+00:00,2819.21
DK1,2025-01-15 20:00:00+00:00,2891.37
DK1,2025-01-15 21:00:00+00:00,2803.59
DK1,2025-01-15 22:00:00+00:00,2715.25
DK1,2025-01-15 23:00:00+00:00,2678.78
DK1,2025-01-16 00:00:00+00:00,2645.28
DK1,2025-01-16 01:00:00+00:00,2653.1
DK1,2025-01-16 02:00:00+00:00,2810.94
DK1,2025-01-16 03:00:00+00:00,2684.24
DK1,2025-01-16 04:00:00+00:00,2658.85
DK1,2025-01-16 05:00:00+00:00,2861.91
DK1,2025-01-16 06:00:00+00:00,3162.08
DK1,2025-01-16 07:00:00+00:00,3312.59
DK1,2025-01-16 08:00:00+00:00,3232.36
DK1,2025-01-16 09:00:00+00:00,3356.39
DK1,2025-01-16 10:00:00+00:00,3340.63
DK1,2025-01-16 11:00:00+00:00,3351.98
DK1,2025-01-16 12:00:00+00:00,3446.54
DK1,2025-01-16 13:00:00+00:00,3425.94
DK1,2025-01-16 14:00:00+00:00,3238.19
DK1,2025-01-16 15:00:00+00:00,3226.27
DK1,2025-01-16 16:00:00+00:00,3385.37
DK1,2025-01-16 17:00:00+00:00,3227.23
DK1,2025-01-16 18:00:00+00:00,3051.98
DK1,2025-01-16 19:00:00+00:00,2942.98
DK1,2025-01-16 20:00:00+00:00,2860.01
DK1,2025-01-16 21:00:00+00:00,2760.65
DK1,2025-01-16 22:00:00+00:00,2787.97
DK1,2025-01-16 23:00:00+00:00,3081.91
DK1,2025-01-17 00:00:00+00:00,2915.84
DK1,2025-01-17 01:00:00+00:00,2798.43
DK1,2025-01-17 02:00:00+00:00,2766.32
DK1,2025-01-17 03:00:00+00:00,2643.46
DK1,2025-01-17 04:00:00+00:00,2620.43
DK1,2025-01-17 05:00:00+00:00,2909.06
DK1,2025-01-17 06:00:00+00:00,3219.76
DK1,2025-01-17 07:00:00+00:00,3341.97
DK1,2025-01-17 08:00:00+00:00,3284.43
DK1,2025-01-17 09:00:00+00:00,3435.91
DK1,2025-01-17 10:00:00+00:00,3450.9
DK1,2025-01-17 11:00:00+00:00,3335.86
DK1,2025-01-17 12:00:00+00:00,3440.34
DK1,2025-01-17 13:00:00+00:00,3344.58
DK1,2025-01-17 14:00:00+00:00,3182.82
DK1,2025-01-17 15:00:00+00:00,3266.38
DK1,2025-01-17 16:00:00+00:00,3301.06
DK1,2025-01-17 17:00:00+00:00,3095.64
DK1,2025-01-17 18:00:00+00:00,2770.11
DK1,2025-01-17 19:00:00+00:00,2743.29
DK1,2025-01-17 20:00:00+00:00,2636.09
DK1,2025-01-17 21:00:00+00:00,2523.63
DK1,2025-01-17 22:00:00+00:00,2518.24
DK1,2025-01-17 23:00:00+00:00,2476.5
DK1,2025-01-18 00:00:00+00:00,2485.1
DK1,2025-01-18 01:00:00+00:00,2403.29
DK1,2025-01-18 02:00:00+00:00,2355.35
DK1,2025-01-18 03:00:00+00:00,2307.57
DK1,2025-01-18 04:00:00+00:00,2318.28
DK1,2025-01-18 05:00:00+00:00,2356.56
DK1,2025-01-18 06:00:00+00:00,2424.78
DK1,2025-01-18 07:00:00+00:00,2572.47
DK1,2025-01-18 08:00:00+00:00,2725.57
DK1,2025-01-18 09:00:00+00:00,2745.49
DK1,2025-01-18 10:00:00+00:00,2767.53
DK1,2025-01-18 11:00:00+00:00,2757.85
DK1,2025-01-18 12:00:00+00:00,2728.52
DK1,2025-01-18 13:00:00+00:00,2564.45
DK1,2025-01-18 14:00:00+00:00,2610.65
DK1,2025-01-18 15:00:00+00:00,2715.81
DK1,2025-01-18 16:00:00+00:00,2877.94
DK1,2025-01-18 17:00:00+00:00,2831.97
DK1,2025-01-18 18:00:00+00:00,2635.51
DK1,2025-01-18 19:00:00+00:00,2516.16
DK1,2025-01-18 20:00:00+00:00,2465.76
DK1,2025-01-18 21:00:00+00:00,2362.2
DK1,2025-01-18 22:00:00+00:00,2333.7
DK1,2025-01-18 23:00:00+00:00,2382.81
DK1,2025-01-19 00:00:00+00:00,2372.38
DK1,2025-01-19 01:00:00+00:00,2350.16
DK1,2025-01-19 02:00:00+00:00,2320.47
DK1,2025-01-19 03:00:00+00:00,2315.59
DK1,2025-01-19 04:00:00+00:00,2272.75
DK1,2025-01-19 05:00:00+00:00,2389.36
DK1,2025-01-19 06:00:00+00:00,2434.08
DK1,2025-01-19 07:00:00+00:00,2596.81
DK1,2025-01-19 08:00:00+00:00,2704.03
DK1,2025-01-19 09:00:00+00:00,2780.62
DK1,2025-01-19 10:00:00+00:00,2823.0
DK1,2025-01-19 11:00:00+00:00,2847.05
DK1,2025-01-19 12:00:00+00:00,2820.59
DK1,2025-01-19 13:00:00+00:00,2755.51
DK1,2025-01-19 14:00:00+00:00,2748.27
DK1,2025-01-19 15:00:00+00:00,2839.18
DK1,2025-01-19 16:00:00+00:00,3111.17
DK1,2025-01-19 17:00:00+00:00,3020.07
DK1,2025-01-19 18:00:00+00:00,2869.63
DK1,2025-01-19 19:00:00+00:00,2771.61
DK1,2025-01-19 20:00:00+00:00,2706.71
DK1,2025-01-19 21:00:00+00:00,2660.75
DK1,2025-01-19 22:00:00+00:00,2584.32
DK1,2025-01-19 23:00:00+00:00,2696.18
DK1,2025-01-20 00:00:00+00:00,2751.69
DK1,2025-01-20 01:00:00+00:00,2713.76
DK1,2025-01-20 02:00:00+00:00,2665.56
DK1,2025-01-20 03:00:00+00:00,2576.33
DK1,2025-01-20 04:00:00+00:00,2633.99
DK1,2025-01-20 05:00:00+00:00,2987.03
DK1,2025-01-20 06:00:00+00:00,3260.65
DK1,2025-01-20 07:00:00+00:00,3399.14
DK1,2025-01-20 08:00:00+00:00,3346.84
DK1,2025-01-20 09:00:00+00:00,3323.23
DK1,2025-01-20 10:00:00+00:00,3294.92
DK1,2025-01-20 11:00:00+00:00,3270.9
DK1,2025-01-20 12:00:00+00:00,3239.14
DK1,2025-01-20 13:00:00+00:00,3221.49
DK1,2025-01-20 14:00:00+00:00,3171.61
DK1,2025-01-20 15:00:00+00:00,3228.97
DK1,2025-01-20 16:00:00+00:00,3367.92
DK1,2025-01-20 17:00:00+00:00,3199.92
DK1,2025-01-20 18:00:00+00:00,3060.99
DK1,2025-01-20 19:00:00+00:00,2902.73
DK1,2025-01-20 20:00:00+00:00,2780.86
DK1,2025-01-20 21:00:00+00:00,2674.87
DK1,2025-01-20 22:00:00+00:00,2568.74
DK1,2025-01-20 23:00:00+00:00,2581.08
DK1,2025-01-21 00:00:00+00:00,2595.49
DK1,2025-01-21 01:00:00+00:00,2570.15
DK1,2025-01-21 02:00:00+00:00,2558.19
DK1,2025-01-21 03:00:00+00:00,2525.53
DK1,2025-01-21 04:00:00+00:00,2629.38
DK1,2025-01-21 05:00:00+00:00,2866.85
DK1,2025-01-21 06:00:00+00:00,3207.29
DK1,2025-01-21 07:00:00+00:00,3381.55
DK1,2025-01-21 08:00:00+00:00,3364.91
DK1,2025-01-21 09:00:00+00:00,3390.12
DK1,2025-01-21 10:00:00+00:00,3354.18
DK1,2025-01-21 11:00:00+00:00,3370.27
DK1,2025-01-21 12:00:00+00:00,3336.41
DK1,2025-01-21 13:00:00+00:00,3291.49
DK1,2025-01-21 14:00:00+00:00,3232.7
DK1,2025-01-21 15:00:00+00:00,3239.82
DK1,2025-01-21 16:00:00+00:00,3431.68
DK1,2025-01-21 17:00:00+00:00,3329.76
DK1,2025-01-21 18:00:00+00:00,3074.99
DK1,2025-01-21 19:00:00+00:00,2929.43
DK1,2025-01-21 20:00:00+00:00,2871.72
DK1,2025-01-21 21:00:00+00:00,2783.07
DK1,2025-01-21 22:00:00+00:00,2653.78
DK1,2025-01-21 23:00:00+00:00,2806.21
DK1,2025-01-22 00:00:00+00:00,2830.91
DK1,2025-01-22 01:00:00+00:00,2687.76
DK1,2025-01-22 02:00:00+00:00,2676.29
DK1,2025-01-22 03:00:00+00:00,2584.49
DK1,2025-01-22 04:00:00+00:00,2549.45
DK1,2025-01-22 05:00:00+00:00,2828.46
DK1,2025-01-22 06:00:00+00:00,3190.63
DK1,2025-01-22 07:00:00+00:00,3330.68
DK1,2025-01-22 08:00:00+00:00,3325.78
DK1,2025-01-22 09:00:00+00:00,3366.83
DK1,2025-01-22 10:00:00+00:00,3357.19
DK1,2025-01-22 11:00:00+00:00,3279.26
DK1,2025-01-22 12:00:00+00:00,3271.13
DK1,2025-01-22 13:00:00+00:00,3250.75
DK1,2025-01-22 14:00:00+00:00,3181.54
DK1,2025-01-22 15:00:00+00:00,3228.55
DK1,2025-01-22 16:00:00+00:00,3414.71
DK1,2025-01-22 17:00:00+00:00,3328.26
DK1,2025-01-22 18:00:00+00:00,3091.35
DK1,2025-01-22 19:00:00+00:00,2951.44
DK1,2025-01-22 20:00:00+00:00,2912.06
DK1,2025-01-22 21:00:00+00:00,2774.02
DK1,2025-01-22 22:00:00+00:00,2723.36
DK1,2025-01-22 23:00:00+00:00,2704.36
DK1,2025-01-23 00:00:00+00:00,2711.51
DK1,2025-01-23 01:00:00+00:00,2685.15
DK1,2025-01-23 02:00:00+00:00,2663.18
DK1,2025-01-23 03:00:00+00:00,2629.75
DK1,2025-01-23 04:00:00+00:00,2595.73
DK1,2025-01-23 05:00:00+00:00,2930.43
DK1,2025-01-23 06:00:00+00:00,3240.24
DK1,2025-01-23 07:00:00+00:00,3418.11
DK1,2025-01-23 08:00:00+00:00,3410.85
DK1,2025-01-23 09:00:00+00:00,3419.83
DK1,2025-01-23 10:00:00+00:00,3421.35
DK1,2025-01-23 11:00:00+00:00,3415.39
DK1,2025-01-23 12:00:00+00:00,3439.64
DK1,2025-01-23 13:00:00+00:00,3442.81
DK1,2025-01-23 14:00:00+00:00,3357.83
DK1,2025-01-23 15:00:00+00:00,3352.08
DK1,2025-01-23 16:00:00+00:00,3423.34
DK1,2025-01-23 17:00:00+00:00,3288.7
DK1,2025-01-23 18:00:00+00:00,3106.77
DK1,2025-01-23 19:00:00+00:00,3028.66
DK1,2025-01-23 20:00:00+00:00,2952.46
DK1,2025-01-23 21:00:00+00:00,2917.63
DK1,2025-01-23 22:00:00+00:00,2859.98
DK1,2025-01-23 23:00:00+00:00,3057.77
DK1,2025-01-24 00:00:00+00:00,3025.45
DK1,2025-01-24 01:00:00+00:00,2993.09
DK1,2025-01-24 02:00:00+00:00,2993.08
DK1,2025-01-24 03:00:00+00:00,2947.66
DK1,2025-01-24 04:00:00+00:00,3023.96
DK1,2025-01-24 05:00:00+00:00,3144.44
DK1,2025-01-24 06:00:00+00:00,3364.57
DK1,2025-01-24 07:00:00+00:00,3435.14
DK1,2025-01-24 08:00:00+00:00,3506.24
DK1,2025-01-24 09:00:00+00:00,3603.01
DK1,2025-01-24 10:00:00+00:00,3607.28
DK1,2025-01-24 11:00:00+00:00,3544.17
DK1,2025-01-24 12:00:00+00:00,3579.73
DK1,2025-01-24 13:00:00+00:00,3703.71
DK1,2025-01-24 14:00:00+00:00,3648.16
DK1,2025-01-24 15:00:00+00:00,3654.85
DK1,2025-01-24 16:00:00+00:00,3668.15
DK1,2025-01-24 17:00:00+00:00,3565.79
DK1,2025-01-24 18:00:00+00:00,3328.69
DK1,2025-01-24 19:00:00+00:00,3213.28
DK1,2025-01-24 20:00:00+00:00,3199.65
DK1,2025-01-24 21:00:00+00:00,3108.04
DK1,2025-01-24 22:00:00+00:00,3096.2
DK1,2025-01-24 23:00:00+00:00,3288.86
DK1,2025-01-25 00:00:00+00:00,3081.54
DK1,2025-01-25 01:00:00+00:00,2940.87
DK1,2025-01-25 02:00:00+00:00,2706.83
DK1,2025-01-25 03:00:00+00:00,2628.95
DK1,2025-01-25 04:00:00+00:00,2658.58
DK1,2025-01-25 05:00:00+00:00,2701.75
DK1,2025-01-25 06:00:00+00:00,2822.39
DK1,2025-01-25 07:00:00+00:00,2948.59
DK1,2025-01-25 08:00:00+00:00,3033.25
DK1,2025-01-25 09:00:00+00:00,3031.81
DK1,2025-01-25 10:00:00+00:00,2958.32
DK1,2025-01-25 11:00:00+00:00,2936.94
DK1,2025-01-25 12:00:00+00:00,2945.21
DK1,2025-01-25 13:00:00+00:00,2935.13
DK1,2025-01-25 14:00:00+00:00,2815.53
DK1,2025-01-25 15:00:00+00:00,2812.79
DK1,2025-01-25 16:00:00+00:00,3045.56
DK1,2025-01-25 17:00:00+00:00,2991.82
DK1,2025-01-25 18:00:00+00:00,2916.46
DK1,2025-01-25 19:00:00+00:00,2886.97
DK1,2025-01-25 20:00:00+00:00,2673.77
DK1,2025-01-25 21:00:00+00:00,2566.72
DK1,2025-01-25 22:00:00+00:00,2393.0
DK1,2025-01-25 23:00:00+00:00,2386.93
DK1,2025-01-26 00:00:00+00:00,2344.26
DK1,2025-01-26 01:00:00+00:00,2309.02
DK1,2025-01-26 02:00:00+00:00,2256.93
DK1,2025-01-26 03:00:00+00:00,2234.76
DK1,2025-01-26 04:00:00+00:00,2238.01
DK1,2025-01-26 05:00:00+00:00,2264.98
DK1,2025-01-26 06:00:00+00:00,2409.22
DK1,2025-01-26 07:00:00+00:00,2557.33
DK1,2025-01-26 08:00:00+00:00,2714.62
DK1,2025-01-26 09:00:00+00:00,2761.78
DK1,2025-01-26 10:00:00+00:00,2764.13
DK1,2025-01-26 11:00:00+00:00,2758.17
DK1,2025-01-26 12:00:00+00:00,2766.1
DK1,2025-01-26 13:00:00+00:00,2743.7
DK1,2025-01-26 14:00:00+00:00,2708.46
DK1,2025-01-26 15:00:00+00:00,2750.41
DK1,2025-01-26 16:00:00+00:00,3022.74
DK1,2025-01-26 17:00:00+00:00,2961.34
DK1,2025-01-26 18:00:00+00:00,2857.27
DK1,2025-01-26 19:00:00+00:00,2780.1
DK1,2025-01-26 20:00:00+00:00,2855.13
DK1,2025-01-26 21:00:00+00:00,2773.17
DK1,2025-01-26 22:00:00+00:00,2751.69
DK1,2025-01-26 23:00:00+00:00,2844.15
DK1,2025-01-27 00:00:00+00:00,2878.81
DK1,2025-01-27 01:00:00+00:00,3022.15
DK1,2025-01-27 02:00:00+00:00,3113.51
DK1,2025-01-27 03:00:00+00:00,3123.99
DK1,2025-01-27 04:00:00+00:00,3092.42
DK1,2025-01-27 05:00:00+00:00,3230.85
DK1,2025-01-27 06:00:00+00:00,3513.02
DK1,2025-01-27 07:00:00+00:00,3633.78
DK1,2025-01-27 08:00:00+00:00,3573.07
DK1,2025-01-27 09:00:00+00:00,3692.81
DK1,2025-01-27 10:00:00+00:00,3770.22
DK1,2025-01-27 11:00:00+00:00,3738.37
DK1,2025-01-27 12:00:00+00:00,3700.16
DK1,2025-01-27 13:00:00+00:00,3633.77
DK1,2025-01-27 14:00:00+00:00,3500.49
DK1,2025-01-27 15:00:00+00:00,3438.94
DK1,2025-01-27 16:00:00+00:00,3584.18
DK1,2025-01-27 17:00:00+00:00,3448.34
DK1,2025-01-27 18:00:00+00:00,3275.09
DK1,2025-01-27 19:00:00+00:00,3171.78
DK1,2025-01-27 20:00:00+00:00,3002.63
DK1,2025-01-27 21:00:00+00:00,2945.55
DK1,2025-01-27 22:00:00+00:00,2894.55
DK1,2025-01-27 23:00:00+00:00,2936.24
DK1,2025-01-28 00:00:00+00:00,2993.38
DK1,2025-01-28 01:00:00+00:00,2870.01
DK1,2025-01-28 02:00:00+00:00,2761.4
DK1,2025-01-28 03:00:00+00:00,2637.38
DK1,2025-01-28 04:00:00+00:00,2732.03
DK1,2025-01-28 05:00:00+00:00,2978.22
DK1,2025-01-28 06:00:00+00:00,3205.02
DK1,2025-01-28 07:00:00+00:00,3345.96
DK1,2025-01-28 08:00:00+00:00,3237.83
DK1,2025-01-28 09:00:00+00:00,3213.85
DK1,2025-01-28 10:00:00+00:00,3128.35
DK1,2025-01-28 11:00:00+00:00,3091.36
DK1,2025-01-28 12:00:00+00:00,3076.25
DK1,2025-01-28 13:00:00+00:00,3005.58
DK1,2025-01-28 14:00:00+00:00,2961.36
DK1,2025-01-28 15:00:00+00:00,3019.15
DK1,2025-01-28 16:00:00+00:00,3237.41
DK1,2025-01-28 17:00:00+00:00,3137.97
DK1,2025-01-28 18:00:00+00:00,2907.91
DK1,2025-01-28 19:00:00+00:00,2851.68
DK1,2025-01-28 20:00:00+00:00,2793.49
DK1,2025-01-28 21:00:00+00:00,2841.73
DK1,2025-01-28 22:00:00+00:00,2797.54
DK1,2025-01-28 23:00:00+00:00,2635.37
DK1,2025-01-29 00:00:00+00:00,2667.25
DK1,2025-01-29 01:00:00+00:00,2637.18
DK1,2025-01-29 02:00:00+00:00,2651.39
DK1,2025-01-29 03:00:00+00:00,2579.62
DK1,2025-01-29 04:00:00+00:00,2665.07
DK1,2025-01-29 05:00:00+00:00,2900.98
DK1,2025-01-29 06:00:00+00:00,3103.69
DK1,2025-01-29 07:00:00+00:00,3206.98
DK1,2025-01-29 08:00:00+00:00,3224.35
DK1,2025-01-29 09:00:00+00:00,3316.89
DK1,2025-01-29 10:00:00+00:00,3297.54
DK1,2025-01-29 11:00:00+00:00,3268.26
DK1,2025-01-29 12:00:00+00:00,3331.7
DK1,2025-01-29 13:00:00+00:00,3226.3
DK1,2025-01-29 14:00:00+00:00,3127.19
DK1,2025-01-29 15:00:00+00:00,3116.89
DK1,2025-01-29 16:00:00+00:00,3251.89
DK1,2025-01-29 17:00:00+00:00,3067.9
DK1,2025-01-29 18:00:00+00:00,2949.93
DK1,2025-01-29 19:00:00+00:00,2811.64
DK1,2025-01-29 20:00:00+00:00,2784.06
DK1,2025-01-29 21:00:00+00:00,2626.88
DK1,2025-01-29 22:00:00+00:00,2592.01
DK1,2025-01-29 23:00:00+00:00,2709.66
DK1,2025-01-30 00:00:00+00:00,2698.59
DK1,2025-01-30 01:00:00+00:00,2680.06
DK1,2025-01-30 02:00:00+00:00,2629.03
DK1,2025-01-30 03:00:00+00:00,2552.38
DK1,2025-01-30 04:00:00+00:00,2552.09
DK1,2025-01-30 05:00:00+00:00,2777.72
DK1,2025-01-30 06:00:00+00:00,3046.5
DK1,2025-01-30 07:00:00+00:00,3235.68
DK1,2025-01-30 08:00:00+00:00,3274.91
DK1,2025-01-30 09:00:00+00:00,3365.44
DK1,2025-01-30 10:00:00+00:00,3400.63
DK1,2025-01-30 11:00:00+00:00,3392.37
DK1,2025-01-30 12:00:00+00:00,3302.97
DK1,2025-01-30 13:00:00+00:00,3221.49
DK1,2025-01-30 14:00:00+00:00,3192.58
DK1,2025-01-30 15:00:00+00:00,3096.65
DK1,2025-01-30 16:00:00+00:00,3238.32
DK1,2025-01-30 17:00:00+00:00,3111.83
DK1,2025-01-30 18:00:00+00:00,2966.36
DK1,2025-01-30 19:00:00+00:00,2866.57
DK1,2025-01-30 20:00:00+00:00,2768.95
DK1,2025-01-30 21:00:00+00:00,2634.87
DK1,2025-01-30 22:00:00+00:00,2700.32
DK1,2025-01-30 23:00:00+00:00,2745.11
DK1,2025-01-31 00:00:00+00:00,2794.07
DK1,2025-01-31 01:00:00+00:00,2693.38
DK1,2025-01-31 02:00:00+00:00,2724.82
DK1,2025-01-31 03:00:00+00:00,2685.31
DK1,2025-01-31 04:00:00+00:00,2709.29
DK1,2025-01-31 05:00:00+00:00,2861.19
DK1,2025-01-31 06:00:00+00:00,3177.16
DK1,2025-01-31 07:00:00+00:00,3345.51
DK1,2025-01-31 08:00:00+00:00,3355.56
DK1,2025-01-31 09:00:00+00:00,3349.99
DK1,2025-01-31 10:00:00+00:00,3306.0
DK1,2025-01-31 11:00:00+00:00,3226.13
DK1,2025-01-31 12:00:00+00:00,3106.86
DK1,2025-01-31 13:00:00+00:00,2973.81
DK1,2025-01-31 14:00:00+00:00,2928.57
DK1,2025-01-31 15:00:00+00:00,2918.03
DK1,2025-01-31 16:00:00+00:00,3154.01
DK1,2025-01-31 17:00:00+00:00,3043.5
DK1,2025-01-31 18:00:00+00:00,2845.53
DK1,2025-01-31 19:00:00+00:00,2667.39
DK1,2025-01-31 20:00:00+00:00,2543.56
DK1,2025-01-31 21:00:00+00:00,2454.37
DK1,2025-01-31 22:00:00+00:00,2426.9
DK1,2025-01-31 23:00:00+00:00,2443.69
DK1,2025-02-01 00:00:00+00:00,2461.94
DK1,2025-02-01 01:00:00+00:00,2434.69
DK1,2025-02-01 02:00:00+00:00,2441.12
DK1,2025-02-01 03:00:00+00:00,2397.19
DK1,2025-02-01 04:00:00+00:00,2387.72
DK1,2025-02-01 05:00:00+00:00,2345.98
DK1,2025-02-01 06:00:00+00:00,2465.08
DK1,2025-02-01 07:00:00+00:00,2617.45
DK1,2025-02-01 08:00:00+00:00,2651.13
DK1,2025-02-01 09:00:00+00:00,2739.97
DK1,2025-02-01 10:00:00+00:00,2784.59
DK1,2025-02-01 11:00:00+00:00,2775.74
DK1,2025-02-01 12:00:00+00:00,2759.62
DK1,2025-02-01 13:00:00+00:00,2750.12
DK1,2025-02-01 14:00:00+00:00,2752.68
DK1,2025-02-01 15:00:00+00:00,2718.84
DK1,2025-02-01 16:00:00+00:00,2945.79
DK1,2025-02-01 17:00:00+00:00,2880.12
DK1,2025-02-01 18:00:00+00:00,2713.43
DK1,2025-02-01 19:00:00+00:00,2578.5
DK1,2025-02-01 20:00:00+00:00,2499.22
DK1,2025-02-01 21:00:00+00:00,2400.32
DK1,2025-02-01 22:00:00+00:00,2350.79
DK1,2025-02-01 23:00:00+00:00,2372.63
DK1,2025-02-02 00:00:00+00:00,2392.03
DK1,2025-02-02 01:00:00+00:00,2417.7
DK1,2025-02-02 02:00:00+00:00,2388.18
DK1,2025-02-02 03:00:00+00:00,2312.72
DK1,2025-02-02 04:00:00+00:00,2254.5
DK1,2025-02-02 05:00:00+00:00,2249.28
DK1,2025-02-02 06:00:00+00:00,2362.38
DK1,2025-02-02 07:00:00+00:00,2516.68
DK1,2025-02-02 08:00:00+00:00,2637.48
DK1,2025-02-02 09:00:00+00:00,2772.99
DK1,2025-02-02 10:00:00+00:00,2808.3
DK1,2025-02-02 11:00:00+00:00,2830.54
DK1,2025-02-02 12:00:00+00:00,2892.82
DK1,2025-02-02 13:00:00+00:00,2807.25
DK1,2025-02-02 14:00:00+00:00,2755.79
DK1,2025-02-02 15:00:00+00:00,2920.92
DK1,2025-02-02 16:00:00+00:00,3113.39
DK1,2025-02-02 17:00:00+00:00,2836.79
DK1,2025-02-02 18:00:00+00:00,2742.02
DK1,2025-02-02 19:00:00+00:00,2728.78
DK1,2025-02-02 20:00:00+00:00,2608.8
DK1,2025-02-02 21:00:00+00:00,2534.7
DK1,2025-02-02 22:00:00+00:00,2533.72
DK1,2025-02-02 23:00:00+00:00,2597.55
DK1,2025-02-03 00:00:00+00:00,2534.22
DK1,2025-02-03 01:00:00+00:00,2564.97
DK1,2025-02-03 02:00:00+00:00,2594.13
DK1,2025-02-03 03:00:00+00:00,2623.17
DK1,2025-02-03 04:00:00+00:00,2659.82
DK1,2025-02-03 05:00:00+00:00,2860.07
DK1,2025-02-03 06:00:00+00:00,3163.48
DK1,2025-02-03 07:00:00+00:00,3278.16
DK1,2025-02-03 08:00:00+00:00,3309.78
DK1,2025-02-03 09:00:00+00:00,3426.72
DK1,2025-02-03 10:00:00+00:00,3456.32
DK1,2025-02-03 11:00:00+00:00,3407.09
DK1,2025-02-03 12:00:00+00:00,3359.13
DK1,2025-02-03 13:00:00+00:00,3348.25
DK1,2025-02-03 14:00:00+00:00,3291.65
DK1,2025-02-03 15:00:00+00:00,3279.08
DK1,2025-02-03 16:00:00+00:00,3467.08
DK1,2025-02-03 17:00:00+00:00,3351.98
DK1,2025-02-03 18:00:00+00:00,3178.58
DK1,2025-02-03 19:00:00+00:00,3025.9
DK1,2025-02-03 20:00:00+00:00,2967.94
DK1,2025-02-03 21:00:00+00:00,2891.49
DK1,2025-02-03 22:00:00+00:00,2837.06
DK1,2025-02-03 23:00:00+00:00,2733.07
DK1,2025-02-04 00:00:00+00:00,2713.21
DK1,2025-02-04 01:00:00+00:00,2758.71
DK1,2025-02-04 02:00:00+00:00,2762.03
DK1,2025-02-04 03:00:00+00:00,2796.74
DK1,2025-02-04 04:00:00+00:00,2843.27
DK1,2025-02-04 05:00:00+00:00,3000.4
DK1,2025-02-04 06:00:00+00:00,3322.22
DK1,2025-02-04 07:00:00+00:00,3398.08
DK1,2025-02-04 08:00:00+00:00,3413.27
DK1,2025-02-04 09:00:00+00:00,3410.37
DK1,2025-02-04 10:00:00+00:00,3417.21
DK1,2025-02-04 11:00:00+00:00,3414.78
DK1,2025-02-04 12:00:00+00:00,3441.37
DK1,2025-02-04 13:00:00+00:00,3403.73
DK1,2025-02-04 14:00:00+00:00,3331.33
DK1,2025-02-04 15:00:00+00:00,3375.08
DK1,2025-02-04 16:00:00+00:00,3558.15
DK1,2025-02-04 17:00:00+00:00,3468.11
DK1,2025-02-04 18:00:00+00:00,3262.73
DK1,2025-02-04 19:00:00+00:00,3156.9
DK1,2025-02-04 20:00:00+00:00,3101.23
DK1,2025-02-04 21:00:00+00:00,3127.38
DK1,2025-02-04 22:00:00+00:00,3122.92
DK1,2025-02-04 23:00:00+00:00,3250.34
DK1,2025-02-05 00:00:00+00:00,3303.68
DK1,2025-02-05 01:00:00+00:00,3220.65
DK1,2025-02-05 02:00:00+00:00,3108.23
DK1,2025-02-05 03:00:00+00:00,2858.35
DK1,2025-02-05 04:00:00+00:00,2766.39
DK1,2025-02-05 05:00:00+00:00,3061.34
DK1,2025-02-05 06:00:00+00:00,3469.95
DK1,2025-02-05 07:00:00+00:00,3375.38
DK1,2025-02-05 08:00:00+00:00,3312.74
DK1,2025-02-05 09:00:00+00:00,3296.34
DK1,2025-02-05 10:00:00+00:00,3449.92
DK1,2025-02-05 11:00:00+00:00,3258.27
DK1,2025-02-05 12:00:00+00:00,3293.51
DK1,2025-02-05 13:00:00+00:00,3214.08
DK1,2025-02-05 14:00:00+00:00,3073.28
DK1,2025-02-05 15:00:00+00:00,3056.17
DK1,2025-02-05 16:00:00+00:00,3214.16
DK1,2025-02-05 17:00:00+00:00,3176.82
DK1,2025-02-05 18:00:00+00:00,2989.64
DK1,2025-02-05 19:00:00+00:00,2848.89
DK1,2025-02-05 20:00:00+00:00,2775.17
DK1,2025-02-05 21:00:00+00:00,2737.92
DK1,2025-02-05 22:00:00+00:00,2785.55
DK1,2025-02-05 23:00:00+00:00,2835.32
DK1,2025-02-06 00:00:00+00:00,2751.66
DK1,2025-02-06 01:00:00+00:00,2563.98
DK1,2025-02-06 02:00:00+00:00,2513.6
DK1,2025-02-06 03:00:00+00:00,2471.52
DK1,2025-02-06 04:00:00+00:00,2583.3
DK1,2025-02-06 05:00:00+00:00,3002.46
DK1,2025-02-06 06:00:00+00:00,3304.85
DK1,2025-02-06 07:00:00+00:00,3396.42
DK1,2025-02-06 08:00:00+00:00,3326.08
DK1,2025-02-06 09:00:00+00:00,3320.15
DK1,2025-02-06 10:00:00+00:00,3281.17
DK1,2025-02-06 11:00:00+00:00,3184.56
DK1,2025-02-06 12:00:00+00:00,3161.12
DK1,2025-02-06 13:00:00+00:00,3062.91
DK1,2025-02-06 14:00:00+00:00,3024.98
DK1,2025-02-06 15:00:00+00:00,3071.92
DK1,2025-02-06 16:00:00+00:00,3286.41
DK1,2025-02-06 17:00:00+00:00,3259.36
DK1,2025-02-06 18:00:00+00:00,3091.25
DK1,2025-02-06 19:00:00+00:00,2947.57
DK1,2025-02-06 20:00:00+00:00,2860.77
DK1,2025-02-06 21:00:00+00:00,2766.32
DK1,2025-02-06 22:00:00+00:00,2694.96
DK1,2025-02-06 23:00:00+00:00,2823.38
DK1,2025-02-07 00:00:00+00:00,2840.96
DK1,2025-02-07 01:00:00+00:00,2785.35
DK1,2025-02-07 02:00:00+00:00,2773.68
DK1,2025-02-07 03:00:00+00:00,2838.91
DK1,2025-02-07 04:00:00+00:00,2871.2
DK1,2025-02-07 05:00:00+00:00,2951.6
DK1,2025-02-07 06:00:00+00:00,3244.03
DK1,2025-02-07 07:00:00+00:00,3437.41
DK1,2025-02-07 08:00:00+00:00,3419.63
DK1,2025-02-07 09:00:00+00:00,3488.68
DK1,2025-02-07 10:00:00+00:00,3415.28
DK1,2025-02-07 11:00:00+00:00,3405.96
DK1,2025-02-07 12:00:00+00:00,3501.71
DK1,2025-02-07 13:00:00+00:00,3348.04
DK1,2025-02-07 14:00:00+00:00,3257.23
DK1,2025-02-07 15:00:00+00:00,3265.97
DK1,2025-02-07 16:00:00+00:00,3420.01
DK1,2025-02-07 17:00:00+00:00,3301.49
DK1,2025-02-07 18:00:00+00:00,3194.8
DK1,2025-02-07 19:00:00+00:00,3043.3
DK1,2025-02-07 20:00:00+00:00,2919.69
DK1,2025-02-07 21:00:00+00:00,2885.8
DK1,2025-02-07 22:00:00+00:00,2827.47
DK1,2025-02-07 23:00:00+00:00,3099.51
DK1,2025-02-08 00:00:00+00:00,3079.69
DK1,2025-02-08 01:00:00+00:00,2926.09
DK1,2025-02-08 02:00:00+00:00,2759.76
DK1,2025-02-08 03:00:00+00:00,2660.49
DK1,2025-02-08 04:00:00+00:00,2600.79
DK1,2025-02-08 05:00:00+00:00,2686.88
DK1,2025-02-08 06:00:00+00:00,2779.48
DK1,2025-02-08 07:00:00+00:00,2855.24
DK1,2025-02-08 08:00:00+00:00,2949.38
DK1,2025-02-08 09:00:00+00:00,3111.0
DK1,2025-02-08 10:00:00+00:00,3213.59
DK1,2025-02-08 11:00:00+00:00,3227.31
DK1,2025-02-08 12:00:00+00:00,3125.69
DK1,2025-02-08 13:00:00+00:00,3059.18
DK1,2025-02-08 14:00:00+00:00,2965.71
DK1,2025-02-08 15:00:00+00:00,2983.61
DK1,2025-02-08 16:00:00+00:00,3161.27
DK1,2025-02-08 17:00:00+00:00,3116.01
DK1,2025-02-08 18:00:00+00:00,2924.25
DK1,2025-02-08 19:00:00+00:00,2841.86
DK1,2025-02-08 20:00:00+00:00,2715.51
DK1,2025-02-08 21:00:00+00:00,2534.48
DK1,2025-02-08 22:00:00+00:00,2445.74
DK1,2025-02-08 23:00:00+00:00,2421.31
DK1,2025-02-09 00:00:00+00:00,2390.31
DK1,2025-02-09 01:00:00+00:00,2392.77
DK1,2025-02-09 02:00:00+00:00,2317.16
DK1,2025-02-09 03:00:00+00:00,2306.94
DK1,2025-02-09 04:00:00+00:00,2331.84
DK1,2025-02-09 05:00:00+00:00,2385.3
DK1,2025-02-09 06:00:00+00:00,2517.78
DK1,2025-02-09 07:00:00+00:00,2624.23
DK1,2025-02-09 08:00:00+00:00,2694.33
DK1,2025-02-09 09:00:00+00:00,2797.74
DK1,2025-02-09 10:00:00+00:00,2861.73
DK1,2025-02-09 11:00:00+00:00,2935.38
DK1,2025-02-09 12:00:00+00:00,2907.1
DK1,2025-02-09 13:00:00+00:00,2888.72
DK1,2025-02-09 14:00:00+00:00,2830.52
DK1,2025-02-09 15:00:00+00:00,2942.3
DK1,2025-02-09 16:00:00+00:00,3231.38
DK1,2025-02-09 17:00:00+00:00,3154.59
DK1,2025-02-09 18:00:00+00:00,2963.88
DK1,2025-02-09 19:00:00+00:00,2891.71
DK1,2025-02-09 20:00:00+00:00,2855.2
DK1,2025-02-09 21:00:00+00:00,2831.35
DK1,2025-02-09 22:00:00+00:00,2779.13
DK1,2025-02-09 23:00:00+00:00,2783.37
DK1,2025-02-10 00:00:00+00:00,2907.11
DK1,2025-02-10 01:00:00+00:00,2937.1
DK1,2025-02-10 02:00:00+00:00,2835.95
DK1,2025-02-10 03:00:00+00:00,2784.95
DK1,2025-02-10 04:00:00+00:00,2806.87
DK1,2025-02-10 05:00:00+00:00,3040.06
DK1,2025-02-10 06:00:00+00:00,3234.4
DK1,2025-02-10 07:00:00+00:00,3399.26
DK1,2025-02-10 08:00:00+00:00,3431.23
DK1,2025-02-10 09:00:00+00:00,3580.98
DK1,2025-02-10 10:00:00+00:00,3642.53
DK1,2025-02-10 11:00:00+00:00,3619.33
DK1,2025-02-10 12:00:00+00:00,3589.12
DK1,2025-02-10 13:00:00+00:00,3559.98
DK1,2025-02-10 14:00:00+00:00,3575.62
DK1,2025-02-10 15:00:00+00:00,3573.97
DK1,2025-02-10 16:00:00+00:00,3639.28
DK1,2025-02-10 17:00:00+00:00,3559.7
DK1,2025-02-10 18:00:00+00:00,3431.46
DK1,2025-02-10 19:00:00+00:00,3275.24
DK1,2025-02-10 20:00:00+00:00,3154.21
DK1,2025-02-10 21:00:00+00:00,3095.41
DK1,2025-02-10 22:00:00+00:00,3068.3
DK1,2025-02-10 23:00:00+00:00,3236.87
DK1,2025-02-11 00:00:00+00:00,3152.92
DK1,2025-02-11 01:00:00+00:00,3196.85
DK1,2025-02-11 02:00:00+00:00,3042.66
DK1,2025-02-11 03:00:00+00:00,3004.31
DK1,2025-02-11 04:00:00+00:00,3005.12
DK1,2025-02-11 05:00:00+00:00,3089.64
DK1,2025-02-11 06:00:00+00:00,3419.31
DK1,2025-02-11 07:00:00+00:00,3539.97
DK1,2025-02-11 08:00:00+00:00,3645.85
DK1,2025-02-11 09:00:00+00:00,3758.86
DK1,2025-02-11 10:00:00+00:00,3729.38
DK1,2025-02-11 11:00:00+00:00,3689.45
DK1,2025-02-11 12:00:00+00:00,3689.13
DK1,2025-02-11 13:00:00+00:00,3589.15
DK1,2025-02-11 14:00:00+00:00,3582.2
DK1,2025-02-11 15:00:00+00:00,3349.99
DK1,2025-02-11 16:00:00+00:00,3647.23
DK1,2025-02-11 17:00:00+00:00,3361.29
DK1,2025-02-11 18:00:00+00:00,3342.64
DK1,2025-02-11 19:00:00+00:00,3192.86
DK1,2025-02-11 20:00:00+00:00,3144.31
DK1,2025-02-11 21:00:00+00:00,3071.94
DK1,2025-02-11 22:00:00+00:00,2993.9
DK1,2025-02-11 23:00:00+00:00,3063.14
DK1,2025-02-12 00:00:00+00:00,3116.3
DK1,2025-02-12 01:00:00+00:00,3081.66
DK1,2025-02-12 02:00:00+00:00,2900.08
DK1,2025-02-12 03:00:00+00:00,2804.81
DK1,2025-02-12 04:00:00+00:00,2834.97
DK1,2025-02-12 05:00:00+00:00,3059.79
DK1,2025-02-12 06:00:00+00:00,3359.81
DK1,2025-02-12 07:00:00+00:00,3471.93
DK1,2025-02-12 08:00:00+00:00,3454.44
DK1,2025-02-12 09:00:00+00:00,3533.26
DK1,2025-02-12 10:00:00+00:00,3624.58
DK1,2025-02-12 11:00:00+00:00,3594.25
DK1,2025-02-12 12:00:00+00:00,3508.7
DK1,2025-02-12 13:00:00+00:00,3406.73
DK1,2025-02-12 14:00:00+00:00,3310.86
DK1,2025-02-12 15:00:00+00:00,3301.4
DK1,2025-02-12 16:00:00+00:00,3457.12
DK1,2025-02-12 17:00:00+00:00,3402.25
DK1,2025-02-12 18:00:00+00:00,3201.63
DK1,2025-02-12 19:00:00+00:00,3040.7
DK1,2025-02-12 20:00:00+00:00,2898.95
DK1,2025-02-12 21:00:00+00:00,2824.34
DK1,2025-02-12 22:00:00+00:00,2800.17
DK1,2025-02-12 23:00:00+00:00,2809.95
DK1,2025-02-13 00:00:00+00:00,2782.66
DK1,2025-02-13 01:00:00+00:00,2721.85
DK1,2025-02-13 02:00:00+00:00,2707.07
DK1,2025-02-13 03:00:00+00:00,2726.46
DK1,2025-02-13 04:00:00+00:00,2771.19
DK1,2025-02-13 05:00:00+00:00,2978.96
DK1,2025-02-13 06:00:00+00:00,3280.61
DK1,2025-02-13 07:00:00+00:00,3417.0
DK1,2025-02-13 08:00:00+00:00,3444.68
DK1,2025-02-13 09:00:00+00:00,3481.05
DK1,2025-02-13 10:00:00+00:00,3499.67
DK1,2025-02-13 11:00:00+00:00,3452.48
DK1,2025-02-13 12:00:00+00:00,3448.67
DK1,2025-02-13 13:00:00+00:00,3456.32
DK1,2025-02-13 14:00:00+00:00,3360.79
DK1,2025-02-13 15:00:00+00:00,3388.64
DK1,2025-02-13 16:00:00+00:00,3513.77
DK1,2025-02-13 17:00:00+00:00,3445.18
DK1,2025-02-13 18:00:00+00:00,3194.38
DK1,2025-02-13 19:00:00+00:00,3045.43
DK1,2025-02-13 20:00:00+00:00,2973.25
DK1,2025-02-13 21:00:00+00:00,2845.89
DK1,2025-02-13 22:00:00+00:00,2789.11
DK1,2025-02-13 23:00:00+00:00,2838.99
DK1,2025-02-14 00:00:00+00:00,2868.45
DK1,2025-02-14 01:00:00+00:00,2815.37
DK1,2025-02-14 02:00:00+00:00,2728.4
DK1,2025-02-14 03:00:00+00:00,2667.65
DK1,2025-02-14 04:00:00+00:00,2680.28
DK1,2025-02-14 05:00:00+00:00,2934.39
DK1,2025-02-14 06:00:00+00:00,3242.8
DK1,2025-02-14 07:00:00+00:00,3376.34
DK1,2025-02-14 08:00:00+00:00,3373.48
DK1,2025-02-14 09:00:00+00:00,3368.3
DK1,2025-02-14 10:00:00+00:00,3378.67
DK1,2025-02-14 11:00:00+00:00,3341.82
DK1,2025-02-14 12:00:00+00:00,3219.84
DK1,2025-02-14 13:00:00+00:00,3123.53
DK1,2025-02-14 14:00:00+00:00,2992.14
DK1,2025-02-14 15:00:00+00:00,3088.03
DK1,2025-02-14 16:00:00+00:00,3248.01
DK1,2025-02-14 17:00:00+00:00,3246.47
DK1,2025-02-14 18:00:00+00:00,3045.64
DK1,2025-02-14 19:00:00+00:00,2863.16
DK1,2025-02-14 20:00:00+00:00,2767.79
DK1,2025-02-14 21:00:00+00:00,2705.09
DK1,2025-02-14 22:00:00+00:00,2653.1
DK1,2025-02-14 23:00:00+00:00,2687.82
DK1,2025-02-15 00:00:00+00:00,2704.01
DK1,2025-02-15 01:00:00+00:00,2732.81
DK1,2025-02-15 02:00:00+00:00,2669.23
DK1,2025-02-15 03:00:00+00:00,2619.4
DK1,2025-02-15 04:00:00+00:00,2554.93
DK1,2025-02-15 05:00:00+00:00,2551.1
DK1,2025-02-15 06:00:00+00:00,2735.03
DK1,2025-02-15 07:00:00+00:00,2824.62
DK1,2025-02-15 08:00:00+00:00,2918.45
DK1,2025-02-15 09:00:00+00:00,2955.24
DK1,2025-02-15 10:00:00+00:00,2979.34
DK1,2025-02-15 11:00:00+00:00,2903.73
DK1,2025-02-15 12:00:00+00:00,2845.91
DK1,2025-02-15 13:00:00+00:00,2877.5
DK1,2025-02-15 14:00:00+00:00,2883.58
DK1,2025-02-15 15:00:00+00:00,2880.2
DK1,2025-02-15 16:00:00+00:00,3171.17
DK1,2025-02-15 17:00:00+00:00,3160.81
DK1,2025-02-15 18:00:00+00:00,3015.53
DK1,2025-02-15 19:00:00+00:00,2913.61
DK1,2025-02-15 20:00:00+00:00,2855.55
DK1,2025-02-15 21:00:00+00:00,2704.78
DK1,2025-02-15 22:00:00+00:00,2683.31
DK1,2025-02-15 23:00:00+00:00,2735.55
DK1,2025-02-16 00:00:00+00:00,2690.26
DK1,2025-02-16 01:00:00+00:00,2707.99
DK1,2025-02-16 02:00:00+00:00,2710.82
DK1,2025-02-16 03:00:00+00:00,2631.26
DK1,2025-02-16 04:00:00+00:00,2551.22
DK1,2025-02-16 05:00:00+00:00,2598.67
DK1,2025-02-16 06:00:00+00:00,2678.09
DK1,2025-02-16 07:00:00+00:00,2794.38
DK1,2025-02-16 08:00:00+00:00,2851.21
DK1,2025-02-16 09:00:00+00:00,2909.27
DK1,2025-02-16 10:00:00+00:00,2912.83
DK1,2025-02-16 11:00:00+00:00,2881.13
DK1,2025-02-16 12:00:00+00:00,2838.62
DK1,2025-02-16 13:00:00+00:00,2844.75
DK1,2025-02-16 14:00:00+00:00,2819.59
DK1,2025-02-16 15:00:00+00:00,2867.98
DK1,2025-02-16 16:00:00+00:00,3132.94
DK1,2025-02-16 17:00:00+00:00,3180.93
DK1,2025-02-16 18:00:00+00:00,2994.65
DK1,2025-02-16 19:00:00+00:00,2885.91
DK1,2025-02-16 20:00:00+00:00,2846.63
DK1,2025-02-16 21:00:00+00:00,2766.44
DK1,2025-02-16 22:00:00+00:00,2755.86
DK1,2025-02-16 23:00:00+00:00,2916.11
DK1,2025-02-17 00:00:00+00:00,2967.89
DK1,2025-02-17 01:00:00+00:00,2929.85
DK1,2025-02-17 02:00:00+00:00,2852.07
DK1,2025-02-17 03:00:00+00:00,2781.41
DK1,2025-02-17 04:00:00+00:00,2874.58
DK1,2025-02-17 05:00:00+00:00,3228.57
DK1,2025-02-17 06:00:00+00:00,3555.04
DK1,2025-02-17 07:00:00+00:00,3711.47
DK1,2025-02-17 08:00:00+00:00,3616.07
DK1,2025-02-17 09:00:00+00:00,3610.8
DK1,2025-02-17 10:00:00+00:00,3588.3
DK1,2025-02-17 11:00:00+00:00,3523.07
DK1,2025-02-17 12:00:00+00:00,3446.88
DK1,2025-02-17 13:00:00+00:00,3318.8
DK1,2025-02-17 14:00:00+00:00,3265.11
DK1,2025-02-17 15:00:00+00:00,3266.69
DK1,2025-02-17 16:00:00+00:00,3476.79
DK1,2025-02-17 17:00:00+00:00,3471.7
DK1,2025-02-17 18:00:00+00:00,3270.95
DK1,2025-02-17 19:00:00+00:00,3103.07
DK1,2025-02-17 20:00:00+00:00,3021.24
DK1,2025-02-17 21:00:00+00:00,2926.29
DK1,2025-02-17 22:00:00+00:00,2859.12
DK1,2025-02-17 23:00:00+00:00,2959.77
DK1,2025-02-18 00:00:00+00:00,2918.19
DK1,2025-02-18 01:00:00+00:00,2916.45
DK1,2025-02-18 02:00:00+00:00,2909.16
DK1,2025-02-18 03:00:00+00:00,2878.71
DK1,2025-02-18 04:00:00+00:00,2915.29
DK1,2025-02-18 05:00:00+00:00,3207.51
DK1,2025-02-18 06:00:00+00:00,3512.97
DK1,2025-02-18 07:00:00+00:00,3595.87
DK1,2025-02-18 08:00:00+00:00,3499.43
DK1,2025-02-18 09:00:00+00:00,3461.18
DK1,2025-02-18 10:00:00+00:00,3435.13
DK1,2025-02-18 11:00:00+00:00,3323.99
DK1,2025-02-18 12:00:00+00:00,3305.87
DK1,2025-02-18 13:00:00+00:00,3249.54
DK1,2025-02-18 14:00:00+00:00,3179.68
DK1,2025-02-18 15:00:00+00:00,3187.44
DK1,2025-02-18 16:00:00+00:00,3372.71
DK1,2025-02-18 17:00:00+00:00,3384.97
DK1,2025-02-18 18:00:00+00:00,3227.72
DK1,2025-02-18 19:00:00+00:00,3088.76
DK1,2025-02-18 20:00:00+00:00,3078.17
DK1,2025-02-18 21:00:00+00:00,2878.7
DK1,2025-02-18 22:00:00+00:00,2797.52
DK1,2025-02-18 23:00:00+00:00,2913.74
DK1,2025-02-19 00:00:00+00:00,2972.43
DK1,2025-02-19 01:00:00+00:00,2951.28
DK1,2025-02-19 02:00:00+00:00,2983.76
DK1,2025-02-19 03:00:00+00:00,2969.1
DK1,2025-02-19 04:00:00+00:00,2947.61
DK1,2025-02-19 05:00:00+00:00,3268.71
DK1,2025-02-19 06:00:00+00:00,3701.31
DK1,2025-02-19 07:00:00+00:00,3775.59
DK1,2025-02-19 08:00:00+00:00,3587.47
DK1,2025-02-19 09:00:00+00:00,3606.06
DK1,2025-02-19 10:00:00+00:00,3621.17
DK1,2025-02-19 11:00:00+00:00,3446.0
DK1,2025-02-19 12:00:00+00:00,3471.14
DK1,2025-02-19 13:00:00+00:00,3415.98
DK1,2025-02-19 14:00:00+00:00,3334.7
DK1,2025-02-19 15:00:00+00:00,3377.32
DK1,2025-02-19 16:00:00+00:00,3453.57
DK1,2025-02-19 17:00:00+00:00,3449.29
DK1,2025-02-19 18:00:00+00:00,3280.68
DK1,2025-02-19 19:00:00+00:00,3265.62
DK1,2025-02-19 20:00:00+00:00,3246.65
DK1,2025-02-19 21:00:00+00:00,3043.79
DK1,2025-02-19 22:00:00+00:00,3037.11
DK1,2025-02-19 23:00:00+00:00,3171.09
DK1,2025-02-20 00:00:00+00:00,3142.7
DK1,2025-02-20 01:00:00+00:00,3073.24
DK1,2025-02-20 02:00:00+00:00,3159.91
DK1,2025-02-20 03:00:00+00:00,3105.25
DK1,2025-02-20 04:00:00+00:00,3080.22
DK1,2025-02-20 05:00:00+00:00,3176.3
DK1,2025-02-20 06:00:00+00:00,3515.66
DK1,2025-02-20 07:00:00+00:00,3649.77
DK1,2025-02-20 08:00:00+00:00,3648.58
DK1,2025-02-20 09:00:00+00:00,3693.35
DK1,2025-02-20 10:00:00+00:00,3790.41
DK1,2025-02-20 11:00:00+00:00,3604.5
DK1,2025-02-20 12:00:00+00:00,3533.99
DK1,2025-02-20 13:00:00+00:00,3513.98
DK1,2025-02-20 14:00:00+00:00,3421.09
DK1,2025-02-20 15:00:00+00:00,3397.18
DK1,2025-02-20 16:00:00+00:00,3563.1
DK1,2025-02-20 17:00:00+00:00,3722.26
DK1,2025-02-20 18:00:00+00:00,3467.16
DK1,2025-02-20 19:00:00+00:00,3356.79
DK1,2025-02-20 20:00:00+00:00,3305.02
DK1,2025-02-20 21:00:00+00:00,3305.07
DK1,2025-02-20 22:00:00+00:00,3245.66
DK1,2025-02-20 23:00:00+00:00,3237.42
DK1,2025-02-21 00:00:00+00:00,3132.55
DK1,2025-02-21 01:00:00+00:00,3180.97
DK1,2025-02-21 02:00:00+00:00,2897.84
DK1,2025-02-21 03:00:00+00:00,2765.14
DK1,2025-02-21 04:00:00+00:00,2900.8
DK1,2025-02-21 05:00:00+00:00,2999.42
DK1,2025-02-21 06:00:00+00:00,3253.97
DK1,2025-02-21 07:00:00+00:00,3315.17
DK1,2025-02-21 08:00:00+00:00,3425.13
DK1,2025-02-21 09:00:00+00:00,3458.66
DK1,2025-02-21 10:00:00+00:00,3478.28
DK1,2025-02-21 11:00:00+00:00,3326.71
DK1,2025-02-21 12:00:00+00:00,3249.63
DK1,2025-02-21 13:00:00+00:00,3145.2
DK1,2025-02-21 14:00:00+00:00,3125.05
DK1,2025-02-21 15:00:00+00:00,3069.1
DK1,2025-02-21 16:00:00+00:00,3261.92
DK1,2025-02-21 17:00:00+00:00,3409.51
DK1,2025-02-21 18:00:00+00:00,3159.01
DK1,2025-02-21 19:00:00+00:00,2993.88
DK1,2025-02-21 20:00:00+00:00,2937.13
DK1,2025-02-21 21:00:00+00:00,2926.25
DK1,2025-02-21 22:00:00+00:00,2923.17
DK1,2025-02-21 23:00:00+00:00,3024.63
DK1,2025-02-22 00:00:00+00:00,2852.54
DK1,2025-02-22 01:00:00+00:00,2881.07
DK1,2025-02-22 02:00:00+00:00,2714.21
DK1,2025-02-22 03:00:00+00:00,2618.23
DK1,2025-02-22 04:00:00+00:00,2476.9
DK1,2025-02-22 05:00:00+00:00,2546.35
DK1,2025-02-22 06:00:00+00:00,2603.35
DK1,2025-02-22 07:00:00+00:00,2897.49
DK1,2025-02-22 08:00:00+00:00,2909.4
DK1,2025-02-22 09:00:00+00:00,2966.68
DK1,2025-02-22 10:00:00+00:00,2976.07
DK1,2025-02-22 11:00:00+00:00,2953.09
DK1,2025-02-22 12:00:00+00:00,3020.29
DK1,2025-02-22 13:00:00+00:00,2873.87
DK1,2025-02-22 14:00:00+00:00,2700.37
DK1,2025-02-22 15:00:00+00:00,2785.04
DK1,2025-02-22 16:00:00+00:00,2967.56
DK1,2025-02-22 17:00:00+00:00,2865.7
DK1,2025-02-22 18:00:00+00:00,2724.03
DK1,2025-02-22 19:00:00+00:00,2466.03
DK1,2025-02-22 20:00:00+00:00,2323.2
DK1,2025-02-22 21:00:00+00:00,2321.27
DK1,2025-02-22 22:00:00+00:00,2266.49
DK1,2025-02-22 23:00:00+00:00,2301.4
DK1,2025-02-23 00:00:00+00:00,2373.8
DK1,2025-02-23 01:00:00+00:00,2261.97
DK1,2025-02-23 02:00:00+00:00,2256.15
DK1,2025-02-23 03:00:00+00:00,2287.11
DK1,2025-02-23 04:00:00+00:00,2254.98
DK1,2025-02-23 05:00:00+00:00,2171.17
DK1,2025-02-23 06:00:00+00:00,2371.52
DK1,2025-02-23 07:00:00+00:00,2633.99
DK1,2025-02-23 08:00:00+00:00,2669.91
DK1,2025-02-23 09:00:00+00:00,2794.96
DK1,2025-02-23 10:00:00+00:00,2844.47
DK1,2025-02-23 11:00:00+00:00,2901.61
DK1,2025-02-23 12:00:00+00:00,2876.93
DK1,2025-02-23 13:00:00+00:00,2888.62
DK1,2025-02-23 14:00:00+00:00,2823.24
DK1,2025-02-23 15:00:00+00:00,2933.61
DK1,2025-02-23 16:00:00+00:00,3088.68
DK1,2025-02-23 17:00:00+00:00,3063.41
DK1,2025-02-23 18:00:00+00:00,2930.52
DK1,2025-02-23 19:00:00+00:00,2918.65
DK1,2025-02-23 20:00:00+00:00,2946.16
DK1,2025-02-23 21:00:00+00:00,2829.89
DK1,2025-02-23 22:00:00+00:00,2738.15
DK1,2025-02-23 23:00:00+00:00,3012.74
DK1,2025-02-24 00:00:00+00:00,2937.96
DK1,2025-02-24 01:00:00+00:00,2950.01
DK1,2025-02-24 02:00:00+00:00,2960.47
DK1,2025-02-24 03:00:00+00:00,2894.4
DK1,2025-02-24 04:00:00+00:00,2905.26
DK1,2025-02-24 05:00:00+00:00,3029.82
DK1,2025-02-24 06:00:00+00:00,3340.72
DK1,2025-02-24 07:00:00+00:00,3613.21
DK1,2025-02-24 08:00:00+00:00,3605.29
DK1,2025-02-24 09:00:00+00:00,3645.94
DK1,2025-02-24 10:00:00+00:00,3622.99
DK1,2025-02-24 11:00:00+00:00,3593.2
DK1,2025-02-24 12:00:00+00:00,3584.28
DK1,2025-02-24 13:00:00+00:00,3515.3
DK1,2025-02-24 14:00:00+00:00,3479.66
DK1,2025-02-24 15:00:00+00:00,3554.18
DK1,2025-02-24 16:00:00+00:00,3544.84
DK1,2025-02-24 17:00:00+00:00,3424.62
DK1,2025-02-24 18:00:00+00:00,3094.08
DK1,2025-02-24 19:00:00+00:00,2844.54
DK1,2025-02-24 20:00:00+00:00,2830.18
DK1,2025-02-24 21:00:00+00:00,2819.83
DK1,2025-02-24 22:00:00+00:00,2760.65
DK1,2025-02-24 23:00:00+00:00,2745.46
DK1,2025-02-25 00:00:00+00:00,2621.25
DK1,2025-02-25 01:00:00+00:00,2704.34
DK1,2025-02-25 02:00:00+00:00,2499.12
DK1,2025-02-25 03:00:00+00:00,2360.5
DK1,2025-02-25 04:00:00+00:00,2477.38
DK1,2025-02-25 05:00:00+00:00,2883.04
DK1,2025-02-25 06:00:00+00:00,3168.61
DK1,2025-02-25 07:00:00+00:00,3284.7
DK1,2025-02-25 08:00:00+00:00,3180.76
DK1,2025-02-25 09:00:00+00:00,3261.02
DK1,2025-02-25 10:00:00+00:00,3220.61
DK1,2025-02-25 11:00:00+00:00,3188.41
DK1,2025-02-25 12:00:00+00:00,3238.52
DK1,2025-02-25 13:00:00+00:00,3166.9
DK1,2025-02-25 14:00:00+00:00,3129.17
DK1,2025-02-25 15:00:00+00:00,3133.31
DK1,2025-02-25 16:00:00+00:00,3256.64
DK1,2025-02-25 17:00:00+00:00,3218.81
DK1,2025-02-25 18:00:00+00:00,3040.86
DK1,2025-02-25 19:00:00+00:00,2866.85
DK1,2025-02-25 20:00:00+00:00,2787.99
DK1,2025-02-25 21:00:00+00:00,2682.4
DK1,2025-02-25 22:00:00+00:00,2587.62
DK1,2025-02-25 23:00:00+00:00,2585.2
DK1,2025-02-26 00:00:00+00:00,2620.36
DK1,2025-02-26 01:00:00+00:00,2622.04
DK1,2025-02-26 02:00:00+00:00,2644.34
DK1,2025-02-26 03:00:00+00:00,2526.77
DK1,2025-02-26 04:00:00+00:00,2535.84
DK1,2025-02-26 05:00:00+00:00,2857.33
DK1,2025-02-26 06:00:00+00:00,3131.38
DK1,2025-02-26 07:00:00+00:00,3314.82
DK1,2025-02-26 08:00:00+00:00,3290.47
DK1,2025-02-26 09:00:00+00:00,3214.45
DK1,2025-02-26 10:00:00+00:00,3209.15
DK1,2025-02-26 11:00:00+00:00,3223.9
DK1,2025-02-26 12:00:00+00:00,3162.5
DK1,2025-02-26 13:00:00+00:00,3094.73
DK1,2025-02-26 14:00:00+00:00,3028.58
DK1,2025-02-26 15:00:00+00:00,2969.17
DK1,2025-02-26 16:00:00+00:00,3052.64
DK1,2025-02-26 17:00:00+00:00,3096.89
DK1,2025-02-26 18:00:00+00:00,2930.31
DK1,2025-02-26 19:00:00+00:00,2830.26
DK1,2025-02-26 20:00:00+00:00,2712.65
DK1,2025-02-26 21:00:00+00:00,2557.83
DK1,2025-02-26 22:00:00+00:00,2499.11
DK1,2025-02-26 23:00:00+00:00,2660.9
DK1,2025-02-27 00:00:00+00:00,2604.78
DK1,2025-02-27 01:00:00+00:00,2650.82
DK1,2025-02-27 02:00:00+00:00,2564.73
DK1,2025-02-27 03:00:00+00:00,2487.13
DK1,2025-02-27 04:00:00+00:00,2522.98
DK1,2025-02-27 05:00:00+00:00,2868.25
DK1,2025-02-27 06:00:00+00:00,3164.07
DK1,2025-02-27 07:00:00+00:00,3248.46
DK1,2025-02-27 08:00:00+00:00,3290.0
DK1,2025-02-27 09:00:00+00:00,3308.45
DK1,2025-02-27 10:00:00+00:00,3300.04
DK1,2025-02-27 11:00:00+00:00,3227.3
DK1,2025-02-27 12:00:00+00:00,3277.96
DK1,2025-02-27 13:00:00+00:00,3242.01
DK1,2025-02-27 14:00:00+00:00,3138.58
DK1,2025-02-27 15:00:00+00:00,3135.04
DK1,2025-02-27 16:00:00+00:00,3239.56
DK1,2025-02-27 17:00:00+00:00,3272.54
DK1,2025-02-27 18:00:00+00:00,3080.56
DK1,2025-02-27 19:00:00+00:00,2927.38
DK1,2025-02-27 20:00:00+00:00,2862.17
DK1,2025-02-27 21:00:00+00:00,2796.01
DK1,2025-02-27 22:00:00+00:00,2667.34
DK1,2025-02-27 23:00:00+00:00,2707.36
DK1,2025-02-28 00:00:00+00:00,2742.18
DK1,2025-02-28 01:00:00+00:00,2698.45
DK1,2025-02-28 02:00:00+00:00,2633.73
DK1,2025-02-28 03:00:00+00:00,2497.34
DK1,2025-02-28 04:00:00+00:00,2544.25
DK1,2025-02-28 05:00:00+00:00,2855.47
DK1,2025-02-28 06:00:00+00:00,3125.48
DK1,2025-02-28 07:00:00+00:00,3282.31
DK1,2025-02-28 08:00:00+00:00,3270.69
DK1,2025-02-28 09:00:00+00:00,3314.25
DK1,2025-02-28 10:00:00+00:00,3297.64
DK1,2025-02-28 11:00:00+00:00,3229.11
DK1,2025-02-28 12:00:00+00:00,3151.86
DK1,2025-02-28 13:00:00+00:00,2993.87
DK1,2025-02-28 14:00:00+00:00,2941.66
DK1,2025-02-28 15:00:00+00:00,2832.97
DK1,2025-02-28 16:00:00+00:00,2976.74
DK1,2025-02-28 17:00:00+00:00,2998.78
DK1,2025-02-28 18:00:00+00:00,2855.85
DK1,2025-02-28 19:00:00+00:00,2697.69
DK1,2025-02-28 21:00:00+00:00,2560.29
DK1,2025-02-28 22:00:00+00:00,2430.91
DK1,2025-02-28 23:00:00+00:00,2545.11
DK1,2025-03-01 00:00:00+00:00,2568.5
DK1,2025-03-01 01:00:00+00:00,2544.11
DK1,2025-03-01 02:00:00+00:00,2520.61
DK1,2025-03-01 03:00:00+00:00,2441.9
DK1,2025-03-01 04:00:00+00:00,2358.17
DK1,2025-03-01 05:00:00+00:00,2400.29
DK1,2025-03-01 06:00:00+00:00,2498.59
DK1,2025-03-01 07:00:00+00:00,2627.14
DK1,2025-03-01 08:00:00+00:00,2646.42
DK1,2025-03-01 09:00:00+00:00,2687.71
DK1,2025-03-01 10:00:00+00:00,2706.9
DK1,2025-03-01 11:00:00+00:00,2675.12
DK1,2025-03-01 12:00:00+00:00,2659.85
DK1,2025-03-01 13:00:00+00:00,2632.2
DK1,2025-03-01 14:00:00+00:00,2668.83
DK1,2025-03-01 15:00:00+00:00,2633.18
DK1,2025-03-01 16:00:00+00:00,2734.21
DK1,2025-03-01 17:00:00+00:00,2843.13
DK1,2025-03-01 18:00:00+00:00,2696.21
DK1,2025-03-01 19:00:00+00:00,2571.19
DK1,2025-03-01 20:00:00+00:00,2525.7
DK1,2025-03-01 21:00:00+00:00,2458.92
DK1,2025-03-01 22:00:00+00:00,2396.51
DK1,2025-03-01 23:00:00+00:00,2368.54
DK1,2025-03-02 00:00:00+00:00,2342.25
DK1,2025-03-02 01:00:00+00:00,2337.99
DK1,2025-03-02 02:00:00+00:00,2270.75
DK1,2025-03-02 03:00:00+00:00,2282.18
DK1,2025-03-02 04:00:00+00:00,2238.94
DK1,2025-03-02 05:00:00+00:00,2276.66
DK1,2025-03-02 06:00:00+00:00,2384.26
DK1,2025-03-02 07:00:00+00:00,2562.88
DK1,2025-03-02 08:00:00+00:00,2680.4
DK1,2025-03-02 09:00:00+00:00,2923.91
DK1,2025-03-02 10:00:00+00:00,3136.26
DK1,2025-03-02 11:00:00+00:00,3246.7
DK1,2025-03-02 12:00:00+00:00,3200.53
DK1,2025-03-02 13:00:00+00:00,3164.73
DK1,2025-03-02 14:00:00+00:00,2929.77
DK1,2025-03-02 15:00:00+00:00,2947.08
DK1,2025-03-02 16:00:00+00:00,2936.12
DK1,2025-03-02 17:00:00+00:00,2922.69
DK1,2025-03-02 18:00:00+00:00,2784.39
DK1,2025-03-02 19:00:00+00:00,2707.32
DK1,2025-03-02 20:00:00+00:00,2744.96
DK1,2025-03-02 21:00:00+00:00,2722.37
DK1,2025-03-02 22:00:00+00:00,2669.3
DK1,2025-03-02 23:00:00+00:00,2833.59
DK1,2025-03-03 00:00:00+00:00,2823.77
DK1,2025-03-03 01:00:00+00:00,2795.44
DK1,2025-03-03 02:00:00+00:00,2664.74
DK1,2025-03-03 03:00:00+00:00,2771.72
DK1,2025-03-03 04:00:00+00:00,2856.99
DK1,2025-03-03 05:00:00+00:00,3128.02
DK1,2025-03-03 06:00:00+00:00,3371.34
DK1,2025-03-03 07:00:00+00:00,3527.37
DK1,2025-03-03 08:00:00+00:00,3497.67
DK1,2025-03-03 09:00:00+00:00,3677.57
DK1,2025-03-03 10:00:00+00:00,3742.08
DK1,2025-03-03 11:00:00+00:00,3622.91
DK1,2025-03-03 12:00:00+00:00,3694.94
DK1,2025-03-03 13:00:00+00:00,3461.56
DK1,2025-03-03 14:00:00+00:00,3284.28
DK1,2025-03-03 15:00:00+00:00,3173.97
DK1,2025-03-03 16:00:00+00:00,3220.26
DK1,2025-03-03 17:00:00+00:00,3254.95
DK1,2025-03-03 18:00:00+00:00,3053.38
DK1,2025-03-03 19:00:00+00:00,3077.49
DK1,2025-03-03 20:00:00+00:00,3009.86
DK1,2025-03-03 21:00:00+00:00,2912.16
DK1,2025-03-03 22:00:00+00:00,2704.7
DK1,2025-03-03 23:00:00+00:00,2811.16
DK1,2025-03-04 00:00:00+00:00,2704.5
DK1,2025-03-04 01:00:00+00:00,2604.3
DK1,2025-03-04 02:00:00+00:00,2639.86
DK1,2025-03-04 03:00:00+00:00,2666.8
DK1,2025-03-04 04:00:00+00:00,2711.51
DK1,2025-03-04 05:00:00+00:00,3020.13
DK1,2025-03-04 06:00:00+00:00,3230.1
DK1,2025-03-04 07:00:00+00:00,3309.29
DK1,2025-03-04 08:00:00+00:00,3298.1
DK1,2025-03-04 09:00:00+00:00,3479.23
DK1,2025-03-04 10:00:00+00:00,3585.47
DK1,2025-03-04 11:00:00+00:00,3531.85
DK1,2025-03-04 12:00:00+00:00,3496.98
DK1,2025-03-04 13:00:00+00:00,3341.26
DK1,2025-03-04 14:00:00+00:00,3243.26
DK1,2025-03-04 15:00:00+00:00,3241.64
DK1,2025-03-04 16:00:00+00:00,3343.79
DK1,2025-03-04 17:00:00+00:00,3349.65
DK1,2025-03-04 18:00:00+00:00,3243.9
DK1,2025-03-04 19:00:00+00:00,3125.86
DK1,2025-03-04 20:00:00+00:00,3063.99
DK1,2025-03-04 21:00:00+00:00,2939.96
DK1,2025-03-04 22:00:00+00:00,2848.16
DK1,2025-03-04 23:00:00+00:00,2953.12
DK1,2025-03-05 00:00:00+00:00,2968.39
DK1,2025-03-05 01:00:00+00:00,2977.77
DK1,2025-03-05 02:00:00+00:00,2979.36
DK1,2025-03-05 03:00:00+00:00,2906.96
DK1,2025-03-05 04:00:00+00:00,2950.38
DK1,2025-03-05 05:00:00+00:00,3179.44
DK1,2025-03-05 06:00:00+00:00,3370.45
DK1,2025-03-05 07:00:00+00:00,3505.55
DK1,2025-03-05 08:00:00+00:00,3509.62
DK1,2025-03-05 09:00:00+00:00,3629.58
DK1,2025-03-05 10:00:00+00:00,3768.36
DK1,2025-03-05 11:00:00+00:00,3647.69
DK1,2025-03-05 12:00:00+00:00,3535.65
DK1,2025-03-05 13:00:00+00:00,3417.57
DK1,2025-03-05 14:00:00+00:00,3349.4
DK1,2025-03-05 15:00:00+00:00,3343.15
DK1,2025-03-05 16:00:00+00:00,3358.15
DK1,2025-03-05 17:00:00+00:00,3370.7
DK1,2025-03-05 18:00:00+00:00,3268.87
DK1,2025-03-05 19:00:00+00:00,3159.34
DK1,2025-03-05 20:00:00+00:00,3104.4
DK1,2025-03-05 21:00:00+00:00,3011.56
DK1,2025-03-05 22:00:00+00:00,2935.5
DK1,2025-03-05 23:00:00+00:00,2983.68
DK1,2025-03-06 00:00:00+00:00,2959.08
DK1,2025-03-06 01:00:00+00:00,2808.95
DK1,2025-03-06 02:00:00+00:00,2615.31
DK1,2025-03-06 03:00:00+00:00,2579.67
DK1,2025-03-06 04:00:00+00:00,2690.92
DK1,2025-03-06 05:00:00+00:00,2960.04
DK1,2025-03-06 06:00:00+00:00,3201.16
DK1,2025-03-06 07:00:00+00:00,3299.31
DK1,2025-03-06 08:00:00+00:00,3211.38
DK1,2025-03-06 09:00:00+00:00,3349.63
DK1,2025-03-06 10:00:00+00:00,3419.56
DK1,2025-03-06 11:00:00+00:00,3401.64
DK1,2025-03-06 12:00:00+00:00,3369.42
DK1,2025-03-06 13:00:00+00:00,3135.47
DK1,2025-03-06 14:00:00+00:00,2896.3
DK1,2025-03-06 15:00:00+00:00,2724.01
DK1,2025-03-06 16:00:00+00:00,2983.41
DK1,2025-03-06 17:00:00+00:00,2966.12
DK1,2025-03-06 18:00:00+00:00,2846.61
DK1,2025-03-06 19:00:00+00:00,2815.8
DK1,2025-03-06 20:00:00+00:00,2647.44
DK1,2025-03-06 21:00:00+00:00,2504.64
DK1,2025-03-06 22:00:00+00:00,2448.02
DK1,2025-03-06 23:00:00+00:00,2638.2
DK1,2025-03-07 00:00:00+00:00,2569.69
DK1,2025-03-07 01:00:00+00:00,2475.45
DK1,2025-03-07 02:00:00+00:00,2411.12
DK1,2025-03-07 03:00:00+00:00,2311.84
DK1,2025-03-07 04:00:00+00:00,2462.17
DK1,2025-03-07 05:00:00+00:00,2799.25
DK1,2025-03-07 06:00:00+00:00,3116.48
DK1,2025-03-07 07:00:00+00:00,3184.8
DK1,2025-03-07 08:00:00+00:00,3148.68
DK1,2025-03-07 09:00:00+00:00,3177.8
DK1,2025-03-07 10:00:00+00:00,3210.1
DK1,2025-03-07 11:00:00+00:00,3158.83
DK1,2025-03-07 12:00:00+00:00,3069.76
DK1,2025-03-07 13:00:00+00:00,2898.59
DK1,2025-03-07 14:00:00+00:00,2752.15
DK1,2025-03-07 15:00:00+00:00,2743.96
DK1,2025-03-07 16:00:00+00:00,2840.91
DK1,2025-03-07 17:00:00+00:00,2776.34
DK1,2025-03-07 18:00:00+00:00,2589.02
DK1,2025-03-07 19:00:00+00:00,2442.37
DK1,2025-03-07 20:00:00+00:00,2352.53
DK1,2025-03-07 21:00:00+00:00,2281.1
DK1,2025-03-07 22:00:00+00:00,2192.03
DK1,2025-03-07 23:00:00+00:00,2188.98
DK1,2025-03-08 00:00:00+00:00,2246.86
DK1,2025-03-08 01:00:00+00:00,2145.22
DK1,2025-03-08 02:00:00+00:00,2065.03
DK1,2025-03-08 03:00:00+00:00,2012.81
DK1,2025-03-08 04:00:00+00:00,2026.11
DK1,2025-03-08 05:00:00+00:00,2137.09
DK1,2025-03-08 06:00:00+00:00,2259.95
DK1,2025-03-08 07:00:00+00:00,2387.12
DK1,2025-03-08 08:00:00+00:00,2474.86
DK1,2025-03-08 09:00:00+00:00,2687.77
DK1,2025-03-08 10:00:00+00:00,2764.12
DK1,2025-03-08 11:00:00+00:00,2783.21
DK1,2025-03-08 12:00:00+00:00,2692.43
DK1,2025-03-08 13:00:00+00:00,2597.38
DK1,2025-03-08 14:00:00+00:00,2302.0
DK1,2025-03-08 15:00:00+00:00,2361.34
DK1,2025-03-08 16:00:00+00:00,2543.3
DK1,2025-03-08 17:00:00+00:00,2553.69
DK1,2025-03-08 18:00:00+00:00,2407.7
DK1,2025-03-08 19:00:00+00:00,2278.5
DK1,2025-03-08 20:00:00+00:00,2266.13
DK1,2025-03-08 21:00:00+00:00,2122.9
DK1,2025-03-08 22:00:00+00:00,2051.53
DK1,2025-03-08 23:00:00+00:00,2098.61
DK1,2025-03-09 00:00:00+00:00,2064.95
DK1,2025-03-09 01:00:00+00:00,2010.19
DK1,2025-03-09 02:00:00+00:00,1936.54
DK1,2025-03-09 03:00:00+00:00,1908.52
DK1,2025-03-09 04:00:00+00:00,1923.32
DK1,2025-03-09 05:00:00+00:00,2018.49
DK1,2025-03-09 06:00:00+00:00,2162.93
DK1,2025-03-09 07:00:00+00:00,2358.03
DK1,2025-03-09 08:00:00+00:00,2563.83
DK1,2025-03-09 09:00:00+00:00,2669.75
DK1,2025-03-09 10:00:00+00:00,2782.46
DK1,2025-03-09 11:00:00+00:00,2852.1
DK1,2025-03-09 12:00:00+00:00,2746.34
DK1,2025-03-09 13:00:00+00:00,2637.04
DK1,2025-03-09 14:00:00+00:00,2526.87
DK1,2025-03-09 15:00:00+00:00,2429.28
DK1,2025-03-09 16:00:00+00:00,2529.96
DK1,2025-03-09 17:00:00+00:00,2586.89
DK1,2025-03-09 18:00:00+00:00,2467.45
DK1,2025-03-09 19:00:00+00:00,2361.98
DK1,2025-03-09 20:00:00+00:00,2269.69
DK1,2025-03-09 21:00:00+00:00,2182.6
DK1,2025-03-09 22:00:00+00:00,2108.34
DK1,2025-03-09 23:00:00+00:00,2241.42
DK1,2025-03-10 00:00:00+00:00,2241.73
DK1,2025-03-10 01:00:00+00:00,2193.01
DK1,2025-03-10 02:00:00+00:00,2120.67
DK1,2025-03-10 03:00:00+00:00,2149.68
DK1,2025-03-10 04:00:00+00:00,2258.44
DK1,2025-03-10 05:00:00+00:00,2629.99
DK1,2025-03-10 06:00:00+00:00,2941.62
DK1,2025-03-10 07:00:00+00:00,3057.86
DK1,2025-03-10 08:00:00+00:00,2999.92
DK1,2025-03-10 09:00:00+00:00,2965.82
DK1,2025-03-10 10:00:00+00:00,2950.79
DK1,2025-03-10 11:00:00+00:00,2942.96
DK1,2025-03-10 12:00:00+00:00,2860.15
DK1,2025-03-10 13:00:00+00:00,2812.91
DK1,2025-03-10 14:00:00+00:00,2763.94
DK1,2025-03-10 15:00:00+00:00,2765.84
DK1,2025-03-10 16:00:00+00:00,2913.81
DK1,2025-03-10 17:00:00+00:00,2907.08
DK1,2025-03-10 18:00:00+00:00,2755.25
DK1,2025-03-10 19:00:00+00:00,2579.81
DK1,2025-03-10 20:00:00+00:00,2515.53
DK1,2025-03-10 21:00:00+00:00,2400.32
DK1,2025-03-10 22:00:00+00:00,2345.9
DK1,2025-03-10 23:00:00+00:00,2392.61
DK1,2025-03-11 00:00:00+00:00,2388.99
DK1,2025-03-11 01:00:00+00:00,2278.92
DK1,2025-03-11 02:00:00+00:00,2224.24
DK1,2025-03-11 03:00:00+00:00,2221.14
DK1,2025-03-11 04:00:00+00:00,2296.42
DK1,2025-03-11 05:00:00+00:00,2647.58
DK1,2025-03-11 06:00:00+00:00,2951.61
DK1,2025-03-11 07:00:00+00:00,3075.47
DK1,2025-03-11 08:00:00+00:00,3104.33
DK1,2025-03-11 09:00:00+00:00,3189.52
DK1,2025-03-11 10:00:00+00:00,3218.71
DK1,2025-03-11 11:00:00+00:00,3205.42
DK1,2025-03-11 12:00:00+00:00,3207.3
DK1,2025-03-11 13:00:00+00:00,3134.5
DK1,2025-03-11 14:00:00+00:00,3009.59
DK1,2025-03-11 15:00:00+00:00,3034.75
DK1,2025-03-11 16:00:00+00:00,3145.11
DK1,2025-03-11 17:00:00+00:00,3107.31
DK1,2025-03-11 18:00:00+00:00,2945.22
DK1,2025-03-11 19:00:00+00:00,2769.34
DK1,2025-03-11 20:00:00+00:00,2671.33
DK1,2025-03-11 21:00:00+00:00,2527.14
DK1,2025-03-11 22:00:00+00:00,2404.25
DK1,2025-03-11 23:00:00+00:00,2655.41
DK1,2025-03-12 00:00:00+00:00,2607.79
DK1,2025-03-12 01:00:00+00:00,2593.69
DK1,2025-03-12 02:00:00+00:00,2477.33
DK1,2025-03-12 03:00:00+00:00,2393.11
DK1,2025-03-12 04:00:00+00:00,2478.92
DK1,2025-03-12 05:00:00+00:00,2729.76
DK1,2025-03-12 06:00:00+00:00,3076.13
DK1,2025-03-12 07:00:00+00:00,3119.0
DK1,2025-03-12 08:00:00+00:00,3109.07
DK1,2025-03-12 09:00:00+00:00,3221.64
DK1,2025-03-12 10:00:00+00:00,3224.01
DK1,2025-03-12 11:00:00+00:00,3191.8
DK1,2025-03-12 12:00:00+00:00,3200.5
DK1,2025-03-12 13:00:00+00:00,3097.32
DK1,2025-03-12 14:00:00+00:00,3003.17
DK1,2025-03-12 15:00:00+00:00,3006.05
DK1,2025-03-12 16:00:00+00:00,3210.26
DK1,2025-03-12 17:00:00+00:00,3163.9
DK1,2025-03-12 18:00:00+00:00,3020.44
DK1,2025-03-12 19:00:00+00:00,2850.72
DK1,2025-03-12 20:00:00+00:00,2722.33
DK1,2025-03-12 21:00:00+00:00,2600.75
DK1,2025-03-12 22:00:00+00:00,2544.35
DK1,2025-03-12 23:00:00+00:00,2654.77
DK1,2025-03-13 00:00:00+00:00,2683.05
DK1,2025-03-13 01:00:00+00:00,2630.91
DK1,2025-03-13 02:00:00+00:00,2553.22
DK1,2025-03-13 03:00:00+00:00,2512.83
DK1,2025-03-13 04:00:00+00:00,2507.02
DK1,2025-03-13 05:00:00+00:00,2770.8
DK1,2025-03-13 06:00:00+00:00,3054.36
DK1,2025-03-13 07:00:00+00:00,3188.43
DK1,2025-03-13 08:00:00+00:00,3172.99
DK1,2025-03-13 09:00:00+00:00,3255.21
DK1,2025-03-13 10:00:00+00:00,3287.59
DK1,2025-03-13 11:00:00+00:00,3202.04
DK1,2025-03-13 12:00:00+00:00,3234.91
DK1,2025-03-13 13:00:00+00:00,3199.07
DK1,2025-03-13 14:00:00+00:00,3049.44
DK1,2025-03-13 15:00:00+00:00,3208.55
DK1,2025-03-13 16:00:00+00:00,3351.24
DK1,2025-03-13 17:00:00+00:00,3262.1
DK1,2025-03-13 18:00:00+00:00,3098.4
DK1,2025-03-13 19:00:00+00:00,2854.91
DK1,2025-03-13 20:00:00+00:00,2707.02
DK1,2025-03-13 21:00:00+00:00,2647.95
DK1,2025-03-13 22:00:00+00:00,2546.11
DK1,2025-03-13 23:00:00+00:00,2691.44
DK1,2025-03-14 00:00:00+00:00,2800.28
DK1,2025-03-14 01:00:00+00:00,2745.76
DK1,2025-03-14 02:00:00+00:00,2685.86
DK1,2025-03-14 03:00:00+00:00,2575.72
DK1,2025-03-14 04:00:00+00:00,2615.21
DK1,2025-03-14 05:00:00+00:00,2901.79
DK1,2025-03-14 06:00:00+00:00,3180.63
DK1,2025-03-14 07:00:00+00:00,3264.94
DK1,2025-03-14 08:00:00+00:00,3160.69
DK1,2025-03-14 09:00:00+00:00,3175.4
DK1,2025-03-14 10:00:00+00:00,3207.12
DK1,2025-03-14 11:00:00+00:00,3154.22
DK1,2025-03-14 12:00:00+00:00,3063.66
DK1,2025-03-14 13:00:00+00:00,2925.54
DK1,2025-03-14 14:00:00+00:00,2798.96
DK1,2025-03-14 15:00:00+00:00,2839.99
DK1,2025-03-14 16:00:00+00:00,2931.15
DK1,2025-03-14 17:00:00+00:00,2939.38
DK1,2025-03-14 18:00:00+00:00,2805.6
DK1,2025-03-14 19:00:00+00:00,2680.3
DK1,2025-03-14 20:00:00+00:00,2639.64
DK1,2025-03-14 21:00:00+00:00,2510.34
DK1,2025-03-14 22:00:00+00:00,2431.86
DK1,2025-03-14 23:00:00+00:00,2509.0
DK1,2025-03-15 00:00:00+00:00,2520.4
DK1,2025-03-15 01:00:00+00:00,2510.08
DK1,2025-03-15 02:00:00+00:00,2542.62
DK1,2025-03-15 03:00:00+00:00,2522.52
DK1,2025-03-15 04:00:00+00:00,2456.95
DK1,2025-03-15 05:00:00+00:00,2520.92
DK1,2025-03-15 06:00:00+00:00,2640.29
DK1,2025-03-15 07:00:00+00:00,2711.7
DK1,2025-03-15 08:00:00+00:00,2644.99
DK1,2025-03-15 09:00:00+00:00,2597.93
DK1,2025-03-15 10:00:00+00:00,2633.24
DK1,2025-03-15 11:00:00+00:00,2733.48
DK1,2025-03-15 12:00:00+00:00,2766.55
DK1,2025-03-15 13:00:00+00:00,2648.69
DK1,2025-03-15 14:00:00+00:00,2593.73
DK1,2025-03-15 15:00:00+00:00,2579.2
DK1,2025-03-15 16:00:00+00:00,2738.57
DK1,2025-03-15 17:00:00+00:00,2721.71
DK1,2025-03-15 18:00:00+00:00,2581.67
DK1,2025-03-15 19:00:00+00:00,2500.59
DK1,2025-03-15 20:00:00+00:00,2412.89
DK1,2025-03-15 21:00:00+00:00,2300.62
DK1,2025-03-15 22:00:00+00:00,2256.06
DK1,2025-03-15 23:00:00+00:00,2345.09
DK1,2025-03-16 00:00:00+00:00,2378.67
DK1,2025-03-16 01:00:00+00:00,2411.07
DK1,2025-03-16 02:00:00+00:00,2365.48
DK1,2025-03-16 03:00:00+00:00,2336.46
DK1,2025-03-16 04:00:00+00:00,2292.36
DK1,2025-03-16 05:00:00+00:00,2347.74
DK1,2025-03-16 06:00:00+00:00,2517.14
DK1,2025-03-16 07:00:00+00:00,2667.33
DK1,2025-03-16 08:00:00+00:00,2776.64
DK1,2025-03-16 09:00:00+00:00,2884.26
DK1,2025-03-16 10:00:00+00:00,2952.23
DK1,2025-03-16 11:00:00+00:00,3030.82
DK1,2025-03-16 12:00:00+00:00,3013.27
DK1,2025-03-16 13:00:00+00:00,2877.82
DK1,2025-03-16 14:00:00+00:00,2883.24
DK1,2025-03-16 15:00:00+00:00,2866.41
DK1,2025-03-16 16:00:00+00:00,2873.79
DK1,2025-03-16 17:00:00+00:00,2823.63
DK1,2025-03-16 18:00:00+00:00,2760.98
DK1,2025-03-16 19:00:00+00:00,2628.56
DK1,2025-03-16 20:00:00+00:00,2583.2
DK1,2025-03-16 21:00:00+00:00,2566.97
DK1,2025-03-16 22:00:00+00:00,2475.84
DK1,2025-03-16 23:00:00+00:00,2641.0
DK1,2025-03-17 00:00:00+00:00,2554.36
DK1,2025-03-17 01:00:00+00:00,2456.55
DK1,2025-03-17 02:00:00+00:00,2387.64
DK1,2025-03-17 03:00:00+00:00,2351.61
DK1,2025-03-17 04:00:00+00:00,2411.57
DK1,2025-03-17 05:00:00+00:00,2657.96
DK1,2025-03-17 06:00:00+00:00,3052.58
DK1,2025-03-17 07:00:00+00:00,3156.11
DK1,2025-03-17 08:00:00+00:00,3104.0
DK1,2025-03-17 09:00:00+00:00,3200.25
DK1,2025-03-17 10:00:00+00:00,3300.78
DK1,2025-03-17 11:00:00+00:00,3235.08
DK1,2025-03-17 12:00:00+00:00,3228.53
DK1,2025-03-17 13:00:00+00:00,3183.94
DK1,2025-03-17 14:00:00+00:00,3051.66
DK1,2025-03-17 15:00:00+00:00,3048.44
DK1,2025-03-17 16:00:00+00:00,3154.5
DK1,2025-03-17 17:00:00+00:00,3064.58
DK1,2025-03-17 18:00:00+00:00,2963.7
DK1,2025-03-17 19:00:00+00:00,2843.04
DK1,2025-03-17 20:00:00+00:00,2756.45
DK1,2025-03-17 21:00:00+00:00,2598.61
DK1,2025-03-17 22:00:00+00:00,2523.25
DK1,2025-03-17 23:00:00+00:00,2671.22
DK1,2025-03-18 00:00:00+00:00,2699.71
DK1,2025-03-18 01:00:00+00:00,2568.93
DK1,2025-03-18 02:00:00+00:00,2558.74
DK1,2025-03-18 03:00:00+00:00,2409.13
DK1,2025-03-18 04:00:00+00:00,2499.13
DK1,2025-03-18 05:00:00+00:00,2823.36
DK1,2025-03-18 06:00:00+00:00,3093.18
DK1,2025-03-18 07:00:00+00:00,3211.81
DK1,2025-03-18 08:00:00+00:00,3301.36
DK1,2025-03-18 09:00:00+00:00,3440.62
DK1,2025-03-18 10:00:00+00:00,3507.04
DK1,2025-03-18 11:00:00+00:00,3546.24
DK1,2025-03-18 12:00:00+00:00,3546.25
DK1,2025-03-18 13:00:00+00:00,3435.82
DK1,2025-03-18 14:00:00+00:00,3254.43
DK1,2025-03-18 15:00:00+00:00,3152.01
DK1,2025-03-18 16:00:00+00:00,3172.98
DK1,2025-03-18 17:00:00+00:00,3049.07
DK1,2025-03-18 18:00:00+00:00,2991.19
DK1,2025-03-18 19:00:00+00:00,2870.76
DK1,2025-03-18 20:00:00+00:00,2751.47
DK1,2025-03-18 21:00:00+00:00,2714.95
DK1,2025-03-18 22:00:00+00:00,2593.24
DK1,2025-03-18 23:00:00+00:00,2668.37
DK1,2025-03-19 00:00:00+00:00,2723.14
DK1,2025-03-19 01:00:00+00:00,2640.0
DK1,2025-03-19 02:00:00+00:00,2572.59
DK1,2025-03-19 03:00:00+00:00,2523.12
DK1,2025-03-19 04:00:00+00:00,2566.77
DK1,2025-03-19 05:00:00+00:00,2830.0
DK1,2025-03-19 06:00:00+00:00,3037.23
DK1,2025-03-19 07:00:00+00:00,3161.55
DK1,2025-03-19 08:00:00+00:00,3166.68
DK1,2025-03-19 09:00:00+00:00,3222.24
DK1,2025-03-19 10:00:00+00:00,3257.02
DK1,2025-03-19 11:00:00+00:00,3237.76
DK1,2025-03-19 12:00:00+00:00,3219.19
DK1,2025-03-19 13:00:00+00:00,3069.0
DK1,2025-03-19 14:00:00+00:00,2867.23
DK1,2025-03-19 15:00:00+00:00,2804.84
DK1,2025-03-19 16:00:00+00:00,2890.54
DK1,2025-03-19 17:00:00+00:00,2841.21
DK1,2025-03-19 18:00:00+00:00,2765.37
DK1,2025-03-19 19:00:00+00:00,2661.18
DK1,2025-03-19 20:00:00+00:00,2580.72
DK1,2025-03-19 21:00:00+00:00,2477.1
DK1,2025-03-19 22:00:00+00:00,2354.27
DK1,2025-03-19 23:00:00+00:00,2434.34
DK1,2025-03-20 00:00:00+00:00,2523.84
DK1,2025-03-20 01:00:00+00:00,2536.48
DK1,2025-03-20 02:00:00+00:00,2442.69
DK1,2025-03-20 03:00:00+00:00,2382.47
DK1,2025-03-20 04:00:00+00:00,2417.52
DK1,2025-03-20 05:00:00+00:00,2697.53
DK1,2025-03-20 06:00:00+00:00,2991.96
DK1,2025-03-20 07:00:00+00:00,3081.16
DK1,2025-03-20 08:00:00+00:00,3086.98
DK1,2025-03-20 09:00:00+00:00,3132.38
DK1,2025-03-20 10:00:00+00:00,3226.67
DK1,2025-03-20 11:00:00+00:00,3191.69
DK1,2025-03-20 12:00:00+00:00,3169.41
DK1,2025-03-20 13:00:00+00:00,2988.13
DK1,2025-03-20 14:00:00+00:00,2785.87
DK1,2025-03-20 15:00:00+00:00,2758.18
DK1,2025-03-20 16:00:00+00:00,2919.49
DK1,2025-03-20 17:00:00+00:00,2930.77
DK1,2025-03-20 18:00:00+00:00,2846.3
DK1,2025-03-20 19:00:00+00:00,2706.14
DK1,2025-03-20 20:00:00+00:00,2611.42
DK1,2025-03-20 21:00:00+00:00,2513.7
DK1,2025-03-20 22:00:00+00:00,2460.86
DK1,2025-03-20 23:00:00+00:00,2488.36
DK1,2025-03-21 00:00:00+00:00,2452.67
DK1,2025-03-21 01:00:00+00:00,2487.55
DK1,2025-03-21 02:00:00+00:00,2474.83
DK1,2025-03-21 03:00:00+00:00,2445.06
DK1,2025-03-21 04:00:00+00:00,2517.74
DK1,2025-03-21 05:00:00+00:00,2809.58
DK1,2025-03-21 06:00:00+00:00,3034.26
DK1,2025-03-21 07:00:00+00:00,3079.33
DK1,2025-03-21 08:00:00+00:00,3039.68
DK1,2025-03-21 09:00:00+00:00,3112.69
DK1,2025-03-21 10:00:00+00:00,3214.69
DK1,2025-03-21 11:00:00+00:00,3206.45
DK1,2025-03-21 12:00:00+00:00,3147.35
DK1,2025-03-21 13:00:00+00:00,3024.75
DK1,2025-03-21 14:00:00+00:00,2908.81
DK1,2025-03-21 15:00:00+00:00,2889.76
DK1,2025-03-21 16:00:00+00:00,2934.48
DK1,2025-03-21 17:00:00+00:00,2872.54
DK1,2025-03-21 18:00:00+00:00,2817.17
DK1,2025-03-21 19:00:00+00:00,2686.07
DK1,2025-03-21 20:00:00+00:00,2579.3
DK1,2025-03-21 21:00:00+00:00,2588.54
DK1,2025-03-21 22:00:00+00:00,2536.79
DK1,2025-03-21 23:00:00+00:00,2598.43
DK1,2025-03-22 00:00:00+00:00,2668.96
DK1,2025-03-22 01:00:00+00:00,2671.0
DK1,2025-03-22 02:00:00+00:00,2622.07
DK1,2025-03-22 03:00:00+00:00,2533.26
DK1,2025-03-22 04:00:00+00:00,2518.78
DK1,2025-03-22 05:00:00+00:00,2552.66
DK1,2025-03-22 06:00:00+00:00,2650.93
DK1,2025-03-22 07:00:00+00:00,2763.12
DK1,2025-03-22 08:00:00+00:00,2847.2
DK1,2025-03-22 09:00:00+00:00,2962.46
DK1,2025-03-22 10:00:00+00:00,3166.3
DK1,2025-03-22 11:00:00+00:00,3203.5
DK1,2025-03-22 12:00:00+00:00,3087.83
DK1,2025-03-22 13:00:00+00:00,2991.64
DK1,2025-03-22 14:00:00+00:00,2832.85
DK1,2025-03-22 15:00:00+00:00,2798.34
DK1,2025-03-22 16:00:00+00:00,2846.19
DK1,2025-03-22 17:00:00+00:00,2818.81
DK1,2025-03-22 18:00:00+00:00,2719.18
DK1,2025-03-22 19:00:00+00:00,2588.88
DK1,2025-03-22 20:00:00+00:00,2524.65
DK1,2025-03-22 21:00:00+00:00,2476.59
DK1,2025-03-22 22:00:00+00:00,2417.71
DK1,2025-03-22 23:00:00+00:00,2577.22
DK1,2025-03-23 00:00:00+00:00,2475.06
DK1,2025-03-23 01:00:00+00:00,2357.12
DK1,2025-03-23 02:00:00+00:00,2307.06
DK1,2025-03-23 03:00:00+00:00,2263.04
DK1,2025-03-23 04:00:00+00:00,2244.44
DK1,2025-03-23 05:00:00+00:00,2307.38
DK1,2025-03-23 06:00:00+00:00,2412.76
DK1,2025-03-23 07:00:00+00:00,2547.92
DK1,2025-03-23 08:00:00+00:00,2688.6
DK1,2025-03-23 09:00:00+00:00,2687.1
DK1,2025-03-23 10:00:00+00:00,2759.46
DK1,2025-03-23 11:00:00+00:00,2816.39
DK1,2025-03-23 12:00:00+00:00,2766.36
DK1,2025-03-23 13:00:00+00:00,2697.45
DK1,2025-03-23 14:00:00+00:00,2670.87
DK1,2025-03-23 15:00:00+00:00,2664.53
DK1,2025-03-23 16:00:00+00:00,2696.05
DK1,2025-03-23 17:00:00+00:00,2664.51
DK1,2025-03-23 18:00:00+00:00,2601.74
DK1,2025-03-23 19:00:00+00:00,2502.86
DK1,2025-03-23 20:00:00+00:00,2394.68
DK1,2025-03-23 21:00:00+00:00,2332.65
DK1,2025-03-23 22:00:00+00:00,2249.06
DK1,2025-03-23 23:00:00+00:00,2332.03
DK1,2025-03-24 00:00:00+00:00,2308.78
DK1,2025-03-24 01:00:00+00:00,2293.59
DK1,2025-03-24 02:00:00+00:00,2175.0
DK1,2025-03-24 03:00:00+00:00,2206.21
DK1,2025-03-24 04:00:00+00:00,2326.11
DK1,2025-03-24 05:00:00+00:00,2664.04
DK1,2025-03-24 06:00:00+00:00,2979.09
DK1,2025-03-24 07:00:00+00:00,3039.9
DK1,2025-03-24 08:00:00+00:00,3027.25
DK1,2025-03-24 09:00:00+00:00,3070.48
DK1,2025-03-24 10:00:00+00:00,3048.03
DK1,2025-03-24 11:00:00+00:00,2993.57
DK1,2025-03-24 12:00:00+00:00,2963.85
DK1,2025-03-24 13:00:00+00:00,2854.2
DK1,2025-03-24 14:00:00+00:00,2731.0
DK1,2025-03-24 15:00:00+00:00,2760.84
DK1,2025-03-24 16:00:00+00:00,2861.85
DK1,2025-03-24 17:00:00+00:00,2855.22
DK1,2025-03-24 18:00:00+00:00,2788.0
DK1,2025-03-24 19:00:00+00:00,2639.67
DK1,2025-03-24 20:00:00+00:00,2522.53
DK1,2025-03-24 21:00:00+00:00,2440.24
DK1,2025-03-24 22:00:00+00:00,2362.34
DK1,2025-03-24 23:00:00+00:00,2425.11
DK1,2025-03-25 00:00:00+00:00,2407.29
DK1,2025-03-25 01:00:00+00:00,2392.93
DK1,2025-03-25 02:00:00+00:00,2393.04
DK1,2025-03-25 03:00:00+00:00,2350.49
DK1,2025-03-25 04:00:00+00:00,2441.68
DK1,2025-03-25 05:00:00+00:00,2759.04
DK1,2025-03-25 06:00:00+00:00,3017.92
DK1,2025-03-25 07:00:00+00:00,3160.81
DK1,2025-03-25 08:00:00+00:00,3177.58
DK1,2025-03-25 09:00:00+00:00,3158.2
DK1,2025-03-25 10:00:00+00:00,3218.02
DK1,2025-03-25 11:00:00+00:00,3178.02
DK1,2025-03-25 12:00:00+00:00,3151.0
DK1,2025-03-25 13:00:00+00:00,3055.55
DK1,2025-03-25 14:00:00+00:00,2948.51
DK1,2025-03-25 15:00:00+00:00,2906.8
DK1,2025-03-25 16:00:00+00:00,3080.23
DK1,2025-03-25 17:00:00+00:00,3095.83
DK1,2025-03-25 18:00:00+00:00,3001.58
DK1,2025-03-25 19:00:00+00:00,2914.06
DK1,2025-03-25 20:00:00+00:00,2802.87
DK1,2025-03-25 21:00:00+00:00,2716.44
DK1,2025-03-25 22:00:00+00:00,2658.5
DK1,2025-03-25 23:00:00+00:00,2606.11
DK1,2025-03-26 00:00:00+00:00,2665.32
DK1,2025-03-26 01:00:00+00:00,2571.62
DK1,2025-03-26 02:00:00+00:00,2553.4
DK1,2025-03-26 03:00:00+00:00,2433.02
DK1,2025-03-26 04:00:00+00:00,2506.77
DK1,2025-03-26 05:00:00+00:00,2687.32
DK1,2025-03-26 06:00:00+00:00,2913.35
DK1,2025-03-26 07:00:00+00:00,3077.15
DK1,2025-03-26 08:00:00+00:00,3103.35
DK1,2025-03-26 09:00:00+00:00,3100.38
DK1,2025-03-26 10:00:00+00:00,3038.23
DK1,2025-03-26 11:00:00+00:00,2971.87
DK1,2025-03-26 12:00:00+00:00,2958.13
DK1,2025-03-26 13:00:00+00:00,2945.45
DK1,2025-03-26 14:00:00+00:00,2843.15
DK1,2025-03-26 15:00:00+00:00,2782.22
DK1,2025-03-26 16:00:00+00:00,2936.36
DK1,2025-03-26 17:00:00+00:00,2869.02
DK1,2025-03-26 18:00:00+00:00,2796.86
DK1,2025-03-26 19:00:00+00:00,2677.18
DK1,2025-03-26 20:00:00+00:00,2575.3
DK1,2025-03-26 21:00:00+00:00,2465.04
DK1,2025-03-26 22:00:00+00:00,2438.2
DK1,2025-03-26 23:00:00+00:00,2503.36
DK1,2025-03-27 00:00:00+00:00,2545.22
DK1,2025-03-27 01:00:00+00:00,2544.74
DK1,2025-03-27 02:00:00+00:00,2479.16
DK1,2025-03-27 03:00:00+00:00,2428.37
DK1,2025-03-27 04:00:00+00:00,2473.88
DK1,2025-03-27 05:00:00+00:00,2739.95
DK1,2025-03-27 06:00:00+00:00,2952.1
DK1,2025-03-27 07:00:00+00:00,2980.17
DK1,2025-03-27 08:00:00+00:00,3119.9
DK1,2025-03-27 09:00:00+00:00,3244.6
DK1,2025-03-27 10:00:00+00:00,3279.87
DK1,2025-03-27 11:00:00+00:00,3253.74
DK1,2025-03-27 12:00:00+00:00,3277.4
DK1,2025-03-27 13:00:00+00:00,3164.97
DK1,2025-03-27 14:00:00+00:00,3020.05
DK1,2025-03-27 15:00:00+00:00,2863.95
DK1,2025-03-27 16:00:00+00:00,2961.16
DK1,2025-03-27 17:00:00+00:00,2947.72
DK1,2025-03-27 18:00:00+00:00,2852.44
DK1,2025-03-27 19:00:00+00:00,2715.29
DK1,2025-03-27 20:00:00+00:00,2590.16
DK1,2025-03-27 21:00:00+00:00,2492.22
DK1,2025-03-27 22:00:00+00:00,2437.55
DK1,2025-03-27 23:00:00+00:00,2462.34
DK1,2025-03-28 00:00:00+00:00,2514.44
DK1,2025-03-28 01:00:00+00:00,2554.1
DK1,2025-03-28 02:00:00+00:00,2555.25
DK1,2025-03-28 03:00:00+00:00,2536.24
DK1,2025-03-28 04:00:00+00:00,2550.98
DK1,2025-03-28 05:00:00+00:00,2727.89
DK1,2025-03-28 06:00:00+00:00,3022.4
DK1,2025-03-28 07:00:00+00:00,3130.45
DK1,2025-03-28 08:00:00+00:00,3193.72
DK1,2025-03-28 09:00:00+00:00,3266.04
DK1,2025-03-28 10:00:00+00:00,3287.58
DK1,2025-03-28 11:00:00+00:00,3237.07
DK1,2025-03-28 12:00:00+00:00,3084.1
DK1,2025-03-28 13:00:00+00:00,2962.95
DK1,2025-03-28 14:00:00+00:00,2810.28
DK1,2025-03-28 15:00:00+00:00,2705.38
DK1,2025-03-28 16:00:00+00:00,2740.84
DK1,2025-03-28 17:00:00+00:00,2656.97
DK1,2025-03-28 18:00:00+00:00,2577.89
DK1,2025-03-28 19:00:00+00:00,2429.03
DK1,2025-03-28 20:00:00+00:00,2311.19
DK1,2025-03-28 21:00:00+00:00,2207.3
DK1,2025-03-28 22:00:00+00:00,2177.45
DK1,2025-03-28 23:00:00+00:00,2195.5
DK1,2025-03-29 00:00:00+00:00,2190.62
DK1,2025-03-29 01:00:00+00:00,2142.27
DK1,2025-03-29 02:00:00+00:00,2104.31
DK1,2025-03-29 03:00:00+00:00,2134.89
DK1,2025-03-29 04:00:00+00:00,2072.23
DK1,2025-03-29 05:00:00+00:00,2098.01
DK1,2025-03-29 06:00:00+00:00,2210.47
DK1,2025-03-29 07:00:00+00:00,2281.74
DK1,2025-03-29 08:00:00+00:00,2456.48
DK1,2025-03-29 09:00:00+00:00,2566.98
DK1,2025-03-29 10:00:00+00:00,2593.68
DK1,2025-03-29 11:00:00+00:00,2617.08
DK1,2025-03-29 12:00:00+00:00,2758.01
DK1,2025-03-29 13:00:00+00:00,2682.26
DK1,2025-03-29 14:00:00+00:00,2622.19
DK1,2025-03-29 15:00:00+00:00,2509.21
DK1,2025-03-29 16:00:00+00:00,2578.42
DK1,2025-03-29 17:00:00+00:00,2532.19
DK1,2025-03-29 18:00:00+00:00,2452.37
DK1,2025-03-29 19:00:00+00:00,2397.77
DK1,2025-03-29 20:00:00+00:00,2364.88
DK1,2025-03-29 21:00:00+00:00,2246.79
DK1,2025-03-29 22:00:00+00:00,2238.16
DK1,2025-03-29 23:00:00+00:00,2395.54
DK1,2025-03-30 00:00:00+00:00,2462.87
DK1,2025-03-30 01:00:00+00:00,2475.0
DK1,2025-03-30 02:00:00+00:00,2464.83
DK1,2025-03-30 03:00:00+00:00,2355.23
DK1,2025-03-30 04:00:00+00:00,2361.81
DK1,2025-03-30 05:00:00+00:00,2442.45
DK1,2025-03-30 06:00:00+00:00,2578.63
DK1,2025-03-30 07:00:00+00:00,2674.67
DK1,2025-03-30 08:00:00+00:00,2767.08
DK1,2025-03-30 09:00:00+00:00,2987.96
DK1,2025-03-30 10:00:00+00:00,3088.93
DK1,2025-03-30 11:00:00+00:00,3015.39
DK1,2025-03-30 12:00:00+00:00,3043.36
DK1,2025-03-30 13:00:00+00:00,2867.17
DK1,2025-03-30 14:00:00+00:00,2757.25
DK1,2025-03-30 15:00:00+00:00,2850.12
DK1,2025-03-30 16:00:00+00:00,2703.57
DK1,2025-03-30 17:00:00+00:00,2620.94
DK1,2025-03-30 18:00:00+00:00,2576.79
DK1,2025-03-30 19:00:00+00:00,2537.02
DK1,2025-03-30 20:00:00+00:00,2382.4
DK1,2025-03-30 21:00:00+00:00,2311.66
DK1,2025-03-30 22:00:00+00:00,2415.01
DK1,2025-03-30 23:00:00+00:00,2459.08
DK1,2025-03-31 00:00:00+00:00,2327.01
DK1,2025-03-31 01:00:00+00:00,2223.36
DK1,2025-03-31 02:00:00+00:00,2211.94
DK1,2025-03-31 03:00:00+00:00,2300.95
DK1,2025-03-31 04:00:00+00:00,2662.04
DK1,2025-03-31 05:00:00+00:00,2918.13
DK1,2025-03-31 06:00:00+00:00,3039.42
DK1,2025-03-31 07:00:00+00:00,2936.93
DK1,2025-03-31 08:00:00+00:00,2985.45
DK1,2025-03-31 09:00:00+00:00,2977.89
DK1,2025-03-31 10:00:00+00:00,2937.55
DK1,2025-03-31 11:00:00+00:00,2949.14
DK1,2025-03-31 12:00:00+00:00,2868.1
DK1,2025-03-31 13:00:00+00:00,2788.89
DK1,2025-03-31 14:00:00+00:00,2815.29
DK1,2025-03-31 15:00:00+00:00,2917.31
DK1,2025-03-31 16:00:00+00:00,2867.41
DK1,2025-03-31 17:00:00+00:00,2669.43
DK1,2025-03-31 18:00:00+00:00,2632.55
DK1,2025-03-31 19:00:00+00:00,2571.68
DK1,2025-03-31 20:00:00+00:00,2423.76
DK1,2025-03-31 21:00:00+00:00,2338.37
DK1,2025-03-31 22:00:00+00:00,2329.37
DK1,2025-03-31 23:00:00+00:00,2387.61
DK1,2025-04-01 00:00:00+00:00,2375.9
DK1,2025-04-01 01:00:00+00:00,2327.42
DK1,2025-04-01 02:00:00+00:00,2292.27
DK1,2025-04-01 03:00:00+00:00,2377.8
DK1,2025-04-01 04:00:00+00:00,2643.49
DK1,2025-04-01 05:00:00+00:00,2934.01
DK1,2025-04-01 06:00:00+00:00,3043.32
DK1,2025-04-01 07:00:00+00:00,2981.24
DK1,2025-04-01 08:00:00+00:00,3010.28
DK1,2025-04-01 09:00:00+00:00,3037.1
DK1,2025-04-01 10:00:00+00:00,3106.93
DK1,2025-04-01 11:00:00+00:00,3178.69
DK1,2025-04-01 12:00:00+00:00,3153.96
DK1,2025-04-01 13:00:00+00:00,2943.12
DK1,2025-04-01 14:00:00+00:00,2868.59
DK1,2025-04-01 15:00:00+00:00,2891.31
DK1,2025-04-01 16:00:00+00:00,2799.78
DK1,2025-04-01 17:00:00+00:00,2633.78
DK1,2025-04-01 18:00:00+00:00,2627.73
DK1,2025-04-01 19:00:00+00:00,2571.71
DK1,2025-04-01 20:00:00+00:00,2452.37
DK1,2025-04-01 21:00:00+00:00,2361.61
DK1,2025-04-01 22:00:00+00:00,2471.61
DK1,2025-04-01 23:00:00+00:00,2528.35
DK1,2025-04-02 00:00:00+00:00,2449.08
DK1,2025-04-02 01:00:00+00:00,2332.59
DK1,2025-04-02 02:00:00+00:00,2251.4
DK1,2025-04-02 03:00:00+00:00,2330.14
DK1,2025-04-02 04:00:00+00:00,2585.7
DK1,2025-04-02 05:00:00+00:00,2903.05
DK1,2025-04-02 06:00:00+00:00,2927.43
DK1,2025-04-02 07:00:00+00:00,2973.89
DK1,2025-04-02 08:00:00+00:00,3105.03
DK1,2025-04-02 09:00:00+00:00,3217.67
DK1,2025-04-02 10:00:00+00:00,3281.9
DK1,2025-04-02 11:00:00+00:00,3265.48
DK1,2025-04-02 12:00:00+00:00,3160.66
DK1,2025-04-02 13:00:00+00:00,3047.49
DK1,2025-04-02 14:00:00+00:00,3020.01
DK1,2025-04-02 15:00:00+00:00,3000.34
DK1,2025-04-02 16:00:00+00:00,2753.74
DK1,2025-04-02 17:00:00+00:00,2620.86
DK1,2025-04-02 18:00:00+00:00,2579.93
DK1,2025-04-02 19:00:00+00:00,2505.6
DK1,2025-04-02 20:00:00+00:00,2415.56
DK1,2025-04-02 21:00:00+00:00,2356.05
DK1,2025-04-02 22:00:00+00:00,2455.39
DK1,2025-04-02 23:00:00+00:00,2406.78
DK1,2025-04-03 00:00:00+00:00,2296.16
DK1,2025-04-03 01:00:00+00:00,2188.53
DK1,2025-04-03 02:00:00+00:00,2157.72
DK1,2025-04-03 03:00:00+00:00,2283.83
DK1,2025-04-03 04:00:00+00:00,2620.91
DK1,2025-04-03 05:00:00+00:00,2847.05
DK1,2025-04-03 06:00:00+00:00,2925.33
DK1,2025-04-03 07:00:00+00:00,2939.03
DK1,2025-04-03 08:00:00+00:00,3032.29
DK1,2025-04-03 09:00:00+00:00,3187.64
DK1,2025-04-03 10:00:00+00:00,3179.9
DK1,2025-04-03 11:00:00+00:00,3204.27
DK1,2025-04-03 12:00:00+00:00,3106.49
DK1,2025-04-03 13:00:00+00:00,2910.01
DK1,2025-04-03 14:00:00+00:00,2809.83
DK1,2025-04-03 15:00:00+00:00,2811.96
DK1,2025-04-03 16:00:00+00:00,2697.77
DK1,2025-04-03 17:00:00+00:00,2579.93
DK1,2025-04-03 18:00:00+00:00,2524.28
DK1,2025-04-03 19:00:00+00:00,2486.04
DK1,2025-04-03 20:00:00+00:00,2393.61
DK1,2025-04-03 21:00:00+00:00,2268.35
DK1,2025-04-03 22:00:00+00:00,2248.98
DK1,2025-04-03 23:00:00+00:00,2320.76
DK1,2025-04-04 00:00:00+00:00,2251.45
DK1,2025-04-04 01:00:00+00:00,2155.33
DK1,2025-04-04 02:00:00+00:00,2136.75
DK1,2025-04-04 03:00:00+00:00,2231.83
DK1,2025-04-04 04:00:00+00:00,2545.56
DK1,2025-04-04 05:00:00+00:00,2842.94
DK1,2025-04-04 06:00:00+00:00,2929.07
DK1,2025-04-04 07:00:00+00:00,3001.88
DK1,2025-04-04 08:00:00+00:00,3041.73
DK1,2025-04-04 09:00:00+00:00,3047.75
DK1,2025-04-04 10:00:00+00:00,3005.54
DK1,2025-04-04 11:00:00+00:00,3035.45
DK1,2025-04-04 12:00:00+00:00,2890.78
DK1,2025-04-04 13:00:00+00:00,2736.4
DK1,2025-04-04 14:00:00+00:00,2741.44
DK1,2025-04-04 15:00:00+00:00,2762.07
DK1,2025-04-04 16:00:00+00:00,2615.45
DK1,2025-04-04 17:00:00+00:00,2464.85
DK1,2025-04-04 18:00:00+00:00,2414.62
DK1,2025-04-04 19:00:00+00:00,2361.47
DK1,2025-04-04 20:00:00+00:00,2293.27
DK1,2025-04-04 21:00:00+00:00,2221.66
DK1,2025-04-04 22:00:00+00:00,2136.4
DK1,2025-04-04 23:00:00+00:00,2162.7
DK1,2025-04-05 00:00:00+00:00,2177.99
DK1,2025-04-05 01:00:00+00:00,2157.06
DK1,2025-04-05 02:00:00+00:00,2098.75
DK1,2025-04-05 03:00:00+00:00,2138.93
DK1,2025-04-05 04:00:00+00:00,2198.44
DK1,2025-04-05 05:00:00+00:00,2312.95
DK1,2025-04-05 06:00:00+00:00,2387.76
DK1,2025-04-05 07:00:00+00:00,2527.08
DK1,2025-04-05 08:00:00+00:00,2714.61
DK1,2025-04-05 09:00:00+00:00,2816.62
DK1,2025-04-05 10:00:00+00:00,2938.76
DK1,2025-04-05 11:00:00+00:00,2929.87
DK1,2025-04-05 12:00:00+00:00,2830.48
DK1,2025-04-05 13:00:00+00:00,2708.26
DK1,2025-04-05 14:00:00+00:00,2630.18
DK1,2025-04-05 15:00:00+00:00,2693.18
DK1,2025-04-05 16:00:00+00:00,2600.92
DK1,2025-04-05 17:00:00+00:00,2397.74
DK1,2025-04-05 18:00:00+00:00,2299.68
DK1,2025-04-05 19:00:00+00:00,2281.62
DK1,2025-04-05 20:00:00+00:00,2191.26
DK1,2025-04-05 21:00:00+00:00,2152.99
DK1,2025-04-05 22:00:00+00:00,2143.63
DK1,2025-04-05 23:00:00+00:00,2119.04
DK1,2025-04-06 00:00:00+00:00,2095.04
DK1,2025-04-06 01:00:00+00:00,2038.56
DK1,2025-04-06 02:00:00+00:00,2025.45
DK1,2025-04-06 03:00:00+00:00,2022.6
DK1,2025-04-06 04:00:00+00:00,2113.84
DK1,2025-04-06 05:00:00+00:00,2229.51
DK1,2025-04-06 06:00:00+00:00,2413.73
DK1,2025-04-06 07:00:00+00:00,2574.79
DK1,2025-04-06 08:00:00+00:00,2708.29
DK1,2025-04-06 09:00:00+00:00,2746.23
DK1,2025-04-06 10:00:00+00:00,2771.93
DK1,2025-04-06 11:00:00+00:00,2765.8
DK1,2025-04-06 12:00:00+00:00,2828.34
DK1,2025-04-06 13:00:00+00:00,2815.13
DK1,2025-04-06 14:00:00+00:00,2760.6
DK1,2025-04-06 15:00:00+00:00,2651.2
DK1,2025-04-06 16:00:00+00:00,2538.67
DK1,2025-04-06 17:00:00+00:00,2407.92
DK1,2025-04-06 18:00:00+00:00,2355.26
DK1,2025-04-06 19:00:00+00:00,2247.89
DK1,2025-04-06 20:00:00+00:00,2208.85
DK1,2025-04-06 21:00:00+00:00,2136.52
DK1,2025-04-06 22:00:00+00:00,2190.01
DK1,2025-04-06 23:00:00+00:00,2258.6
DK1,2025-04-07 00:00:00+00:00,2198.98
DK1,2025-04-07 01:00:00+00:00,2132.57
DK1,2025-04-07 02:00:00+00:00,2109.57
DK1,2025-04-07 03:00:00+00:00,2259.93
DK1,2025-04-07 04:00:00+00:00,2599.23
DK1,2025-04-07 05:00:00+00:00,2900.77
DK1,2025-04-07 06:00:00+00:00,2980.37
DK1,2025-04-07 07:00:00+00:00,3028.22
DK1,2025-04-07 08:00:00+00:00,3077.01
DK1,2025-04-07 09:00:00+00:00,3073.67
DK1,2025-04-07 10:00:00+00:00,3101.08
DK1,2025-04-07 11:00:00+00:00,3219.38
DK1,2025-04-07 12:00:00+00:00,3077.65
DK1,2025-04-07 13:00:00+00:00,2932.8
DK1,2025-04-07 14:00:00+00:00,2879.57
DK1,2025-04-07 15:00:00+00:00,2868.28
DK1,2025-04-07 16:00:00+00:00,2776.68
DK1,2025-04-07 17:00:00+00:00,2665.61
DK1,2025-04-07 18:00:00+00:00,2608.06
DK1,2025-04-07 19:00:00+00:00,2527.79
DK1,2025-04-07 20:00:00+00:00,2425.4
DK1,2025-04-07 21:00:00+00:00,2309.08
DK1,2025-04-07 22:00:00+00:00,2367.55
DK1,2025-04-07 23:00:00+00:00,2451.78
DK1,2025-04-08 00:00:00+00:00,2385.11
DK1,2025-04-08 01:00:00+00:00,2277.52
DK1,2025-04-08 02:00:00+00:00,2241.88
DK1,2025-04-08 03:00:00+00:00,2318.7
DK1,2025-04-08 04:00:00+00:00,2614.01
DK1,2025-04-08 05:00:00+00:00,2913.0
DK1,2025-04-08 06:00:00+00:00,2974.65
DK1,2025-04-08 07:00:00+00:00,3049.98
DK1,2025-04-08 08:00:00+00:00,3017.91
DK1,2025-04-08 09:00:00+00:00,3208.17
DK1,2025-04-08 10:00:00+00:00,3267.55
DK1,2025-04-08 11:00:00+00:00,3271.01
DK1,2025-04-08 12:00:00+00:00,3237.4
DK1,2025-04-08 13:00:00+00:00,3072.64
DK1,2025-04-08 14:00:00+00:00,2910.87
DK1,2025-04-08 15:00:00+00:00,3006.82
DK1,2025-04-08 16:00:00+00:00,2855.06
DK1,2025-04-08 17:00:00+00:00,2684.02
DK1,2025-04-08 18:00:00+00:00,2625.58
DK1,2025-04-08 19:00:00+00:00,2528.7
DK1,2025-04-08 20:00:00+00:00,2434.55
DK1,2025-04-08 21:00:00+00:00,2313.0
DK1,2025-04-08 22:00:00+00:00,2315.6975
DK1,2025-04-08 23:00:00+00:00,2362.4425
DK1,2025-04-09 00:00:00+00:00,2377.7025
DK1,2025-04-09 01:00:00+00:00,2308.3975
DK1,2025-04-09 02:00:00+00:00,2197.36
DK1,2025-04-09 03:00:00+00:00,2257.2625
DK1,2025-04-09 04:00:00+00:00,2527.0875
DK1,2025-04-09 05:00:00+00:00,2828.9675
DK1,2025-04-09 06:00:00+00:00,2890.4975
DK1,2025-04-09 07:00:00+00:00,2934.5775
DK1,2025-04-09 08:00:00+00:00,3129.255
DK1,2025-04-09 09:00:00+00:00,3185.4075
DK1,2025-04-09 10:00:00+00:00,3226.2925
DK1,2025-04-09 11:00:00+00:00,3168.5575
DK1,2025-04-09 12:00:00+00:00,3055.545
DK1,2025-04-09 13:00:00+00:00,2909.3825
DK1,2025-04-09 14:00:00+00:00,2941.505
DK1,2025-04-09 15:00:00+00:00,2955.635
DK1,2025-04-09 16:00:00+00:00,2718.745
DK1,2025-04-09 17:00:00+00:00,2594.81
DK1,2025-04-09 18:00:00+00:00,2531.49
DK1,2025-04-09 19:00:00+00:00,2394.525
DK1,2025-04-09 20:00:00+00:00,2362.435
DK1,2025-04-09 21:00:00+00:00,2320.8825
DK1,2025-04-09 22:00:00+00:00,2334.3825
DK1,2025-04-09 23:00:00+00:00,2377.1325
DK1,2025-04-10 00:00:00+00:00,2335.9925
DK1,2025-04-10 01:00:00+00:00,2265.58
DK1,2025-04-10 02:00:00+00:00,2187.945
DK1,2025-04-10 03:00:00+00:00,2293.68
DK1,2025-04-10 04:00:00+00:00,2596.5225
DK1,2025-04-10 05:00:00+00:00,2867.065
DK1,2025-04-10 06:00:00+00:00,2904.435
DK1,2025-04-10 07:00:00+00:00,2878.1375
DK1,2025-04-10 08:00:00+00:00,2897.24
DK1,2025-04-10 09:00:00+00:00,2951.97
DK1,2025-04-10 10:00:00+00:00,2908.1925
DK1,2025-04-10 11:00:00+00:00,3080.0875
DK1,2025-04-10 12:00:00+00:00,3152.535
DK1,2025-04-10 13:00:00+00:00,3123.0425
DK1,2025-04-10 14:00:00+00:00,3045.9175
DK1,2025-04-10 15:00:00+00:00,3112.85
DK1,2025-04-10 16:00:00+00:00,3060.2625
DK1,2025-04-10 17:00:00+00:00,2950.87
DK1,2025-04-10 18:00:00+00:00,2870.99
DK1,2025-04-10 19:00:00+00:00,2829.48
DK1,2025-04-10 20:00:00+00:00,2693.16
DK1,2025-04-10 21:00:00+00:00,2560.12
DK1,2025-04-10 22:00:00+00:00,2760.535
DK1,2025-04-10 23:00:00+00:00,2730.7725
DK1,2025-04-11 00:00:00+00:00,2759.7825
DK1,2025-04-11 01:00:00+00:00,2691.715
DK1,2025-04-11 02:00:00+00:00,2510.9775
DK1,2025-04-11 03:00:00+00:00,2531.755
DK1,2025-04-11 04:00:00+00:00,2821.95
DK1,2025-04-11 05:00:00+00:00,3050.8425
DK1,2025-04-11 06:00:00+00:00,3179.7825
DK1,2025-04-11 07:00:00+00:00,3211.39
DK1,2025-04-11 08:00:00+00:00,3266.25
DK1,2025-04-11 09:00:00+00:00,3260.175
DK1,2025-04-11 10:00:00+00:00,3292.4675
DK1,2025-04-11 11:00:00+00:00,3367.2825
DK1,2025-04-11 12:00:00+00:00,3195.8575
DK1,2025-04-11 13:00:00+00:00,2904.505
DK1,2025-04-11 14:00:00+00:00,2828.2725
DK1,2025-04-11 15:00:00+00:00,2832.235
DK1,2025-04-11 16:00:00+00:00,2801.615
DK1,2025-04-11 17:00:00+00:00,2641.16
DK1,2025-04-11 18:00:00+00:00,2546.5
DK1,2025-04-11 19:00:00+00:00,2432.7
DK1,2025-04-11 20:00:00+00:00,2376.3275
DK1,2025-04-11 21:00:00+00:00,2306.1525
DK1,2025-04-11 22:00:00+00:00,2244.1725
DK1,2025-04-11 23:00:00+00:00,2200.5575
DK1,2025-04-12 00:00:00+00:00,2138.125
DK1,2025-04-12 01:00:00+00:00,2035.3725
DK1,2025-04-12 02:00:00+00:00,2005.955
DK1,2025-04-12 03:00:00+00:00,2056.23
DK1,2025-04-12 04:00:00+00:00,2098.385
DK1,2025-04-12 05:00:00+00:00,2207.01
DK1,2025-04-12 06:00:00+00:00,2398.545
DK1,2025-04-12 07:00:00+00:00,2490.31
DK1,2025-04-12 08:00:00+00:00,2553.5625
DK1,2025-04-12 09:00:00+00:00,2675.965
DK1,2025-04-12 10:00:00+00:00,2834.4275
DK1,2025-04-12 11:00:00+00:00,2884.2125
DK1,2025-04-12 12:00:00+00:00,2829.145
DK1,2025-04-12 13:00:00+00:00,2733.6075
DK1,2025-04-12 14:00:00+00:00,2541.93
DK1,2025-04-12 15:00:00+00:00,2474.4775
DK1,2025-04-12 16:00:00+00:00,2432.445
DK1,2025-04-12 17:00:00+00:00,2326.795
DK1,2025-04-12 18:00:00+00:00,2292.93
DK1,2025-04-12 19:00:00+00:00,2243.4525
DK1,2025-04-12 20:00:00+00:00,2135.3775
DK1,2025-04-12 21:00:00+00:00,2079.9175
DK1,2025-04-12 22:00:00+00:00,2067.0075
DK1,2025-04-12 23:00:00+00:00,2077.6125
DK1,2025-04-13 00:00:00+00:00,2020.82
DK1,2025-04-13 01:00:00+00:00,2039.4825
DK1,2025-04-13 02:00:00+00:00,2064.1275
DK1,2025-04-13 03:00:00+00:00,2051.8625
DK1,2025-04-13 04:00:00+00:00,2090.785
DK1,2025-04-13 05:00:00+00:00,2217.53
DK1,2025-04-13 06:00:00+00:00,2355.655
DK1,2025-04-13 07:00:00+00:00,2432.55
DK1,2025-04-13 08:00:00+00:00,2570.36
DK1,2025-04-13 09:00:00+00:00,2594.3475
DK1,2025-04-13 10:00:00+00:00,2680.8375
DK1,2025-04-13 11:00:00+00:00,2680.975
DK1,2025-04-13 12:00:00+00:00,2720.7125
DK1,2025-04-13 13:00:00+00:00,2715.5575
DK1,2025-04-13 14:00:00+00:00,2720.21
DK1,2025-04-13 15:00:00+00:00,2687.1725
DK1,2025-04-13 16:00:00+00:00,2600.07
DK1,2025-04-13 17:00:00+00:00,2527.0275
DK1,2025-04-13 18:00:00+00:00,2426.6625
DK1,2025-04-13 19:00:00+00:00,2402.285
DK1,2025-04-13 20:00:00+00:00,2293.92
DK1,2025-04-13 21:00:00+00:00,2229.8475
DK1,2025-04-13 22:00:00+00:00,2192.935
DK1,2025-04-13 23:00:00+00:00,2225.4225
DK1,2025-04-14 00:00:00+00:00,2155.2775
DK1,2025-04-14 01:00:00+00:00,2076.9575
DK1,2025-04-14 02:00:00+00:00,2082.3175
DK1,2025-04-14 03:00:00+00:00,2196.5
DK1,2025-04-14 04:00:00+00:00,2450.9175
DK1,2025-04-14 05:00:00+00:00,2728.2725
DK1,2025-04-14 06:00:00+00:00,2883.7475
DK1,2025-04-14 07:00:00+00:00,2947.2225
DK1,2025-04-14 08:00:00+00:00,3061.8325
DK1,2025-04-14 09:00:00+00:00,3070.0525
DK1,2025-04-14 10:00:00+00:00,3107.2125
DK1,2025-04-14 11:00:00+00:00,3111.03
DK1,2025-04-14 12:00:00+00:00,2989.81
DK1,2025-04-14 13:00:00+00:00,2801.1325
DK1,2025-04-14 14:00:00+00:00,2723.65
DK1,2025-04-14 15:00:00+00:00,2792.96
DK1,2025-04-14 16:00:00+00:00,2773.6525
DK1,2025-04-14 17:00:00+00:00,2622.3975
DK1,2025-04-14 18:00:00+00:00,2559.7825
DK1,2025-04-14 19:00:00+00:00,2581.445
DK1,2025-04-14 20:00:00+00:00,2447.4825
DK1,2025-04-14 21:00:00+00:00,2328.56
DK1,2025-04-14 22:00:00+00:00,2349.54
DK1,2025-04-14 23:00:00+00:00,2366.13
DK1,2025-04-15 00:00:00+00:00,2297.3
DK1,2025-04-15 01:00:00+00:00,2313.97
DK1,2025-04-15 02:00:00+00:00,2292.83
DK1,2025-04-15 03:00:00+00:00,2319.77
DK1,2025-04-15 04:00:00+00:00,2542.1025
DK1,2025-04-15 05:00:00+00:00,2795.0275
DK1,2025-04-15 06:00:00+00:00,2921.5
DK1,2025-04-15 07:00:00+00:00,3064.725
DK1,2025-04-15 08:00:00+00:00,3237.725
DK1,2025-04-15 09:00:00+00:00,3322.2675
DK1,2025-04-15 10:00:00+00:00,3367.48
DK1,2025-04-15 11:00:00+00:00,3347.7175
DK1,2025-04-15 12:00:00+00:00,3193.75
DK1,2025-04-15 13:00:00+00:00,3152.55
DK1,2025-04-15 14:00:00+00:00,3243.13
DK1,2025-04-15 15:00:00+00:00,3230.16
DK1,2025-04-15 16:00:00+00:00,2983.3275
DK1,2025-04-15 17:00:00+00:00,2796.3975
DK1,2025-04-15 18:00:00+00:00,2676.6
DK1,2025-04-15 19:00:00+00:00,2740.28
DK1,2025-04-15 20:00:00+00:00,2653.12
DK1,2025-04-15 21:00:00+00:00,2447.015
DK1,2025-04-15 22:00:00+00:00,2411.9325
DK1,2025-04-15 23:00:00+00:00,2232.2725
DK1,2025-04-16 00:00:00+00:00,2022.7575
DK1,2025-04-16 01:00:00+00:00,2042.195
DK1,2025-04-16 02:00:00+00:00,2082.225
DK1,2025-04-16 03:00:00+00:00,2192.48
DK1,2025-04-16 04:00:00+00:00,2373.1475
DK1,2025-04-16 05:00:00+00:00,2644.08
DK1,2025-04-16 06:00:00+00:00,2778.27
DK1,2025-04-16 07:00:00+00:00,2760.875
DK1,2025-04-16 08:00:00+00:00,2811.525
DK1,2025-04-16 09:00:00+00:00,2886.985
DK1,2025-04-16 10:00:00+00:00,2865.2575
DK1,2025-04-16 11:00:00+00:00,2826.135
DK1,2025-04-16 12:00:00+00:00,2718.1125
DK1,2025-04-16 13:00:00+00:00,2653.35
DK1,2025-04-16 14:00:00+00:00,2619.825
DK1,2025-04-16 15:00:00+00:00,2659.93
DK1,2025-04-16 16:00:00+00:00,2628.5925
DK1,2025-04-16 17:00:00+00:00,2527.055
DK1,2025-04-16 18:00:00+00:00,2423.7675
DK1,2025-04-16 19:00:00+00:00,2353.8525
DK1,2025-04-16 20:00:00+00:00,2232.3925
DK1,2025-04-16 21:00:00+00:00,2092.3675
DK1,2025-04-16 22:00:00+00:00,2088.7175
DK1,2025-04-16 23:00:00+00:00,2103.4225
DK1,2025-04-17 00:00:00+00:00,2056.1575
DK1,2025-04-17 01:00:00+00:00,1989.83
DK1,2025-04-17 02:00:00+00:00,1920.8375
DK1,2025-04-17 03:00:00+00:00,1898.8775
DK1,2025-04-17 04:00:00+00:00,1941.625
DK1,2025-04-17 05:00:00+00:00,2087.47
DK1,2025-04-17 06:00:00+00:00,2212.735
DK1,2025-04-17 07:00:00+00:00,2263.635
DK1,2025-04-17 08:00:00+00:00,2379.4425
DK1,2025-04-17 09:00:00+00:00,2433.4025
DK1,2025-04-17 10:00:00+00:00,2442.095
DK1,2025-04-17 11:00:00+00:00,2383.7275
DK1,2025-04-17 12:00:00+00:00,2357.4025
DK1,2025-04-17 13:00:00+00:00,2381.1025
DK1,2025-04-17 14:00:00+00:00,2437.915
DK1,2025-04-17 15:00:00+00:00,2547.7275
DK1,2025-04-17 16:00:00+00:00,2472.795
DK1,2025-04-17 17:00:00+00:00,2367.9175
DK1,2025-04-17 18:00:00+00:00,2251.8525
DK1,2025-04-17 19:00:00+00:00,2237.755
DK1,2025-04-17 20:00:00+00:00,2130.155
DK1,2025-04-17 21:00:00+00:00,2011.6875
DK1,2025-04-17 22:00:00+00:00,1956.26
DK1,2025-04-17 23:00:00+00:00,1990.6625
DK1,2025-04-18 00:00:00+00:00,1987.1625
DK1,2025-04-18 01:00:00+00:00,1900.825
DK1,2025-04-18 02:00:00+00:00,1946.55
DK1,2025-04-18 03:00:00+00:00,1921.975
DK1,2025-04-18 04:00:00+00:00,1912.96
DK1,2025-04-18 05:00:00+00:00,2032.1925
DK1,2025-04-18 06:00:00+00:00,2222.4625
DK1,2025-04-18 07:00:00+00:00,2344.7275
DK1,2025-04-18 08:00:00+00:00,2517.79
DK1,2025-04-18 09:00:00+00:00,2581.41
DK1,2025-04-18 10:00:00+00:00,2600.5425
DK1,2025-04-18 11:00:00+00:00,2629.355
DK1,2025-04-18 12:00:00+00:00,2655.4075
DK1,2025-04-18 13:00:00+00:00,2621.23
DK1,2025-04-18 14:00:00+00:00,2547.6
DK1,2025-04-18 15:00:00+00:00,2469.5425
DK1,2025-04-18 16:00:00+00:00,2438.2175
DK1,2025-04-18 17:00:00+00:00,2257.795
DK1,2025-04-18 18:00:00+00:00,2215.6625
DK1,2025-04-18 19:00:00+00:00,2218.3875
DK1,2025-04-18 20:00:00+00:00,2128.6
DK1,2025-04-18 21:00:00+00:00,2042.69
DK1,2025-04-18 22:00:00+00:00,2051.58
DK1,2025-04-18 23:00:00+00:00,2096.1575
DK1,2025-04-19 00:00:00+00:00,2009.7575
DK1,2025-04-19 01:00:00+00:00,1940.41
DK1,2025-04-19 02:00:00+00:00,1903.775
DK1,2025-04-19 03:00:00+00:00,1893.535
DK1,2025-04-19 04:00:00+00:00,1938.9025
DK1,2025-04-19 05:00:00+00:00,2059.4175
DK1,2025-04-19 06:00:00+00:00,2262.5425
DK1,2025-04-19 07:00:00+00:00,2395.8025
DK1,2025-04-19 08:00:00+00:00,2549.5175
DK1,2025-04-19 09:00:00+00:00,2785.68
DK1,2025-04-19 10:00:00+00:00,2912.99
DK1,2025-04-19 11:00:00+00:00,2900.1725
DK1,2025-04-19 12:00:00+00:00,2888.065
DK1,2025-04-19 13:00:00+00:00,2878.305
DK1,2025-04-19 14:00:00+00:00,2807.7275
DK1,2025-04-19 15:00:00+00:00,2760.875
DK1,2025-04-19 16:00:00+00:00,2630.4275
DK1,2025-04-19 17:00:00+00:00,2444.595
DK1,2025-04-19 18:00:00+00:00,2406.46
DK1,2025-04-19 19:00:00+00:00,2343.1725
DK1,2025-04-19 20:00:00+00:00,2222.6925
DK1,2025-04-19 21:00:00+00:00,2114.3
DK1,2025-04-19 22:00:00+00:00,2092.0175
DK1,2025-04-19 23:00:00+00:00,2042.3775
DK1,2025-04-20 00:00:00+00:00,1945.31
DK1,2025-04-20 01:00:00+00:00,1885.4875
DK1,2025-04-20 02:00:00+00:00,1852.795
DK1,2025-04-20 03:00:00+00:00,1861.1925
DK1,2025-04-20 04:00:00+00:00,1880.905
DK1,2025-04-20 05:00:00+00:00,2059.7275
DK1,2025-04-20 06:00:00+00:00,2251.735
DK1,2025-04-20 07:00:00+00:00,2505.91
DK1,2025-04-20 08:00:00+00:00,2690.9925
DK1,2025-04-20 09:00:00+00:00,2842.3375
DK1,2025-04-20 10:00:00+00:00,2864.635
DK1,2025-04-20 11:00:00+00:00,2806.0425
DK1,2025-04-20 12:00:00+00:00,2714.9075
DK1,2025-04-20 13:00:00+00:00,2697.6725
DK1,2025-04-20 14:00:00+00:00,2570.9075
DK1,2025-04-20 15:00:00+00:00,2513.065
DK1,2025-04-20 16:00:00+00:00,2429.0775
DK1,2025-04-20 17:00:00+00:00,2301.7425
DK1,2025-04-20 18:00:00+00:00,2201.465
DK1,2025-04-20 19:00:00+00:00,2157.325
DK1,2025-04-20 20:00:00+00:00,2059.8
DK1,2025-04-20 21:00:00+00:00,1980.5
DK1,2025-04-20 22:00:00+00:00,1948.4175
DK1,2025-04-20 23:00:00+00:00,1938.7775
DK1,2025-04-21 00:00:00+00:00,1941.565
DK1,2025-04-21 01:00:00+00:00,1895.455
DK1,2025-04-21 02:00:00+00:00,1845.05
DK1,2025-04-21 03:00:00+00:00,1859.27
DK1,2025-04-21 04:00:00+00:00,1891.5775
DK1,2025-04-21 05:00:00+00:00,2044.29
DK1,2025-04-21 06:00:00+00:00,2228.475
DK1,2025-04-21 07:00:00+00:00,2350.0375
DK1,2025-04-21 08:00:00+00:00,2494.2125
DK1,2025-04-21 09:00:00+00:00,2630.9325
DK1,2025-04-21 10:00:00+00:00,2768.2925
DK1,2025-04-21 11:00:00+00:00,2819.3825
DK1,2025-04-21 12:00:00+00:00,2784.4025
DK1,2025-04-21 13:00:00+00:00,2674.6625
DK1,2025-04-21 14:00:00+00:00,2597.235
DK1,2025-04-21 15:00:00+00:00,2614.255
DK1,2025-04-21 16:00:00+00:00,2527.975
DK1,2025-04-21 17:00:00+00:00,2388.9425
DK1,2025-04-21 18:00:00+00:00,2305.65
DK1,2025-04-21 19:00:00+00:00,2223.825
DK1,2025-04-21 20:00:00+00:00,2112.1775
DK1,2025-04-21 21:00:00+00:00,2055.785
DK1,2025-04-21 22:00:00+00:00,2134.1375
DK1,2025-04-21 23:00:00+00:00,2128.9875
DK1,2025-04-22 00:00:00+00:00,2112.345
DK1,2025-04-22 01:00:00+00:00,2081.99
DK1,2025-04-22 02:00:00+00:00,2069.63
DK1,2025-04-22 03:00:00+00:00,2134.7625
DK1,2025-04-22 04:00:00+00:00,2431.9575
DK1,2025-04-22 05:00:00+00:00,2733.6375
DK1,2025-04-22 06:00:00+00:00,2861.3675
DK1,2025-04-22 07:00:00+00:00,2934.9375
DK1,2025-04-22 08:00:00+00:00,3035.2825
DK1,2025-04-22 09:00:00+00:00,3055.76
DK1,2025-04-22 10:00:00+00:00,3003.7325
DK1,2025-04-22 11:00:00+00:00,3024.2175
DK1,2025-04-22 12:00:00+00:00,2909.11
DK1,2025-04-22 13:00:00+00:00,2812.7275
DK1,2025-04-22 14:00:00+00:00,2838.6725
DK1,2025-04-22 15:00:00+00:00,2868.13
DK1,2025-04-22 16:00:00+00:00,2840.3925
DK1,2025-04-22 17:00:00+00:00,2678.6125
DK1,2025-04-22 18:00:00+00:00,2555.89
DK1,2025-04-22 19:00:00+00:00,2507.41
DK1,2025-04-22 20:00:00+00:00,2400.04
DK1,2025-04-22 21:00:00+00:00,2300.505
DK1,2025-04-22 22:00:00+00:00,2349.5225
DK1,2025-04-22 23:00:00+00:00,2396.725
DK1,2025-04-23 00:00:00+00:00,2373.505
DK1,2025-04-23 01:00:00+00:00,2280.0825
DK1,2025-04-23 02:00:00+00:00,2207.14
DK1,2025-04-23 03:00:00+00:00,2281.93
DK1,2025-04-23 04:00:00+00:00,2511.7025
DK1,2025-04-23 05:00:00+00:00,2824.04
DK1,2025-04-23 06:00:00+00:00,2950.55
DK1,2025-04-23 07:00:00+00:00,3001.4825
DK1,2025-04-23 08:00:00+00:00,3083.3
DK1,2025-04-23 09:00:00+00:00,3045.93
DK1,2025-04-23 10:00:00+00:00,3021.045
DK1,2025-04-23 11:00:00+00:00,3020.315
DK1,2025-04-23 12:00:00+00:00,2924.7775
DK1,2025-04-23 13:00:00+00:00,2802.4125
DK1,2025-04-23 14:00:00+00:00,2787.46
DK1,2025-04-23 15:00:00+00:00,2834.8675
DK1,2025-04-23 16:00:00+00:00,2730.915
DK1,2025-04-23 17:00:00+00:00,2594.32
DK1,2025-04-23 18:00:00+00:00,2500.195
DK1,2025-04-23 19:00:00+00:00,2514.3725
DK1,2025-04-23 20:00:00+00:00,2410.4575
DK1,2025-04-23 21:00:00+00:00,2289.9725
DK1,2025-04-23 22:00:00+00:00,2298.2475
DK1,2025-04-23 23:00:00+00:00,2404.5075
DK1,2025-04-24 00:00:00+00:00,2361.3025
DK1,2025-04-24 01:00:00+00:00,2306.0075
DK1,2025-04-24 02:00:00+00:00,2271.285
DK1,2025-04-24 03:00:00+00:00,2301.6975
DK1,2025-04-24 04:00:00+00:00,2543.67
DK1,2025-04-24 05:00:00+00:00,2811.845
DK1,2025-04-24 06:00:00+00:00,2868.555
DK1,2025-04-24 07:00:00+00:00,2896.48
DK1,2025-04-24 08:00:00+00:00,2919.025
DK1,2025-04-24 09:00:00+00:00,2891.155
DK1,2025-04-24 10:00:00+00:00,2853.035
DK1,2025-04-24 11:00:00+00:00,2915.7325
DK1,2025-04-24 12:00:00+00:00,2810.6475
DK1,2025-04-24 13:00:00+00:00,2717.265
DK1,2025-04-24 14:00:00+00:00,2691.725
DK1,2025-04-24 15:00:00+00:00,2789.2775
DK1,2025-04-24 16:00:00+00:00,2723.68
DK1,2025-04-24 17:00:00+00:00,2634.765
DK1,2025-04-24 18:00:00+00:00,2534.8975
DK1,2025-04-24 19:00:00+00:00,2506.935
DK1,2025-04-24 20:00:00+00:00,2416.5475
DK1,2025-04-24 21:00:00+00:00,2303.955
DK1,2025-04-24 22:00:00+00:00,2339.76
DK1,2025-04-24 23:00:00+00:00,2444.6325
DK1,2025-04-25 00:00:00+00:00,2379.5325
DK1,2025-04-25 01:00:00+00:00,2268.71
DK1,2025-04-25 02:00:00+00:00,2210.9125
DK1,2025-04-25 03:00:00+00:00,2252.62
DK1,2025-04-25 04:00:00+00:00,2461.2575
DK1,2025-04-25 05:00:00+00:00,2742.85
DK1,2025-04-25 06:00:00+00:00,2884.875
DK1,2025-04-25 07:00:00+00:00,2929.7775
DK1,2025-04-25 08:00:00+00:00,2956.175
DK1,2025-04-25 09:00:00+00:00,2922.97
DK1,2025-04-25 10:00:00+00:00,2849.92
DK1,2025-04-25 11:00:00+00:00,2840.48
DK1,2025-04-25 12:00:00+00:00,2720.1675
DK1,2025-04-25 13:00:00+00:00,2621.205
DK1,2025-04-25 14:00:00+00:00,2592.505
DK1,2025-04-25 15:00:00+00:00,2595.0725
DK1,2025-04-25 16:00:00+00:00,2551.515
DK1,2025-04-25 17:00:00+00:00,2448.53
DK1,2025-04-25 18:00:00+00:00,2320.415
DK1,2025-04-25 19:00:00+00:00,2259.73
DK1,2025-04-25 20:00:00+00:00,2217.08
DK1,2025-04-25 21:00:00+00:00,2176.61
DK1,2025-04-25 22:00:00+00:00,2085.5225
DK1,2025-04-25 23:00:00+00:00,2089.0625
DK1,2025-04-26 00:00:00+00:00,2056.6975
DK1,2025-04-26 01:00:00+00:00,2036.8275
DK1,2025-04-26 02:00:00+00:00,1992.0625
DK1,2025-04-26 03:00:00+00:00,1980.345
DK1,2025-04-26 04:00:00+00:00,2003.1475
DK1,2025-04-26 05:00:00+00:00,2101.085
DK1,2025-04-26 06:00:00+00:00,2210.87
DK1,2025-04-26 07:00:00+00:00,2296.755
DK1,2025-04-26 08:00:00+00:00,2523.34
DK1,2025-04-26 09:00:00+00:00,2577.57
DK1,2025-04-26 10:00:00+00:00,2665.4425
DK1,2025-04-26 11:00:00+00:00,2708.8975
DK1,2025-04-26 12:00:00+00:00,2620.0725
DK1,2025-04-26 13:00:00+00:00,2518.5425
DK1,2025-04-26 14:00:00+00:00,2376.96
DK1,2025-04-26 15:00:00+00:00,2325.9
DK1,2025-04-26 16:00:00+00:00,2241.17
DK1,2025-04-26 17:00:00+00:00,2160.88
DK1,2025-04-26 18:00:00+00:00,2110.48
DK1,2025-04-26 19:00:00+00:00,2118.6275
DK1,2025-04-26 20:00:00+00:00,2041.5425
DK1,2025-04-26 21:00:00+00:00,1949.0825
DK1,2025-04-26 22:00:00+00:00,1928.05
DK1,2025-04-26 23:00:00+00:00,1915.3825
DK1,2025-04-27 00:00:00+00:00,1890.835
DK1,2025-04-27 01:00:00+00:00,1859.965
DK1,2025-04-27 02:00:00+00:00,1864.4075
DK1,2025-04-27 03:00:00+00:00,1863.5575
DK1,2025-04-27 04:00:00+00:00,1896.515
DK1,2025-04-27 05:00:00+00:00,2017.2925
DK1,2025-04-27 06:00:00+00:00,2145.715
DK1,2025-04-27 07:00:00+00:00,2376.1625
DK1,2025-04-27 08:00:00+00:00,2568.625
DK1,2025-04-27 09:00:00+00:00,2688.86
DK1,2025-04-27 10:00:00+00:00,2728.2525
DK1,2025-04-27 11:00:00+00:00,2679.05
DK1,2025-04-27 12:00:00+00:00,2705.8675
DK1,2025-04-27 13:00:00+00:00,2607.5025
DK1,2025-04-27 14:00:00+00:00,2525.405
DK1,2025-04-27 15:00:00+00:00,2545.7825
DK1,2025-04-27 16:00:00+00:00,2460.325
DK1,2025-04-27 17:00:00+00:00,2332.74
DK1,2025-04-27 18:00:00+00:00,2241.0675
DK1,2025-04-27 19:00:00+00:00,2216.9675
DK1,2025-04-27 20:00:00+00:00,2165.05
DK1,2025-04-27 21:00:00+00:00,2085.12
DK1,2025-04-27 22:00:00+00:00,2071.0275
DK1,2025-04-27 23:00:00+00:00,2091.79
DK1,2025-04-28 00:00:00+00:00,2068.54
DK1,2025-04-28 01:00:00+00:00,1989.47
DK1,2025-04-28 02:00:00+00:00,2004.05
DK1,2025-04-28 03:00:00+00:00,2117.3825
DK1,2025-04-28 04:00:00+00:00,2371.9875
DK1,2025-04-28 05:00:00+00:00,2632.525
DK1,2025-04-28 06:00:00+00:00,2719.5725
DK1,2025-04-28 07:00:00+00:00,2849.8225
DK1,2025-04-28 08:00:00+00:00,3207.3525
DK1,2025-04-28 09:00:00+00:00,3078.3275
DK1,2025-04-28 10:00:00+00:00,3164.9125
DK1,2025-04-28 11:00:00+00:00,3234.6375
DK1,2025-04-28 12:00:00+00:00,3182.4825
DK1,2025-04-28 13:00:00+00:00,2914.62
DK1,2025-04-28 14:00:00+00:00,2806.2325
DK1,2025-04-28 15:00:00+00:00,2817.8075
DK1,2025-04-28 16:00:00+00:00,2724.92
DK1,2025-04-28 17:00:00+00:00,2576.0625
DK1,2025-04-28 18:00:00+00:00,2426.805
DK1,2025-04-28 19:00:00+00:00,2362.3025
DK1,2025-04-28 20:00:00+00:00,2305.2275
DK1,2025-04-28 21:00:00+00:00,2198.0925
DK1,2025-04-28 22:00:00+00:00,2150.865
DK1,2025-04-28 23:00:00+00:00,2159.855
DK1,2025-04-29 00:00:00+00:00,2136.29
DK1,2025-04-29 01:00:00+00:00,2046.325
DK1,2025-04-29 02:00:00+00:00,2063.155
DK1,2025-04-29 03:00:00+00:00,2093.15
DK1,2025-04-29 04:00:00+00:00,2365.6625
DK1,2025-04-29 05:00:00+00:00,2618.56
DK1,2025-04-29 06:00:00+00:00,2770.1875
DK1,2025-04-29 07:00:00+00:00,2816.535
DK1,2025-04-29 08:00:00+00:00,2914.495
DK1,2025-04-29 09:00:00+00:00,2924.4225
DK1,2025-04-29 10:00:00+00:00,2950.0725
DK1,2025-04-29 11:00:00+00:00,3075.1425
DK1,2025-04-29 12:00:00+00:00,2924.9875
DK1,2025-04-29 13:00:00+00:00,2858.95
DK1,2025-04-29 14:00:00+00:00,2726.3375
DK1,2025-04-29 15:00:00+00:00,2757.58
DK1,2025-04-29 16:00:00+00:00,2643.785
DK1,2025-04-29 17:00:00+00:00,2519.6525
DK1,2025-04-29 18:00:00+00:00,2453.61
DK1,2025-04-29 19:00:00+00:00,2415.905
DK1,2025-04-29 20:00:00+00:00,2233.9
DK1,2025-04-29 21:00:00+00:00,2198.395
DK1,2025-04-29 22:00:00+00:00,2261.6625
DK1,2025-04-29 23:00:00+00:00,2210.09
DK1,2025-04-30 00:00:00+00:00,2154.38
DK1,2025-04-30 01:00:00+00:00,2051.685
DK1,2025-04-30 02:00:00+00:00,2015.6075
DK1,2025-04-30 03:00:00+00:00,2098.92
DK1,2025-04-30 04:00:00+00:00,2368.83
DK1,2025-04-30 05:00:00+00:00,2658.445
DK1,2025-04-30 06:00:00+00:00,2775.505
DK1,2025-04-30 07:00:00+00:00,2791.2275
DK1,2025-04-30 08:00:00+00:00,2960.4625
DK1,2025-04-30 09:00:00+00:00,2942.805
DK1,2025-04-30 10:00:00+00:00,2990.2
DK1,2025-04-30 11:00:00+00:00,3070.9975
DK1,2025-04-30 12:00:00+00:00,2971.1975
DK1,2025-04-30 13:00:00+00:00,2787.99
DK1,2025-04-30 14:00:00+00:00,2749.12
DK1,2025-04-30 15:00:00+00:00,2733.585
DK1,2025-04-30 16:00:00+00:00,2628.075
DK1,2025-04-30 17:00:00+00:00,2552.195
DK1,2025-04-30 18:00:00+00:00,2380.98
DK1,2025-04-30 19:00:00+00:00,2438.3525
DK1,2025-04-30 20:00:00+00:00,2321.755
DK1,2025-04-30 21:00:00+00:00,2189.485
DK1,2025-04-30 22:00:00+00:00,2105.105
DK1,2025-04-30 23:00:00+00:00,2090.17
DK1,2025-05-01 00:00:00+00:00,2106.9225
DK1,2025-05-01 01:00:00+00:00,2036.7925
DK1,2025-05-01 02:00:00+00:00,1927.66
DK1,2025-05-01 03:00:00+00:00,2056.945
DK1,2025-05-01 04:00:00+00:00,2206.2575
DK1,2025-05-01 05:00:00+00:00,2411.255
DK1,2025-05-01 06:00:00+00:00,2556.11
DK1,2025-05-01 07:00:00+00:00,2660.9025
DK1,2025-05-01 08:00:00+00:00,2745.005
DK1,2025-05-01 09:00:00+00:00,2867.4025
DK1,2025-05-01 10:00:00+00:00,2830.345
DK1,2025-05-01 11:00:00+00:00,2796.505
DK1,2025-05-01 12:00:00+00:00,2772.4725
DK1,2025-05-01 13:00:00+00:00,2770.125
DK1,2025-05-01 14:00:00+00:00,2697.6275
DK1,2025-05-01 15:00:00+00:00,2551.815
DK1,2025-05-01 16:00:00+00:00,2487.4425
DK1,2025-05-01 17:00:00+00:00,2389.6625
DK1,2025-05-01 18:00:00+00:00,2314.5075
DK1,2025-05-01 19:00:00+00:00,2314.0375
DK1,2025-05-01 20:00:00+00:00,2223.145
DK1,2025-05-01 21:00:00+00:00,2100.33
DK1,2025-05-01 22:00:00+00:00,2099.71
DK1,2025-05-01 23:00:00+00:00,2153.1125
DK1,2025-05-02 00:00:00+00:00,2170.38
DK1,2025-05-02 01:00:00+00:00,2037.835
DK1,2025-05-02 02:00:00+00:00,1997.8275
DK1,2025-05-02 03:00:00+00:00,2027.85
DK1,2025-05-02 04:00:00+00:00,2315.465
DK1,2025-05-02 05:00:00+00:00,2516.055
DK1,2025-05-02 06:00:00+00:00,2712.43
DK1,2025-05-02 07:00:00+00:00,2879.385
DK1,2025-05-02 08:00:00+00:00,3020.19
DK1,2025-05-02 09:00:00+00:00,3068.93
DK1,2025-05-02 10:00:00+00:00,3017.16
DK1,2025-05-02 11:00:00+00:00,2915.355
DK1,2025-05-02 12:00:00+00:00,2847.545
DK1,2025-05-02 13:00:00+00:00,2724.5475
DK1,2025-05-02 14:00:00+00:00,2712.525
DK1,2025-05-02 15:00:00+00:00,2690.5375
DK1,2025-05-02 16:00:00+00:00,2623.7325
DK1,2025-05-02 17:00:00+00:00,2435.4075
DK1,2025-05-02 18:00:00+00:00,2370.0975
DK1,2025-05-02 19:00:00+00:00,2330.745
DK1,2025-05-02 20:00:00+00:00,2249.5425
DK1,2025-05-02 21:00:00+00:00,2159.415
DK1,2025-05-02 22:00:00+00:00,2132.275
DK1,2025-05-02 23:00:00+00:00,2167.64
DK1,2025-05-03 00:00:00+00:00,2101.755
DK1,2025-05-03 01:00:00+00:00,2001.305
DK1,2025-05-03 02:00:00+00:00,1956.7425
DK1,2025-05-03 03:00:00+00:00,1897.41
DK1,2025-05-03 04:00:00+00:00,1908.9
DK1,2025-05-03 05:00:00+00:00,2066.095
DK1,2025-05-03 06:00:00+00:00,2254.0325
DK1,2025-05-03 07:00:00+00:00,2342.66
DK1,2025-05-03 08:00:00+00:00,2526.9125
DK1,2025-05-03 09:00:00+00:00,2617.975
DK1,2025-05-03 10:00:00+00:00,2709.93
DK1,2025-05-03 11:00:00+00:00,2671.395
DK1,2025-05-03 12:00:00+00:00,2655.7975
DK1,2025-05-03 13:00:00+00:00,2566.54
DK1,2025-05-03 14:00:00+00:00,2559.2625
DK1,2025-05-03 15:00:00+00:00,2590.3975
DK1,2025-05-03 16:00:00+00:00,2498.2975
DK1,2025-05-03 17:00:00+00:00,2354.77
DK1,2025-05-03 18:00:00+00:00,2231.4325
DK1,2025-05-03 19:00:00+00:00,2209.7225
DK1,2025-05-03 20:00:00+00:00,2139.6475
DK1,2025-05-03 21:00:00+00:00,2046.6675
DK1,2025-05-03 22:00:00+00:00,1996.135
DK1,2025-05-03 23:00:00+00:00,1970.8375
DK1,2025-05-04 00:00:00+00:00,1961.145
DK1,2025-05-04 01:00:00+00:00,2007.3025
DK1,2025-05-04 02:00:00+00:00,1971.155
DK1,2025-05-04 03:00:00+00:00,1970.0375
DK1,2025-05-04 04:00:00+00:00,2035.89
DK1,2025-05-04 05:00:00+00:00,2111.0975
DK1,2025-05-04 06:00:00+00:00,2312.99
DK1,2025-05-04 07:00:00+00:00,2408.3125
DK1,2025-05-04 08:00:00+00:00,2497.48
DK1,2025-05-04 09:00:00+00:00,2555.0525
DK1,2025-05-04 10:00:00+00:00,2656.2075
DK1,2025-05-04 11:00:00+00:00,2751.15
DK1,2025-05-04 12:00:00+00:00,2683.9775
DK1,2025-05-04 13:00:00+00:00,2582.6925
DK1,2025-05-04 14:00:00+00:00,2524.95
DK1,2025-05-04 15:00:00+00:00,2542.28
DK1,2025-05-04 16:00:00+00:00,2441.9
DK1,2025-05-04 17:00:00+00:00,2374.8175
DK1,2025-05-04 18:00:00+00:00,2297.34
DK1,2025-05-04 19:00:00+00:00,2278.6675
DK1,2025-05-04 20:00:00+00:00,2231.265
DK1,2025-05-04 21:00:00+00:00,2118.8175
DK1,2025-05-04 22:00:00+00:00,2203.4975
DK1,2025-05-04 23:00:00+00:00,2228.8
DK1,2025-05-05 00:00:00+00:00,2159.025
DK1,2025-05-05 01:00:00+00:00,2091.3675
DK1,2025-05-05 02:00:00+00:00,2077.575
DK1,2025-05-05 03:00:00+00:00,2139.28
DK1,2025-05-05 04:00:00+00:00,2438.71
DK1,2025-05-05 05:00:00+00:00,2704.22
DK1,2025-05-05 06:00:00+00:00,2816.3575
DK1,2025-05-05 07:00:00+00:00,2828.6
DK1,2025-05-05 08:00:00+00:00,2860.8475
DK1,2025-05-05 09:00:00+00:00,2880.9625
DK1,2025-05-05 10:00:00+00:00,2875.965
DK1,2025-05-05 11:00:00+00:00,2900.945
DK1,2025-05-05 12:00:00+00:00,2838.59
DK1,2025-05-05 13:00:00+00:00,2733.065
DK1,2025-05-05 14:00:00+00:00,2733.5925
DK1,2025-05-05 15:00:00+00:00,2837.6175
DK1,2025-05-05 16:00:00+00:00,2872.045
DK1,2025-05-05 17:00:00+00:00,2741.0375
DK1,2025-05-05 18:00:00+00:00,2664.5375
DK1,2025-05-05 19:00:00+00:00,2628.6825
DK1,2025-05-05 20:00:00+00:00,2511.69
DK1,2025-05-05 21:00:00+00:00,2435.71
DK1,2025-05-05 22:00:00+00:00,2423.79
DK1,2025-05-05 23:00:00+00:00,2410.8275
DK1,2025-05-06 00:00:00+00:00,2340.01
DK1,2025-05-06 01:00:00+00:00,2229.3175
DK1,2025-05-06 02:00:00+00:00,2115.7725
DK1,2025-05-06 03:00:00+00:00,2167.6875
DK1,2025-05-06 04:00:00+00:00,2430.08
DK1,2025-05-06 05:00:00+00:00,2679.9225
DK1,2025-05-06 06:00:00+00:00,2775.2525
DK1,2025-05-06 07:00:00+00:00,2776.87
DK1,2025-05-06 08:00:00+00:00,2699.495
DK1,2025-05-06 09:00:00+00:00,2794.825
DK1,2025-05-06 10:00:00+00:00,2864.9375
DK1,2025-05-06 11:00:00+00:00,2870.545
DK1,2025-05-06 12:00:00+00:00,2772.315
DK1,2025-05-06 13:00:00+00:00,2609.7925
DK1,2025-05-06 14:00:00+00:00,2613.265
DK1,2025-05-06 15:00:00+00:00,2665.1475
DK1,2025-05-06 16:00:00+00:00,2627.8
DK1,2025-05-06 17:00:00+00:00,2514.005
DK1,2025-05-06 18:00:00+00:00,2456.675
DK1,2025-05-06 19:00:00+00:00,2443.2575
DK1,2025-05-06 20:00:00+00:00,2399.9
DK1,2025-05-06 21:00:00+00:00,2326.74
DK1,2025-05-06 22:00:00+00:00,2340.0525
DK1,2025-05-06 23:00:00+00:00,2378.005
DK1,2025-05-07 00:00:00+00:00,2310.7825
DK1,2025-05-07 01:00:00+00:00,2178.9625
DK1,2025-05-07 02:00:00+00:00,2128.7
DK1,2025-05-07 03:00:00+00:00,2175.9225
DK1,2025-05-07 04:00:00+00:00,2426.125
DK1,2025-05-07 05:00:00+00:00,2632.5275
DK1,2025-05-07 06:00:00+00:00,2685.4625
DK1,2025-05-07 07:00:00+00:00,2754.21
DK1,2025-05-07 08:00:00+00:00,2800.1025
DK1,2025-05-07 09:00:00+00:00,2812.795
DK1,2025-05-07 10:00:00+00:00,2773.2
DK1,2025-05-07 11:00:00+00:00,2763.85
DK1,2025-05-07 12:00:00+00:00,2661.645
DK1,2025-05-07 13:00:00+00:00,2600.645
DK1,2025-05-07 14:00:00+00:00,2630.085
DK1,2025-05-07 15:00:00+00:00,2757.8475
DK1,2025-05-07 16:00:00+00:00,2721.505
DK1,2025-05-07 17:00:00+00:00,2633.6075
DK1,2025-05-07 18:00:00+00:00,2536.1625
DK1,2025-05-07 19:00:00+00:00,2520.655
DK1,2025-05-07 20:00:00+00:00,2476.2875
DK1,2025-05-07 21:00:00+00:00,2385.715
DK1,2025-05-07 22:00:00+00:00,2376.8375
DK1,2025-05-07 23:00:00+00:00,2451.5275
DK1,2025-05-08 00:00:00+00:00,2414.255
DK1,2025-05-08 01:00:00+00:00,2265.275
DK1,2025-05-08 02:00:00+00:00,2222.7225
DK1,2025-05-08 03:00:00+00:00,2278.955
DK1,2025-05-08 04:00:00+00:00,2503.225
DK1,2025-05-08 05:00:00+00:00,2703.475
DK1,2025-05-08 06:00:00+00:00,2764.7675
DK1,2025-05-08 12:00:00+00:00,2732.9575
DK1,2025-05-08 13:00:00+00:00,2621.2975
DK1,2025-05-08 14:00:00+00:00,2538.3825
DK1,2025-05-08 15:00:00+00:00,2689.1025
DK1,2025-05-08 16:00:00+00:00,2729.2075
DK1,2025-05-08 17:00:00+00:00,2626.56
DK1,2025-05-08 18:00:00+00:00,2525.585
DK1,2025-05-08 19:00:00+00:00,2401.0825
DK1,2025-05-08 20:00:00+00:00,2445.845
DK1,2025-05-08 21:00:00+00:00,2346.9925
DK1,2025-05-08 22:00:00+00:00,2325.0875
DK1,2025-05-08 23:00:00+00:00,2343.5775
DK1,2025-05-09 00:00:00+00:00,2342.6325
DK1,2025-05-09 01:00:00+00:00,2230.085
DK1,2025-05-09 02:00:00+00:00,2166.535
DK1,2025-05-09 03:00:00+00:00,2187.665
DK1,2025-05-09 04:00:00+00:00,2446.94
DK1,2025-05-09 05:00:00+00:00,2689.175
DK1,2025-05-09 06:00:00+00:00,2885.635
DK1,2025-05-09 07:00:00+00:00,2944.845
DK1,2025-05-09 08:00:00+00:00,3076.5925
DK1,2025-05-09 09:00:00+00:00,3188.215
DK1,2025-05-09 10:00:00+00:00,3179.745
DK1,2025-05-09 11:00:00+00:00,3128.15
DK1,2025-05-09 12:00:00+00:00,3090.2925
DK1,2025-05-09 13:00:00+00:00,2955.4675
DK1,2025-05-09 14:00:00+00:00,2856.4475
DK1,2025-05-09 15:00:00+00:00,2804.86
DK1,2025-05-09 16:00:00+00:00,2735.15
DK1,2025-05-09 17:00:00+00:00,2552.0325
DK1,2025-05-09 18:00:00+00:00,2416.4775
DK1,2025-05-09 19:00:00+00:00,2341.1125
DK1,2025-05-09 20:00:00+00:00,2285.335
DK1,2025-05-09 21:00:00+00:00,2263.31
DK1,2025-05-09 22:00:00+00:00,2120.165
DK1,2025-05-09 23:00:00+00:00,2144.6325
DK1,2025-05-10 00:00:00+00:00,2108.89
DK1,2025-05-10 01:00:00+00:00,2035.59
DK1,2025-05-10 02:00:00+00:00,1936.535
DK1,2025-05-10 03:00:00+00:00,1891.2525
DK1,2025-05-10 04:00:00+00:00,1943.59
DK1,2025-05-10 05:00:00+00:00,2108.315
DK1,2025-05-10 06:00:00+00:00,2276.3025
DK1,2025-05-10 07:00:00+00:00,2525.0825
DK1,2025-05-10 08:00:00+00:00,2641.54
DK1,2025-05-10 09:00:00+00:00,2625.1025
DK1,2025-05-10 10:00:00+00:00,2650.605
DK1,2025-05-10 11:00:00+00:00,2554.5625
DK1,2025-05-10 12:00:00+00:00,2609.6725
DK1,2025-05-10 13:00:00+00:00,2602.7125
DK1,2025-05-10 14:00:00+00:00,2486.14
DK1,2025-05-10 15:00:00+00:00,2484.3125
DK1,2025-05-10 16:00:00+00:00,2392.965
DK1,2025-05-10 17:00:00+00:00,2282.255
DK1,2025-05-10 18:00:00+00:00,2198.665
DK1,2025-05-10 19:00:00+00:00,2168.8075
DK1,2025-05-10 20:00:00+00:00,2137.1275
DK1,2025-05-10 21:00:00+00:00,2045.5425
DK1,2025-05-10 22:00:00+00:00,1994.385
DK1,2025-05-10 23:00:00+00:00,1970.1275
DK1,2025-05-11 00:00:00+00:00,1914.3875
DK1,2025-05-11 01:00:00+00:00,1832.6275
DK1,2025-05-11 02:00:00+00:00,1794.3275
DK1,2025-05-11 03:00:00+00:00,1786.05
DK1,2025-05-11 04:00:00+00:00,1807.5525
DK1,2025-05-11 05:00:00+00:00,1947.9925
DK1,2025-05-11 06:00:00+00:00,2271.855
DK1,2025-05-11 07:00:00+00:00,2445.2675
DK1,2025-05-11 08:00:00+00:00,2556.5675
DK1,2025-05-11 09:00:00+00:00,2643.7875
DK1,2025-05-11 10:00:00+00:00,2608.4575
DK1,2025-05-11 11:00:00+00:00,2666.4275
DK1,2025-05-11 12:00:00+00:00,2655.645
DK1,2025-05-11 13:00:00+00:00,2581.2225
DK1,2025-05-11 14:00:00+00:00,2529.5425
DK1,2025-05-11 15:00:00+00:00,2520.87
DK1,2025-05-11 16:00:00+00:00,2387.1275
DK1,2025-05-11 17:00:00+00:00,2292.29
DK1,2025-05-11 18:00:00+00:00,2241.995
DK1,2025-05-11 19:00:00+00:00,2277.545
DK1,2025-05-11 20:00:00+00:00,2250.105
DK1,2025-05-11 21:00:00+00:00,2158.0425
DK1,2025-05-11 22:00:00+00:00,2178.495
DK1,2025-05-11 23:00:00+00:00,2166.695
DK1,2025-05-12 00:00:00+00:00,2131.9225
DK1,2025-05-12 01:00:00+00:00,2013.2925
DK1,2025-05-12 02:00:00+00:00,1984.61
DK1,2025-05-12 03:00:00+00:00,2077.625
DK1,2025-05-12 04:00:00+00:00,2323.825
DK1,2025-05-12 05:00:00+00:00,2608.245
DK1,2025-05-12 06:00:00+00:00,2792.1325
DK1,2025-05-12 07:00:00+00:00,2852.06
DK1,2025-05-12 08:00:00+00:00,3113.7325
DK1,2025-05-12 09:00:00+00:00,3103.5075
DK1,2025-05-12 10:00:00+00:00,3141.5675
DK1,2025-05-12 11:00:00+00:00,3109.42
DK1,2025-05-12 12:00:00+00:00,3065.765
DK1,2025-05-12 13:00:00+00:00,2985.025
DK1,2025-05-12 14:00:00+00:00,2814.495
DK1,2025-05-12 15:00:00+00:00,2782.1475
DK1,2025-05-12 16:00:00+00:00,2675.26
DK1,2025-05-12 17:00:00+00:00,2558.4625
DK1,2025-05-12 18:00:00+00:00,2473.815
DK1,2025-05-12 19:00:00+00:00,2424.5125
DK1,2025-05-12 20:00:00+00:00,2366.705
DK1,2025-05-12 21:00:00+00:00,2296.76
DK1,2025-05-12 22:00:00+00:00,2296.2425
DK1,2025-05-12 23:00:00+00:00,2267.4675
DK1,2025-05-13 00:00:00+00:00,2173.795
DK1,2025-05-13 01:00:00+00:00,2062.095
DK1,2025-05-13 02:00:00+00:00,2037.96
DK1,2025-05-13 03:00:00+00:00,2084.3775
DK1,2025-05-13 04:00:00+00:00,2349.7525
DK1,2025-05-13 05:00:00+00:00,2604.235
DK1,2025-05-13 06:00:00+00:00,2735.185
DK1,2025-05-13 07:00:00+00:00,2770.89
DK1,2025-05-13 08:00:00+00:00,2944.43
DK1,2025-05-13 09:00:00+00:00,3179.775
DK1,2025-05-13 10:00:00+00:00,3284.8675
DK1,2025-05-13 11:00:00+00:00,3253.5725
DK1,2025-05-13 12:00:00+00:00,3239.8975
DK1,2025-05-13 13:00:00+00:00,3200.7125
DK1,2025-05-13 14:00:00+00:00,2917.3675
DK1,2025-05-13 15:00:00+00:00,2837.18
DK1,2025-05-13 16:00:00+00:00,2767.61
DK1,2025-05-13 17:00:00+00:00,2580.6275
DK1,2025-05-13 18:00:00+00:00,2510.43
DK1,2025-05-13 19:00:00+00:00,2489.52
DK1,2025-05-13 20:00:00+00:00,2470.8225
DK1,2025-05-13 21:00:00+00:00,2412.6575
DK1,2025-05-13 22:00:00+00:00,2340.45
DK1,2025-05-13 23:00:00+00:00,2347.075
DK1,2025-05-14 00:00:00+00:00,2287.89
DK1,2025-05-14 01:00:00+00:00,2159.0375
DK1,2025-05-14 02:00:00+00:00,2049.8775
DK1,2025-05-14 03:00:00+00:00,2057.6575
DK1,2025-05-14 04:00:00+00:00,2331.825
DK1,2025-05-14 05:00:00+00:00,2622.39
DK1,2025-05-14 06:00:00+00:00,2791.7425
DK1,2025-05-14 07:00:00+00:00,2796.0575
DK1,2025-05-14 08:00:00+00:00,2966.155
DK1,2025-05-14 09:00:00+00:00,3144.1375
DK1,2025-05-14 10:00:00+00:00,3209.37
DK1,2025-05-14 11:00:00+00:00,3172.975
DK1,2025-05-14 12:00:00+00:00,3156.595
DK1,2025-05-14 13:00:00+00:00,3011.0325
DK1,2025-05-14 14:00:00+00:00,2982.9825
DK1,2025-05-14 15:00:00+00:00,2927.775
DK1,2025-05-14 16:00:00+00:00,2868.8925
DK1,2025-05-14 17:00:00+00:00,2701.435
DK1,2025-05-14 18:00:00+00:00,2563.8425
DK1,2025-05-14 19:00:00+00:00,2504.32
DK1,2025-05-14 20:00:00+00:00,2483.055
DK1,2025-05-14 21:00:00+00:00,2359.8175
DK1,2025-05-14 22:00:00+00:00,2280.8425
DK1,2025-05-14 23:00:00+00:00,2314.76
DK1,2025-05-15 00:00:00+00:00,2346.245
DK1,2025-05-15 01:00:00+00:00,2299.7075
DK1,2025-05-15 02:00:00+00:00,2243.145
DK1,2025-05-15 03:00:00+00:00,2243.4025
DK1,2025-05-15 04:00:00+00:00,2458.38
DK1,2025-05-15 05:00:00+00:00,2738.98
DK1,2025-05-15 06:00:00+00:00,2863.3025
DK1,2025-05-15 07:00:00+00:00,2848.1
DK1,2025-05-15 08:00:00+00:00,3010.0225
DK1,2025-05-15 09:00:00+00:00,3108.3175
DK1,2025-05-15 10:00:00+00:00,3212.4425
DK1,2025-05-15 11:00:00+00:00,3324.07
DK1,2025-05-15 12:00:00+00:00,3271.7125
DK1,2025-05-15 13:00:00+00:00,3110.0125
DK1,2025-05-15 14:00:00+00:00,2996.8025
DK1,2025-05-15 15:00:00+00:00,2936.9125
DK1,2025-05-15 16:00:00+00:00,2850.04
DK1,2025-05-15 17:00:00+00:00,2750.825
DK1,2025-05-15 18:00:00+00:00,2597.9825
DK1,2025-05-15 19:00:00+00:00,2526.92
DK1,2025-05-15 20:00:00+00:00,2474.925
DK1,2025-05-15 21:00:00+00:00,2353.9375
DK1,2025-05-15 22:00:00+00:00,2327.3425
DK1,2025-05-15 23:00:00+00:00,2343.5625
DK1,2025-05-16 00:00:00+00:00,2301.785
DK1,2025-05-16 01:00:00+00:00,2206.7525
DK1,2025-05-16 02:00:00+00:00,2134.955
DK1,2025-05-16 03:00:00+00:00,2184.63
DK1,2025-05-16 04:00:00+00:00,2412.0875
DK1,2025-05-16 05:00:00+00:00,2698.72
DK1,2025-05-16 06:00:00+00:00,2790.9675
DK1,2025-05-16 07:00:00+00:00,2816.5975
DK1,2025-05-16 08:00:00+00:00,2995.7475
DK1,2025-05-16 09:00:00+00:00,3137.055
DK1,2025-05-16 10:00:00+00:00,3250.1625
DK1,2025-05-16 11:00:00+00:00,3131.7225
DK1,2025-05-16 12:00:00+00:00,2985.0975
DK1,2025-05-16 13:00:00+00:00,2836.3
DK1,2025-05-16 14:00:00+00:00,2776.06
DK1,2025-05-16 15:00:00+00:00,2666.4625
DK1,2025-05-16 16:00:00+00:00,2580.0575
DK1,2025-05-16 17:00:00+00:00,2473.6475
DK1,2025-05-16 18:00:00+00:00,2335.5925
DK1,2025-05-16 19:00:00+00:00,2299.61
DK1,2025-05-16 20:00:00+00:00,2274.595
DK1,2025-05-16 21:00:00+00:00,2188.3575
DK1,2025-05-16 22:00:00+00:00,2187.36
DK1,2025-05-16 23:00:00+00:00,2157.4425
DK1,2025-05-17 00:00:00+00:00,2151.16
DK1,2025-05-17 01:00:00+00:00,2036.3875
DK1,2025-05-17 02:00:00+00:00,1934.03
DK1,2025-05-17 03:00:00+00:00,1886.92
DK1,2025-05-17 04:00:00+00:00,1871.4875
DK1,2025-05-17 05:00:00+00:00,2018.1375
DK1,2025-05-17 06:00:00+00:00,2238.0025
DK1,2025-05-17 07:00:00+00:00,2544.2375
DK1,2025-05-17 08:00:00+00:00,2748.4075
DK1,2025-05-17 09:00:00+00:00,2926.1475
DK1,2025-05-17 10:00:00+00:00,2884.44
DK1,2025-05-17 11:00:00+00:00,2766.2925
DK1,2025-05-17 12:00:00+00:00,2661.335
DK1,2025-05-17 13:00:00+00:00,2634.885
DK1,2025-05-17 14:00:00+00:00,2564.585
DK1,2025-05-17 15:00:00+00:00,2488.375
DK1,2025-05-17 16:00:00+00:00,2466.5025
DK1,2025-05-17 17:00:00+00:00,2364.355
DK1,2025-05-17 18:00:00+00:00,2249.79
DK1,2025-05-17 19:00:00+00:00,2197.7325
DK1,2025-05-17 20:00:00+00:00,2131.46
DK1,2025-05-17 21:00:00+00:00,2032.4
DK1,2025-05-17 22:00:00+00:00,1944.575
DK1,2025-05-17 23:00:00+00:00,1959.8075
DK1,2025-05-18 00:00:00+00:00,1906.6875
DK1,2025-05-18 01:00:00+00:00,1857.325
DK1,2025-05-18 02:00:00+00:00,1829.175
DK1,2025-05-18 03:00:00+00:00,1774.99
DK1,2025-05-18 04:00:00+00:00,1781.96
DK1,2025-05-18 05:00:00+00:00,1850.34
DK1,2025-05-18 06:00:00+00:00,1991.2025
DK1,2025-05-18 07:00:00+00:00,2235.37
DK1,2025-05-18 08:00:00+00:00,2463.305
DK1,2025-05-18 09:00:00+00:00,2629.665
DK1,2025-05-18 10:00:00+00:00,2684.85
DK1,2025-05-18 11:00:00+00:00,2908.2575
DK1,2025-05-18 12:00:00+00:00,2815.61
DK1,2025-05-18 13:00:00+00:00,2731.0025
DK1,2025-05-18 14:00:00+00:00,2631.005
DK1,2025-05-18 15:00:00+00:00,2523.6375
DK1,2025-05-18 16:00:00+00:00,2343.34
DK1,2025-05-18 17:00:00+00:00,2352.8025
DK1,2025-05-18 18:00:00+00:00,2266.46
DK1,2025-05-18 19:00:00+00:00,2196.31
DK1,2025-05-18 20:00:00+00:00,2173.1375
DK1,2025-05-18 21:00:00+00:00,2080.8975
DK1,2025-05-18 22:00:00+00:00,2036.21
DK1,2025-05-18 23:00:00+00:00,2074.5875
DK1,2025-05-19 00:00:00+00:00,2081.7875
DK1,2025-05-19 01:00:00+00:00,2091.22
DK1,2025-05-19 02:00:00+00:00,2033.3325
DK1,2025-05-19 03:00:00+00:00,2046.28
DK1,2025-05-19 04:00:00+00:00,2310.3775
DK1,2025-05-19 05:00:00+00:00,2594.8625
DK1,2025-05-19 06:00:00+00:00,2713.4375
DK1,2025-05-19 07:00:00+00:00,2764.21
DK1,2025-05-19 08:00:00+00:00,2866.4825
DK1,2025-05-19 09:00:00+00:00,2868.9975
DK1,2025-05-19 10:00:00+00:00,2984.1525
DK1,2025-05-19 11:00:00+00:00,2993.5075
DK1,2025-05-19 12:00:00+00:00,2819.525
DK1,2025-05-19 13:00:00+00:00,2685.425
DK1,2025-05-19 14:00:00+00:00,2664.5325
DK1,2025-05-19 15:00:00+00:00,2726.335
DK1,2025-05-19 16:00:00+00:00,2703.1
DK1,2025-05-19 17:00:00+00:00,2571.34
DK1,2025-05-19 18:00:00+00:00,2508.57
DK1,2025-05-19 19:00:00+00:00,2484.4975
DK1,2025-05-19 20:00:00+00:00,2462.365
DK1,2025-05-19 21:00:00+00:00,2341.4325
DK1,2025-05-19 22:00:00+00:00,2245.345
DK1,2025-05-19 23:00:00+00:00,2247.5
DK1,2025-05-20 00:00:00+00:00,2275.2225
DK1,2025-05-20 01:00:00+00:00,2221.425
DK1,2025-05-20 02:00:00+00:00,2175.0125
DK1,2025-05-20 03:00:00+00:00,2161.3375
DK1,2025-05-20 04:00:00+00:00,2356.94
DK1,2025-05-20 05:00:00+00:00,2615.42
DK1,2025-05-20 06:00:00+00:00,2730.5825
DK1,2025-05-20 07:00:00+00:00,2712.4975
DK1,2025-05-20 08:00:00+00:00,2780.195
DK1,2025-05-20 09:00:00+00:00,2927.775
DK1,2025-05-20 10:00:00+00:00,3072.2925
DK1,2025-05-20 11:00:00+00:00,2896.7275
DK1,2025-05-20 12:00:00+00:00,2857.025
DK1,2025-05-20 13:00:00+00:00,2916.015
DK1,2025-05-20 14:00:00+00:00,2793.73
DK1,2025-05-20 15:00:00+00:00,2764.6525
DK1,2025-05-20 16:00:00+00:00,2715.3825
DK1,2025-05-20 17:00:00+00:00,2618.6075
DK1,2025-05-20 18:00:00+00:00,2588.855
DK1,2025-05-20 19:00:00+00:00,2522.2275
DK1,2025-05-20 20:00:00+00:00,2434.43
DK1,2025-05-20 21:00:00+00:00,2351.8875
DK1,2025-05-20 22:00:00+00:00,2322.0275
DK1,2025-05-20 23:00:00+00:00,2319.835
DK1,2025-05-21 00:00:00+00:00,2307.18
DK1,2025-05-21 01:00:00+00:00,2311.705
DK1,2025-05-21 02:00:00+00:00,2340.63
DK1,2025-05-21 03:00:00+00:00,2264.1025
DK1,2025-05-21 04:00:00+00:00,2498.045
DK1,2025-05-21 05:00:00+00:00,2755.17
DK1,2025-05-21 06:00:00+00:00,2924.73
DK1,2025-05-21 07:00:00+00:00,2938.095
DK1,2025-05-21 08:00:00+00:00,3040.885
DK1,2025-05-21 09:00:00+00:00,3057.2475
DK1,2025-05-21 10:00:00+00:00,3151.9475
DK1,2025-05-21 11:00:00+00:00,3196.3875
DK1,2025-05-21 12:00:00+00:00,2968.0325
DK1,2025-05-21 13:00:00+00:00,2944.345
DK1,2025-05-21 14:00:00+00:00,2963.13
DK1,2025-05-21 15:00:00+00:00,2998.715
DK1,2025-05-21 16:00:00+00:00,2967.925
DK1,2025-05-21 17:00:00+00:00,2869.5725
DK1,2025-05-21 18:00:00+00:00,2698.9425
DK1,2025-05-21 19:00:00+00:00,2662.2925
DK1,2025-05-21 20:00:00+00:00,2625.5975
DK1,2025-05-21 21:00:00+00:00,2560.2825
DK1,2025-05-21 22:00:00+00:00,2732.565
DK1,2025-05-21 23:00:00+00:00,2695.335
DK1,2025-05-22 00:00:00+00:00,2560.5475
DK1,2025-05-22 01:00:00+00:00,2429.0425
DK1,2025-05-22 02:00:00+00:00,2411.425
DK1,2025-05-22 03:00:00+00:00,2427.395
DK1,2025-05-22 04:00:00+00:00,2709.4525
DK1,2025-05-22 05:00:00+00:00,3030.0575
DK1,2025-05-22 06:00:00+00:00,3127.965
DK1,2025-05-22 07:00:00+00:00,3154.2775
DK1,2025-05-22 08:00:00+00:00,3214.19
DK1,2025-05-22 09:00:00+00:00,3223.105
DK1,2025-05-22 10:00:00+00:00,3284.3325
DK1,2025-05-22 11:00:00+00:00,3267.0625
DK1,2025-05-22 12:00:00+00:00,3145.55
DK1,2025-05-22 13:00:00+00:00,3140.625
DK1,2025-05-22 14:00:00+00:00,3134.9225
DK1,2025-05-22 15:00:00+00:00,3111.8625
DK1,2025-05-22 16:00:00+00:00,2852.9525
DK1,2025-05-22 17:00:00+00:00,2717.355
DK1,2025-05-22 18:00:00+00:00,2592.3725
DK1,2025-05-22 19:00:00+00:00,2543.92
DK1,2025-05-22 20:00:00+00:00,2465.2325
DK1,2025-05-22 21:00:00+00:00,2340.39
DK1,2025-05-22 22:00:00+00:00,2388.955
DK1,2025-05-22 23:00:00+00:00,2283.7475
DK1,2025-05-23 00:00:00+00:00,2309.16
DK1,2025-05-23 01:00:00+00:00,2258.1925
DK1,2025-05-23 02:00:00+00:00,2205.4875
DK1,2025-05-23 03:00:00+00:00,2206.4875
DK1,2025-05-23 04:00:00+00:00,2417.9125
DK1,2025-05-23 05:00:00+00:00,2681.8575
DK1,2025-05-23 06:00:00+00:00,2831.2425
DK1,2025-05-23 07:00:00+00:00,2936.5825
DK1,2025-05-23 08:00:00+00:00,3046.9025
DK1,2025-05-23 09:00:00+00:00,3098.605
DK1,2025-05-23 10:00:00+00:00,3174.0
DK1,2025-05-23 11:00:00+00:00,3158.7375
DK1,2025-05-23 12:00:00+00:00,3043.11
DK1,2025-05-23 13:00:00+00:00,2993.4475
DK1,2025-05-23 14:00:00+00:00,2902.5225
DK1,2025-05-23 15:00:00+00:00,2867.5875
DK1,2025-05-23 16:00:00+00:00,2804.0
DK1,2025-05-23 17:00:00+00:00,2585.0875
DK1,2025-05-23 18:00:00+00:00,2427.77
DK1,2025-05-23 19:00:00+00:00,2269.55
DK1,2025-05-23 20:00:00+00:00,2263.7925
DK1,2025-05-23 21:00:00+00:00,2135.21
DK1,2025-05-23 22:00:00+00:00,2110.1875
DK1,2025-05-23 23:00:00+00:00,2047.785
DK1,2025-05-24 00:00:00+00:00,2050.4725
DK1,2025-05-24 01:00:00+00:00,2016.235
DK1,2025-05-24 02:00:00+00:00,1950.3275
DK1,2025-05-24 03:00:00+00:00,1919.43
DK1,2025-05-24 04:00:00+00:00,1944.48
DK1,2025-05-24 05:00:00+00:00,2120.39
DK1,2025-05-24 06:00:00+00:00,2301.1
DK1,2025-05-24 07:00:00+00:00,2519.415
DK1,2025-05-24 08:00:00+00:00,2696.13
DK1,2025-05-24 09:00:00+00:00,2766.645
DK1,2025-05-24 10:00:00+00:00,2787.7625
DK1,2025-05-24 11:00:00+00:00,2685.4
DK1,2025-05-24 12:00:00+00:00,2552.2125
DK1,2025-05-24 13:00:00+00:00,2506.7675
DK1,2025-05-24 14:00:00+00:00,2402.6
DK1,2025-05-24 15:00:00+00:00,2330.8025
DK1,2025-05-24 16:00:00+00:00,2311.5275
DK1,2025-05-24 17:00:00+00:00,2252.245
DK1,2025-05-24 18:00:00+00:00,2211.6175
DK1,2025-05-24 19:00:00+00:00,2154.3675
DK1,2025-05-24 20:00:00+00:00,2144.0825
DK1,2025-05-24 21:00:00+00:00,2112.035
DK1,2025-05-24 22:00:00+00:00,2089.9725
DK1,2025-05-24 23:00:00+00:00,1979.91
DK1,2025-05-25 00:00:00+00:00,1990.8875
DK1,2025-05-25 01:00:00+00:00,1975.3
DK1,2025-05-25 02:00:00+00:00,1941.93
DK1,2025-05-25 03:00:00+00:00,1912.885
DK1,2025-05-25 04:00:00+00:00,1939.71
DK1,2025-05-25 05:00:00+00:00,2094.7125
DK1,2025-05-25 06:00:00+00:00,2346.19
DK1,2025-05-25 07:00:00+00:00,2427.645
DK1,2025-05-25 08:00:00+00:00,2507.2
DK1,2025-05-25 09:00:00+00:00,2607.72
DK1,2025-05-25 10:00:00+00:00,2621.3975
DK1,2025-05-25 11:00:00+00:00,2652.91
DK1,2025-05-25 12:00:00+00:00,2690.6125
DK1,2025-05-25 13:00:00+00:00,2716.865
DK1,2025-05-25 14:00:00+00:00,2676.3775
DK1,2025-05-25 15:00:00+00:00,2664.8325
DK1,2025-05-25 16:00:00+00:00,2640.43
DK1,2025-05-25 17:00:00+00:00,2482.5575
DK1,2025-05-25 18:00:00+00:00,2303.16
DK1,2025-05-25 19:00:00+00:00,2280.24
DK1,2025-05-25 20:00:00+00:00,2225.9725
DK1,2025-05-25 21:00:00+00:00,2164.1775
DK1,2025-05-25 22:00:00+00:00,2147.5
DK1,2025-05-25 23:00:00+00:00,2116.68
DK1,2025-05-26 00:00:00+00:00,1992.61
DK1,2025-05-26 01:00:00+00:00,2034.0375
DK1,2025-05-26 02:00:00+00:00,2050.82
DK1,2025-05-26 03:00:00+00:00,2049.985
DK1,2025-05-26 04:00:00+00:00,2314.3625
DK1,2025-05-26 05:00:00+00:00,2632.75
DK1,2025-05-26 06:00:00+00:00,2803.4
DK1,2025-05-26 07:00:00+00:00,2014.3125
DK1,2025-05-26 08:00:00+00:00,2020.3075
DK1,2025-05-26 09:00:00+00:00,2048.58
DK1,2025-05-26 10:00:00+00:00,2324.715
DK1,2025-05-26 11:00:00+00:00,2336.18
DK1,2025-05-26 12:00:00+00:00,2395.0075
DK1,2025-05-26 13:00:00+00:00,2162.2975
DK1,2025-05-26 14:00:00+00:00,1911.3775
DK1,2025-05-26 15:00:00+00:00,1943.4725
DK1,2025-05-26 16:00:00+00:00,2037.005
DK1,2025-05-26 17:00:00+00:00,2036.5725
DK1,2025-05-26 18:00:00+00:00,2039.405
DK1,2025-05-26 19:00:00+00:00,2063.715
DK1,2025-05-26 20:00:00+00:00,2027.9825
DK1,2025-05-26 21:00:00+00:00,1913.4075
DK1,2025-05-26 22:00:00+00:00,1927.695
DK1,2025-05-26 23:00:00+00:00,1969.8475
DK1,2025-05-27 00:00:00+00:00,1903.3775
DK1,2025-05-27 01:00:00+00:00,1874.7725
DK1,2025-05-27 02:00:00+00:00,1835.65
DK1,2025-05-27 03:00:00+00:00,1808.075
DK1,2025-05-27 04:00:00+00:00,1918.15
DK1,2025-05-27 05:00:00+00:00,2116.12
DK1,2025-05-27 06:00:00+00:00,2239.5575
DK1,2025-05-27 07:00:00+00:00,2246.9375
DK1,2025-05-27 08:00:00+00:00,2368.975
DK1,2025-05-27 09:00:00+00:00,3275.4775
DK1,2025-05-27 10:00:00+00:00,3312.1775
DK1,2025-05-27 11:00:00+00:00,3218.6125
DK1,2025-05-27 12:00:00+00:00,3122.2525
DK1,2025-05-27 13:00:00+00:00,2959.78
DK1,2025-05-27 14:00:00+00:00,2950.725
DK1,2025-05-27 15:00:00+00:00,2938.825
DK1,2025-05-27 16:00:00+00:00,2798.7775
DK1,2025-05-27 17:00:00+00:00,2638.52
DK1,2025-05-27 18:00:00+00:00,2495.45
DK1,2025-05-27 19:00:00+00:00,2384.52
DK1,2025-05-27 20:00:00+00:00,2322.8025
DK1,2025-05-27 21:00:00+00:00,2234.07
DK1,2025-05-27 22:00:00+00:00,2211.8425
DK1,2025-05-27 23:00:00+00:00,2259.35
DK1,2025-05-28 00:00:00+00:00,2254.41
DK1,2025-05-28 01:00:00+00:00,2214.4525
DK1,2025-05-28 02:00:00+00:00,2112.875
DK1,2025-05-28 03:00:00+00:00,2100.0025
DK1,2025-05-28 04:00:00+00:00,2388.9875
DK1,2025-05-28 05:00:00+00:00,2588.5725
DK1,2025-05-28 06:00:00+00:00,2796.86
DK1,2025-05-28 07:00:00+00:00,2873.61
DK1,2025-05-28 08:00:00+00:00,2923.1975
DK1,2025-05-28 09:00:00+00:00,2887.9
DK1,2025-05-28 10:00:00+00:00,2891.78
DK1,2025-05-28 11:00:00+00:00,2937.6975
DK1,2025-05-28 12:00:00+00:00,2872.1425
DK1,2025-05-28 13:00:00+00:00,2805.52
DK1,2025-05-28 14:00:00+00:00,2762.445
DK1,2025-05-28 15:00:00+00:00,2841.31
DK1,2025-05-28 16:00:00+00:00,2775.28
DK1,2025-05-28 17:00:00+00:00,2611.83
DK1,2025-05-28 18:00:00+00:00,2467.985
DK1,2025-05-28 19:00:00+00:00,2375.0325
DK1,2025-05-28 20:00:00+00:00,2295.3575
DK1,2025-05-28 21:00:00+00:00,2197.4175
DK1,2025-05-28 22:00:00+00:00,2079.7925
DK1,2025-05-28 23:00:00+00:00,2098.77
DK1,2025-05-29 00:00:00+00:00,2062.395
DK1,2025-05-29 01:00:00+00:00,2021.3325
DK1,2025-05-29 02:00:00+00:00,1949.265
DK1,2025-05-29 03:00:00+00:00,1904.665
DK1,2025-05-29 04:00:00+00:00,1958.5525
DK1,2025-05-29 05:00:00+00:00,2094.5975
DK1,2025-05-29 06:00:00+00:00,2159.99
DK1,2025-05-29 07:00:00+00:00,2271.3375
DK1,2025-05-29 08:00:00+00:00,2419.705
DK1,2025-05-29 09:00:00+00:00,2549.5325
DK1,2025-05-29 10:00:00+00:00,2575.1925
DK1,2025-05-29 11:00:00+00:00,2644.0275
DK1,2025-05-29 12:00:00+00:00,2635.5125
DK1,2025-05-29 13:00:00+00:00,2600.4325
DK1,2025-05-29 14:00:00+00:00,2565.225
DK1,2025-05-29 15:00:00+00:00,2597.7825
DK1,2025-05-29 16:00:00+00:00,2483.3925
DK1,2025-05-29 17:00:00+00:00,2355.8875
DK1,2025-05-29 18:00:00+00:00,2257.98
DK1,2025-05-29 19:00:00+00:00,2210.725
DK1,2025-05-29 20:00:00+00:00,2194.3275
DK1,2025-05-29 21:00:00+00:00,2085.175
DK1,2025-05-29 22:00:00+00:00,2039.095
DK1,2025-05-29 23:00:00+00:00,2046.36
DK1,2025-05-30 00:00:00+00:00,2053.935
DK1,2025-05-30 01:00:00+00:00,2049.2675
DK1,2025-05-30 02:00:00+00:00,1940.1025
DK1,2025-05-30 03:00:00+00:00,1904.565
DK1,2025-05-30 04:00:00+00:00,2044.2775
DK1,2025-05-30 05:00:00+00:00,2234.77
DK1,2025-05-30 06:00:00+00:00,2359.7125
DK1,2025-05-30 07:00:00+00:00,2513.2625
DK1,2025-05-30 08:00:00+00:00,2657.7775
DK1,2025-05-30 09:00:00+00:00,2725.45
DK1,2025-05-30 10:00:00+00:00,2815.1975
DK1,2025-05-30 11:00:00+00:00,2799.9525
DK1,2025-05-30 12:00:00+00:00,2800.1425
DK1,2025-05-30 13:00:00+00:00,2762.135
DK1,2025-05-30 14:00:00+00:00,2658.385
DK1,2025-05-30 15:00:00+00:00,2643.2875
DK1,2025-05-30 16:00:00+00:00,2545.315
DK1,2025-05-30 17:00:00+00:00,2408.7725
DK1,2025-05-30 18:00:00+00:00,2263.56
DK1,2025-05-30 19:00:00+00:00,2146.11
DK1,2025-05-30 20:00:00+00:00,2084.065
DK1,2025-05-30 21:00:00+00:00,2002.6225
DK1,2025-05-30 22:00:00+00:00,1955.2325
DK1,2025-05-30 23:00:00+00:00,1923.2875
DK1,2025-05-31 00:00:00+00:00,1883.2475
DK1,2025-05-31 01:00:00+00:00,1863.8825
DK1,2025-05-31 02:00:00+00:00,1776.09
DK1,2025-05-31 03:00:00+00:00,1739.015
DK1,2025-05-31 04:00:00+00:00,1774.34
DK1,2025-05-31 05:00:00+00:00,1916.705
DK1,2025-05-31 06:00:00+00:00,2071.9875
DK1,2025-05-31 07:00:00+00:00,2240.9075
DK1,2025-05-31 08:00:00+00:00,2327.8825
DK1,2025-05-31 09:00:00+00:00,2417.165
DK1,2025-05-31 10:00:00+00:00,2475.8125
DK1,2025-05-31 11:00:00+00:00,2463.5175
DK1,2025-05-31 12:00:00+00:00,2364.5375
DK1,2025-05-31 13:00:00+00:00,2277.88
DK1,2025-05-31 14:00:00+00:00,2193.64
DK1,2025-05-31 15:00:00+00:00,2254.695
DK1,2025-05-31 16:00:00+00:00,2254.565
DK1,2025-05-31 17:00:00+00:00,2193.7825
DK1,2025-05-31 18:00:00+00:00,2106.4375
DK1,2025-05-31 19:00:00+00:00,2052.9125
DK1,2025-05-31 20:00:00+00:00,2027.74
DK1,2025-05-31 21:00:00+00:00,1955.6725
DK1,2025-05-31 22:00:00+00:00,1877.1625
DK1,2025-05-31 23:00:00+00:00,1839.2675
DK1,2025-06-01 00:00:00+00:00,1824.67
DK1,2025-06-01 01:00:00+00:00,1794.2475
DK1,2025-06-01 02:00:00+00:00,1785.565
DK1,2025-06-01 03:00:00+00:00,1763.38
DK1,2025-06-01 04:00:00+00:00,1752.345
DK1,2025-06-01 05:00:00+00:00,1931.005
DK1,2025-06-01 06:00:00+00:00,2111.8825
DK1,2025-06-01 07:00:00+00:00,2269.8375
DK1,2025-06-01 08:00:00+00:00,2456.8825
DK1,2025-06-01 09:00:00+00:00,2508.7475
DK1,2025-06-01 10:00:00+00:00,2573.205
DK1,2025-06-01 11:00:00+00:00,2695.51
DK1,2025-06-01 12:00:00+00:00,2681.5575
DK1,2025-06-01 13:00:00+00:00,2796.44
DK1,2025-06-01 14:00:00+00:00,2643.64
DK1,2025-06-01 15:00:00+00:00,2611.025
DK1,2025-06-01 16:00:00+00:00,2481.2075
DK1,2025-06-01 17:00:00+00:00,2329.2925
DK1,2025-06-01 18:00:00+00:00,2241.95
DK1,2025-06-01 19:00:00+00:00,2135.46
DK1,2025-06-01 20:00:00+00:00,2056.1425
DK1,2025-06-01 21:00:00+00:00,2057.81
DK1,2025-06-01 22:00:00+00:00,2080.865
DK1,2025-06-01 23:00:00+00:00,2089.2275
DK1,2025-06-02 00:00:00+00:00,2041.6275
DK1,2025-06-02 01:00:00+00:00,1990.305
DK1,2025-06-02 02:00:00+00:00,1935.5525
DK1,2025-06-02 03:00:00+00:00,1983.42
DK1,2025-06-02 04:00:00+00:00,2237.52
DK1,2025-06-02 05:00:00+00:00,2496.8275
DK1,2025-06-02 06:00:00+00:00,2699.135
DK1,2025-06-02 07:00:00+00:00,2729.42
DK1,2025-06-02 08:00:00+00:00,2825.0875
DK1,2025-06-02 09:00:00+00:00,2847.165
DK1,2025-06-02 10:00:00+00:00,2867.0675
DK1,2025-06-02 11:00:00+00:00,2891.02
DK1,2025-06-02 12:00:00+00:00,2838.055
DK1,2025-06-02 13:00:00+00:00,2735.2175
DK1,2025-06-02 14:00:00+00:00,2672.6075
DK1,2025-06-02 15:00:00+00:00,2819.7675
DK1,2025-06-02 16:00:00+00:00,2789.34
DK1,2025-06-02 17:00:00+00:00,2646.45
DK1,2025-06-02 18:00:00+00:00,2469.125
DK1,2025-06-02 19:00:00+00:00,2361.605
DK1,2025-06-02 20:00:00+00:00,2305.22
DK1,2025-06-02 21:00:00+00:00,2209.1825
DK1,2025-06-02 22:00:00+00:00,2201.54
DK1,2025-06-02 23:00:00+00:00,2109.21
DK1,2025-06-03 00:00:00+00:00,2133.3725
DK1,2025-06-03 01:00:00+00:00,2120.775
DK1,2025-06-03 02:00:00+00:00,2103.68
DK1,2025-06-03 03:00:00+00:00,2120.8675
DK1,2025-06-03 04:00:00+00:00,2332.1625
DK1,2025-06-03 05:00:00+00:00,2584.86
DK1,2025-06-03 06:00:00+00:00,2760.5575
DK1,2025-06-03 07:00:00+00:00,2804.7825
DK1,2025-06-03 08:00:00+00:00,2926.7425
DK1,2025-06-03 09:00:00+00:00,2941.255
DK1,2025-06-03 10:00:00+00:00,3045.2625
DK1,2025-06-03 11:00:00+00:00,3141.6225
DK1,2025-06-03 12:00:00+00:00,3155.395
DK1,2025-06-03 13:00:00+00:00,2956.9525
DK1,2025-06-03 14:00:00+00:00,2894.0175
DK1,2025-06-03 15:00:00+00:00,3013.0275
DK1,2025-06-03 16:00:00+00:00,2878.435
DK1,2025-06-03 17:00:00+00:00,2773.605
DK1,2025-06-03 18:00:00+00:00,2590.3775
DK1,2025-06-03 19:00:00+00:00,2515.93
DK1,2025-06-03 20:00:00+00:00,2399.425
DK1,2025-06-03 21:00:00+00:00,2296.5525
DK1,2025-06-03 22:00:00+00:00,2257.0075
DK1,2025-06-03 23:00:00+00:00,2265.1
DK1,2025-06-04 00:00:00+00:00,2273.745
DK1,2025-06-04 01:00:00+00:00,2213.9
DK1,2025-06-04 02:00:00+00:00,2151.4075
DK1,2025-06-04 03:00:00+00:00,2183.17
DK1,2025-06-04 04:00:00+00:00,2366.99
DK1,2025-06-04 05:00:00+00:00,2624.9225
DK1,2025-06-04 06:00:00+00:00,2781.0625
DK1,2025-06-04 07:00:00+00:00,2807.33
DK1,2025-06-04 08:00:00+00:00,2897.96
DK1,2025-06-04 09:00:00+00:00,2885.84
DK1,2025-06-04 10:00:00+00:00,2849.025
DK1,2025-06-04 11:00:00+00:00,2954.2725
DK1,2025-06-04 12:00:00+00:00,2956.165
DK1,2025-06-04 13:00:00+00:00,2866.8075
DK1,2025-06-04 14:00:00+00:00,2825.2675
DK1,2025-06-04 15:00:00+00:00,2899.745
DK1,2025-06-04 16:00:00+00:00,2787.66
DK1,2025-06-04 17:00:00+00:00,2611.8675
DK1,2025-06-04 18:00:00+00:00,2474.38
DK1,2025-06-04 19:00:00+00:00,2361.8525
DK1,2025-06-04 20:00:00+00:00,2279.025
DK1,2025-06-04 21:00:00+00:00,2150.88
DK1,2025-06-04 22:00:00+00:00,2068.7325
DK1,2025-06-04 23:00:00+00:00,2055.4775
DK1,2025-06-05 00:00:00+00:00,2050.1175
DK1,2025-06-05 01:00:00+00:00,2033.6025
DK1,2025-06-05 02:00:00+00:00,1970.3475
DK1,2025-06-05 03:00:00+00:00,1959.8825
DK1,2025-06-05 04:00:00+00:00,2006.9625
DK1,2025-06-05 05:00:00+00:00,2167.7375
DK1,2025-06-05 06:00:00+00:00,2296.56
DK1,2025-06-05 07:00:00+00:00,2373.1125
DK1,2025-06-05 08:00:00+00:00,2503.675
DK1,2025-06-05 09:00:00+00:00,2573.09
DK1,2025-06-05 10:00:00+00:00,2621.8975
DK1,2025-06-05 11:00:00+00:00,2774.465
DK1,2025-06-05 12:00:00+00:00,2701.205
DK1,2025-06-05 13:00:00+00:00,2568.23
DK1,2025-06-05 14:00:00+00:00,2531.375
DK1,2025-06-05 15:00:00+00:00,2545.8
DK1,2025-06-05 16:00:00+00:00,2457.6575
DK1,2025-06-05 17:00:00+00:00,2263.195
DK1,2025-06-05 18:00:00+00:00,2240.8
DK1,2025-06-05 19:00:00+00:00,2104.415
DK1,2025-06-05 20:00:00+00:00,2088.6475
DK1,2025-06-05 21:00:00+00:00,2077.375
DK1,2025-06-05 22:00:00+00:00,1972.1575
DK1,2025-06-05 23:00:00+00:00,1930.705
DK1,2025-06-06 00:00:00+00:00,1913.1025
DK1,2025-06-06 01:00:00+00:00,1924.32
DK1,2025-06-06 02:00:00+00:00,1931.66
DK1,2025-06-06 03:00:00+00:00,1934.5325
DK1,2025-06-06 04:00:00+00:00,2144.745
DK1,2025-06-06 05:00:00+00:00,2418.1275
DK1,2025-06-06 06:00:00+00:00,2711.18
DK1,2025-06-06 07:00:00+00:00,2816.485
DK1,2025-06-06 08:00:00+00:00,2918.8775
DK1,2025-06-06 09:00:00+00:00,2901.3025
DK1,2025-06-06 10:00:00+00:00,2911.1475
DK1,2025-06-06 11:00:00+00:00,2870.835
DK1,2025-06-06 12:00:00+00:00,2833.1525
DK1,2025-06-06 13:00:00+00:00,2842.8175
DK1,2025-06-06 14:00:00+00:00,2712.7025
DK1,2025-06-06 15:00:00+00:00,2736.92
DK1,2025-06-06 16:00:00+00:00,2606.12
DK1,2025-06-06 17:00:00+00:00,2444.2175
DK1,2025-06-06 18:00:00+00:00,2284.58
DK1,2025-06-06 19:00:00+00:00,2171.4225
DK1,2025-06-06 20:00:00+00:00,2075.8575
DK1,2025-06-06 21:00:00+00:00,2048.75
DK1,2025-06-06 22:00:00+00:00,2002.2825
DK1,2025-06-06 23:00:00+00:00,2040.935
DK1,2025-06-07 00:00:00+00:00,2006.0675
DK1,2025-06-07 01:00:00+00:00,1913.465
DK1,2025-06-07 02:00:00+00:00,1821.095
DK1,2025-06-07 03:00:00+00:00,1785.5275
DK1,2025-06-07 04:00:00+00:00,1808.365
DK1,2025-06-07 05:00:00+00:00,1911.5725
DK1,2025-06-07 06:00:00+00:00,2026.5125
DK1,2025-06-07 07:00:00+00:00,2146.9675
DK1,2025-06-07 08:00:00+00:00,2269.1325
DK1,2025-06-07 09:00:00+00:00,2344.345
DK1,2025-06-07 10:00:00+00:00,2430.805
DK1,2025-06-07 11:00:00+00:00,2409.9775
DK1,2025-06-07 12:00:00+00:00,2354.285
DK1,2025-06-07 13:00:00+00:00,2343.365
DK1,2025-06-07 14:00:00+00:00,2330.68
DK1,2025-06-07 15:00:00+00:00,2311.2725
DK1,2025-06-07 16:00:00+00:00,2305.33
DK1,2025-06-07 17:00:00+00:00,2158.26
DK1,2025-06-07 18:00:00+00:00,2068.5825
DK1,2025-06-07 19:00:00+00:00,2004.3225
DK1,2025-06-07 20:00:00+00:00,1957.57
DK1,2025-06-07 21:00:00+00:00,1912.3375
DK1,2025-06-07 22:00:00+00:00,1838.5
DK1,2025-06-07 23:00:00+00:00,1806.2875
DK1,2025-06-08 00:00:00+00:00,1802.8475
DK1,2025-06-08 01:00:00+00:00,1819.5475
DK1,2025-06-08 02:00:00+00:00,1826.9825
DK1,2025-06-08 03:00:00+00:00,1801.21
DK1,2025-06-08 04:00:00+00:00,1826.085
DK1,2025-06-08 05:00:00+00:00,1970.09
DK1,2025-06-08 06:00:00+00:00,2169.2675
DK1,2025-06-08 07:00:00+00:00,2344.535
DK1,2025-06-08 08:00:00+00:00,2423.825
DK1,2025-06-08 09:00:00+00:00,2569.8125
DK1,2025-06-08 10:00:00+00:00,2664.3475
DK1,2025-06-08 11:00:00+00:00,2648.845
DK1,2025-06-08 12:00:00+00:00,2460.985
DK1,2025-06-08 13:00:00+00:00,2661.0925
DK1,2025-06-08 14:00:00+00:00,2754.715
DK1,2025-06-08 15:00:00+00:00,2788.73
DK1,2025-06-08 16:00:00+00:00,2649.8775
DK1,2025-06-08 17:00:00+00:00,2446.57
DK1,2025-06-08 18:00:00+00:00,2253.3175
DK1,2025-06-08 19:00:00+00:00,2105.8925
DK1,2025-06-08 20:00:00+00:00,2074.24
DK1,2025-06-08 21:00:00+00:00,2031.02
DK1,2025-06-08 22:00:00+00:00,2166.3725
DK1,2025-06-08 23:00:00+00:00,2152.085
DK1,2025-06-09 00:00:00+00:00,2041.94
DK1,2025-06-09 01:00:00+00:00,1974.045
DK1,2025-06-09 02:00:00+00:00,1894.26
DK1,2025-06-09 03:00:00+00:00,1830.3925
DK1,2025-06-09 04:00:00+00:00,1852.105
DK1,2025-06-09 05:00:00+00:00,2020.53
DK1,2025-06-09 06:00:00+00:00,2337.8625
DK1,2025-06-09 07:00:00+00:00,2456.315
DK1,2025-06-09 08:00:00+00:00,2560.535
DK1,2025-06-09 09:00:00+00:00,2670.0725
DK1,2025-06-09 10:00:00+00:00,2696.825
DK1,2025-06-09 11:00:00+00:00,2753.49
DK1,2025-06-09 12:00:00+00:00,2658.0325
DK1,2025-06-09 13:00:00+00:00,2444.365
DK1,2025-06-09 14:00:00+00:00,2369.4875
DK1,2025-06-09 15:00:00+00:00,2495.58
DK1,2025-06-09 16:00:00+00:00,2461.655
DK1,2025-06-09 17:00:00+00:00,2291.68
DK1,2025-06-09 18:00:00+00:00,2166.6875
DK1,2025-06-09 19:00:00+00:00,2096.58
DK1,2025-06-09 20:00:00+00:00,2071.195
DK1,2025-06-09 21:00:00+00:00,2010.12
DK1,2025-06-09 22:00:00+00:00,1965.0025
DK1,2025-06-09 23:00:00+00:00,1964.255
DK1,2025-06-10 00:00:00+00:00,1963.705
DK1,2025-06-10 01:00:00+00:00,1994.3725
DK1,2025-06-10 02:00:00+00:00,1972.155
DK1,2025-06-10 03:00:00+00:00,2035.705
DK1,2025-06-10 04:00:00+00:00,2301.6475
DK1,2025-06-10 05:00:00+00:00,2659.3825
DK1,2025-06-10 06:00:00+00:00,2824.835
DK1,2025-06-10 07:00:00+00:00,2929.8125
DK1,2025-06-10 08:00:00+00:00,3128.465
DK1,2025-06-10 09:00:00+00:00,3079.9625
DK1,2025-06-10 10:00:00+00:00,3063.9225
DK1,2025-06-10 11:00:00+00:00,3023.3675
DK1,2025-06-10 12:00:00+00:00,2903.715
DK1,2025-06-10 13:00:00+00:00,2734.25
DK1,2025-06-10 14:00:00+00:00,2536.6075
DK1,2025-06-10 15:00:00+00:00,2614.17
DK1,2025-06-10 16:00:00+00:00,2436.44
DK1,2025-06-10 17:00:00+00:00,2179.375
DK1,2025-06-10 18:00:00+00:00,2104.8075
DK1,2025-06-10 19:00:00+00:00,2104.9
DK1,2025-06-10 20:00:00+00:00,1949.0775
DK1,2025-06-10 21:00:00+00:00,1898.61
DK1,2025-06-10 22:00:00+00:00,1916.395
DK1,2025-06-10 23:00:00+00:00,1894.965
DK1,2025-06-11 00:00:00+00:00,1936.2775
DK1,2025-06-11 01:00:00+00:00,1829.0475
DK1,2025-06-11 02:00:00+00:00,1710.3375
DK1,2025-06-11 03:00:00+00:00,1657.93
DK1,2025-06-11 04:00:00+00:00,1860.88
DK1,2025-06-11 05:00:00+00:00,2006.715
DK1,2025-06-11 06:00:00+00:00,1954.08
DK1,2025-06-11 07:00:00+00:00,1770.8175
DK1,2025-06-11 08:00:00+00:00,1823.745
DK1,2025-06-11 09:00:00+00:00,1939.94
DK1,2025-06-11 10:00:00+00:00,2339.855
DK1,2025-06-11 11:00:00+00:00,2393.77
DK1,2025-06-11 12:00:00+00:00,2447.99
DK1,2025-06-11 13:00:00+00:00,2334.995
DK1,2025-06-11 14:00:00+00:00,2140.7825
DK1,2025-06-11 15:00:00+00:00,1893.15
DK1,2025-06-11 16:00:00+00:00,1984.775
DK1,2025-06-11 17:00:00+00:00,2059.055
DK1,2025-06-11 18:00:00+00:00,2151.405
DK1,2025-06-11 19:00:00+00:00,2181.685
DK1,2025-06-11 20:00:00+00:00,2163.1625
DK1,2025-06-11 21:00:00+00:00,2084.0625
DK1,2025-06-11 22:00:00+00:00,2097.46
DK1,2025-06-11 23:00:00+00:00,2122.3675
DK1,2025-06-12 00:00:00+00:00,2089.1
DK1,2025-06-12 01:00:00+00:00,2028.0825
DK1,2025-06-12 02:00:00+00:00,1977.7275
DK1,2025-06-12 03:00:00+00:00,1989.3075
DK1,2025-06-12 04:00:00+00:00,2189.995
DK1,2025-06-12 05:00:00+00:00,2325.7275
DK1,2025-06-12 06:00:00+00:00,2234.9675
DK1,2025-06-12 07:00:00+00:00,2044.4925
DK1,2025-06-12 08:00:00+00:00,2379.6725
DK1,2025-06-12 09:00:00+00:00,2246.99
DK1,2025-06-12 10:00:00+00:00,2261.0325
DK1,2025-06-12 11:00:00+00:00,2251.9975
DK1,2025-06-12 12:00:00+00:00,2076.8925
DK1,2025-06-12 13:00:00+00:00,2068.8725
DK1,2025-06-12 14:00:00+00:00,2516.3475
DK1,2025-06-12 15:00:00+00:00,1994.655
DK1,2025-06-12 16:00:00+00:00,1980.9975
DK1,2025-06-12 17:00:00+00:00,2007.32
DK1,2025-06-12 18:00:00+00:00,2085.6275
DK1,2025-06-12 19:00:00+00:00,2117.37
DK1,2025-06-12 20:00:00+00:00,2028.56
DK1,2025-06-12 21:00:00+00:00,1910.815
DK1,2025-06-12 22:00:00+00:00,1934.3
DK1,2025-06-12 23:00:00+00:00,1965.615
DK1,2025-06-13 00:00:00+00:00,1856.125
DK1,2025-06-13 01:00:00+00:00,1702.0775
DK1,2025-06-13 02:00:00+00:00,1597.62
DK1,2025-06-13 03:00:00+00:00,1579.17
DK1,2025-06-13 04:00:00+00:00,1786.78
DK1,2025-06-13 05:00:00+00:00,1908.255
DK1,2025-06-13 06:00:00+00:00,1837.675
DK1,2025-06-13 07:00:00+00:00,1832.5575
DK1,2025-06-13 08:00:00+00:00,1822.6
DK1,2025-06-13 09:00:00+00:00,1794.3925
DK1,2025-06-13 10:00:00+00:00,1956.185
DK1,2025-06-13 11:00:00+00:00,2111.7925
DK1,2025-06-13 12:00:00+00:00,2010.9525
DK1,2025-06-13 13:00:00+00:00,1829.5675
DK1,2025-06-13 14:00:00+00:00,1841.84
DK1,2025-06-13 15:00:00+00:00,1569.9875
DK1,2025-06-13 16:00:00+00:00,1626.9775
DK1,2025-06-13 17:00:00+00:00,1728.06
DK1,2025-06-13 18:00:00+00:00,1805.3525
DK1,2025-06-13 19:00:00+00:00,1867.1575
DK1,2025-06-13 20:00:00+00:00,1803.8825
DK1,2025-06-13 21:00:00+00:00,1757.2375
DK1,2025-06-13 22:00:00+00:00,1719.9975
DK1,2025-06-13 23:00:00+00:00,1613.9075
DK1,2025-06-14 00:00:00+00:00,1544.3425
DK1,2025-06-14 01:00:00+00:00,1503.845
DK1,2025-06-14 02:00:00+00:00,1426.665
DK1,2025-06-14 03:00:00+00:00,1388.44
DK1,2025-06-14 04:00:00+00:00,1400.915
DK1,2025-06-14 05:00:00+00:00,1414.26
DK1,2025-06-14 06:00:00+00:00,1439.1175
DK1,2025-06-14 07:00:00+00:00,1601.1175
DK1,2025-06-14 08:00:00+00:00,1835.5725
DK1,2025-06-14 09:00:00+00:00,2001.4575
DK1,2025-06-14 10:00:00+00:00,2212.1875
DK1,2025-06-14 11:00:00+00:00,2249.41
DK1,2025-06-14 12:00:00+00:00,2166.675
DK1,2025-06-14 13:00:00+00:00,2100.745
DK1,2025-06-14 14:00:00+00:00,1662.38
DK1,2025-06-14 15:00:00+00:00,1537.9225
DK1,2025-06-14 16:00:00+00:00,1533.475
DK1,2025-06-14 17:00:00+00:00,1610.0575
DK1,2025-06-14 18:00:00+00:00,1670.6
DK1,2025-06-14 19:00:00+00:00,1694.045
DK1,2025-06-14 20:00:00+00:00,1657.9625
DK1,2025-06-14 21:00:00+00:00,1712.05
DK1,2025-06-14 22:00:00+00:00,1723.6775
DK1,2025-06-14 23:00:00+00:00,1663.3525
DK1,2025-06-15 00:00:00+00:00,1625.8975
DK1,2025-06-15 01:00:00+00:00,1584.8825
DK1,2025-06-15 02:00:00+00:00,1577.3425
DK1,2025-06-15 03:00:00+00:00,1559.045
DK1,2025-06-15 04:00:00+00:00,1608.6
DK1,2025-06-15 05:00:00+00:00,1708.055
DK1,2025-06-15 06:00:00+00:00,1794.5875
DK1,2025-06-15 07:00:00+00:00,1936.6325
DK1,2025-06-15 08:00:00+00:00,2088.2825
DK1,2025-06-15 09:00:00+00:00,2089.8025
DK1,2025-06-15 10:00:00+00:00,2380.395
DK1,2025-06-15 11:00:00+00:00,2430.69
DK1,2025-06-15 12:00:00+00:00,2355.3675
DK1,2025-06-15 13:00:00+00:00,2361.35
DK1,2025-06-15 14:00:00+00:00,2264.8825
DK1,2025-06-15 15:00:00+00:00,2210.3275
DK1,2025-06-15 16:00:00+00:00,2130.9375
DK1,2025-06-15 17:00:00+00:00,2089.39
DK1,2025-06-15 18:00:00+00:00,2035.8075
DK1,2025-06-15 19:00:00+00:00,1912.6925
DK1,2025-06-15 20:00:00+00:00,1923.385
DK1,2025-06-15 21:00:00+00:00,1833.7775
DK1,2025-06-15 22:00:00+00:00,1804.9225
DK1,2025-06-15 23:00:00+00:00,1805.86
DK1,2025-06-16 00:00:00+00:00,1769.3375
DK1,2025-06-16 01:00:00+00:00,1741.995
DK1,2025-06-16 02:00:00+00:00,1748.44
DK1,2025-06-16 03:00:00+00:00,1713.115
DK1,2025-06-16 04:00:00+00:00,1907.7675
DK1,2025-06-16 05:00:00+00:00,2160.8625
DK1,2025-06-16 06:00:00+00:00,2145.2275
DK1,2025-06-16 07:00:00+00:00,2076.1975
DK1,2025-06-16 08:00:00+00:00,2044.2375
DK1,2025-06-16 09:00:00+00:00,2072.82
DK1,2025-06-16 10:00:00+00:00,2185.4525
DK1,2025-06-16 11:00:00+00:00,2242.4375
DK1,2025-06-16 12:00:00+00:00,2168.6075
DK1,2025-06-16 13:00:00+00:00,2094.4425
DK1,2025-06-16 14:00:00+00:00,2012.8425
DK1,2025-06-16 15:00:00+00:00,2048.625
DK1,2025-06-16 16:00:00+00:00,2157.245
DK1,2025-06-16 17:00:00+00:00,2169.365
DK1,2025-06-16 18:00:00+00:00,2135.4125
DK1,2025-06-16 19:00:00+00:00,2104.7475
DK1,2025-06-16 20:00:00+00:00,2071.6625
DK1,2025-06-16 21:00:00+00:00,2020.315
DK1,2025-06-16 22:00:00+00:00,1967.1975
DK1,2025-06-16 23:00:00+00:00,1991.5475
DK1,2025-06-17 00:00:00+00:00,1986.8725
DK1,2025-06-17 01:00:00+00:00,1996.6475
DK1,2025-06-17 02:00:00+00:00,1909.9525
DK1,2025-06-17 03:00:00+00:00,1880.2475
DK1,2025-06-17 04:00:00+00:00,2050.025
DK1,2025-06-17 05:00:00+00:00,2213.5725
DK1,2025-06-17 06:00:00+00:00,2206.0275
DK1,2025-06-17 07:00:00+00:00,2423.735
DK1,2025-06-17 08:00:00+00:00,2823.125
DK1,2025-06-17 09:00:00+00:00,3134.6225
DK1,2025-06-17 10:00:00+00:00,3144.535
DK1,2025-06-17 11:00:00+00:00,3356.315
DK1,2025-06-17 12:00:00+00:00,3290.5925
DK1,2025-06-17 13:00:00+00:00,3148.0325
DK1,2025-06-17 14:00:00+00:00,3130.475
DK1,2025-06-17 15:00:00+00:00,3065.7775
DK1,2025-06-17 16:00:00+00:00,2847.985
DK1,2025-06-17 17:00:00+00:00,2651.13
DK1,2025-06-17 18:00:00+00:00,2512.1475
DK1,2025-06-17 19:00:00+00:00,2440.375
DK1,2025-06-17 20:00:00+00:00,2380.2025
DK1,2025-06-17 21:00:00+00:00,2288.75
DK1,2025-06-17 22:00:00+00:00,2241.43
DK1,2025-06-17 23:00:00+00:00,2209.2875
DK1,2025-06-18 00:00:00+00:00,2180.19
DK1,2025-06-18 01:00:00+00:00,2123.1925
DK1,2025-06-18 02:00:00+00:00,2046.23
DK1,2025-06-18 03:00:00+00:00,2130.135
DK1,2025-06-18 04:00:00+00:00,2310.895
DK1,2025-06-18 05:00:00+00:00,2590.7025
DK1,2025-06-18 06:00:00+00:00,2717.065
DK1,2025-06-18 07:00:00+00:00,2675.1
DK1,2025-06-18 08:00:00+00:00,2806.5625
DK1,2025-06-18 09:00:00+00:00,2987.2125
DK1,2025-06-18 10:00:00+00:00,3043.2
DK1,2025-06-18 11:00:00+00:00,3085.24
DK1,2025-06-18 12:00:00+00:00,3001.7
DK1,2025-06-18 13:00:00+00:00,2894.045
DK1,2025-06-18 14:00:00+00:00,2970.535
DK1,2025-06-18 15:00:00+00:00,3011.72
DK1,2025-06-18 16:00:00+00:00,2819.85
DK1,2025-06-18 17:00:00+00:00,2664.475
DK1,2025-06-18 18:00:00+00:00,2563.78
DK1,2025-06-18 19:00:00+00:00,2414.91
DK1,2025-06-18 20:00:00+00:00,2333.22
DK1,2025-06-18 21:00:00+00:00,2442.395
DK1,2025-06-18 22:00:00+00:00,2267.695
DK1,2025-06-18 23:00:00+00:00,2259.7475
DK1,2025-06-19 00:00:00+00:00,2147.6925
DK1,2025-06-19 01:00:00+00:00,2158.87
DK1,2025-06-19 02:00:00+00:00,2174.7875
DK1,2025-06-19 03:00:00+00:00,2231.6125
DK1,2025-06-19 04:00:00+00:00,2456.24
DK1,2025-06-19 05:00:00+00:00,2781.4025
DK1,2025-06-19 06:00:00+00:00,2974.76
DK1,2025-06-19 07:00:00+00:00,3007.5975
DK1,2025-06-19 08:00:00+00:00,3126.6575
DK1,2025-06-19 09:00:00+00:00,3333.3425
DK1,2025-06-19 10:00:00+00:00,3277.2425
DK1,2025-06-19 11:00:00+00:00,3149.4775
DK1,2025-06-19 12:00:00+00:00,3053.08
DK1,2025-06-19 13:00:00+00:00,3065.555
DK1,2025-06-19 14:00:00+00:00,2990.3225
DK1,2025-06-19 15:00:00+00:00,2972.055
DK1,2025-06-19 16:00:00+00:00,2886.145
DK1,2025-06-19 17:00:00+00:00,2763.63
DK1,2025-06-19 18:00:00+00:00,2623.745
DK1,2025-06-19 19:00:00+00:00,2476.4175
DK1,2025-06-19 20:00:00+00:00,2432.95
DK1,2025-06-19 21:00:00+00:00,2376.725
DK1,2025-06-19 22:00:00+00:00,2313.5
DK1,2025-06-19 23:00:00+00:00,2305.3325
DK1,2025-06-20 00:00:00+00:00,2243.1725
DK1,2025-06-20 01:00:00+00:00,2132.09
DK1,2025-06-20 02:00:00+00:00,2060.1125
DK1,2025-06-20 03:00:00+00:00,2055.14
DK1,2025-06-20 04:00:00+00:00,2335.0475
DK1,2025-06-20 05:00:00+00:00,2597.05
DK1,2025-06-20 06:00:00+00:00,2774.375
DK1,2025-06-20 07:00:00+00:00,2790.095
DK1,2025-06-20 08:00:00+00:00,2921.41
DK1,2025-06-20 09:00:00+00:00,2970.87
DK1,2025-06-20 10:00:00+00:00,2936.45
DK1,2025-06-20 11:00:00+00:00,2877.265
DK1,2025-06-20 12:00:00+00:00,2736.1375
DK1,2025-06-20 13:00:00+00:00,2641.0425
DK1,2025-06-20 14:00:00+00:00,2559.175
DK1,2025-06-20 15:00:00+00:00,2576.26
DK1,2025-06-20 16:00:00+00:00,2525.795
DK1,2025-06-20 17:00:00+00:00,2445.8325
DK1,2025-06-20 18:00:00+00:00,2351.1425
DK1,2025-06-20 19:00:00+00:00,2274.7225
DK1,2025-06-20 20:00:00+00:00,2184.1475
DK1,2025-06-20 21:00:00+00:00,2141.845
DK1,2025-06-20 22:00:00+00:00,2076.765
DK1,2025-06-20 23:00:00+00:00,2048.8675
DK1,2025-06-21 00:00:00+00:00,2036.6925
DK1,2025-06-21 01:00:00+00:00,1973.1575
DK1,2025-06-21 02:00:00+00:00,1896.2725
DK1,2025-06-21 03:00:00+00:00,1881.745
DK1,2025-06-21 04:00:00+00:00,1911.22
DK1,2025-06-21 05:00:00+00:00,2065.3975
DK1,2025-06-21 06:00:00+00:00,2211.175
DK1,2025-06-21 07:00:00+00:00,2346.3725
DK1,2025-06-21 08:00:00+00:00,2486.6475
DK1,2025-06-21 09:00:00+00:00,2582.5325
DK1,2025-06-21 10:00:00+00:00,2689.88
DK1,2025-06-21 11:00:00+00:00,2785.635
DK1,2025-06-21 12:00:00+00:00,2708.425
DK1,2025-06-21 13:00:00+00:00,2486.29
DK1,2025-06-21 14:00:00+00:00,2401.2675
DK1,2025-06-21 15:00:00+00:00,2361.675
DK1,2025-06-21 16:00:00+00:00,2314.1625
DK1,2025-06-21 17:00:00+00:00,2220.895
DK1,2025-06-21 18:00:00+00:00,2198.8425
DK1,2025-06-21 19:00:00+00:00,2122.5025
DK1,2025-06-21 20:00:00+00:00,2078.69
DK1,2025-06-21 21:00:00+00:00,2025.7425
DK1,2025-06-21 22:00:00+00:00,1918.9075
DK1,2025-06-21 23:00:00+00:00,1834.1525
DK1,2025-06-22 00:00:00+00:00,1752.4525
DK1,2025-06-22 01:00:00+00:00,1802.8475
DK1,2025-06-22 02:00:00+00:00,1811.6975
DK1,2025-06-22 03:00:00+00:00,1763.635
DK1,2025-06-22 04:00:00+00:00,1797.91
DK1,2025-06-22 05:00:00+00:00,1958.7525
DK1,2025-06-22 06:00:00+00:00,2159.0675
DK1,2025-06-22 07:00:00+00:00,2267.8925
DK1,2025-06-22 08:00:00+00:00,2554.7625
DK1,2025-06-22 09:00:00+00:00,2658.95
DK1,2025-06-22 10:00:00+00:00,2600.6075
DK1,2025-06-22 11:00:00+00:00,2591.48
DK1,2025-06-22 12:00:00+00:00,2670.01
DK1,2025-06-22 13:00:00+00:00,2685.0225
DK1,2025-06-22 14:00:00+00:00,2665.515
DK1,2025-06-22 15:00:00+00:00,2605.745
DK1,2025-06-22 16:00:00+00:00,2705.01
DK1,2025-06-22 17:00:00+00:00,2617.2325
DK1,2025-06-22 18:00:00+00:00,2402.665
DK1,2025-06-22 19:00:00+00:00,2193.54
DK1,2025-06-22 20:00:00+00:00,2150.7225
DK1,2025-06-22 21:00:00+00:00,2128.405
DK1,2025-06-22 22:00:00+00:00,2113.55
DK1,2025-06-22 23:00:00+00:00,2123.07
DK1,2025-06-23 00:00:00+00:00,2163.245
DK1,2025-06-23 01:00:00+00:00,2096.9775
DK1,2025-06-23 02:00:00+00:00,2050.8725
DK1,2025-06-23 03:00:00+00:00,2058.5125
DK1,2025-06-23 04:00:00+00:00,2272.73
DK1,2025-06-23 05:00:00+00:00,2639.48
DK1,2025-06-23 06:00:00+00:00,2874.23
DK1,2025-06-23 07:00:00+00:00,2966.55
DK1,2025-06-23 08:00:00+00:00,3110.0275
DK1,2025-06-23 09:00:00+00:00,3096.775
DK1,2025-06-23 10:00:00+00:00,3213.7425
DK1,2025-06-23 11:00:00+00:00,3341.0625
DK1,2025-06-23 12:00:00+00:00,3264.01
DK1,2025-06-23 13:00:00+00:00,3148.155
DK1,2025-06-23 14:00:00+00:00,3037.4175
DK1,2025-06-23 15:00:00+00:00,3045.3925
DK1,2025-06-23 16:00:00+00:00,2854.5375
DK1,2025-06-23 17:00:00+00:00,2735.1725
DK1,2025-06-23 18:00:00+00:00,2628.13
DK1,2025-06-23 19:00:00+00:00,2561.675
DK1,2025-06-23 20:00:00+00:00,2462.78
DK1,2025-06-23 21:00:00+00:00,2438.9775
DK1,2025-06-23 22:00:00+00:00,2615.67
DK1,2025-06-23 23:00:00+00:00,2533.5425
DK1,2025-06-24 00:00:00+00:00,2406.415
DK1,2025-06-24 01:00:00+00:00,2291.9975
DK1,2025-06-24 02:00:00+00:00,2210.1525
DK1,2025-06-24 03:00:00+00:00,2236.515
DK1,2025-06-24 04:00:00+00:00,2510.21
DK1,2025-06-24 05:00:00+00:00,2732.155
DK1,2025-06-24 06:00:00+00:00,2932.8075
DK1,2025-06-24 07:00:00+00:00,3078.39
DK1,2025-06-24 08:00:00+00:00,3162.2625
DK1,2025-06-24 09:00:00+00:00,3189.365
DK1,2025-06-24 10:00:00+00:00,3243.9725
DK1,2025-06-24 11:00:00+00:00,3154.3425
DK1,2025-06-24 12:00:00+00:00,3039.9575
DK1,2025-06-24 13:00:00+00:00,2969.455
DK1,2025-06-24 14:00:00+00:00,2952.22
DK1,2025-06-24 15:00:00+00:00,2994.6625
DK1,2025-06-24 16:00:00+00:00,2880.85
DK1,2025-06-24 17:00:00+00:00,2696.1475
DK1,2025-06-24 18:00:00+00:00,2533.77
DK1,2025-06-24 19:00:00+00:00,2438.35
DK1,2025-06-24 20:00:00+00:00,2356.7825
DK1,2025-06-24 21:00:00+00:00,2281.9275
DK1,2025-06-24 22:00:00+00:00,2337.985
DK1,2025-06-24 23:00:00+00:00,2367.075
DK1,2025-06-25 00:00:00+00:00,2241.935
DK1,2025-06-25 01:00:00+00:00,2108.4525
DK1,2025-06-25 02:00:00+00:00,2103.96
DK1,2025-06-25 03:00:00+00:00,2162.0075
DK1,2025-06-25 04:00:00+00:00,2351.415
DK1,2025-06-25 05:00:00+00:00,2701.2625
DK1,2025-06-25 06:00:00+00:00,2930.23
DK1,2025-06-25 07:00:00+00:00,2971.3175
DK1,2025-06-25 08:00:00+00:00,3106.6725
DK1,2025-06-25 09:00:00+00:00,3120.9625
DK1,2025-06-25 10:00:00+00:00,3061.5375
DK1,2025-06-25 11:00:00+00:00,3083.73
DK1,2025-06-25 12:00:00+00:00,2955.0925
DK1,2025-06-25 13:00:00+00:00,2746.21
DK1,2025-06-25 14:00:00+00:00,2812.1375
DK1,2025-06-25 15:00:00+00:00,2838.0225
DK1,2025-06-25 16:00:00+00:00,2731.47
DK1,2025-06-25 17:00:00+00:00,2572.8775
DK1,2025-06-25 18:00:00+00:00,2435.81
DK1,2025-06-25 19:00:00+00:00,2304.5825
DK1,2025-06-25 20:00:00+00:00,2279.35
DK1,2025-06-25 21:00:00+00:00,2227.285
DK1,2025-06-25 22:00:00+00:00,2184.455
DK1,2025-06-25 23:00:00+00:00,2187.2975
DK1,2025-06-26 00:00:00+00:00,2171.01
DK1,2025-06-26 01:00:00+00:00,2139.3925
DK1,2025-06-26 02:00:00+00:00,2087.9875
DK1,2025-06-26 03:00:00+00:00,2081.675
DK1,2025-06-26 04:00:00+00:00,2314.5025
DK1,2025-06-26 05:00:00+00:00,2590.6975
DK1,2025-06-26 06:00:00+00:00,2713.1625
DK1,2025-06-26 07:00:00+00:00,2717.56
DK1,2025-06-26 08:00:00+00:00,2761.7475
DK1,2025-06-26 09:00:00+00:00,2814.1625
DK1,2025-06-26 10:00:00+00:00,2756.7425
DK1,2025-06-26 11:00:00+00:00,2901.0975
DK1,2025-06-26 12:00:00+00:00,2951.5375
DK1,2025-06-26 13:00:00+00:00,2900.205
DK1,2025-06-26 14:00:00+00:00,2872.315
DK1,2025-06-26 15:00:00+00:00,2971.5925
DK1,2025-06-26 16:00:00+00:00,2836.995
DK1,2025-06-26 17:00:00+00:00,2697.36
DK1,2025-06-26 18:00:00+00:00,2537.1475
DK1,2025-06-26 19:00:00+00:00,2419.535
DK1,2025-06-26 20:00:00+00:00,2339.02
DK1,2025-06-26 21:00:00+00:00,2263.7325
DK1,2025-06-26 22:00:00+00:00,2195.58
DK1,2025-06-26 23:00:00+00:00,2208.5275
DK1,2025-06-27 00:00:00+00:00,2237.18
DK1,2025-06-27 01:00:00+00:00,2230.75
DK1,2025-06-27 02:00:00+00:00,2200.105
DK1,2025-06-27 03:00:00+00:00,2150.825
DK1,2025-06-27 04:00:00+00:00,2353.125
DK1,2025-06-27 05:00:00+00:00,2664.76
DK1,2025-06-27 06:00:00+00:00,2830.2925
DK1,2025-06-27 07:00:00+00:00,2947.2875
DK1,2025-06-27 08:00:00+00:00,3103.2225
DK1,2025-06-27 09:00:00+00:00,3028.68
DK1,2025-06-27 10:00:00+00:00,2959.2225
DK1,2025-06-27 11:00:00+00:00,2936.01
DK1,2025-06-27 12:00:00+00:00,2917.13
DK1,2025-06-27 13:00:00+00:00,2896.97
DK1,2025-06-27 14:00:00+00:00,2880.9575
DK1,2025-06-27 15:00:00+00:00,2820.2775
DK1,2025-06-27 16:00:00+00:00,2667.3325
DK1,2025-06-27 17:00:00+00:00,2478.275
DK1,2025-06-27 18:00:00+00:00,2327.845
DK1,2025-06-27 19:00:00+00:00,2229.99
DK1,2025-06-27 20:00:00+00:00,2175.0
DK1,2025-06-27 21:00:00+00:00,2103.4625
DK1,2025-06-27 22:00:00+00:00,2024.905
DK1,2025-06-27 23:00:00+00:00,2001.245
DK1,2025-06-28 00:00:00+00:00,1966.1675
DK1,2025-06-28 01:00:00+00:00,1997.375
DK1,2025-06-28 02:00:00+00:00,1962.475
DK1,2025-06-28 03:00:00+00:00,1977.3
DK1,2025-06-28 04:00:00+00:00,1985.2225
DK1,2025-06-28 05:00:00+00:00,2120.635
DK1,2025-06-28 06:00:00+00:00,2260.9875
DK1,2025-06-28 07:00:00+00:00,2478.5
DK1,2025-06-28 08:00:00+00:00,2631.885
DK1,2025-06-28 09:00:00+00:00,2669.2225
DK1,2025-06-28 10:00:00+00:00,2619.14
DK1,2025-06-28 11:00:00+00:00,2620.47
DK1,2025-06-28 12:00:00+00:00,2554.505
DK1,2025-06-28 13:00:00+00:00,2451.4475
DK1,2025-06-28 14:00:00+00:00,2440.2225
DK1,2025-06-28 15:00:00+00:00,2478.765
DK1,2025-06-28 16:00:00+00:00,2459.1475
DK1,2025-06-28 17:00:00+00:00,2335.7675
DK1,2025-06-28 18:00:00+00:00,2250.125
DK1,2025-06-28 19:00:00+00:00,2188.11
DK1,2025-06-28 20:00:00+00:00,2161.2325
DK1,2025-06-28 21:00:00+00:00,2082.54
DK1,2025-06-28 22:00:00+00:00,2079.2525
DK1,2025-06-28 23:00:00+00:00,1997.54
DK1,2025-06-29 00:00:00+00:00,1905.975
DK1,2025-06-29 01:00:00+00:00,1870.49
DK1,2025-06-29 02:00:00+00:00,1828.4075
DK1,2025-06-29 03:00:00+00:00,1735.13
DK1,2025-06-29 04:00:00+00:00,1733.4175
DK1,2025-06-29 05:00:00+00:00,1886.245
DK1,2025-06-29 06:00:00+00:00,2102.265
DK1,2025-06-29 07:00:00+00:00,2299.53
DK1,2025-06-29 08:00:00+00:00,2455.5725
DK1,2025-06-29 09:00:00+00:00,2420.595
DK1,2025-06-29 10:00:00+00:00,2663.8125
DK1,2025-06-29 11:00:00+00:00,2800.3425
DK1,2025-06-29 12:00:00+00:00,2779.755
DK1,2025-06-29 13:00:00+00:00,2699.73
DK1,2025-06-29 14:00:00+00:00,2487.2525
DK1,2025-06-29 15:00:00+00:00,2553.64
DK1,2025-06-29 16:00:00+00:00,2596.8525
DK1,2025-06-29 17:00:00+00:00,2461.9275
DK1,2025-06-29 18:00:00+00:00,2384.6175
DK1,2025-06-29 19:00:00+00:00,2279.08
DK1,2025-06-29 20:00:00+00:00,2202.955
DK1,2025-06-29 21:00:00+00:00,2111.6075
DK1,2025-06-29 22:00:00+00:00,2105.165
DK1,2025-06-29 23:00:00+00:00,2095.7325
DK1,2025-06-30 00:00:00+00:00,2011.5075
DK1,2025-06-30 01:00:00+00:00,1946.6275
DK1,2025-06-30 02:00:00+00:00,1883.37
DK1,2025-06-30 03:00:00+00:00,1952.1475
DK1,2025-06-30 04:00:00+00:00,2199.5975
DK1,2025-06-30 05:00:00+00:00,2474.5975
DK1,2025-06-30 06:00:00+00:00,2647.7975
DK1,2025-06-30 07:00:00+00:00,2882.9175
DK1,2025-06-30 08:00:00+00:00,2934.5625
DK1,2025-06-30 09:00:00+00:00,2765.09
DK1,2025-06-30 10:00:00+00:00,2832.6525
DK1,2025-06-30 11:00:00+00:00,2893.99
DK1,2025-06-30 12:00:00+00:00,2809.0775
DK1,2025-06-30 13:00:00+00:00,2646.94
DK1,2025-06-30 14:00:00+00:00,2633.84
DK1,2025-06-30 15:00:00+00:00,2692.955
DK1,2025-06-30 16:00:00+00:00,2668.6975
DK1,2025-06-30 17:00:00+00:00,2549.0
DK1,2025-06-30 18:00:00+00:00,2446.49
DK1,2025-06-30 19:00:00+00:00,2373.54
DK1,2025-06-30 20:00:00+00:00,2359.4525
DK1,2025-06-30 21:00:00+00:00,2266.7225
DK1,2025-06-30 22:00:00+00:00,2216.2475
DK1,2025-06-30 23:00:00+00:00,2174.1675
DK1,2025-07-01 00:00:00+00:00,2188.035
DK1,2025-07-01 01:00:00+00:00,2165.1975
DK1,2025-07-01 02:00:00+00:00,2082.775
DK1,2025-07-01 03:00:00+00:00,2126.7525
DK1,2025-07-01 04:00:00+00:00,2363.175
DK1,2025-07-01 05:00:00+00:00,2612.71
DK1,2025-07-01 06:00:00+00:00,2676.635
DK1,2025-07-01 07:00:00+00:00,2790.4975
DK1,2025-07-01 08:00:00+00:00,2826.9225
DK1,2025-07-01 09:00:00+00:00,2860.44
DK1,2025-07-01 10:00:00+00:00,2943.6075
DK1,2025-07-01 11:00:00+00:00,2946.4625
DK1,2025-07-01 12:00:00+00:00,2877.285
DK1,2025-07-01 13:00:00+00:00,2752.55
DK1,2025-07-01 14:00:00+00:00,2702.6375
DK1,2025-07-01 15:00:00+00:00,2744.61
DK1,2025-07-01 16:00:00+00:00,2671.04
DK1,2025-07-01 17:00:00+00:00,2529.52
DK1,2025-07-01 18:00:00+00:00,2445.6275
DK1,2025-07-01 19:00:00+00:00,2411.9725
DK1,2025-07-01 20:00:00+00:00,2341.6625
DK1,2025-07-01 21:00:00+00:00,2303.3675
DK1,2025-07-01 22:00:00+00:00,2268.535
DK1,2025-07-01 23:00:00+00:00,2265.68
DK1,2025-07-02 00:00:00+00:00,2278.7275
DK1,2025-07-02 01:00:00+00:00,2217.7575
DK1,2025-07-02 02:00:00+00:00,2141.3975
DK1,2025-07-02 03:00:00+00:00,2150.64
DK1,2025-07-02 04:00:00+00:00,2390.24
DK1,2025-07-02 05:00:00+00:00,2687.3
DK1,2025-07-02 06:00:00+00:00,2746.6925
DK1,2025-07-02 07:00:00+00:00,2904.835
DK1,2025-07-02 08:00:00+00:00,3009.62
DK1,2025-07-02 09:00:00+00:00,2972.4875
DK1,2025-07-02 10:00:00+00:00,3034.8225
DK1,2025-07-02 11:00:00+00:00,3100.455
DK1,2025-07-02 12:00:00+00:00,3003.205
DK1,2025-07-02 13:00:00+00:00,2820.43
DK1,2025-07-02 14:00:00+00:00,2687.58
DK1,2025-07-02 15:00:00+00:00,2760.3125
DK1,2025-07-02 16:00:00+00:00,2886.27
DK1,2025-07-02 17:00:00+00:00,2719.3525
DK1,2025-07-02 18:00:00+00:00,2582.4925
DK1,2025-07-02 19:00:00+00:00,2469.21
DK1,2025-07-02 20:00:00+00:00,2445.33
DK1,2025-07-02 21:00:00+00:00,2345.47
DK1,2025-07-02 22:00:00+00:00,2292.7925
DK1,2025-07-02 23:00:00+00:00,2256.195
DK1,2025-07-03 00:00:00+00:00,2223.175
DK1,2025-07-03 01:00:00+00:00,2197.9275
DK1,2025-07-03 02:00:00+00:00,2242.9975
DK1,2025-07-03 03:00:00+00:00,2389.8875
DK1,2025-07-03 04:00:00+00:00,2682.3925
DK1,2025-07-03 05:00:00+00:00,3023.5625
DK1,2025-07-03 06:00:00+00:00,3212.745
DK1,2025-07-03 07:00:00+00:00,3358.4475
DK1,2025-07-03 08:00:00+00:00,3465.7875
DK1,2025-07-03 09:00:00+00:00,3481.0225
DK1,2025-07-03 10:00:00+00:00,3428.36
DK1,2025-07-03 11:00:00+00:00,3432.5525
DK1,2025-07-03 12:00:00+00:00,3319.485
DK1,2025-07-03 13:00:00+00:00,3249.6675
DK1,2025-07-03 14:00:00+00:00,3068.3575
DK1,2025-07-03 15:00:00+00:00,3131.155
DK1,2025-07-03 16:00:00+00:00,3043.16
DK1,2025-07-03 17:00:00+00:00,2745.58
DK1,2025-07-03 18:00:00+00:00,2567.66
DK1,2025-07-03 19:00:00+00:00,2371.5625
DK1,2025-07-03 20:00:00+00:00,2305.78
DK1,2025-07-03 21:00:00+00:00,2248.0975
DK1,2025-07-03 22:00:00+00:00,2180.985
DK1,2025-07-03 23:00:00+00:00,2140.8125
DK1,2025-07-04 00:00:00+00:00,2099.0275
DK1,2025-07-04 01:00:00+00:00,2091.195
DK1,2025-07-04 02:00:00+00:00,2052.565
DK1,2025-07-04 03:00:00+00:00,2086.2025
DK1,2025-07-04 04:00:00+00:00,2262.8075
DK1,2025-07-04 05:00:00+00:00,2542.4225
DK1,2025-07-04 06:00:00+00:00,2711.9525
DK1,2025-07-04 07:00:00+00:00,2797.095
DK1,2025-07-04 08:00:00+00:00,3022.9675
DK1,2025-07-04 09:00:00+00:00,3108.075
DK1,2025-07-04 10:00:00+00:00,3272.1075
DK1,2025-07-04 11:00:00+00:00,3288.9975
DK1,2025-07-04 12:00:00+00:00,3136.0975
DK1,2025-07-04 13:00:00+00:00,3061.41
DK1,2025-07-04 14:00:00+00:00,2999.0575
DK1,2025-07-04 15:00:00+00:00,2810.6825
DK1,2025-07-04 16:00:00+00:00,2679.89
DK1,2025-07-04 17:00:00+00:00,2559.5475
DK1,2025-07-04 18:00:00+00:00,2358.72
DK1,2025-07-04 19:00:00+00:00,2277.91
DK1,2025-07-04 20:00:00+00:00,2254.3575
DK1,2025-07-04 21:00:00+00:00,2209.65
DK1,2025-07-04 22:00:00+00:00,2111.6525
DK1,2025-07-04 23:00:00+00:00,2059.9225
DK1,2025-07-05 00:00:00+00:00,2056.9
DK1,2025-07-05 01:00:00+00:00,2022.805
DK1,2025-07-05 02:00:00+00:00,2054.9375
DK1,2025-07-05 03:00:00+00:00,2057.8025
DK1,2025-07-05 04:00:00+00:00,2098.4525
DK1,2025-07-05 05:00:00+00:00,2178.2225
DK1,2025-07-05 06:00:00+00:00,2334.5075
DK1,2025-07-05 07:00:00+00:00,2525.055
DK1,2025-07-05 08:00:00+00:00,2734.19
DK1,2025-07-05 09:00:00+00:00,2749.1525
DK1,2025-07-05 10:00:00+00:00,2762.97
DK1,2025-07-05 11:00:00+00:00,2797.32
DK1,2025-07-05 12:00:00+00:00,2742.14
DK1,2025-07-05 13:00:00+00:00,2645.055
DK1,2025-07-05 14:00:00+00:00,2593.745
DK1,2025-07-05 15:00:00+00:00,2635.095
DK1,2025-07-05 16:00:00+00:00,2543.815
DK1,2025-07-05 17:00:00+00:00,2393.82
DK1,2025-07-05 18:00:00+00:00,2284.285
DK1,2025-07-05 19:00:00+00:00,2146.755
DK1,2025-07-05 20:00:00+00:00,2031.815
DK1,2025-07-05 21:00:00+00:00,1937.23
DK1,2025-07-05 22:00:00+00:00,1904.15
DK1,2025-07-05 23:00:00+00:00,1874.79
DK1,2025-07-06 00:00:00+00:00,1837.005
DK1,2025-07-06 01:00:00+00:00,1780.71
DK1,2025-07-06 02:00:00+00:00,1743.2725
DK1,2025-07-06 03:00:00+00:00,1684.95
DK1,2025-07-06 04:00:00+00:00,1758.3325
DK1,2025-07-06 05:00:00+00:00,1870.1425
DK1,2025-07-06 06:00:00+00:00,2101.715
DK1,2025-07-06 07:00:00+00:00,2235.7125
DK1,2025-07-06 08:00:00+00:00,2375.815
DK1,2025-07-06 09:00:00+00:00,2450.0775
DK1,2025-07-06 10:00:00+00:00,2485.505
DK1,2025-07-06 11:00:00+00:00,2513.03
DK1,2025-07-06 12:00:00+00:00,2498.3675
DK1,2025-07-06 13:00:00+00:00,2404.0725
DK1,2025-07-06 14:00:00+00:00,2361.79
DK1,2025-07-06 15:00:00+00:00,2392.55
DK1,2025-07-06 16:00:00+00:00,2419.3875
DK1,2025-07-06 17:00:00+00:00,2306.205
DK1,2025-07-06 18:00:00+00:00,2201.835
DK1,2025-07-06 19:00:00+00:00,2113.5475
DK1,2025-07-06 20:00:00+00:00,2098.635
DK1,2025-07-06 21:00:00+00:00,2025.185
DK1,2025-07-06 22:00:00+00:00,1969.1775
DK1,2025-07-06 23:00:00+00:00,1954.18
DK1,2025-07-07 00:00:00+00:00,1954.5275
DK1,2025-07-07 01:00:00+00:00,1960.1675
DK1,2025-07-07 02:00:00+00:00,1904.625
DK1,2025-07-07 03:00:00+00:00,1964.1
DK1,2025-07-07 04:00:00+00:00,2202.7625
DK1,2025-07-07 05:00:00+00:00,2515.9325
DK1,2025-07-07 06:00:00+00:00,2686.4275
DK1,2025-07-07 07:00:00+00:00,2793.0225
DK1,2025-07-07 08:00:00+00:00,2840.7975
DK1,2025-07-07 09:00:00+00:00,2908.9725
DK1,2025-07-07 10:00:00+00:00,2916.58
DK1,2025-07-07 11:00:00+00:00,2943.6625
DK1,2025-07-07 12:00:00+00:00,3003.505
DK1,2025-07-07 13:00:00+00:00,2891.2525
DK1,2025-07-07 14:00:00+00:00,2886.8675
DK1,2025-07-07 15:00:00+00:00,2864.43
DK1,2025-07-07 16:00:00+00:00,2748.4275
DK1,2025-07-07 17:00:00+00:00,2583.06
DK1,2025-07-07 18:00:00+00:00,2447.6625
DK1,2025-07-07 19:00:00+00:00,2296.905
DK1,2025-07-07 20:00:00+00:00,2245.6775
DK1,2025-07-07 21:00:00+00:00,2209.8675
DK1,2025-07-07 22:00:00+00:00,2088.3825
DK1,2025-07-07 23:00:00+00:00,2064.885
DK1,2025-07-08 00:00:00+00:00,2114.645
DK1,2025-07-08 01:00:00+00:00,2040.0675
DK1,2025-07-08 02:00:00+00:00,1999.82
DK1,2025-07-08 03:00:00+00:00,1997.83
DK1,2025-07-08 04:00:00+00:00,2239.75
DK1,2025-07-08 05:00:00+00:00,2505.5725
DK1,2025-07-08 06:00:00+00:00,2653.54
DK1,2025-07-08 07:00:00+00:00,2782.6875
DK1,2025-07-08 08:00:00+00:00,2966.19
DK1,2025-07-08 09:00:00+00:00,2945.745
DK1,2025-07-08 10:00:00+00:00,2962.5825
DK1,2025-07-08 11:00:00+00:00,3009.8875
DK1,2025-07-08 12:00:00+00:00,3004.1325
DK1,2025-07-08 13:00:00+00:00,2951.08
DK1,2025-07-08 14:00:00+00:00,2789.3175
DK1,2025-07-08 15:00:00+00:00,2794.815
DK1,2025-07-08 16:00:00+00:00,2686.605
DK1,2025-07-08 17:00:00+00:00,2592.76
DK1,2025-07-08 18:00:00+00:00,2453.6825
DK1,2025-07-08 19:00:00+00:00,2384.435
DK1,2025-07-08 20:00:00+00:00,2332.5025
DK1,2025-07-08 21:00:00+00:00,2216.945
DK1,2025-07-08 22:00:00+00:00,2187.9775
DK1,2025-07-08 23:00:00+00:00,2196.92
DK1,2025-07-09 00:00:00+00:00,2160.97
DK1,2025-07-09 01:00:00+00:00,2070.8725
DK1,2025-07-09 02:00:00+00:00,2013.03
DK1,2025-07-09 03:00:00+00:00,2030.18
DK1,2025-07-09 04:00:00+00:00,2232.0775
DK1,2025-07-09 05:00:00+00:00,2526.4675
DK1,2025-07-09 06:00:00+00:00,2639.5975
DK1,2025-07-09 07:00:00+00:00,2707.9575
DK1,2025-07-09 08:00:00+00:00,2807.91
DK1,2025-07-09 09:00:00+00:00,2783.9175
DK1,2025-07-09 10:00:00+00:00,2767.6425
DK1,2025-07-09 11:00:00+00:00,2913.095
DK1,2025-07-09 12:00:00+00:00,2905.715
DK1,2025-07-09 13:00:00+00:00,2795.7025
DK1,2025-07-09 14:00:00+00:00,2729.3125
DK1,2025-07-09 15:00:00+00:00,2699.66
DK1,2025-07-09 16:00:00+00:00,2720.9275
DK1,2025-07-09 17:00:00+00:00,2548.035
DK1,2025-07-09 18:00:00+00:00,2431.77
DK1,2025-07-09 19:00:00+00:00,2341.5575
DK1,2025-07-09 20:00:00+00:00,2291.7025
DK1,2025-07-09 21:00:00+00:00,2201.3425
DK1,2025-07-09 22:00:00+00:00,2128.8975
DK1,2025-07-09 23:00:00+00:00,2122.4525
DK1,2025-07-10 00:00:00+00:00,2126.2875
DK1,2025-07-10 01:00:00+00:00,2083.31
DK1,2025-07-10 02:00:00+00:00,2014.67
DK1,2025-07-10 03:00:00+00:00,2020.945
DK1,2025-07-10 04:00:00+00:00,2244.2425
DK1,2025-07-10 05:00:00+00:00,2520.485
DK1,2025-07-10 06:00:00+00:00,2690.7525
DK1,2025-07-10 07:00:00+00:00,2764.3325
DK1,2025-07-10 08:00:00+00:00,2900.21
DK1,2025-07-10 09:00:00+00:00,2867.715
DK1,2025-07-10 10:00:00+00:00,2871.785
DK1,2025-07-10 11:00:00+00:00,2902.385
DK1,2025-07-10 12:00:00+00:00,2886.6725
DK1,2025-07-10 13:00:00+00:00,2807.6625
DK1,2025-07-10 14:00:00+00:00,2764.7275
DK1,2025-07-10 15:00:00+00:00,2737.67
DK1,2025-07-10 16:00:00+00:00,2666.0675
DK1,2025-07-10 17:00:00+00:00,2546.0475
DK1,2025-07-10 18:00:00+00:00,2430.0775
DK1,2025-07-10 19:00:00+00:00,2345.9775
DK1,2025-07-10 20:00:00+00:00,2266.3825
DK1,2025-07-10 21:00:00+00:00,2208.855
DK1,2025-07-10 22:00:00+00:00,2155.725
DK1,2025-07-10 23:00:00+00:00,2118.1525
DK1,2025-07-11 00:00:00+00:00,2101.38
DK1,2025-07-11 01:00:00+00:00,2081.905
DK1,2025-07-11 02:00:00+00:00,2031.0725
DK1,2025-07-11 03:00:00+00:00,2022.67
DK1,2025-07-11 04:00:00+00:00,2214.4225
DK1,2025-07-11 05:00:00+00:00,2480.475
DK1,2025-07-11 06:00:00+00:00,2651.095
DK1,2025-07-11 07:00:00+00:00,2690.39
DK1,2025-07-11 08:00:00+00:00,2777.11
DK1,2025-07-11 09:00:00+00:00,2790.1775
DK1,2025-07-11 10:00:00+00:00,2755.9525
DK1,2025-07-11 11:00:00+00:00,2784.9425
DK1,2025-07-11 12:00:00+00:00,2683.855
DK1,2025-07-11 13:00:00+00:00,2595.6675
DK1,2025-07-11 14:00:00+00:00,2541.475
DK1,2025-07-11 15:00:00+00:00,2528.835
DK1,2025-07-11 16:00:00+00:00,2425.0925
DK1,2025-07-11 17:00:00+00:00,2281.31
DK1,2025-07-11 18:00:00+00:00,2111.135
DK1,2025-07-11 19:00:00+00:00,2122.7325
DK1,2025-07-11 20:00:00+00:00,2108.61
DK1,2025-07-11 21:00:00+00:00,2065.8325
DK1,2025-07-11 22:00:00+00:00,1959.6225
DK1,2025-07-11 23:00:00+00:00,1948.45
DK1,2025-07-12 00:00:00+00:00,1895.6875
DK1,2025-07-12 01:00:00+00:00,1882.46
DK1,2025-07-12 02:00:00+00:00,1849.7925
DK1,2025-07-12 03:00:00+00:00,1830.66
DK1,2025-07-12 04:00:00+00:00,1832.6025
DK1,2025-07-12 05:00:00+00:00,1924.6675
DK1,2025-07-12 06:00:00+00:00,2080.9875
DK1,2025-07-12 07:00:00+00:00,2340.37
DK1,2025-07-12 08:00:00+00:00,2584.5125
DK1,2025-07-12 09:00:00+00:00,2701.6625
DK1,2025-07-12 10:00:00+00:00,2748.3375
DK1,2025-07-12 11:00:00+00:00,2767.155
DK1,2025-07-12 12:00:00+00:00,2667.4275
DK1,2025-07-12 13:00:00+00:00,2614.2725
DK1,2025-07-12 14:00:00+00:00,2489.8225
DK1,2025-07-12 15:00:00+00:00,2389.4475
DK1,2025-07-12 16:00:00+00:00,2342.095
DK1,2025-07-12 17:00:00+00:00,2231.38
DK1,2025-07-12 18:00:00+00:00,2166.7375
DK1,2025-07-12 19:00:00+00:00,2056.2275
DK1,2025-07-12 20:00:00+00:00,2034.0825
DK1,2025-07-12 21:00:00+00:00,1963.4
DK1,2025-07-12 22:00:00+00:00,1922.6875
DK1,2025-07-12 23:00:00+00:00,1846.2975
DK1,2025-07-13 00:00:00+00:00,1717.625
DK1,2025-07-13 01:00:00+00:00,1676.9675
DK1,2025-07-13 02:00:00+00:00,1696.5975
DK1,2025-07-13 03:00:00+00:00,1662.57
DK1,2025-07-13 04:00:00+00:00,1682.5775
DK1,2025-07-13 05:00:00+00:00,1786.06
DK1,2025-07-13 06:00:00+00:00,1989.43
DK1,2025-07-13 07:00:00+00:00,2167.2325
DK1,2025-07-13 08:00:00+00:00,2457.4025
DK1,2025-07-13 09:00:00+00:00,2548.665
DK1,2025-07-13 10:00:00+00:00,2628.4575
DK1,2025-07-13 11:00:00+00:00,2754.8875
DK1,2025-07-13 12:00:00+00:00,2616.645
DK1,2025-07-13 13:00:00+00:00,2557.7925
DK1,2025-07-13 14:00:00+00:00,2491.9925
DK1,2025-07-13 15:00:00+00:00,2459.2825
DK1,2025-07-13 16:00:00+00:00,2367.395
DK1,2025-07-13 17:00:00+00:00,2234.5325
DK1,2025-07-13 18:00:00+00:00,2149.87
DK1,2025-07-13 19:00:00+00:00,2080.5825
DK1,2025-07-13 20:00:00+00:00,2051.1475
DK1,2025-07-13 21:00:00+00:00,1957.7475
DK1,2025-07-13 22:00:00+00:00,1933.965
DK1,2025-07-13 23:00:00+00:00,1927.2675
DK1,2025-07-14 00:00:00+00:00,1905.0575
DK1,2025-07-14 01:00:00+00:00,1862.255
DK1,2025-07-14 02:00:00+00:00,1836.6075
DK1,2025-07-14 03:00:00+00:00,1838.885
DK1,2025-07-14 04:00:00+00:00,2009.775
DK1,2025-07-14 05:00:00+00:00,2230.765
DK1,2025-07-14 06:00:00+00:00,2371.655
DK1,2025-07-14 07:00:00+00:00,2464.75
DK1,2025-07-14 08:00:00+00:00,2528.6525
DK1,2025-07-14 09:00:00+00:00,2615.9575
DK1,2025-07-14 10:00:00+00:00,2616.91
DK1,2025-07-14 11:00:00+00:00,2699.11
DK1,2025-07-14 12:00:00+00:00,2691.465
DK1,2025-07-14 13:00:00+00:00,2591.3575
DK1,2025-07-14 14:00:00+00:00,2538.6125
DK1,2025-07-14 15:00:00+00:00,2539.1
DK1,2025-07-14 16:00:00+00:00,2535.915
DK1,2025-07-14 17:00:00+00:00,2434.425
DK1,2025-07-14 18:00:00+00:00,2352.8325
DK1,2025-07-14 19:00:00+00:00,2271.7425
DK1,2025-07-14 20:00:00+00:00,2200.0775
DK1,2025-07-14 21:00:00+00:00,2127.44
DK1,2025-07-14 22:00:00+00:00,2065.665
DK1,2025-07-14 23:00:00+00:00,2004.335
DK1,2025-07-15 00:00:00+00:00,1982.4125
DK1,2025-07-15 01:00:00+00:00,1964.6675
DK1,2025-07-15 02:00:00+00:00,1926.53
DK1,2025-07-15 03:00:00+00:00,1901.8825
DK1,2025-07-15 04:00:00+00:00,2067.745
DK1,2025-07-15 05:00:00+00:00,2279.59
DK1,2025-07-15 06:00:00+00:00,2423.6425
DK1,2025-07-15 07:00:00+00:00,2482.99
DK1,2025-07-15 08:00:00+00:00,2556.7275
DK1,2025-07-15 09:00:00+00:00,2658.06
DK1,2025-07-15 10:00:00+00:00,2712.715
DK1,2025-07-15 11:00:00+00:00,2794.755
DK1,2025-07-15 12:00:00+00:00,2787.6325
DK1,2025-07-15 13:00:00+00:00,2659.42
DK1,2025-07-15 14:00:00+00:00,2658.8275
DK1,2025-07-15 15:00:00+00:00,2700.14
DK1,2025-07-15 16:00:00+00:00,2572.05
DK1,2025-07-15 17:00:00+00:00,2433.4575
DK1,2025-07-15 18:00:00+00:00,2321.015
DK1,2025-07-15 19:00:00+00:00,2237.88
DK1,2025-07-15 20:00:00+00:00,2138.155
DK1,2025-07-15 21:00:00+00:00,2052.39
DK1,2025-07-15 22:00:00+00:00,2030.1425
DK1,2025-07-15 23:00:00+00:00,2014.7325
DK1,2025-07-16 00:00:00+00:00,1998.105
DK1,2025-07-16 01:00:00+00:00,1947.0275
DK1,2025-07-16 02:00:00+00:00,1939.97
DK1,2025-07-16 03:00:00+00:00,1904.6025
DK1,2025-07-16 04:00:00+00:00,2031.25
DK1,2025-07-16 05:00:00+00:00,2263.845
DK1,2025-07-16 06:00:00+00:00,2389.26
DK1,2025-07-16 07:00:00+00:00,2469.4475
DK1,2025-07-16 08:00:00+00:00,2571.2825
DK1,2025-07-16 09:00:00+00:00,2530.9675
DK1,2025-07-16 10:00:00+00:00,2547.5
DK1,2025-07-16 11:00:00+00:00,2665.1875
DK1,2025-07-16 12:00:00+00:00,2656.52
DK1,2025-07-16 13:00:00+00:00,2578.36
DK1,2025-07-16 14:00:00+00:00,2479.6625
DK1,2025-07-16 15:00:00+00:00,2470.985
DK1,2025-07-16 16:00:00+00:00,2474.325
DK1,2025-07-16 17:00:00+00:00,2371.2175
DK1,2025-07-16 18:00:00+00:00,2256.0025
DK1,2025-07-16 19:00:00+00:00,2150.76
DK1,2025-07-16 20:00:00+00:00,2127.155
DK1,2025-07-16 21:00:00+00:00,2036.24
DK1,2025-07-16 22:00:00+00:00,1969.465
DK1,2025-07-16 23:00:00+00:00,1909.9225
DK1,2025-07-17 00:00:00+00:00,1904.35
DK1,2025-07-17 01:00:00+00:00,1908.1725
DK1,2025-07-17 02:00:00+00:00,1876.67
DK1,2025-07-17 03:00:00+00:00,1832.6325
DK1,2025-07-17 04:00:00+00:00,1981.16
DK1,2025-07-17 05:00:00+00:00,2181.805
DK1,2025-07-17 06:00:00+00:00,2350.4125
DK1,2025-07-17 07:00:00+00:00,2460.0875
DK1,2025-07-17 08:00:00+00:00,2561.6825
DK1,2025-07-17 09:00:00+00:00,2629.975
DK1,2025-07-17 10:00:00+00:00,2611.8575
DK1,2025-07-17 11:00:00+00:00,2699.7275
DK1,2025-07-17 12:00:00+00:00,2693.125
DK1,2025-07-17 13:00:00+00:00,2686.9225
DK1,2025-07-17 14:00:00+00:00,2606.4475
DK1,2025-07-17 15:00:00+00:00,2609.395
DK1,2025-07-17 16:00:00+00:00,2543.565
DK1,2025-07-17 17:00:00+00:00,2399.035
DK1,2025-07-17 18:00:00+00:00,2297.4775
DK1,2025-07-17 19:00:00+00:00,2218.87
DK1,2025-07-17 20:00:00+00:00,2176.055
DK1,2025-07-17 21:00:00+00:00,2055.815
DK1,2025-07-17 22:00:00+00:00,2045.935
DK1,2025-07-17 23:00:00+00:00,2034.775
DK1,2025-07-18 00:00:00+00:00,1995.2325
DK1,2025-07-18 01:00:00+00:00,1939.7425
DK1,2025-07-18 02:00:00+00:00,1881.785
DK1,2025-07-18 03:00:00+00:00,1862.6575
DK1,2025-07-18 04:00:00+00:00,2026.7075
DK1,2025-07-18 05:00:00+00:00,2219.8125
DK1,2025-07-18 06:00:00+00:00,2360.3175
DK1,2025-07-18 07:00:00+00:00,2427.9025
DK1,2025-07-18 08:00:00+00:00,2561.19
DK1,2025-07-18 09:00:00+00:00,2595.42
DK1,2025-07-18 10:00:00+00:00,2575.465
DK1,2025-07-18 11:00:00+00:00,2663.89
DK1,2025-07-18 12:00:00+00:00,2599.5775
DK1,2025-07-18 13:00:00+00:00,2549.0625
DK1,2025-07-18 14:00:00+00:00,2560.995
DK1,2025-07-18 15:00:00+00:00,2511.7075
DK1,2025-07-18 16:00:00+00:00,2444.7275
DK1,2025-07-18 17:00:00+00:00,2334.3125
DK1,2025-07-18 18:00:00+00:00,2234.09
DK1,2025-07-18 19:00:00+00:00,2141.61
DK1,2025-07-18 20:00:00+00:00,2108.2725
DK1,2025-07-18 21:00:00+00:00,2028.585
DK1,2025-07-18 22:00:00+00:00,1993.205
DK1,2025-07-18 23:00:00+00:00,1870.3075
DK1,2025-07-19 00:00:00+00:00,1809.6825
DK1,2025-07-19 01:00:00+00:00,1802.2175
DK1,2025-07-19 02:00:00+00:00,1813.8225
DK1,2025-07-19 03:00:00+00:00,1790.485
DK1,2025-07-19 04:00:00+00:00,1813.955
DK1,2025-07-19 05:00:00+00:00,1909.3075
DK1,2025-07-19 06:00:00+00:00,2047.86
DK1,2025-07-19 07:00:00+00:00,2189.74
DK1,2025-07-19 08:00:00+00:00,2380.27
DK1,2025-07-19 09:00:00+00:00,2525.5625
DK1,2025-07-19 10:00:00+00:00,2651.96
DK1,2025-07-19 11:00:00+00:00,2590.0825
DK1,2025-07-19 12:00:00+00:00,2499.1125
DK1,2025-07-19 13:00:00+00:00,2352.9275
DK1,2025-07-19 14:00:00+00:00,2295.525
DK1,2025-07-19 15:00:00+00:00,2278.56
DK1,2025-07-19 16:00:00+00:00,2281.82
DK1,2025-07-19 17:00:00+00:00,2211.57
DK1,2025-07-19 18:00:00+00:00,2073.0675
DK1,2025-07-19 19:00:00+00:00,1984.54
DK1,2025-07-19 20:00:00+00:00,2032.845
DK1,2025-07-19 21:00:00+00:00,1956.4575
DK1,2025-07-19 22:00:00+00:00,1949.5575
DK1,2025-07-19 23:00:00+00:00,1875.21
DK1,2025-07-20 00:00:00+00:00,1803.7325
DK1,2025-07-20 01:00:00+00:00,1744.155
DK1,2025-07-20 02:00:00+00:00,1703.745
DK1,2025-07-20 03:00:00+00:00,1642.02
DK1,2025-07-20 04:00:00+00:00,1672.265
DK1,2025-07-20 05:00:00+00:00,1771.86
DK1,2025-07-20 06:00:00+00:00,1928.36
DK1,2025-07-20 07:00:00+00:00,2155.7725
DK1,2025-07-20 08:00:00+00:00,2317.89
DK1,2025-07-20 09:00:00+00:00,2416.1825
DK1,2025-07-20 10:00:00+00:00,2587.4275
DK1,2025-07-20 11:00:00+00:00,2543.8475
DK1,2025-07-20 12:00:00+00:00,2516.31
DK1,2025-07-20 13:00:00+00:00,2474.6725
DK1,2025-07-20 14:00:00+00:00,2441.5975
DK1,2025-07-20 15:00:00+00:00,2376.6775
DK1,2025-07-20 16:00:00+00:00,2271.4825
DK1,2025-07-20 17:00:00+00:00,2179.845
DK1,2025-07-20 18:00:00+00:00,2106.205
DK1,2025-07-20 19:00:00+00:00,2080.935
DK1,2025-07-20 20:00:00+00:00,2071.05
DK1,2025-07-20 21:00:00+00:00,1978.3575
DK1,2025-07-20 22:00:00+00:00,1972.9325
DK1,2025-07-20 23:00:00+00:00,2013.91
DK1,2025-07-21 00:00:00+00:00,1969.62
DK1,2025-07-21 01:00:00+00:00,1973.625
DK1,2025-07-21 02:00:00+00:00,1934.42
DK1,2025-07-21 03:00:00+00:00,1844.7375
DK1,2025-07-21 04:00:00+00:00,2021.065
DK1,2025-07-21 05:00:00+00:00,2236.88
DK1,2025-07-21 06:00:00+00:00,2447.8175
DK1,2025-07-21 07:00:00+00:00,2592.015
DK1,2025-07-21 08:00:00+00:00,2683.2575
DK1,2025-07-21 09:00:00+00:00,2698.33
DK1,2025-07-21 10:00:00+00:00,2726.2425
DK1,2025-07-21 11:00:00+00:00,2671.6775
DK1,2025-07-21 12:00:00+00:00,2655.6225
DK1,2025-07-21 13:00:00+00:00,2612.4775
DK1,2025-07-21 14:00:00+00:00,2569.4775
DK1,2025-07-21 15:00:00+00:00,2650.03
DK1,2025-07-21 16:00:00+00:00,2593.16
DK1,2025-07-21 17:00:00+00:00,2453.1675
DK1,2025-07-21 18:00:00+00:00,2280.8225
DK1,2025-07-21 19:00:00+00:00,2223.6275
DK1,2025-07-21 20:00:00+00:00,2192.875
DK1,2025-07-21 21:00:00+00:00,2101.8975
DK1,2025-07-21 22:00:00+00:00,2027.195
DK1,2025-07-21 23:00:00+00:00,2003.6175
DK1,2025-07-22 00:00:00+00:00,1966.845
DK1,2025-07-22 01:00:00+00:00,1919.9875
DK1,2025-07-22 02:00:00+00:00,1904.79
DK1,2025-07-22 03:00:00+00:00,1910.9625
DK1,2025-07-22 04:00:00+00:00,2055.97
DK1,2025-07-22 05:00:00+00:00,2275.425
DK1,2025-07-22 06:00:00+00:00,2415.645
DK1,2025-07-22 07:00:00+00:00,2528.64
DK1,2025-07-22 08:00:00+00:00,2627.895
DK1,2025-07-22 09:00:00+00:00,2645.775
DK1,2025-07-22 10:00:00+00:00,2765.7575
DK1,2025-07-22 11:00:00+00:00,2852.6525
DK1,2025-07-22 12:00:00+00:00,2912.5575
DK1,2025-07-22 13:00:00+00:00,2887.7375
DK1,2025-07-22 14:00:00+00:00,2746.365
DK1,2025-07-22 15:00:00+00:00,2723.4525
DK1,2025-07-22 16:00:00+00:00,2625.5925
DK1,2025-07-22 17:00:00+00:00,2433.1575
DK1,2025-07-22 18:00:00+00:00,2324.5925
DK1,2025-07-22 19:00:00+00:00,2234.22
DK1,2025-07-22 20:00:00+00:00,2108.045
DK1,2025-07-22 21:00:00+00:00,2114.9875
DK1,2025-07-22 22:00:00+00:00,2102.0075
DK1,2025-07-22 23:00:00+00:00,2067.645
DK1,2025-07-23 00:00:00+00:00,2044.295
DK1,2025-07-23 01:00:00+00:00,1942.7
DK1,2025-07-23 02:00:00+00:00,1879.92
DK1,2025-07-23 03:00:00+00:00,1835.72
DK1,2025-07-23 04:00:00+00:00,1952.515
DK1,2025-07-23 05:00:00+00:00,2175.655
DK1,2025-07-23 06:00:00+00:00,2337.5825
DK1,2025-07-23 07:00:00+00:00,2444.0325
DK1,2025-07-23 08:00:00+00:00,2571.5275
DK1,2025-07-23 09:00:00+00:00,2646.21
DK1,2025-07-23 10:00:00+00:00,2698.4625
DK1,2025-07-23 11:00:00+00:00,2792.07
DK1,2025-07-23 12:00:00+00:00,2760.715
DK1,2025-07-23 13:00:00+00:00,2700.4725
DK1,2025-07-23 14:00:00+00:00,2624.975
DK1,2025-07-23 15:00:00+00:00,2620.905
DK1,2025-07-23 16:00:00+00:00,2565.84
DK1,2025-07-23 17:00:00+00:00,2458.8725
DK1,2025-07-23 18:00:00+00:00,2313.815
DK1,2025-07-23 19:00:00+00:00,2213.95
DK1,2025-07-23 20:00:00+00:00,2183.205
DK1,2025-07-23 21:00:00+00:00,2093.425
DK1,2025-07-23 22:00:00+00:00,2053.225
DK1,2025-07-23 23:00:00+00:00,2031.345
DK1,2025-07-24 00:00:00+00:00,1947.51
DK1,2025-07-24 01:00:00+00:00,1906.4775
DK1,2025-07-24 02:00:00+00:00,1820.6475
DK1,2025-07-24 03:00:00+00:00,1867.71
DK1,2025-07-24 04:00:00+00:00,2053.46
DK1,2025-07-24 05:00:00+00:00,2270.4075
DK1,2025-07-24 06:00:00+00:00,2447.185
DK1,2025-07-24 07:00:00+00:00,2568.5275
DK1,2025-07-24 08:00:00+00:00,2637.065
DK1,2025-07-24 09:00:00+00:00,2663.2
DK1,2025-07-24 10:00:00+00:00,2602.2925
DK1,2025-07-24 11:00:00+00:00,2583.445
DK1,2025-07-24 12:00:00+00:00,2615.625
DK1,2025-07-24 13:00:00+00:00,2588.2875
DK1,2025-07-24 14:00:00+00:00,2539.605
DK1,2025-07-24 15:00:00+00:00,2484.3175
DK1,2025-07-24 16:00:00+00:00,2556.655
DK1,2025-07-24 17:00:00+00:00,2458.6025
DK1,2025-07-24 18:00:00+00:00,2344.7
DK1,2025-07-24 19:00:00+00:00,2252.64
DK1,2025-07-24 20:00:00+00:00,2197.2975
DK1,2025-07-24 21:00:00+00:00,2106.5775
DK1,2025-07-24 22:00:00+00:00,2041.9925
DK1,2025-07-24 23:00:00+00:00,1962.5125
DK1,2025-07-25 00:00:00+00:00,1983.8125
DK1,2025-07-25 01:00:00+00:00,2000.8175
DK1,2025-07-25 02:00:00+00:00,1946.115
DK1,2025-07-25 03:00:00+00:00,1896.975
DK1,2025-07-25 04:00:00+00:00,2019.345
DK1,2025-07-25 05:00:00+00:00,2238.285
DK1,2025-07-25 06:00:00+00:00,2402.0075
DK1,2025-07-25 07:00:00+00:00,2456.535
DK1,2025-07-25 08:00:00+00:00,2564.8225
DK1,2025-07-25 09:00:00+00:00,2606.155
DK1,2025-07-25 10:00:00+00:00,2620.665
DK1,2025-07-25 11:00:00+00:00,2598.845
DK1,2025-07-25 12:00:00+00:00,2550.6475
DK1,2025-07-25 13:00:00+00:00,2632.7075
DK1,2025-07-25 14:00:00+00:00,2557.9075
DK1,2025-07-25 15:00:00+00:00,2573.525
DK1,2025-07-25 16:00:00+00:00,2553.84
DK1,2025-07-25 17:00:00+00:00,2339.7575
DK1,2025-07-25 18:00:00+00:00,2217.6825
DK1,2025-07-25 19:00:00+00:00,2144.695
DK1,2025-07-25 20:00:00+00:00,2080.2775
DK1,2025-07-25 21:00:00+00:00,1986.4425
DK1,2025-07-25 22:00:00+00:00,1940.125
DK1,2025-07-25 23:00:00+00:00,1879.9675
DK1,2025-07-26 00:00:00+00:00,1856.69
DK1,2025-07-26 01:00:00+00:00,1822.4125
DK1,2025-07-26 02:00:00+00:00,1826.3075
DK1,2025-07-26 03:00:00+00:00,1796.0875
DK1,2025-07-26 04:00:00+00:00,1750.94
DK1,2025-07-26 05:00:00+00:00,1871.07
DK1,2025-07-26 06:00:00+00:00,2020.4375
DK1,2025-07-26 07:00:00+00:00,2128.9375
DK1,2025-07-26 08:00:00+00:00,2252.8175
DK1,2025-07-26 09:00:00+00:00,2303.1475
DK1,2025-07-26 10:00:00+00:00,2360.245
DK1,2025-07-26 11:00:00+00:00,2392.045
DK1,2025-07-26 12:00:00+00:00,2321.5425
DK1,2025-07-26 13:00:00+00:00,2310.9325
DK1,2025-07-26 14:00:00+00:00,2246.55
DK1,2025-07-26 15:00:00+00:00,2305.0025
DK1,2025-07-26 16:00:00+00:00,2312.4925
DK1,2025-07-26 17:00:00+00:00,2189.7825
DK1,2025-07-26 18:00:00+00:00,2112.1375
DK1,2025-07-26 19:00:00+00:00,2024.9525
DK1,2025-07-26 20:00:00+00:00,2005.125
DK1,2025-07-26 21:00:00+00:00,1916.7275
DK1,2025-07-26 22:00:00+00:00,1837.145
DK1,2025-07-26 23:00:00+00:00,1792.295
DK1,2025-07-27 00:00:00+00:00,1763.4025
DK1,2025-07-27 01:00:00+00:00,1748.9825
DK1,2025-07-27 02:00:00+00:00,1727.9575
DK1,2025-07-27 03:00:00+00:00,1693.0425
DK1,2025-07-27 04:00:00+00:00,1699.815
DK1,2025-07-27 05:00:00+00:00,1793.69
DK1,2025-07-27 06:00:00+00:00,1944.09
DK1,2025-07-27 07:00:00+00:00,2031.18
DK1,2025-07-27 08:00:00+00:00,2146.7575
DK1,2025-07-27 09:00:00+00:00,2203.4525
DK1,2025-07-27 10:00:00+00:00,2283.175
DK1,2025-07-27 11:00:00+00:00,2413.5625
DK1,2025-07-27 12:00:00+00:00,2444.2775
DK1,2025-07-27 13:00:00+00:00,2347.1575
DK1,2025-07-27 14:00:00+00:00,2333.5775
DK1,2025-07-27 15:00:00+00:00,2369.77
DK1,2025-07-27 16:00:00+00:00,2373.0275
DK1,2025-07-27 17:00:00+00:00,2259.4425
DK1,2025-07-27 18:00:00+00:00,2171.9475
DK1,2025-07-27 19:00:00+00:00,2094.605
DK1,2025-07-27 20:00:00+00:00,2066.6225
DK1,2025-07-27 21:00:00+00:00,1956.5525
DK1,2025-07-27 22:00:00+00:00,1901.8475
DK1,2025-07-27 23:00:00+00:00,1863.15
DK1,2025-07-28 00:00:00+00:00,1853.4675
DK1,2025-07-28 01:00:00+00:00,1885.87
DK1,2025-07-28 02:00:00+00:00,1847.71
DK1,2025-07-28 03:00:00+00:00,1857.265
DK1,2025-07-28 04:00:00+00:00,2008.29
DK1,2025-07-28 05:00:00+00:00,2270.625
DK1,2025-07-28 06:00:00+00:00,2465.7825
DK1,2025-07-28 07:00:00+00:00,2535.5975
DK1,2025-07-28 08:00:00+00:00,2639.655
DK1,2025-07-28 09:00:00+00:00,2767.5125
DK1,2025-07-28 10:00:00+00:00,2783.075
DK1,2025-07-28 11:00:00+00:00,2808.1175
DK1,2025-07-28 12:00:00+00:00,2765.365
DK1,2025-07-28 13:00:00+00:00,2688.4075
DK1,2025-07-28 14:00:00+00:00,2725.88
DK1,2025-07-28 15:00:00+00:00,2651.8225
DK1,2025-07-28 16:00:00+00:00,2597.315
DK1,2025-07-28 17:00:00+00:00,2473.365
DK1,2025-07-28 18:00:00+00:00,2365.5125
DK1,2025-07-28 19:00:00+00:00,2235.0725
DK1,2025-07-28 20:00:00+00:00,2185.4775
DK1,2025-07-28 21:00:00+00:00,2105.255
DK1,2025-07-28 22:00:00+00:00,2016.18
DK1,2025-07-28 23:00:00+00:00,1981.47
DK1,2025-07-29 00:00:00+00:00,1934.3025
DK1,2025-07-29 01:00:00+00:00,1890.035
DK1,2025-07-29 02:00:00+00:00,1868.8675
DK1,2025-07-29 03:00:00+00:00,1912.0675
DK1,2025-07-29 04:00:00+00:00,2065.7
DK1,2025-07-29 05:00:00+00:00,2334.08
DK1,2025-07-29 06:00:00+00:00,2585.0425
DK1,2025-07-29 07:00:00+00:00,2762.5925
DK1,2025-07-29 08:00:00+00:00,2845.24
DK1,2025-07-29 09:00:00+00:00,2885.12
DK1,2025-07-29 10:00:00+00:00,2889.0975
DK1,2025-07-29 11:00:00+00:00,2868.3325
DK1,2025-07-29 12:00:00+00:00,2810.74
DK1,2025-07-29 13:00:00+00:00,2756.4225
DK1,2025-07-29 14:00:00+00:00,2754.3625
DK1,2025-07-29 15:00:00+00:00,2824.46
DK1,2025-07-29 16:00:00+00:00,2677.1175
DK1,2025-07-29 17:00:00+00:00,2460.75
DK1,2025-07-29 18:00:00+00:00,2368.33
DK1,2025-07-29 19:00:00+00:00,2246.2
DK1,2025-07-29 20:00:00+00:00,2205.1075
DK1,2025-07-29 21:00:00+00:00,2061.96
DK1,2025-07-29 22:00:00+00:00,1973.04
DK1,2025-07-29 23:00:00+00:00,1936.8275
DK1,2025-07-30 00:00:00+00:00,1921.0
DK1,2025-07-30 01:00:00+00:00,1908.9575
DK1,2025-07-30 02:00:00+00:00,1895.56
DK1,2025-07-30 03:00:00+00:00,1878.4025
DK1,2025-07-30 04:00:00+00:00,2049.5175
DK1,2025-07-30 05:00:00+00:00,2308.35
DK1,2025-07-30 06:00:00+00:00,2447.555
DK1,2025-07-30 07:00:00+00:00,2566.21
DK1,2025-07-30 08:00:00+00:00,2641.8775
DK1,2025-07-30 09:00:00+00:00,2694.69
DK1,2025-07-30 10:00:00+00:00,2751.72
DK1,2025-07-30 11:00:00+00:00,2863.3175
DK1,2025-07-30 12:00:00+00:00,2797.4225
DK1,2025-07-30 13:00:00+00:00,2656.6275
DK1,2025-07-30 14:00:00+00:00,2693.055
DK1,2025-07-30 15:00:00+00:00,2652.2225
DK1,2025-07-30 16:00:00+00:00,2584.32
DK1,2025-07-30 17:00:00+00:00,2467.405
DK1,2025-07-30 18:00:00+00:00,2342.7325
DK1,2025-07-30 19:00:00+00:00,2266.5375
DK1,2025-07-30 20:00:00+00:00,2248.965
DK1,2025-07-30 21:00:00+00:00,2092.23
DK1,2025-07-30 22:00:00+00:00,2044.0
DK1,2025-07-30 23:00:00+00:00,2081.4825
DK1,2025-07-31 00:00:00+00:00,2038.2425
DK1,2025-07-31 01:00:00+00:00,1980.0725
DK1,2025-07-31 02:00:00+00:00,1895.245
DK1,2025-07-31 03:00:00+00:00,1913.0275
DK1,2025-07-31 04:00:00+00:00,2090.0725
DK1,2025-07-31 05:00:00+00:00,2311.1175
DK1,2025-07-31 06:00:00+00:00,2500.84
DK1,2025-07-31 07:00:00+00:00,2581.54
DK1,2025-07-31 08:00:00+00:00,2642.9775
DK1,2025-07-31 09:00:00+00:00,2665.6275
DK1,2025-07-31 10:00:00+00:00,2631.2
DK1,2025-07-31 11:00:00+00:00,2666.0775
DK1,2025-07-31 12:00:00+00:00,2614.0525
DK1,2025-07-31 13:00:00+00:00,2583.6025
DK1,2025-07-31 14:00:00+00:00,2626.8525
DK1,2025-07-31 15:00:00+00:00,2672.885
DK1,2025-07-31 16:00:00+00:00,2598.6675
DK1,2025-07-31 17:00:00+00:00,2492.2575
DK1,2025-07-31 18:00:00+00:00,2381.0825
DK1,2025-07-31 19:00:00+00:00,2318.4525
DK1,2025-07-31 20:00:00+00:00,2248.1425
DK1,2025-07-31 21:00:00+00:00,2113.7625
DK1,2025-07-31 22:00:00+00:00,2056.6825
DK1,2025-07-31 23:00:00+00:00,2038.385
DK1,2025-08-01 00:00:00+00:00,2033.7375
DK1,2025-08-01 01:00:00+00:00,1990.5025
DK1,2025-08-01 02:00:00+00:00,1938.0125
DK1,2025-08-01 03:00:00+00:00,1936.635
DK1,2025-08-01 04:00:00+00:00,2114.675
DK1,2025-08-01 05:00:00+00:00,2368.5575
DK1,2025-08-01 06:00:00+00:00,2557.2625
DK1,2025-08-01 07:00:00+00:00,2624.35
DK1,2025-08-01 08:00:00+00:00,2672.7025
DK1,2025-08-01 09:00:00+00:00,2744.075
DK1,2025-08-01 10:00:00+00:00,2789.7675
DK1,2025-08-01 11:00:00+00:00,2763.3375
DK1,2025-08-01 12:00:00+00:00,2787.91
DK1,2025-08-01 13:00:00+00:00,2713.94
DK1,2025-08-01 14:00:00+00:00,2609.33
DK1,2025-08-01 15:00:00+00:00,2558.14
DK1,2025-08-01 16:00:00+00:00,2591.9975
DK1,2025-08-01 17:00:00+00:00,2455.8975
DK1,2025-08-01 18:00:00+00:00,2288.465
DK1,2025-08-01 19:00:00+00:00,2213.89
DK1,2025-08-01 20:00:00+00:00,2137.005
DK1,2025-08-01 21:00:00+00:00,2079.7975
DK1,2025-08-01 22:00:00+00:00,2005.8775
DK1,2025-08-01 23:00:00+00:00,1933.565
DK1,2025-08-02 00:00:00+00:00,1896.89
DK1,2025-08-02 01:00:00+00:00,1894.0375
DK1,2025-08-02 02:00:00+00:00,1894.81
DK1,2025-08-02 03:00:00+00:00,1844.7675
DK1,2025-08-02 04:00:00+00:00,1868.305
DK1,2025-08-02 05:00:00+00:00,1982.5675
DK1,2025-08-02 06:00:00+00:00,2125.73
DK1,2025-08-02 07:00:00+00:00,2257.66
DK1,2025-08-02 08:00:00+00:00,2455.4125
DK1,2025-08-02 09:00:00+00:00,2577.865
DK1,2025-08-02 10:00:00+00:00,2610.095
DK1,2025-08-02 11:00:00+00:00,2607.59
DK1,2025-08-02 12:00:00+00:00,2545.5875
DK1,2025-08-02 13:00:00+00:00,2493.3525
DK1,2025-08-02 14:00:00+00:00,2456.935
DK1,2025-08-02 15:00:00+00:00,2442.455
DK1,2025-08-02 16:00:00+00:00,2382.1725
DK1,2025-08-02 17:00:00+00:00,2249.815
DK1,2025-08-02 18:00:00+00:00,2172.4775
DK1,2025-08-02 19:00:00+00:00,2123.63
DK1,2025-08-02 20:00:00+00:00,2056.28
DK1,2025-08-02 21:00:00+00:00,1940.8725
DK1,2025-08-02 22:00:00+00:00,1867.7025
DK1,2025-08-02 23:00:00+00:00,1833.2125
DK1,2025-08-03 00:00:00+00:00,1802.195
DK1,2025-08-03 01:00:00+00:00,1751.975
DK1,2025-08-03 02:00:00+00:00,1770.2025
DK1,2025-08-03 03:00:00+00:00,1742.955
DK1,2025-08-03 04:00:00+00:00,1768.3425
DK1,2025-08-03 05:00:00+00:00,1923.2825
DK1,2025-08-03 06:00:00+00:00,2173.69
DK1,2025-08-03 07:00:00+00:00,2376.3375
DK1,2025-08-03 08:00:00+00:00,2504.4825
DK1,2025-08-03 09:00:00+00:00,2634.7
DK1,2025-08-03 10:00:00+00:00,2704.4675
DK1,2025-08-03 11:00:00+00:00,2737.945
DK1,2025-08-03 12:00:00+00:00,2730.745
DK1,2025-08-03 13:00:00+00:00,2650.0125
DK1,2025-08-03 14:00:00+00:00,2671.5375
DK1,2025-08-03 15:00:00+00:00,2651.34
DK1,2025-08-03 16:00:00+00:00,2523.4525
DK1,2025-08-03 17:00:00+00:00,2356.735
DK1,2025-08-03 18:00:00+00:00,2224.225
DK1,2025-08-03 19:00:00+00:00,2176.57
DK1,2025-08-03 20:00:00+00:00,2105.1825
DK1,2025-08-03 21:00:00+00:00,1982.775
DK1,2025-08-03 22:00:00+00:00,2011.635
DK1,2025-08-03 23:00:00+00:00,2048.8
DK1,2025-08-04 00:00:00+00:00,2016.4675
DK1,2025-08-04 01:00:00+00:00,1905.845
DK1,2025-08-04 02:00:00+00:00,1898.7775
DK1,2025-08-04 03:00:00+00:00,1963.3175
DK1,2025-08-04 04:00:00+00:00,2228.77
DK1,2025-08-04 05:00:00+00:00,2561.7275
DK1,2025-08-04 06:00:00+00:00,2776.75
DK1,2025-08-04 07:00:00+00:00,2811.54
DK1,2025-08-04 08:00:00+00:00,2979.8175
DK1,2025-08-04 09:00:00+00:00,3074.315
DK1,2025-08-04 10:00:00+00:00,3074.54
DK1,2025-08-04 11:00:00+00:00,3128.5025
DK1,2025-08-04 12:00:00+00:00,3040.275
DK1,2025-08-04 13:00:00+00:00,2988.18
DK1,2025-08-04 14:00:00+00:00,3022.4475
DK1,2025-08-04 15:00:00+00:00,3092.47
DK1,2025-08-04 16:00:00+00:00,2984.9425
DK1,2025-08-04 17:00:00+00:00,2880.66
DK1,2025-08-04 18:00:00+00:00,2782.3
DK1,2025-08-04 19:00:00+00:00,2806.885
DK1,2025-08-04 20:00:00+00:00,2621.96
DK1,2025-08-04 21:00:00+00:00,2412.34
DK1,2025-08-04 22:00:00+00:00,2445.9825
DK1,2025-08-04 23:00:00+00:00,2381.4375
DK1,2025-08-05 00:00:00+00:00,2424.6025
DK1,2025-08-05 01:00:00+00:00,2339.0575
DK1,2025-08-05 02:00:00+00:00,2363.5775
DK1,2025-08-05 03:00:00+00:00,2347.4475
DK1,2025-08-05 04:00:00+00:00,2492.025
DK1,2025-08-05 05:00:00+00:00,2732.155
DK1,2025-08-05 06:00:00+00:00,2911.87
DK1,2025-08-05 07:00:00+00:00,3086.23
DK1,2025-08-05 08:00:00+00:00,3214.8425
DK1,2025-08-05 09:00:00+00:00,3366.9375
DK1,2025-08-05 10:00:00+00:00,3340.1325
DK1,2025-08-05 11:00:00+00:00,3392.61
DK1,2025-08-05 12:00:00+00:00,3262.1
DK1,2025-08-05 13:00:00+00:00,3188.355
DK1,2025-08-05 14:00:00+00:00,3141.585
DK1,2025-08-05 15:00:00+00:00,3149.715
DK1,2025-08-05 16:00:00+00:00,3129.025
DK1,2025-08-05 17:00:00+00:00,2966.24
DK1,2025-08-05 18:00:00+00:00,2683.1725
DK1,2025-08-05 19:00:00+00:00,2599.7625
DK1,2025-08-05 20:00:00+00:00,2563.83
DK1,2025-08-05 21:00:00+00:00,2431.32
DK1,2025-08-05 22:00:00+00:00,2647.825
DK1,2025-08-05 23:00:00+00:00,2536.9775
DK1,2025-08-06 00:00:00+00:00,2412.71
DK1,2025-08-06 01:00:00+00:00,2382.5075
DK1,2025-08-06 02:00:00+00:00,2287.3525
DK1,2025-08-06 03:00:00+00:00,2320.8575
DK1,2025-08-06 04:00:00+00:00,2500.825
DK1,2025-08-06 05:00:00+00:00,2762.305
DK1,2025-08-06 06:00:00+00:00,2952.1375
DK1,2025-08-06 07:00:00+00:00,3149.25
DK1,2025-08-06 08:00:00+00:00,3139.0425
DK1,2025-08-06 09:00:00+00:00,3242.6925
DK1,2025-08-06 10:00:00+00:00,3314.26
DK1,2025-08-06 11:00:00+00:00,3377.345
DK1,2025-08-06 12:00:00+00:00,3281.495
DK1,2025-08-06 13:00:00+00:00,3230.4675
DK1,2025-08-06 14:00:00+00:00,3230.095
DK1,2025-08-06 15:00:00+00:00,3120.265
DK1,2025-08-06 16:00:00+00:00,3107.075
DK1,2025-08-06 17:00:00+00:00,2851.54
DK1,2025-08-06 18:00:00+00:00,2646.9525
DK1,2025-08-06 19:00:00+00:00,2498.41
DK1,2025-08-06 20:00:00+00:00,2388.2175
DK1,2025-08-06 21:00:00+00:00,2250.375
DK1,2025-08-06 22:00:00+00:00,2206.0775
DK1,2025-08-06 23:00:00+00:00,2133.385
DK1,2025-08-07 00:00:00+00:00,2139.8525
DK1,2025-08-07 01:00:00+00:00,2112.68
DK1,2025-08-07 02:00:00+00:00,2069.0525
DK1,2025-08-07 03:00:00+00:00,2073.3675
DK1,2025-08-07 04:00:00+00:00,2313.5275
DK1,2025-08-07 05:00:00+00:00,2616.535
DK1,2025-08-07 06:00:00+00:00,2774.6375
DK1,2025-08-07 07:00:00+00:00,2859.5975
DK1,2025-08-07 08:00:00+00:00,3034.9475
DK1,2025-08-07 09:00:00+00:00,3215.6525
DK1,2025-08-07 10:00:00+00:00,3193.35
DK1,2025-08-07 11:00:00+00:00,3195.905
DK1,2025-08-07 12:00:00+00:00,3186.615
DK1,2025-08-07 13:00:00+00:00,3003.58
DK1,2025-08-07 14:00:00+00:00,3004.755
DK1,2025-08-07 15:00:00+00:00,2911.53
DK1,2025-08-07 16:00:00+00:00,2881.7875
DK1,2025-08-07 17:00:00+00:00,2753.9425
DK1,2025-08-07 18:00:00+00:00,2580.585
DK1,2025-08-07 19:00:00+00:00,2491.15
DK1,2025-08-07 20:00:00+00:00,2360.3375
DK1,2025-08-07 21:00:00+00:00,2258.315
DK1,2025-08-07 22:00:00+00:00,2189.605
DK1,2025-08-07 23:00:00+00:00,2190.505
DK1,2025-08-08 00:00:00+00:00,2170.425
DK1,2025-08-08 01:00:00+00:00,2119.1075
DK1,2025-08-08 02:00:00+00:00,2093.915
DK1,2025-08-08 03:00:00+00:00,2094.7725
DK1,2025-08-08 04:00:00+00:00,2333.015
DK1,2025-08-08 05:00:00+00:00,2616.6175
DK1,2025-08-08 06:00:00+00:00,2719.52
DK1,2025-08-08 07:00:00+00:00,2822.72
DK1,2025-08-08 08:00:00+00:00,2963.5525
DK1,2025-08-08 09:00:00+00:00,2973.0675
DK1,2025-08-08 10:00:00+00:00,2962.3225
DK1,2025-08-08 11:00:00+00:00,2911.3775
DK1,2025-08-08 12:00:00+00:00,2822.0775
DK1,2025-08-08 13:00:00+00:00,2742.185
DK1,2025-08-08 14:00:00+00:00,2630.6075
DK1,2025-08-08 15:00:00+00:00,2659.3175
DK1,2025-08-08 16:00:00+00:00,2554.605
DK1,2025-08-08 17:00:00+00:00,2442.1125
DK1,2025-08-08 18:00:00+00:00,2323.5975
DK1,2025-08-08 19:00:00+00:00,2268.3175
DK1,2025-08-08 20:00:00+00:00,2170.3175
DK1,2025-08-08 21:00:00+00:00,2054.2575
DK1,2025-08-08 22:00:00+00:00,2043.265
DK1,2025-08-08 23:00:00+00:00,1999.8625
DK1,2025-08-09 00:00:00+00:00,1941.4
DK1,2025-08-09 01:00:00+00:00,1900.48
DK1,2025-08-09 02:00:00+00:00,1883.3375
DK1,2025-08-09 03:00:00+00:00,1874.06
DK1,2025-08-09 04:00:00+00:00,1886.4225
DK1,2025-08-09 05:00:00+00:00,1997.4425
DK1,2025-08-09 06:00:00+00:00,2124.105
DK1,2025-08-09 07:00:00+00:00,2301.9425
DK1,2025-08-09 08:00:00+00:00,2520.705
DK1,2025-08-09 09:00:00+00:00,2585.5125
DK1,2025-08-09 10:00:00+00:00,2696.6075
DK1,2025-08-09 11:00:00+00:00,2714.9475
DK1,2025-08-09 12:00:00+00:00,2667.8675
DK1,2025-08-09 13:00:00+00:00,2633.745
DK1,2025-08-09 14:00:00+00:00,2479.83
DK1,2025-08-09 15:00:00+00:00,2611.7475
DK1,2025-08-09 16:00:00+00:00,2513.6
DK1,2025-08-09 17:00:00+00:00,2341.3575
DK1,2025-08-09 18:00:00+00:00,2231.7225
DK1,2025-08-09 19:00:00+00:00,2132.5925
DK1,2025-08-09 20:00:00+00:00,2040.515
DK1,2025-08-09 21:00:00+00:00,1952.6825
DK1,2025-08-09 22:00:00+00:00,1914.5
DK1,2025-08-09 23:00:00+00:00,1899.61
DK1,2025-08-10 00:00:00+00:00,1839.4625
DK1,2025-08-10 01:00:00+00:00,1810.8625
DK1,2025-08-10 02:00:00+00:00,1777.8125
DK1,2025-08-10 03:00:00+00:00,1731.78
DK1,2025-08-10 04:00:00+00:00,1753.595
DK1,2025-08-10 05:00:00+00:00,1841.345
DK1,2025-08-10 06:00:00+00:00,2046.35
DK1,2025-08-10 07:00:00+00:00,2401.6625
DK1,2025-08-10 08:00:00+00:00,2666.89
DK1,2025-08-10 09:00:00+00:00,2802.42
DK1,2025-08-10 10:00:00+00:00,2873.91
DK1,2025-08-10 11:00:00+00:00,2897.67
DK1,2025-08-10 12:00:00+00:00,2930.9325
DK1,2025-08-10 13:00:00+00:00,2815.9375
DK1,2025-08-10 14:00:00+00:00,2706.475
DK1,2025-08-10 15:00:00+00:00,2686.8475
DK1,2025-08-10 16:00:00+00:00,2524.99
DK1,2025-08-10 17:00:00+00:00,2417.7375
DK1,2025-08-10 18:00:00+00:00,2291.1875
DK1,2025-08-10 19:00:00+00:00,2216.7675
DK1,2025-08-10 20:00:00+00:00,2157.83
DK1,2025-08-10 21:00:00+00:00,2035.58
DK1,2025-08-10 22:00:00+00:00,2021.105
DK1,2025-08-10 23:00:00+00:00,2043.5
DK1,2025-08-11 00:00:00+00:00,2030.5025
DK1,2025-08-11 01:00:00+00:00,1956.8525
DK1,2025-08-11 02:00:00+00:00,1928.8625
DK1,2025-08-11 03:00:00+00:00,2018.81
DK1,2025-08-11 04:00:00+00:00,2293.9875
DK1,2025-08-11 05:00:00+00:00,2575.4575
DK1,2025-08-11 06:00:00+00:00,2708.595
DK1,2025-08-11 07:00:00+00:00,2791.115
DK1,2025-08-11 08:00:00+00:00,2938.7975
DK1,2025-08-11 09:00:00+00:00,3091.97
DK1,2025-08-11 10:00:00+00:00,3077.27
DK1,2025-08-11 11:00:00+00:00,3154.71
DK1,2025-08-11 12:00:00+00:00,3162.345
DK1,2025-08-11 13:00:00+00:00,2939.5825
DK1,2025-08-11 14:00:00+00:00,2844.61
DK1,2025-08-11 15:00:00+00:00,2875.915
DK1,2025-08-11 16:00:00+00:00,2789.2975
DK1,2025-08-11 17:00:00+00:00,2727.2625
DK1,2025-08-11 18:00:00+00:00,2635.9625
DK1,2025-08-11 19:00:00+00:00,2536.0975
DK1,2025-08-11 20:00:00+00:00,2377.2825
DK1,2025-08-11 21:00:00+00:00,2252.1375
DK1,2025-08-11 22:00:00+00:00,2229.4225
DK1,2025-08-11 23:00:00+00:00,2201.2
DK1,2025-08-12 00:00:00+00:00,2220.285
DK1,2025-08-12 01:00:00+00:00,2155.53
DK1,2025-08-12 02:00:00+00:00,2108.245
DK1,2025-08-12 03:00:00+00:00,2150.6575
DK1,2025-08-12 04:00:00+00:00,2405.02
DK1,2025-08-12 05:00:00+00:00,2680.2425
DK1,2025-08-12 06:00:00+00:00,2839.3025
DK1,2025-08-12 07:00:00+00:00,2888.685
DK1,2025-08-12 08:00:00+00:00,2948.6175
DK1,2025-08-12 09:00:00+00:00,3028.1075
DK1,2025-08-12 10:00:00+00:00,3047.7525
DK1,2025-08-12 11:00:00+00:00,3082.7625
DK1,2025-08-12 12:00:00+00:00,3076.5875
DK1,2025-08-12 13:00:00+00:00,2911.2175
DK1,2025-08-12 14:00:00+00:00,2856.7125
DK1,2025-08-12 15:00:00+00:00,2881.67
DK1,2025-08-12 16:00:00+00:00,2848.2125
DK1,2025-08-12 17:00:00+00:00,2742.5525
DK1,2025-08-12 18:00:00+00:00,2627.0
DK1,2025-08-12 19:00:00+00:00,2558.815
DK1,2025-08-12 20:00:00+00:00,2423.2575
DK1,2025-08-12 21:00:00+00:00,2296.6025
DK1,2025-08-12 22:00:00+00:00,2266.045
DK1,2025-08-12 23:00:00+00:00,2235.955
DK1,2025-08-13 00:00:00+00:00,2205.72
DK1,2025-08-13 01:00:00+00:00,2137.8425
DK1,2025-08-13 02:00:00+00:00,2079.84
DK1,2025-08-13 03:00:00+00:00,2125.0975
DK1,2025-08-13 04:00:00+00:00,2375.6625
DK1,2025-08-13 05:00:00+00:00,2665.0925
DK1,2025-08-13 06:00:00+00:00,2782.9175
DK1,2025-08-13 07:00:00+00:00,2843.35
DK1,2025-08-13 08:00:00+00:00,2899.7475
DK1,2025-08-13 09:00:00+00:00,2889.0575
DK1,2025-08-13 10:00:00+00:00,2916.82
DK1,2025-08-13 11:00:00+00:00,2972.6825
DK1,2025-08-13 12:00:00+00:00,3046.82
DK1,2025-08-13 13:00:00+00:00,2986.1175
DK1,2025-08-13 14:00:00+00:00,2966.385
DK1,2025-08-13 15:00:00+00:00,3011.985
DK1,2025-08-13 16:00:00+00:00,2915.6525
DK1,2025-08-13 17:00:00+00:00,2721.6575
DK1,2025-08-13 18:00:00+00:00,2642.3225
DK1,2025-08-13 19:00:00+00:00,2590.95
DK1,2025-08-13 20:00:00+00:00,2473.215
DK1,2025-08-13 21:00:00+00:00,2343.65
DK1,2025-08-13 22:00:00+00:00,2310.9975
DK1,2025-08-13 23:00:00+00:00,2297.8525
DK1,2025-08-14 00:00:00+00:00,2302.1525
DK1,2025-08-14 01:00:00+00:00,2249.39
DK1,2025-08-14 02:00:00+00:00,2169.5175
DK1,2025-08-14 03:00:00+00:00,2188.63
DK1,2025-08-14 04:00:00+00:00,2443.9325
DK1,2025-08-14 05:00:00+00:00,2753.8425
DK1,2025-08-14 06:00:00+00:00,2831.9875
DK1,2025-08-14 07:00:00+00:00,2997.145
DK1,2025-08-14 08:00:00+00:00,3075.06
DK1,2025-08-14 09:00:00+00:00,3035.405
DK1,2025-08-14 10:00:00+00:00,3127.9425
DK1,2025-08-14 11:00:00+00:00,3260.615
DK1,2025-08-14 12:00:00+00:00,3459.9275
DK1,2025-08-14 13:00:00+00:00,3049.7825
DK1,2025-08-14 14:00:00+00:00,2902.6975
DK1,2025-08-14 15:00:00+00:00,2922.105
DK1,2025-08-14 16:00:00+00:00,2841.5125
DK1,2025-08-14 17:00:00+00:00,2727.6225
DK1,2025-08-14 18:00:00+00:00,2667.3725
DK1,2025-08-14 19:00:00+00:00,2655.3625
DK1,2025-08-14 20:00:00+00:00,2505.7725
DK1,2025-08-14 21:00:00+00:00,2364.8275
DK1,2025-08-14 22:00:00+00:00,2297.2175
DK1,2025-08-14 23:00:00+00:00,2287.67
DK1,2025-08-15 00:00:00+00:00,2307.36
DK1,2025-08-15 01:00:00+00:00,2264.805
DK1,2025-08-15 02:00:00+00:00,2198.5275
DK1,2025-08-15 03:00:00+00:00,2222.8725
DK1,2025-08-15 04:00:00+00:00,2460.8425
DK1,2025-08-15 05:00:00+00:00,2720.925
DK1,2025-08-15 06:00:00+00:00,2851.9275
DK1,2025-08-15 07:00:00+00:00,2873.7825
DK1,2025-08-15 08:00:00+00:00,3002.49
DK1,2025-08-15 09:00:00+00:00,3173.1425
DK1,2025-08-15 10:00:00+00:00,3212.2025
DK1,2025-08-15 11:00:00+00:00,3113.69
DK1,2025-08-15 12:00:00+00:00,3009.555
DK1,2025-08-15 13:00:00+00:00,2835.5175
DK1,2025-08-15 14:00:00+00:00,2778.04
DK1,2025-08-15 15:00:00+00:00,2749.885
DK1,2025-08-15 16:00:00+00:00,2712.63
DK1,2025-08-15 17:00:00+00:00,2631.3075
DK1,2025-08-15 18:00:00+00:00,2544.5875
DK1,2025-08-15 19:00:00+00:00,2457.68
DK1,2025-08-15 20:00:00+00:00,2378.1475
DK1,2025-08-15 21:00:00+00:00,2302.5525
DK1,2025-08-15 22:00:00+00:00,2162.82
DK1,2025-08-15 23:00:00+00:00,2154.31
DK1,2025-08-16 00:00:00+00:00,2084.82
DK1,2025-08-16 01:00:00+00:00,2008.0175
DK1,2025-08-16 02:00:00+00:00,1932.0325
DK1,2025-08-16 03:00:00+00:00,1851.8225
DK1,2025-08-16 04:00:00+00:00,1887.3225
DK1,2025-08-16 05:00:00+00:00,2006.2625
DK1,2025-08-16 06:00:00+00:00,2147.8775
DK1,2025-08-16 07:00:00+00:00,2266.935
DK1,2025-08-16 08:00:00+00:00,2401.9825
DK1,2025-08-16 09:00:00+00:00,2516.01
DK1,2025-08-16 10:00:00+00:00,2586.955
DK1,2025-08-16 11:00:00+00:00,2582.5
DK1,2025-08-16 12:00:00+00:00,2517.5525
DK1,2025-08-16 13:00:00+00:00,2529.5725
DK1,2025-08-16 14:00:00+00:00,2540.555
DK1,2025-08-16 15:00:00+00:00,2485.7375
DK1,2025-08-16 16:00:00+00:00,2401.305
DK1,2025-08-16 17:00:00+00:00,2313.9875
DK1,2025-08-16 18:00:00+00:00,2235.0375
DK1,2025-08-16 19:00:00+00:00,2188.4525
DK1,2025-08-16 20:00:00+00:00,2103.1275
DK1,2025-08-16 21:00:00+00:00,2009.1825
DK1,2025-08-16 22:00:00+00:00,1949.7325
DK1,2025-08-16 23:00:00+00:00,1940.3525
DK1,2025-08-17 00:00:00+00:00,1881.5325
DK1,2025-08-17 01:00:00+00:00,1818.3425
DK1,2025-08-17 02:00:00+00:00,1771.2175
DK1,2025-08-17 03:00:00+00:00,1748.595
DK1,2025-08-17 04:00:00+00:00,1764.44
DK1,2025-08-17 05:00:00+00:00,1906.26
DK1,2025-08-17 06:00:00+00:00,2056.835
DK1,2025-08-17 07:00:00+00:00,2203.4425
DK1,2025-08-17 08:00:00+00:00,2400.25
DK1,2025-08-17 09:00:00+00:00,2521.9325
DK1,2025-08-17 10:00:00+00:00,2567.305
DK1,2025-08-17 11:00:00+00:00,2565.4025
DK1,2025-08-17 12:00:00+00:00,2523.74
DK1,2025-08-17 13:00:00+00:00,2479.16
DK1,2025-08-17 14:00:00+00:00,2448.73
DK1,2025-08-17 15:00:00+00:00,2489.0825
DK1,2025-08-17 16:00:00+00:00,2480.2125
DK1,2025-08-17 17:00:00+00:00,2410.415
DK1,2025-08-17 18:00:00+00:00,2352.0775
DK1,2025-08-17 19:00:00+00:00,2322.7475
DK1,2025-08-17 20:00:00+00:00,2240.5825
DK1,2025-08-17 21:00:00+00:00,2123.75
DK1,2025-08-17 22:00:00+00:00,2141.3275
DK1,2025-08-17 23:00:00+00:00,2141.2775
DK1,2025-08-18 00:00:00+00:00,2092.415
DK1,2025-08-18 01:00:00+00:00,2052.01
DK1,2025-08-18 02:00:00+00:00,2018.3175
DK1,2025-08-18 03:00:00+00:00,2105.81
DK1,2025-08-18 04:00:00+00:00,2379.935
DK1,2025-08-18 05:00:00+00:00,2648.59
DK1,2025-08-18 06:00:00+00:00,2814.795
DK1,2025-08-18 07:00:00+00:00,2897.6625
DK1,2025-08-18 08:00:00+00:00,2970.1425
DK1,2025-08-18 09:00:00+00:00,3028.4075
DK1,2025-08-18 10:00:00+00:00,3025.025
DK1,2025-08-18 11:00:00+00:00,3048.3275
DK1,2025-08-18 12:00:00+00:00,2973.2325
DK1,2025-08-18 13:00:00+00:00,2874.565
DK1,2025-08-18 14:00:00+00:00,2876.9425
DK1,2025-08-18 15:00:00+00:00,2928.355
DK1,2025-08-18 16:00:00+00:00,2881.0875
DK1,2025-08-18 17:00:00+00:00,2769.7525
DK1,2025-08-18 18:00:00+00:00,2689.62
DK1,2025-08-18 19:00:00+00:00,2627.955
DK1,2025-08-18 20:00:00+00:00,2497.2075
DK1,2025-08-18 21:00:00+00:00,2376.555
DK1,2025-08-18 22:00:00+00:00,2324.6775
DK1,2025-08-18 23:00:00+00:00,2282.675
DK1,2025-08-19 00:00:00+00:00,2308.1675
DK1,2025-08-19 01:00:00+00:00,2240.1775
DK1,2025-08-19 02:00:00+00:00,2176.5725
DK1,2025-08-19 03:00:00+00:00,2218.7175
DK1,2025-08-19 04:00:00+00:00,2494.8425
DK1,2025-08-19 05:00:00+00:00,2778.1725
DK1,2025-08-19 06:00:00+00:00,2901.5225
DK1,2025-08-19 07:00:00+00:00,2932.5925
DK1,2025-08-19 08:00:00+00:00,2925.0575
DK1,2025-08-19 09:00:00+00:00,2950.3475
DK1,2025-08-19 10:00:00+00:00,2925.635
DK1,2025-08-19 11:00:00+00:00,3063.0625
DK1,2025-08-19 12:00:00+00:00,3026.885
DK1,2025-08-19 13:00:00+00:00,2922.3775
DK1,2025-08-19 14:00:00+00:00,2975.5775
DK1,2025-08-19 15:00:00+00:00,3024.525
DK1,2025-08-19 16:00:00+00:00,2901.355
DK1,2025-08-19 17:00:00+00:00,2694.2875
DK1,2025-08-19 18:00:00+00:00,2615.8025
DK1,2025-08-19 19:00:00+00:00,2657.145
DK1,2025-08-19 20:00:00+00:00,2563.885
DK1,2025-08-19 21:00:00+00:00,2550.62
DK1,2025-08-19 22:00:00+00:00,2509.015
DK1,2025-08-19 23:00:00+00:00,2429.8325
DK1,2025-08-20 00:00:00+00:00,2448.2325
DK1,2025-08-20 01:00:00+00:00,2362.88
DK1,2025-08-20 02:00:00+00:00,2306.76
DK1,2025-08-20 03:00:00+00:00,2310.1475
DK1,2025-08-20 04:00:00+00:00,2562.635
DK1,2025-08-20 05:00:00+00:00,2775.7
DK1,2025-08-20 06:00:00+00:00,2793.7825
DK1,2025-08-20 07:00:00+00:00,2826.99
DK1,2025-08-20 08:00:00+00:00,2875.72
DK1,2025-08-20 09:00:00+00:00,2911.215
DK1,2025-08-20 10:00:00+00:00,2930.0225
DK1,2025-08-20 11:00:00+00:00,2968.5975
DK1,2025-08-20 12:00:00+00:00,2888.815
DK1,2025-08-20 13:00:00+00:00,2762.14
DK1,2025-08-20 14:00:00+00:00,2721.5475
DK1,2025-08-20 15:00:00+00:00,2805.98
DK1,2025-08-20 16:00:00+00:00,2719.435
DK1,2025-08-20 17:00:00+00:00,2698.14
DK1,2025-08-20 18:00:00+00:00,2606.1225
DK1,2025-08-20 19:00:00+00:00,2551.35
DK1,2025-08-20 20:00:00+00:00,2477.015
DK1,2025-08-20 21:00:00+00:00,2403.98
DK1,2025-08-20 22:00:00+00:00,2406.94
DK1,2025-08-20 23:00:00+00:00,2493.435
DK1,2025-08-21 00:00:00+00:00,2450.0175
DK1,2025-08-21 01:00:00+00:00,2330.0975
DK1,2025-08-21 02:00:00+00:00,2204.95
DK1,2025-08-21 03:00:00+00:00,2296.6075
DK1,2025-08-21 04:00:00+00:00,2564.0575
DK1,2025-08-21 05:00:00+00:00,2835.395
DK1,2025-08-21 06:00:00+00:00,2902.98
DK1,2025-08-21 07:00:00+00:00,2814.2425
DK1,2025-08-21 08:00:00+00:00,2888.315
DK1,2025-08-21 09:00:00+00:00,2996.7175
DK1,2025-08-21 10:00:00+00:00,3151.3475
DK1,2025-08-21 11:00:00+00:00,3129.0075
DK1,2025-08-21 12:00:00+00:00,3003.13
DK1,2025-08-21 13:00:00+00:00,2895.11
DK1,2025-08-21 14:00:00+00:00,2818.1125
DK1,2025-08-21 15:00:00+00:00,2867.435
DK1,2025-08-21 16:00:00+00:00,2833.57
DK1,2025-08-21 17:00:00+00:00,2730.6775
DK1,2025-08-21 18:00:00+00:00,2620.505
DK1,2025-08-21 19:00:00+00:00,2574.1925
DK1,2025-08-21 20:00:00+00:00,2464.0525
DK1,2025-08-21 21:00:00+00:00,2359.085
DK1,2025-08-21 22:00:00+00:00,2316.435
DK1,2025-08-21 23:00:00+00:00,2378.975
DK1,2025-08-22 00:00:00+00:00,2413.545
DK1,2025-08-22 01:00:00+00:00,2415.5675
DK1,2025-08-22 02:00:00+00:00,2354.5875
DK1,2025-08-22 03:00:00+00:00,2423.8425
DK1,2025-08-22 04:00:00+00:00,2678.255
DK1,2025-08-22 05:00:00+00:00,2946.71
DK1,2025-08-22 06:00:00+00:00,3080.8975
DK1,2025-08-22 07:00:00+00:00,3170.2825
DK1,2025-08-22 08:00:00+00:00,3352.7775
DK1,2025-08-22 09:00:00+00:00,3305.405
DK1,2025-08-22 10:00:00+00:00,3203.5875
DK1,2025-08-22 11:00:00+00:00,3190.69
DK1,2025-08-22 12:00:00+00:00,3072.3575
DK1,2025-08-22 13:00:00+00:00,3002.6625
DK1,2025-08-22 14:00:00+00:00,2895.1675
DK1,2025-08-22 15:00:00+00:00,2900.1125
DK1,2025-08-22 16:00:00+00:00,2841.1775
DK1,2025-08-22 17:00:00+00:00,2660.6
DK1,2025-08-22 18:00:00+00:00,2523.2975
DK1,2025-08-22 19:00:00+00:00,2396.655
DK1,2025-08-22 20:00:00+00:00,2314.5375
DK1,2025-08-22 21:00:00+00:00,2194.5375
DK1,2025-08-22 22:00:00+00:00,2192.5025
DK1,2025-08-22 23:00:00+00:00,2169.5625
DK1,2025-08-23 00:00:00+00:00,2052.395
DK1,2025-08-23 01:00:00+00:00,2069.0925
DK1,2025-08-23 02:00:00+00:00,2026.0
DK1,2025-08-23 03:00:00+00:00,1915.475
DK1,2025-08-23 04:00:00+00:00,1947.135
DK1,2025-08-23 05:00:00+00:00,2049.7575
DK1,2025-08-23 06:00:00+00:00,2175.7975
DK1,2025-08-23 07:00:00+00:00,2275.1875
DK1,2025-08-23 08:00:00+00:00,2596.7775
DK1,2025-08-23 09:00:00+00:00,2669.205
DK1,2025-08-23 10:00:00+00:00,2645.775
DK1,2025-08-23 11:00:00+00:00,2625.7175
DK1,2025-08-23 12:00:00+00:00,2604.03
DK1,2025-08-23 13:00:00+00:00,2492.1875
DK1,2025-08-23 14:00:00+00:00,2395.73
DK1,2025-08-23 15:00:00+00:00,2363.3975
DK1,2025-08-23 16:00:00+00:00,2390.155
DK1,2025-08-23 17:00:00+00:00,2358.5625
DK1,2025-08-23 18:00:00+00:00,2211.88
DK1,2025-08-23 19:00:00+00:00,2296.88
DK1,2025-08-23 20:00:00+00:00,2255.265
DK1,2025-08-23 21:00:00+00:00,2127.4875
DK1,2025-08-23 22:00:00+00:00,2015.4175
DK1,2025-08-23 23:00:00+00:00,1964.275
DK1,2025-08-24 00:00:00+00:00,1957.6675
DK1,2025-08-24 01:00:00+00:00,1907.14
DK1,2025-08-24 02:00:00+00:00,1863.4075
DK1,2025-08-24 03:00:00+00:00,1840.6675
DK1,2025-08-24 04:00:00+00:00,1858.495
DK1,2025-08-24 05:00:00+00:00,1924.23
DK1,2025-08-24 06:00:00+00:00,2076.91
DK1,2025-08-24 07:00:00+00:00,2406.915
DK1,2025-08-24 08:00:00+00:00,2590.0
DK1,2025-08-24 09:00:00+00:00,2598.8425
DK1,2025-08-24 10:00:00+00:00,2703.8125
DK1,2025-08-24 11:00:00+00:00,2606.57
DK1,2025-08-24 12:00:00+00:00,2572.4525
DK1,2025-08-24 13:00:00+00:00,2554.5275
DK1,2025-08-24 14:00:00+00:00,2708.8325
DK1,2025-08-24 15:00:00+00:00,2726.7625
DK1,2025-08-24 16:00:00+00:00,2646.2325
DK1,2025-08-24 17:00:00+00:00,2544.28
DK1,2025-08-24 18:00:00+00:00,2447.165
DK1,2025-08-24 19:00:00+00:00,2344.59
DK1,2025-08-24 20:00:00+00:00,2256.11
DK1,2025-08-24 21:00:00+00:00,2103.2175
DK1,2025-08-24 22:00:00+00:00,2146.625
DK1,2025-08-24 23:00:00+00:00,2132.045
DK1,2025-08-25 00:00:00+00:00,2152.515
DK1,2025-08-25 01:00:00+00:00,2142.9925
DK1,2025-08-25 02:00:00+00:00,2101.7825
DK1,2025-08-25 03:00:00+00:00,2193.425
DK1,2025-08-25 04:00:00+00:00,2472.1825
DK1,2025-08-25 05:00:00+00:00,2767.715
DK1,2025-08-25 06:00:00+00:00,2956.3975
DK1,2025-08-25 07:00:00+00:00,2996.27
DK1,2025-08-25 08:00:00+00:00,3022.5375
DK1,2025-08-25 09:00:00+00:00,3032.6025
DK1,2025-08-25 10:00:00+00:00,3045.885
DK1,2025-08-25 11:00:00+00:00,3166.86
DK1,2025-08-25 12:00:00+00:00,3107.0225
DK1,2025-08-25 13:00:00+00:00,2930.92
DK1,2025-08-25 14:00:00+00:00,2929.4725
DK1,2025-08-25 15:00:00+00:00,2940.3075
DK1,2025-08-25 16:00:00+00:00,2837.5425
DK1,2025-08-25 17:00:00+00:00,2590.8025
DK1,2025-08-25 18:00:00+00:00,2532.465
DK1,2025-08-25 19:00:00+00:00,2530.2825
DK1,2025-08-25 20:00:00+00:00,2374.885
DK1,2025-08-25 21:00:00+00:00,2292.185
DK1,2025-08-25 22:00:00+00:00,2269.07
DK1,2025-08-25 23:00:00+00:00,2254.065
DK1,2025-08-26 00:00:00+00:00,2216.6175
DK1,2025-08-26 01:00:00+00:00,2191.075
DK1,2025-08-26 02:00:00+00:00,2134.6475
DK1,2025-08-26 03:00:00+00:00,2179.48
DK1,2025-08-26 04:00:00+00:00,2443.415
DK1,2025-08-26 05:00:00+00:00,2746.82
DK1,2025-08-26 06:00:00+00:00,2864.66
DK1,2025-08-26 07:00:00+00:00,2923.695
DK1,2025-08-26 08:00:00+00:00,3018.8275
DK1,2025-08-26 09:00:00+00:00,2994.06
DK1,2025-08-26 10:00:00+00:00,2986.1625
DK1,2025-08-26 11:00:00+00:00,3006.6125
DK1,2025-08-26 12:00:00+00:00,2876.47
DK1,2025-08-26 13:00:00+00:00,2776.2275
DK1,2025-08-26 14:00:00+00:00,2733.42
DK1,2025-08-26 15:00:00+00:00,2928.8175
DK1,2025-08-26 16:00:00+00:00,2875.5125
DK1,2025-08-26 17:00:00+00:00,2733.0175
DK1,2025-08-26 18:00:00+00:00,2614.1875
DK1,2025-08-26 19:00:00+00:00,2552.0225
DK1,2025-08-26 20:00:00+00:00,2387.575
DK1,2025-08-26 21:00:00+00:00,2268.8925
DK1,2025-08-26 22:00:00+00:00,2230.0825
DK1,2025-08-26 23:00:00+00:00,2341.59
DK1,2025-08-27 00:00:00+00:00,2315.05
DK1,2025-08-27 01:00:00+00:00,2261.0275
DK1,2025-08-27 02:00:00+00:00,2186.8225
DK1,2025-08-27 03:00:00+00:00,2278.02
DK1,2025-08-27 04:00:00+00:00,2554.9825
DK1,2025-08-27 05:00:00+00:00,2871.87
DK1,2025-08-27 06:00:00+00:00,3000.97
DK1,2025-08-27 07:00:00+00:00,3033.08
DK1,2025-08-27 08:00:00+00:00,3036.93
DK1,2025-08-27 09:00:00+00:00,3085.6175
DK1,2025-08-27 10:00:00+00:00,3152.205
DK1,2025-08-27 11:00:00+00:00,3271.5325
DK1,2025-08-27 12:00:00+00:00,3082.5175
DK1,2025-08-27 13:00:00+00:00,2955.7625
DK1,2025-08-27 14:00:00+00:00,2970.7025
DK1,2025-08-27 15:00:00+00:00,3058.3325
DK1,2025-08-27 16:00:00+00:00,2932.5825
DK1,2025-08-27 17:00:00+00:00,2773.295
DK1,2025-08-27 18:00:00+00:00,2662.3625
DK1,2025-08-27 19:00:00+00:00,2602.8675
DK1,2025-08-27 20:00:00+00:00,2470.5875
DK1,2025-08-27 21:00:00+00:00,2351.035
DK1,2025-08-27 22:00:00+00:00,2340.385
DK1,2025-08-27 23:00:00+00:00,2313.3075
DK1,2025-08-28 00:00:00+00:00,2353.6425
DK1,2025-08-28 01:00:00+00:00,2284.8
DK1,2025-08-28 02:00:00+00:00,2201.405
DK1,2025-08-28 03:00:00+00:00,2234.95
DK1,2025-08-28 04:00:00+00:00,2521.3175
DK1,2025-08-28 05:00:00+00:00,2811.49
DK1,2025-08-28 06:00:00+00:00,2981.01
DK1,2025-08-28 07:00:00+00:00,2992.9125
DK1,2025-08-28 08:00:00+00:00,3048.7675
DK1,2025-08-28 09:00:00+00:00,3067.0125
DK1,2025-08-28 10:00:00+00:00,3038.1775
DK1,2025-08-28 11:00:00+00:00,3148.6875
DK1,2025-08-28 12:00:00+00:00,3021.4325
DK1,2025-08-28 13:00:00+00:00,2967.715
DK1,2025-08-28 14:00:00+00:00,3038.39
DK1,2025-08-28 15:00:00+00:00,3022.8575
DK1,2025-08-28 16:00:00+00:00,2937.7175
DK1,2025-08-28 17:00:00+00:00,2800.4075
DK1,2025-08-28 18:00:00+00:00,2727.0675
DK1,2025-08-28 19:00:00+00:00,2649.3
DK1,2025-08-28 20:00:00+00:00,2520.5475
DK1,2025-08-28 21:00:00+00:00,2408.69
DK1,2025-08-28 22:00:00+00:00,2430.9725
DK1,2025-08-28 23:00:00+00:00,2367.265
DK1,2025-08-29 00:00:00+00:00,2361.915
DK1,2025-08-29 01:00:00+00:00,2294.2175
DK1,2025-08-29 02:00:00+00:00,2213.3175
DK1,2025-08-29 03:00:00+00:00,2208.825
DK1,2025-08-29 04:00:00+00:00,2470.7925
DK1,2025-08-29 05:00:00+00:00,2803.895
DK1,2025-08-29 06:00:00+00:00,2977.4075
DK1,2025-08-29 07:00:00+00:00,3095.3825
DK1,2025-08-29 08:00:00+00:00,3167.275
DK1,2025-08-29 09:00:00+00:00,3218.28
DK1,2025-08-29 10:00:00+00:00,2968.77
DK1,2025-08-29 11:00:00+00:00,3030.655
DK1,2025-08-29 12:00:00+00:00,2879.6425
DK1,2025-08-29 13:00:00+00:00,2858.0975
DK1,2025-08-29 14:00:00+00:00,2872.9075
DK1,2025-08-29 15:00:00+00:00,2930.605
DK1,2025-08-29 16:00:00+00:00,2713.56
DK1,2025-08-29 17:00:00+00:00,2496.7525
DK1,2025-08-29 18:00:00+00:00,2360.6625
DK1,2025-08-29 19:00:00+00:00,2276.83
DK1,2025-08-29 20:00:00+00:00,2238.975
DK1,2025-08-29 21:00:00+00:00,2164.34
DK1,2025-08-29 22:00:00+00:00,2128.9525
DK1,2025-08-29 23:00:00+00:00,2123.6625
DK1,2025-08-30 00:00:00+00:00,2014.6925
DK1,2025-08-30 01:00:00+00:00,1891.66
DK1,2025-08-30 02:00:00+00:00,1789.3525
DK1,2025-08-30 03:00:00+00:00,1808.0175
DK1,2025-08-30 04:00:00+00:00,1941.3825
DK1,2025-08-30 05:00:00+00:00,2054.775
DK1,2025-08-30 06:00:00+00:00,2222.315
DK1,2025-08-30 07:00:00+00:00,2291.69
DK1,2025-08-30 08:00:00+00:00,2457.5375
DK1,2025-08-30 09:00:00+00:00,2613.325
DK1,2025-08-30 10:00:00+00:00,2666.3725
DK1,2025-08-30 11:00:00+00:00,2633.94
DK1,2025-08-30 12:00:00+00:00,2618.785
DK1,2025-08-30 13:00:00+00:00,2515.5275
DK1,2025-08-30 14:00:00+00:00,2509.5575
DK1,2025-08-30 15:00:00+00:00,2490.8875
DK1,2025-08-30 16:00:00+00:00,2425.935
DK1,2025-08-30 17:00:00+00:00,2313.915
DK1,2025-08-30 18:00:00+00:00,2255.03
DK1,2025-08-30 19:00:00+00:00,2229.085
DK1,2025-08-30 20:00:00+00:00,2088.87
DK1,2025-08-30 21:00:00+00:00,2003.7675
DK1,2025-08-30 22:00:00+00:00,1979.7325
DK1,2025-08-30 23:00:00+00:00,1959.545
DK1,2025-08-31 00:00:00+00:00,1969.1525
DK1,2025-08-31 01:00:00+00:00,1932.2425
DK1,2025-08-31 02:00:00+00:00,1936.98
DK1,2025-08-31 03:00:00+00:00,1928.0175
DK1,2025-08-31 04:00:00+00:00,1917.125
DK1,2025-08-31 05:00:00+00:00,2002.6325
DK1,2025-08-31 06:00:00+00:00,2170.615
DK1,2025-08-31 07:00:00+00:00,2427.59
DK1,2025-08-31 08:00:00+00:00,2603.2675
DK1,2025-08-31 09:00:00+00:00,2663.4625
DK1,2025-08-31 10:00:00+00:00,2783.65
DK1,2025-08-31 11:00:00+00:00,2804.96
DK1,2025-08-31 12:00:00+00:00,2788.265
DK1,2025-08-31 13:00:00+00:00,2711.1275
DK1,2025-08-31 14:00:00+00:00,2634.985
DK1,2025-08-31 15:00:00+00:00,2629.6475
DK1,2025-08-31 16:00:00+00:00,2587.21
DK1,2025-08-31 17:00:00+00:00,2470.295
DK1,2025-08-31 18:00:00+00:00,2383.2825
DK1,2025-08-31 19:00:00+00:00,2299.2425
DK1,2025-08-31 20:00:00+00:00,2219.3375
DK1,2025-08-31 21:00:00+00:00,2100.59
DK1,2025-08-31 22:00:00+00:00,2145.8425
DK1,2025-08-31 23:00:00+00:00,2124.2525
DK1,2025-09-01 00:00:00+00:00,2083.9025
DK1,2025-09-01 01:00:00+00:00,2079.0875
DK1,2025-09-01 02:00:00+00:00,2077.6475
DK1,2025-09-01 03:00:00+00:00,2138.49
DK1,2025-09-01 04:00:00+00:00,2465.1825
DK1,2025-09-01 05:00:00+00:00,2723.4575
DK1,2025-09-01 06:00:00+00:00,2910.84
DK1,2025-09-01 07:00:00+00:00,2889.5525
DK1,2025-09-01 08:00:00+00:00,2981.2
DK1,2025-09-01 09:00:00+00:00,2989.3075
DK1,2025-09-01 10:00:00+00:00,2952.04
DK1,2025-09-01 11:00:00+00:00,3178.435
DK1,2025-09-01 12:00:00+00:00,3194.295
DK1,2025-09-01 13:00:00+00:00,3070.88
DK1,2025-09-01 14:00:00+00:00,3081.5875
DK1,2025-09-01 15:00:00+00:00,3031.0575
DK1,2025-09-01 16:00:00+00:00,2867.2325
DK1,2025-09-01 17:00:00+00:00,2661.835
DK1,2025-09-01 18:00:00+00:00,2641.2125
DK1,2025-09-01 19:00:00+00:00,2537.375
DK1,2025-09-01 20:00:00+00:00,2409.9375
DK1,2025-09-01 21:00:00+00:00,2278.14
DK1,2025-09-01 22:00:00+00:00,2280.2
DK1,2025-09-01 23:00:00+00:00,2361.7225
DK1,2025-09-02 00:00:00+00:00,2261.915
DK1,2025-09-02 01:00:00+00:00,2175.2675
DK1,2025-09-02 02:00:00+00:00,2113.7325
DK1,2025-09-02 03:00:00+00:00,2193.025
DK1,2025-09-02 04:00:00+00:00,2470.2375
DK1,2025-09-02 05:00:00+00:00,2761.1225
DK1,2025-09-02 06:00:00+00:00,2912.8875
DK1,2025-09-02 07:00:00+00:00,2900.075
DK1,2025-09-02 08:00:00+00:00,2993.81
DK1,2025-09-02 09:00:00+00:00,3008.12
DK1,2025-09-02 10:00:00+00:00,2947.3825
DK1,2025-09-02 11:00:00+00:00,2993.235
DK1,2025-09-02 12:00:00+00:00,2907.21
DK1,2025-09-02 13:00:00+00:00,2904.17
DK1,2025-09-02 14:00:00+00:00,2945.27
DK1,2025-09-02 15:00:00+00:00,2932.865
DK1,2025-09-02 16:00:00+00:00,2873.6375
DK1,2025-09-02 17:00:00+00:00,2705.8675
DK1,2025-09-02 18:00:00+00:00,2683.8125
DK1,2025-09-02 19:00:00+00:00,2618.37
DK1,2025-09-02 20:00:00+00:00,2413.9525
DK1,2025-09-02 21:00:00+00:00,2305.1475
DK1,2025-09-02 22:00:00+00:00,2223.0975
DK1,2025-09-02 23:00:00+00:00,2239.805
DK1,2025-09-03 00:00:00+00:00,2245.0375
DK1,2025-09-03 01:00:00+00:00,2207.065
DK1,2025-09-03 02:00:00+00:00,2213.6525
DK1,2025-09-03 03:00:00+00:00,2309.5175
DK1,2025-09-03 04:00:00+00:00,2489.09
DK1,2025-09-03 05:00:00+00:00,2799.625
DK1,2025-09-03 06:00:00+00:00,2527.1275
DK1,2025-09-03 07:00:00+00:00,2396.975
DK1,2025-09-03 08:00:00+00:00,2342.4625
DK1,2025-09-03 09:00:00+00:00,2937.9825
DK1,2025-09-03 10:00:00+00:00,3323.865
DK1,2025-09-03 11:00:00+00:00,3335.0875
DK1,2025-09-03 12:00:00+00:00,3334.1325
DK1,2025-09-03 13:00:00+00:00,3360.895
DK1,2025-09-03 14:00:00+00:00,3313.2
DK1,2025-09-03 15:00:00+00:00,3313.98
DK1,2025-09-03 16:00:00+00:00,3207.8475
DK1,2025-09-03 17:00:00+00:00,3140.0075
DK1,2025-09-03 18:00:00+00:00,3040.7125
DK1,2025-09-03 19:00:00+00:00,2981.6925
DK1,2025-09-03 20:00:00+00:00,2841.5
DK1,2025-09-03 21:00:00+00:00,2708.16
DK1,2025-09-03 22:00:00+00:00,2850.66
DK1,2025-09-03 23:00:00+00:00,2904.955
DK1,2025-09-04 00:00:00+00:00,2845.4725
DK1,2025-09-04 01:00:00+00:00,2640.5
DK1,2025-09-04 02:00:00+00:00,2502.23
DK1,2025-09-04 03:00:00+00:00,2568.44
DK1,2025-09-04 04:00:00+00:00,2797.0575
DK1,2025-09-04 05:00:00+00:00,2999.285
DK1,2025-09-04 06:00:00+00:00,3158.1825
DK1,2025-09-04 07:00:00+00:00,3205.925
DK1,2025-09-04 08:00:00+00:00,3201.8375
DK1,2025-09-04 09:00:00+00:00,3307.1275
DK1,2025-09-04 10:00:00+00:00,3252.595
DK1,2025-09-04 11:00:00+00:00,3286.3025
DK1,2025-09-04 12:00:00+00:00,3125.665
DK1,2025-09-04 13:00:00+00:00,3027.0475
DK1,2025-09-04 14:00:00+00:00,2952.52
DK1,2025-09-04 15:00:00+00:00,3060.685
DK1,2025-09-04 16:00:00+00:00,2901.9175
DK1,2025-09-04 17:00:00+00:00,2661.1575
DK1,2025-09-04 18:00:00+00:00,2704.655
DK1,2025-09-04 19:00:00+00:00,2638.94
DK1,2025-09-04 20:00:00+00:00,2485.3475
DK1,2025-09-04 21:00:00+00:00,2337.0175
DK1,2025-09-04 22:00:00+00:00,2328.0975
DK1,2025-09-04 23:00:00+00:00,2352.5075
DK1,2025-09-05 00:00:00+00:00,2354.06
DK1,2025-09-05 01:00:00+00:00,2259.3425
DK1,2025-09-05 02:00:00+00:00,2154.8075
DK1,2025-09-05 03:00:00+00:00,2218.575
DK1,2025-09-05 04:00:00+00:00,2514.995
DK1,2025-09-05 05:00:00+00:00,2839.0475
DK1,2025-09-05 06:00:00+00:00,3022.5425
DK1,2025-09-05 07:00:00+00:00,3023.225
DK1,2025-09-05 08:00:00+00:00,3054.69
DK1,2025-09-05 09:00:00+00:00,3040.665
DK1,2025-09-05 10:00:00+00:00,2972.575
DK1,2025-09-05 11:00:00+00:00,2930.045
DK1,2025-09-05 12:00:00+00:00,2831.8975
DK1,2025-09-05 13:00:00+00:00,2737.4
DK1,2025-09-05 14:00:00+00:00,2817.4575
DK1,2025-09-05 15:00:00+00:00,2875.225
DK1,2025-09-05 16:00:00+00:00,2814.58
DK1,2025-09-05 17:00:00+00:00,2598.285
DK1,2025-09-05 18:00:00+00:00,2439.5375
DK1,2025-09-05 19:00:00+00:00,2323.62
DK1,2025-09-05 20:00:00+00:00,2228.29
DK1,2025-09-05 21:00:00+00:00,2160.5725
DK1,2025-09-05 22:00:00+00:00,2166.0875
DK1,2025-09-05 23:00:00+00:00,2086.445
DK1,2025-09-06 00:00:00+00:00,2108.67
DK1,2025-09-06 01:00:00+00:00,2052.2725
DK1,2025-09-06 02:00:00+00:00,2001.29
DK1,2025-09-06 03:00:00+00:00,1928.16
DK1,2025-09-06 04:00:00+00:00,2036.1725
DK1,2025-09-06 05:00:00+00:00,2132.645
DK1,2025-09-06 06:00:00+00:00,2226.2975
DK1,2025-09-06 07:00:00+00:00,2390.4175
DK1,2025-09-06 08:00:00+00:00,2622.635
DK1,2025-09-06 09:00:00+00:00,2704.7225
DK1,2025-09-06 10:00:00+00:00,2747.035
DK1,2025-09-06 11:00:00+00:00,2739.605
DK1,2025-09-06 12:00:00+00:00,2636.705
DK1,2025-09-06 13:00:00+00:00,2541.6925
DK1,2025-09-06 14:00:00+00:00,2445.1975
DK1,2025-09-06 15:00:00+00:00,2471.18
DK1,2025-09-06 16:00:00+00:00,2396.195
DK1,2025-09-06 17:00:00+00:00,2328.0025
DK1,2025-09-06 18:00:00+00:00,2314.5175
DK1,2025-09-06 19:00:00+00:00,2236.7925
DK1,2025-09-06 20:00:00+00:00,2143.495
DK1,2025-09-06 21:00:00+00:00,2058.07
DK1,2025-09-06 22:00:00+00:00,2006.955
DK1,2025-09-06 23:00:00+00:00,1958.15
DK1,2025-09-07 00:00:00+00:00,1932.335
DK1,2025-09-07 01:00:00+00:00,1922.5075
DK1,2025-09-07 02:00:00+00:00,1912.095
DK1,2025-09-07 03:00:00+00:00,1859.1225
DK1,2025-09-07 04:00:00+00:00,1830.125
DK1,2025-09-07 05:00:00+00:00,1989.435
DK1,2025-09-07 06:00:00+00:00,2230.05
DK1,2025-09-07 07:00:00+00:00,2361.6075
DK1,2025-09-07 08:00:00+00:00,2491.76
DK1,2025-09-07 09:00:00+00:00,2650.605
DK1,2025-09-07 10:00:00+00:00,2763.675
DK1,2025-09-07 11:00:00+00:00,2811.105
DK1,2025-09-07 12:00:00+00:00,2754.8525
DK1,2025-09-07 13:00:00+00:00,2629.05
DK1,2025-09-07 14:00:00+00:00,2621.0675
DK1,2025-09-07 15:00:00+00:00,2723.725
DK1,2025-09-07 16:00:00+00:00,2607.68
DK1,2025-09-07 17:00:00+00:00,2494.7925
DK1,2025-09-07 18:00:00+00:00,2469.9075
DK1,2025-09-07 19:00:00+00:00,2388.7025
DK1,2025-09-07 20:00:00+00:00,2314.3675
DK1,2025-09-07 21:00:00+00:00,2220.14
DK1,2025-09-07 22:00:00+00:00,2314.7225
DK1,2025-09-07 23:00:00+00:00,2315.5075
DK1,2025-09-08 00:00:00+00:00,2186.96
DK1,2025-09-08 01:00:00+00:00,2111.015
DK1,2025-09-08 02:00:00+00:00,2062.56
DK1,2025-09-08 03:00:00+00:00,2141.75
DK1,2025-09-08 04:00:00+00:00,2493.8325
DK1,2025-09-08 05:00:00+00:00,2846.485
DK1,2025-09-08 06:00:00+00:00,2963.2075
DK1,2025-09-08 07:00:00+00:00,2962.3075
DK1,2025-09-08 08:00:00+00:00,3102.7775
DK1,2025-09-08 09:00:00+00:00,3147.7
DK1,2025-09-08 10:00:00+00:00,3084.8325
DK1,2025-09-08 11:00:00+00:00,3135.695
DK1,2025-09-08 12:00:00+00:00,3050.6225
DK1,2025-09-08 13:00:00+00:00,2976.655
DK1,2025-09-08 14:00:00+00:00,2908.8775
DK1,2025-09-08 15:00:00+00:00,2994.73
DK1,2025-09-08 16:00:00+00:00,2836.61
DK1,2025-09-08 17:00:00+00:00,2663.6925
DK1,2025-09-08 18:00:00+00:00,2649.7125
DK1,2025-09-08 19:00:00+00:00,2588.9725
DK1,2025-09-08 20:00:00+00:00,2453.3725
DK1,2025-09-08 21:00:00+00:00,2336.185
DK1,2025-09-08 22:00:00+00:00,2354.5175
DK1,2025-09-08 23:00:00+00:00,2297.4875
DK1,2025-09-09 00:00:00+00:00,2220.5925
DK1,2025-09-09 01:00:00+00:00,2143.86
DK1,2025-09-09 02:00:00+00:00,2096.39
DK1,2025-09-09 03:00:00+00:00,2198.8925
DK1,2025-09-09 04:00:00+00:00,2490.715
DK1,2025-09-09 05:00:00+00:00,2748.2975
DK1,2025-09-09 06:00:00+00:00,2875.005
DK1,2025-09-09 07:00:00+00:00,2946.0275
DK1,2025-09-09 08:00:00+00:00,2990.3125
DK1,2025-09-09 09:00:00+00:00,3024.1075
DK1,2025-09-09 10:00:00+00:00,2937.88
DK1,2025-09-09 11:00:00+00:00,2995.885
DK1,2025-09-09 12:00:00+00:00,2972.685
DK1,2025-09-09 13:00:00+00:00,2896.32
DK1,2025-09-09 14:00:00+00:00,2869.4075
DK1,2025-09-09 15:00:00+00:00,3011.6775
DK1,2025-09-09 16:00:00+00:00,2901.255
DK1,2025-09-09 17:00:00+00:00,2765.555
DK1,2025-09-09 18:00:00+00:00,2704.0575
DK1,2025-09-09 19:00:00+00:00,2614.77
DK1,2025-09-09 20:00:00+00:00,2520.9725
DK1,2025-09-09 21:00:00+00:00,2458.51
DK1,2025-09-09 22:00:00+00:00,2558.0875
DK1,2025-09-09 23:00:00+00:00,2487.0675
DK1,2025-09-10 00:00:00+00:00,2487.67
DK1,2025-09-10 01:00:00+00:00,2379.8225
DK1,2025-09-10 02:00:00+00:00,2314.5175
DK1,2025-09-10 03:00:00+00:00,2365.5875
DK1,2025-09-10 04:00:00+00:00,2630.36
DK1,2025-09-10 05:00:00+00:00,2887.625
DK1,2025-09-10 06:00:00+00:00,3015.6525
DK1,2025-09-10 07:00:00+00:00,3137.405
DK1,2025-09-10 08:00:00+00:00,3149.3525
DK1,2025-09-10 09:00:00+00:00,3122.5575
DK1,2025-09-10 10:00:00+00:00,3165.2125
DK1,2025-09-10 11:00:00+00:00,3198.585
DK1,2025-09-10 12:00:00+00:00,3108.93
DK1,2025-09-10 13:00:00+00:00,2971.3775
DK1,2025-09-10 14:00:00+00:00,2908.62
DK1,2025-09-10 15:00:00+00:00,3049.46
DK1,2025-09-10 16:00:00+00:00,2914.52
DK1,2025-09-10 17:00:00+00:00,2761.66
DK1,2025-09-10 18:00:00+00:00,2725.56
DK1,2025-09-10 19:00:00+00:00,2603.3375
DK1,2025-09-10 20:00:00+00:00,2442.975
DK1,2025-09-10 21:00:00+00:00,2311.45
DK1,2025-09-10 22:00:00+00:00,2300.5175
DK1,2025-09-10 23:00:00+00:00,2317.5975
DK1,2025-09-11 00:00:00+00:00,2302.465
DK1,2025-09-11 01:00:00+00:00,2321.3375
DK1,2025-09-11 02:00:00+00:00,2293.765
DK1,2025-09-11 03:00:00+00:00,2341.0925
DK1,2025-09-11 04:00:00+00:00,2596.0175
DK1,2025-09-11 05:00:00+00:00,2807.055
DK1,2025-09-11 06:00:00+00:00,2951.2425
DK1,2025-09-11 07:00:00+00:00,2955.0425
DK1,2025-09-11 08:00:00+00:00,3085.8425
DK1,2025-09-11 09:00:00+00:00,3134.365
DK1,2025-09-11 10:00:00+00:00,3150.9425
DK1,2025-09-11 11:00:00+00:00,3292.4625
DK1,2025-09-11 12:00:00+00:00,3328.6575
DK1,2025-09-11 13:00:00+00:00,3230.185
DK1,2025-09-11 14:00:00+00:00,3209.205
DK1,2025-09-11 15:00:00+00:00,3153.055
DK1,2025-09-11 16:00:00+00:00,3013.6725
DK1,2025-09-11 17:00:00+00:00,2787.43
DK1,2025-09-11 18:00:00+00:00,2685.895
DK1,2025-09-11 19:00:00+00:00,2542.645
DK1,2025-09-11 20:00:00+00:00,2454.5225
DK1,2025-09-11 21:00:00+00:00,2394.1325
DK1,2025-09-11 22:00:00+00:00,2501.615
DK1,2025-09-11 23:00:00+00:00,2496.975
DK1,2025-09-12 00:00:00+00:00,2508.58
DK1,2025-09-12 01:00:00+00:00,2539.2875
DK1,2025-09-12 02:00:00+00:00,2469.2975
DK1,2025-09-12 03:00:00+00:00,2487.6025
DK1,2025-09-12 04:00:00+00:00,2742.215
DK1,2025-09-12 05:00:00+00:00,2986.865
DK1,2025-09-12 06:00:00+00:00,3060.0
DK1,2025-09-12 07:00:00+00:00,3118.3125
DK1,2025-09-12 08:00:00+00:00,3333.0375
DK1,2025-09-12 09:00:00+00:00,3363.425
DK1,2025-09-12 10:00:00+00:00,3193.6225
DK1,2025-09-12 11:00:00+00:00,3175.715
DK1,2025-09-12 12:00:00+00:00,3071.375
DK1,2025-09-12 13:00:00+00:00,2981.8575
DK1,2025-09-12 14:00:00+00:00,2755.4025
DK1,2025-09-12 15:00:00+00:00,2831.385
DK1,2025-09-12 16:00:00+00:00,2793.885
DK1,2025-09-12 17:00:00+00:00,2580.3425
DK1,2025-09-12 18:00:00+00:00,2550.2125
DK1,2025-09-12 19:00:00+00:00,2503.5675
DK1,2025-09-12 20:00:00+00:00,2336.9975
DK1,2025-09-12 21:00:00+00:00,2398.2425
DK1,2025-09-12 22:00:00+00:00,2387.9525
DK1,2025-09-12 23:00:00+00:00,2380.75
DK1,2025-09-13 00:00:00+00:00,2338.6725
DK1,2025-09-13 01:00:00+00:00,2331.175
DK1,2025-09-13 02:00:00+00:00,2236.0875
DK1,2025-09-13 03:00:00+00:00,2279.5275
DK1,2025-09-13 04:00:00+00:00,2300.87
DK1,2025-09-13 05:00:00+00:00,2356.8175
DK1,2025-09-13 06:00:00+00:00,2413.805
DK1,2025-09-13 07:00:00+00:00,2525.6975
DK1,2025-09-13 08:00:00+00:00,2642.0725
DK1,2025-09-13 09:00:00+00:00,2845.64
DK1,2025-09-13 10:00:00+00:00,2824.33
DK1,2025-09-13 11:00:00+00:00,2664.605
DK1,2025-09-13 12:00:00+00:00,2660.6775
DK1,2025-09-13 13:00:00+00:00,2721.43
DK1,2025-09-13 14:00:00+00:00,2628.365
DK1,2025-09-13 15:00:00+00:00,2545.855
DK1,2025-09-13 16:00:00+00:00,2446.0175
DK1,2025-09-13 17:00:00+00:00,2287.9225
DK1,2025-09-13 18:00:00+00:00,2302.0375
DK1,2025-09-13 19:00:00+00:00,2227.055
DK1,2025-09-13 20:00:00+00:00,2148.805
DK1,2025-09-13 21:00:00+00:00,2098.775
DK1,2025-09-13 22:00:00+00:00,2082.185
DK1,2025-09-13 23:00:00+00:00,2057.1525
DK1,2025-09-14 00:00:00+00:00,1983.54
DK1,2025-09-14 01:00:00+00:00,1903.03
DK1,2025-09-14 02:00:00+00:00,1823.91
DK1,2025-09-14 03:00:00+00:00,1815.935
DK1,2025-09-14 04:00:00+00:00,1900.81
DK1,2025-09-14 05:00:00+00:00,2007.8825
DK1,2025-09-14 06:00:00+00:00,2173.3875
DK1,2025-09-14 07:00:00+00:00,2286.9675
DK1,2025-09-14 08:00:00+00:00,2369.7075
DK1,2025-09-14 09:00:00+00:00,2473.77
DK1,2025-09-14 10:00:00+00:00,2590.525
DK1,2025-09-14 11:00:00+00:00,2706.195
DK1,2025-09-14 12:00:00+00:00,2674.3175
DK1,2025-09-14 13:00:00+00:00,2561.96
DK1,2025-09-14 14:00:00+00:00,2505.18
DK1,2025-09-14 15:00:00+00:00,2578.8375
DK1,2025-09-14 16:00:00+00:00,2545.61
DK1,2025-09-14 17:00:00+00:00,2447.8975
DK1,2025-09-14 18:00:00+00:00,2417.7425
DK1,2025-09-14 19:00:00+00:00,2276.5525
DK1,2025-09-14 20:00:00+00:00,2198.03
DK1,2025-09-14 21:00:00+00:00,2200.9075
DK1,2025-09-14 22:00:00+00:00,2248.9575
DK1,2025-09-14 23:00:00+00:00,2246.605
DK1,2025-09-15 00:00:00+00:00,2320.9025
DK1,2025-09-15 01:00:00+00:00,2366.5425
DK1,2025-09-15 02:00:00+00:00,2353.0425
DK1,2025-09-15 03:00:00+00:00,2445.64
DK1,2025-09-15 04:00:00+00:00,2867.715
DK1,2025-09-15 05:00:00+00:00,3129.745
DK1,2025-09-15 06:00:00+00:00,3449.1725
DK1,2025-09-15 07:00:00+00:00,3511.5075
DK1,2025-09-15 08:00:00+00:00,3581.6275
DK1,2025-09-15 09:00:00+00:00,3577.9075
DK1,2025-09-15 10:00:00+00:00,3498.4925
DK1,2025-09-15 11:00:00+00:00,3228.1525
DK1,2025-09-15 12:00:00+00:00,3166.005
DK1,2025-09-15 13:00:00+00:00,3053.965
DK1,2025-09-15 14:00:00+00:00,3415.2575
DK1,2025-09-15 15:00:00+00:00,3360.375
DK1,2025-09-15 16:00:00+00:00,3255.25
DK1,2025-09-15 17:00:00+00:00,3188.26
DK1,2025-09-15 18:00:00+00:00,3106.0425
DK1,2025-09-15 19:00:00+00:00,2992.74
DK1,2025-09-15 20:00:00+00:00,2846.565
DK1,2025-09-15 21:00:00+00:00,2676.135
DK1,2025-09-15 22:00:00+00:00,2727.18
DK1,2025-09-15 23:00:00+00:00,2442.1075
DK1,2025-09-16 00:00:00+00:00,2464.2625
DK1,2025-09-16 01:00:00+00:00,2382.195
DK1,2025-09-16 02:00:00+00:00,2397.08
DK1,2025-09-16 03:00:00+00:00,2492.52
DK1,2025-09-16 04:00:00+00:00,2751.55
DK1,2025-09-16 05:00:00+00:00,2965.1125
DK1,2025-09-16 06:00:00+00:00,3085.395
DK1,2025-09-16 07:00:00+00:00,3062.28
DK1,2025-09-16 08:00:00+00:00,3362.2825
DK1,2025-09-16 09:00:00+00:00,3688.57
DK1,2025-09-16 10:00:00+00:00,3639.6575
DK1,2025-09-16 11:00:00+00:00,3531.115
DK1,2025-09-16 12:00:00+00:00,3571.1225
DK1,2025-09-16 13:00:00+00:00,3346.1
DK1,2025-09-16 14:00:00+00:00,3271.895
DK1,2025-09-16 15:00:00+00:00,3408.065
DK1,2025-09-16 16:00:00+00:00,3301.555
DK1,2025-09-16 17:00:00+00:00,3243.2175
DK1,2025-09-16 18:00:00+00:00,3165.155
DK1,2025-09-16 19:00:00+00:00,3001.1425
DK1,2025-09-16 20:00:00+00:00,2852.5175
DK1,2025-09-16 21:00:00+00:00,2598.9425
DK1,2025-09-16 22:00:00+00:00,2777.0175
DK1,2025-09-16 23:00:00+00:00,2695.67
DK1,2025-09-17 00:00:00+00:00,2636.5925
DK1,2025-09-17 01:00:00+00:00,2476.5375
DK1,2025-09-17 02:00:00+00:00,2467.8775
DK1,2025-09-17 03:00:00+00:00,2685.055
DK1,2025-09-17 04:00:00+00:00,2983.7
DK1,2025-09-17 05:00:00+00:00,3180.7875
DK1,2025-09-17 06:00:00+00:00,3322.02
DK1,2025-09-17 07:00:00+00:00,3277.165
DK1,2025-09-17 08:00:00+00:00,3477.695
DK1,2025-09-17 09:00:00+00:00,3495.7
DK1,2025-09-17 10:00:00+00:00,3363.61
DK1,2025-09-17 11:00:00+00:00,3347.5075
DK1,2025-09-17 12:00:00+00:00,3341.3375
DK1,2025-09-17 13:00:00+00:00,3200.59
DK1,2025-09-17 14:00:00+00:00,3265.975
DK1,2025-09-17 15:00:00+00:00,3228.89
DK1,2025-09-17 16:00:00+00:00,3063.4025
DK1,2025-09-17 17:00:00+00:00,2852.32
DK1,2025-09-17 18:00:00+00:00,2737.7075
DK1,2025-09-17 19:00:00+00:00,2561.8675
DK1,2025-09-17 20:00:00+00:00,2403.205
DK1,2025-09-17 21:00:00+00:00,2361.3525
DK1,2025-09-17 22:00:00+00:00,2361.45
DK1,2025-09-17 23:00:00+00:00,2324.465
DK1,2025-09-18 00:00:00+00:00,2330.4125
DK1,2025-09-18 01:00:00+00:00,2302.58
DK1,2025-09-18 02:00:00+00:00,2412.6125
DK1,2025-09-18 03:00:00+00:00,2478.965
DK1,2025-09-18 04:00:00+00:00,2682.4575
DK1,2025-09-18 05:00:00+00:00,2975.45
DK1,2025-09-18 06:00:00+00:00,3184.7625
DK1,2025-09-18 07:00:00+00:00,2994.86
DK1,2025-09-18 08:00:00+00:00,2255.1
DK1,2025-09-18 09:00:00+00:00,3340.42
DK1,2025-09-18 10:00:00+00:00,3364.4575
DK1,2025-09-18 11:00:00+00:00,3408.685
DK1,2025-09-18 12:00:00+00:00,3346.46
DK1,2025-09-18 13:00:00+00:00,3241.2325
DK1,2025-09-18 14:00:00+00:00,3100.745
DK1,2025-09-18 15:00:00+00:00,3169.715
DK1,2025-09-18 16:00:00+00:00,3140.2575
DK1,2025-09-18 17:00:00+00:00,3023.935
DK1,2025-09-18 18:00:00+00:00,3011.4475
DK1,2025-09-18 19:00:00+00:00,2878.665
DK1,2025-09-18 20:00:00+00:00,2737.545
DK1,2025-09-18 21:00:00+00:00,2602.5325
DK1,2025-09-18 22:00:00+00:00,2683.6575
DK1,2025-09-18 23:00:00+00:00,2535.845
DK1,2025-09-19 00:00:00+00:00,2431.015
DK1,2025-09-19 01:00:00+00:00,2299.1825
DK1,2025-09-19 02:00:00+00:00,2224.9825
DK1,2025-09-19 03:00:00+00:00,2294.4125
DK1,2025-09-19 04:00:00+00:00,2579.3325
DK1,2025-09-19 05:00:00+00:00,2903.1875
DK1,2025-09-19 06:00:00+00:00,2975.295
DK1,2025-09-19 07:00:00+00:00,3011.22
DK1,2025-09-19 08:00:00+00:00,3084.8575
DK1,2025-09-19 09:00:00+00:00,3116.62
DK1,2025-09-19 10:00:00+00:00,3139.2525
DK1,2025-09-19 11:00:00+00:00,3091.39
DK1,2025-09-19 12:00:00+00:00,2953.1775
DK1,2025-09-19 13:00:00+00:00,2920.635
DK1,2025-09-19 14:00:00+00:00,2867.41
DK1,2025-09-19 15:00:00+00:00,2861.82
DK1,2025-09-19 16:00:00+00:00,2863.3525
DK1,2025-09-19 17:00:00+00:00,2690.3875
DK1,2025-09-19 18:00:00+00:00,2562.8275
DK1,2025-09-19 19:00:00+00:00,2456.1325
DK1,2025-09-19 20:00:00+00:00,2307.755
DK1,2025-09-19 21:00:00+00:00,2227.4825
DK1,2025-09-19 22:00:00+00:00,2103.5525
DK1,2025-09-19 23:00:00+00:00,2108.2575
DK1,2025-09-20 00:00:00+00:00,2099.475
DK1,2025-09-20 01:00:00+00:00,2004.475
DK1,2025-09-20 02:00:00+00:00,1904.23
DK1,2025-09-20 03:00:00+00:00,1866.42
DK1,2025-09-20 04:00:00+00:00,1936.7025
DK1,2025-09-20 05:00:00+00:00,2069.66
DK1,2025-09-20 06:00:00+00:00,2235.385
DK1,2025-09-20 07:00:00+00:00,2401.0525
DK1,2025-09-20 08:00:00+00:00,2554.685
DK1,2025-09-20 09:00:00+00:00,2684.48
DK1,2025-09-20 10:00:00+00:00,2705.7275
DK1,2025-09-20 11:00:00+00:00,2703.005
DK1,2025-09-20 12:00:00+00:00,2626.73
DK1,2025-09-20 13:00:00+00:00,2536.7625
DK1,2025-09-20 14:00:00+00:00,2494.18
DK1,2025-09-20 15:00:00+00:00,2555.77
DK1,2025-09-20 16:00:00+00:00,2588.63
DK1,2025-09-20 17:00:00+00:00,2494.2225
DK1,2025-09-20 18:00:00+00:00,2370.5575
DK1,2025-09-20 19:00:00+00:00,2235.15
DK1,2025-09-20 20:00:00+00:00,2245.955
DK1,2025-09-20 21:00:00+00:00,2152.2475
DK1,2025-09-20 22:00:00+00:00,2107.69
DK1,2025-09-20 23:00:00+00:00,2097.46
DK1,2025-09-21 00:00:00+00:00,2082.8775
DK1,2025-09-21 01:00:00+00:00,2057.48
DK1,2025-09-21 02:00:00+00:00,2072.98
DK1,2025-09-21 03:00:00+00:00,2144.99
DK1,2025-09-21 04:00:00+00:00,2215.3275
DK1,2025-09-21 05:00:00+00:00,2235.5325
DK1,2025-09-21 06:00:00+00:00,2401.865
DK1,2025-09-21 07:00:00+00:00,2500.1075
DK1,2025-09-21 08:00:00+00:00,2570.7475
DK1,2025-09-21 09:00:00+00:00,2590.04
DK1,2025-09-21 10:00:00+00:00,2708.275
DK1,2025-09-21 11:00:00+00:00,2821.7775
DK1,2025-09-21 12:00:00+00:00,2717.5725
DK1,2025-09-21 13:00:00+00:00,2673.875
DK1,2025-09-21 14:00:00+00:00,2736.545
DK1,2025-09-21 15:00:00+00:00,2850.7775
DK1,2025-09-21 16:00:00+00:00,2835.0175
DK1,2025-09-21 17:00:00+00:00,2650.3925
DK1,2025-09-21 18:00:00+00:00,2579.5925
DK1,2025-09-21 19:00:00+00:00,2484.615
DK1,2025-09-21 20:00:00+00:00,2412.7075
DK1,2025-09-21 21:00:00+00:00,2284.7125
DK1,2025-09-21 22:00:00+00:00,2472.3875
DK1,2025-09-21 23:00:00+00:00,2398.015
DK1,2025-09-22 00:00:00+00:00,2235.59
DK1,2025-09-22 01:00:00+00:00,2234.3825
DK1,2025-09-22 02:00:00+00:00,2262.9975
DK1,2025-09-22 03:00:00+00:00,2332.7
DK1,2025-09-22 04:00:00+00:00,2648.7575
DK1,2025-09-22 05:00:00+00:00,2892.5675
DK1,2025-09-22 06:00:00+00:00,3066.305
DK1,2025-09-22 07:00:00+00:00,3088.4925
DK1,2025-09-22 08:00:00+00:00,3225.705
DK1,2025-09-22 09:00:00+00:00,3227.195
DK1,2025-09-22 10:00:00+00:00,3121.355
DK1,2025-09-22 11:00:00+00:00,3152.375
DK1,2025-09-22 12:00:00+00:00,3181.6675
DK1,2025-09-22 13:00:00+00:00,3218.81
DK1,2025-09-22 14:00:00+00:00,3319.8775
DK1,2025-09-22 15:00:00+00:00,3255.4775
DK1,2025-09-22 16:00:00+00:00,3055.4075
DK1,2025-09-22 17:00:00+00:00,2852.735
DK1,2025-09-22 18:00:00+00:00,2804.8225
DK1,2025-09-22 19:00:00+00:00,2602.6925
DK1,2025-09-22 20:00:00+00:00,2505.3725
DK1,2025-09-22 21:00:00+00:00,2403.7075
DK1,2025-09-22 22:00:00+00:00,2488.6875
DK1,2025-09-22 23:00:00+00:00,2399.9
DK1,2025-09-23 00:00:00+00:00,2326.2
DK1,2025-09-23 01:00:00+00:00,2221.0325
DK1,2025-09-23 02:00:00+00:00,2189.3575
DK1,2025-09-23 03:00:00+00:00,2302.6425
DK1,2025-09-23 04:00:00+00:00,2664.1225
DK1,2025-09-23 05:00:00+00:00,2946.745
DK1,2025-09-23 06:00:00+00:00,3112.25
DK1,2025-09-23 07:00:00+00:00,3188.5125
DK1,2025-09-23 08:00:00+00:00,3304.4625
DK1,2025-09-23 09:00:00+00:00,3262.4525
DK1,2025-09-23 10:00:00+00:00,3331.4275
DK1,2025-09-23 11:00:00+00:00,3283.985
DK1,2025-09-23 12:00:00+00:00,3248.3475
DK1,2025-09-23 13:00:00+00:00,3139.2125
DK1,2025-09-23 14:00:00+00:00,3108.8275
DK1,2025-09-23 15:00:00+00:00,3121.785
DK1,2025-09-23 16:00:00+00:00,2931.54
DK1,2025-09-23 17:00:00+00:00,2843.9375
DK1,2025-09-23 18:00:00+00:00,2778.26
DK1,2025-09-23 19:00:00+00:00,2658.2675
DK1,2025-09-23 20:00:00+00:00,2558.4075
DK1,2025-09-23 21:00:00+00:00,2409.3025
DK1,2025-09-23 22:00:00+00:00,2448.3375
DK1,2025-09-23 23:00:00+00:00,2442.3025
DK1,2025-09-24 00:00:00+00:00,2379.585
DK1,2025-09-24 01:00:00+00:00,2337.3075
DK1,2025-09-24 02:00:00+00:00,2271.4725
DK1,2025-09-24 03:00:00+00:00,2351.5075
DK1,2025-09-24 04:00:00+00:00,2685.8125
DK1,2025-09-24 05:00:00+00:00,3002.195
DK1,2025-09-24 06:00:00+00:00,3073.7875
DK1,2025-09-24 07:00:00+00:00,3204.325
DK1,2025-09-24 08:00:00+00:00,3322.1125
DK1,2025-09-24 09:00:00+00:00,3357.4
DK1,2025-09-24 10:00:00+00:00,3262.68
DK1,2025-09-24 11:00:00+00:00,3156.3575
DK1,2025-09-24 12:00:00+00:00,3125.96
DK1,2025-09-24 13:00:00+00:00,3056.73
DK1,2025-09-24 14:00:00+00:00,2988.11
DK1,2025-09-24 15:00:00+00:00,3000.185
DK1,2025-09-24 16:00:00+00:00,2959.2325
DK1,2025-09-24 17:00:00+00:00,2891.4375
DK1,2025-09-24 18:00:00+00:00,2808.63
DK1,2025-09-24 19:00:00+00:00,2672.9275
DK1,2025-09-24 20:00:00+00:00,2542.6725
DK1,2025-09-24 21:00:00+00:00,2539.665
DK1,2025-09-24 22:00:00+00:00,2448.2825
DK1,2025-09-24 23:00:00+00:00,2504.475
DK1,2025-09-25 00:00:00+00:00,2454.835
DK1,2025-09-25 01:00:00+00:00,2336.87
DK1,2025-09-25 02:00:00+00:00,2246.6925
DK1,2025-09-25 03:00:00+00:00,2322.65
DK1,2025-09-25 04:00:00+00:00,2676.6925
DK1,2025-09-25 05:00:00+00:00,2963.71
DK1,2025-09-25 06:00:00+00:00,3029.1775
DK1,2025-09-25 07:00:00+00:00,3007.8075
DK1,2025-09-25 08:00:00+00:00,3063.62
DK1,2025-09-25 09:00:00+00:00,3048.9125
DK1,2025-09-25 10:00:00+00:00,3059.4275
DK1,2025-09-25 11:00:00+00:00,3099.9925
DK1,2025-09-25 12:00:00+00:00,3043.4875
DK1,2025-09-25 13:00:00+00:00,2953.5775
DK1,2025-09-25 14:00:00+00:00,2914.18
DK1,2025-09-25 15:00:00+00:00,3008.8025
DK1,2025-09-25 16:00:00+00:00,2937.2525
DK1,2025-09-25 17:00:00+00:00,2909.3075
DK1,2025-09-25 18:00:00+00:00,2813.68
DK1,2025-09-25 19:00:00+00:00,2667.7625
DK1,2025-09-25 20:00:00+00:00,2537.075
DK1,2025-09-25 21:00:00+00:00,2428.275
DK1,2025-09-25 22:00:00+00:00,2403.9675
DK1,2025-09-25 23:00:00+00:00,2389.785
DK1,2025-09-26 00:00:00+00:00,2407.195
DK1,2025-09-26 01:00:00+00:00,2358.1625
DK1,2025-09-26 02:00:00+00:00,2296.505
DK1,2025-09-26 03:00:00+00:00,2342.1
DK1,2025-09-26 04:00:00+00:00,2642.04
DK1,2025-09-26 05:00:00+00:00,2942.8125
DK1,2025-09-26 06:00:00+00:00,3033.28
DK1,2025-09-26 07:00:00+00:00,3007.2625
DK1,2025-09-26 08:00:00+00:00,3182.4975
DK1,2025-09-26 09:00:00+00:00,3265.1075
DK1,2025-09-26 10:00:00+00:00,3243.765
DK1,2025-09-26 11:00:00+00:00,3167.8425
DK1,2025-09-26 12:00:00+00:00,3065.0025
DK1,2025-09-26 13:00:00+00:00,2994.5125
DK1,2025-09-26 14:00:00+00:00,3029.01
DK1,2025-09-26 15:00:00+00:00,3021.8825
DK1,2025-09-26 16:00:00+00:00,2825.5275
DK1,2025-09-26 17:00:00+00:00,2713.325
DK1,2025-09-26 18:00:00+00:00,2593.465
DK1,2025-09-26 19:00:00+00:00,2485.9225
DK1,2025-09-26 20:00:00+00:00,2438.3175
DK1,2025-09-26 21:00:00+00:00,2240.3375
DK1,2025-09-26 22:00:00+00:00,2265.0975
DK1,2025-09-26 23:00:00+00:00,2190.56
DK1,2025-09-27 00:00:00+00:00,2074.285
DK1,2025-09-27 01:00:00+00:00,2077.8625
DK1,2025-09-27 02:00:00+00:00,2055.16
DK1,2025-09-27 03:00:00+00:00,2040.72
DK1,2025-09-27 04:00:00+00:00,2122.1175
DK1,2025-09-27 05:00:00+00:00,2255.32
DK1,2025-09-27 06:00:00+00:00,2394.2575
DK1,2025-09-27 07:00:00+00:00,2462.725
DK1,2025-09-27 08:00:00+00:00,2601.6725
DK1,2025-09-27 09:00:00+00:00,2714.9075
DK1,2025-09-27 10:00:00+00:00,2753.59
DK1,2025-09-27 11:00:00+00:00,2675.535
DK1,2025-09-27 12:00:00+00:00,2626.85
DK1,2025-09-27 13:00:00+00:00,2512.0525
DK1,2025-09-27 14:00:00+00:00,2494.22
DK1,2025-09-27 15:00:00+00:00,2605.835
DK1,2025-09-27 16:00:00+00:00,2600.915
DK1,2025-09-27 17:00:00+00:00,2521.5025
DK1,2025-09-27 18:00:00+00:00,2411.345
DK1,2025-09-27 19:00:00+00:00,2294.375
DK1,2025-09-27 20:00:00+00:00,2203.265
DK1,2025-09-27 21:00:00+00:00,2105.41
DK1,2025-09-27 22:00:00+00:00,2112.3025
DK1,2025-09-27 23:00:00+00:00,2110.4625
DK1,2025-09-28 00:00:00+00:00,2044.855
DK1,2025-09-28 01:00:00+00:00,1975.93
DK1,2025-09-28 02:00:00+00:00,1940.9775
DK1,2025-09-28 03:00:00+00:00,1929.64
DK1,2025-09-28 04:00:00+00:00,1980.325
DK1,2025-09-28 05:00:00+00:00,2150.4475
DK1,2025-09-28 06:00:00+00:00,2247.6025
DK1,2025-09-28 07:00:00+00:00,2331.4
DK1,2025-09-28 08:00:00+00:00,2454.8825
DK1,2025-09-28 09:00:00+00:00,2591.27
DK1,2025-09-28 10:00:00+00:00,2706.14
DK1,2025-09-28 11:00:00+00:00,2702.7525
DK1,2025-09-28 12:00:00+00:00,2634.6925
DK1,2025-09-28 13:00:00+00:00,2514.2
DK1,2025-09-28 14:00:00+00:00,2528.0275
DK1,2025-09-28 15:00:00+00:00,2659.265
DK1,2025-09-28 16:00:00+00:00,2646.615
DK1,2025-09-28 17:00:00+00:00,2567.2075
DK1,2025-09-28 18:00:00+00:00,2457.785
DK1,2025-09-28 19:00:00+00:00,2317.585
DK1,2025-09-28 20:00:00+00:00,2233.3
DK1,2025-09-28 21:00:00+00:00,2160.2575
DK1,2025-09-28 22:00:00+00:00,2231.4325
DK1,2025-09-28 23:00:00+00:00,2249.105
DK1,2025-09-29 00:00:00+00:00,2167.4925
DK1,2025-09-29 01:00:00+00:00,2087.0225
DK1,2025-09-29 02:00:00+00:00,2124.3275
DK1,2025-09-29 03:00:00+00:00,2203.17
DK1,2025-09-29 04:00:00+00:00,2562.485
DK1,2025-09-29 05:00:00+00:00,2878.7675
DK1,2025-09-29 06:00:00+00:00,2918.9575
DK1,2025-09-29 07:00:00+00:00,2952.3525
DK1,2025-09-29 08:00:00+00:00,3071.95
DK1,2025-09-29 09:00:00+00:00,3105.765
DK1,2025-09-29 10:00:00+00:00,3100.6425
DK1,2025-09-29 11:00:00+00:00,3107.9725
DK1,2025-09-29 12:00:00+00:00,3068.2725
DK1,2025-09-29 13:00:00+00:00,2968.81
DK1,2025-09-29 14:00:00+00:00,2977.21
DK1,2025-09-29 15:00:00+00:00,3104.42
DK1,2025-09-29 16:00:00+00:00,3015.3125
DK1,2025-09-29 17:00:00+00:00,2919.8325
DK1,2025-09-29 18:00:00+00:00,2755.495
DK1,2025-09-29 19:00:00+00:00,2655.0375
DK1,2025-09-29 20:00:00+00:00,2511.74
DK1,2025-09-29 21:00:00+00:00,2477.9825
DK1,2025-09-29 22:00:00+00:00,2511.6425
DK1,2025-09-29 23:00:00+00:00,2474.345
DK1,2025-09-30 00:00:00+00:00,2358.155
DK1,2025-09-30 01:00:00+00:00,2309.5875
DK1,2025-09-30 02:00:00+00:00,2228.855
DK1,2025-09-30 03:00:00+00:00,2299.85
DK1,2025-09-30 04:00:00+00:00,2640.955
DK1,2025-09-30 05:00:00+00:00,2945.5975
DK1,2025-09-30 06:00:00+00:00,3053.27
DK1,2025-09-30 07:00:00+00:00,3040.1275
DK1,2025-09-30 08:00:00+00:00,3039.395
DK1,2025-09-30 09:00:00+00:00,3089.1475
DK1,2025-09-30 10:00:00+00:00,3051.9925
DK1,2025-09-30 11:00:00+00:00,3032.2775
DK1,2025-09-30 12:00:00+00:00,2954.095
DK1,2025-09-30 13:00:00+00:00,2904.535
DK1,2025-09-30 14:00:00+00:00,2933.9825
DK1,2025-09-30 15:00:00+00:00,3034.11
DK1,2025-09-30 16:00:00+00:00,2974.5625
DK1,2025-09-30 17:00:00+00:00,2938.28
DK1,2025-09-30 18:00:00+00:00,2800.535
DK1,2025-09-30 19:00:00+00:00,2700.0025
DK1,2025-09-30 20:00:00+00:00,2568.9975
DK1,2025-09-30 21:00:00+00:00,2464.2875
DK1,2025-09-30 22:00:00+00:00,2500.6625
DK1,2025-09-30 23:00:00+00:00,2484.185
DK1,2025-10-01 00:00:00+00:00,2500.3875
DK1,2025-10-01 01:00:00+00:00,2404.4825
DK1,2025-10-01 02:00:00+00:00,2339.075
DK1,2025-10-01 03:00:00+00:00,2403.635
DK1,2025-10-01 04:00:00+00:00,2700.665
DK1,2025-10-01 05:00:00+00:00,3002.99
DK1,2025-10-01 06:00:00+00:00,3087.89
DK1,2025-10-01 07:00:00+00:00,3081.1375
DK1,2025-10-01 08:00:00+00:00,3078.5025
DK1,2025-10-01 09:00:00+00:00,3216.8925
DK1,2025-10-01 10:00:00+00:00,3178.87
DK1,2025-10-01 11:00:00+00:00,3182.1525
DK1,2025-10-01 12:00:00+00:00,3089.935
DK1,2025-10-01 13:00:00+00:00,2964.5025
DK1,2025-10-01 14:00:00+00:00,2994.78
DK1,2025-10-01 15:00:00+00:00,3069.0025
DK1,2025-10-01 16:00:00+00:00,2977.265
DK1,2025-10-01 17:00:00+00:00,2911.0825
DK1,2025-10-01 18:00:00+00:00,2841.9075
DK1,2025-10-01 19:00:00+00:00,2733.855
DK1,2025-10-01 20:00:00+00:00,2626.98
DK1,2025-10-01 21:00:00+00:00,2492.83
DK1,2025-10-01 22:00:00+00:00,2528.4975
DK1,2025-10-01 23:00:00+00:00,2569.3525
DK1,2025-10-02 00:00:00+00:00,2554.43
DK1,2025-10-02 01:00:00+00:00,2451.4375
DK1,2025-10-02 02:00:00+00:00,2379.7275
DK1,2025-10-02 03:00:00+00:00,2423.86
DK1,2025-10-02 04:00:00+00:00,2766.0825
DK1,2025-10-02 05:00:00+00:00,3070.695
DK1,2025-10-02 06:00:00+00:00,3131.5825
DK1,2025-10-02 07:00:00+00:00,3082.2575
DK1,2025-10-02 08:00:00+00:00,3153.41
DK1,2025-10-02 09:00:00+00:00,3181.525
DK1,2025-10-02 10:00:00+00:00,3208.1875
DK1,2025-10-02 11:00:00+00:00,3183.575
DK1,2025-10-02 12:00:00+00:00,3094.5
DK1,2025-10-02 13:00:00+00:00,2945.75
DK1,2025-10-02 14:00:00+00:00,2933.445
DK1,2025-10-02 15:00:00+00:00,3016.1075
DK1,2025-10-02 16:00:00+00:00,2986.8925
DK1,2025-10-02 17:00:00+00:00,2944.54
DK1,2025-10-02 18:00:00+00:00,2849.4975
DK1,2025-10-02 19:00:00+00:00,2741.085
DK1,2025-10-02 20:00:00+00:00,2578.1475
DK1,2025-10-02 21:00:00+00:00,2557.45
DK1,2025-10-02 22:00:00+00:00,2627.55
DK1,2025-10-02 23:00:00+00:00,2757.0425
DK1,2025-10-03 00:00:00+00:00,2718.055
DK1,2025-10-03 01:00:00+00:00,2592.3175
DK1,2025-10-03 02:00:00+00:00,2586.43
DK1,2025-10-03 03:00:00+00:00,2546.9475
DK1,2025-10-03 04:00:00+00:00,2795.98
DK1,2025-10-03 05:00:00+00:00,3063.6425
DK1,2025-10-03 06:00:00+00:00,3142.755
DK1,2025-10-03 07:00:00+00:00,3148.44
DK1,2025-10-03 08:00:00+00:00,3209.95
DK1,2025-10-03 09:00:00+00:00,3196.4925
DK1,2025-10-03 10:00:00+00:00,3201.78
DK1,2025-10-03 11:00:00+00:00,3105.8425
DK1,2025-10-03 12:00:00+00:00,2956.99
DK1,2025-10-03 13:00:00+00:00,2856.1875
DK1,2025-10-03 14:00:00+00:00,2969.955
DK1,2025-10-03 15:00:00+00:00,3062.33
DK1,2025-10-03 16:00:00+00:00,3080.4875
DK1,2025-10-03 17:00:00+00:00,3012.36
DK1,2025-10-03 18:00:00+00:00,2807.4
DK1,2025-10-03 19:00:00+00:00,2706.5525
DK1,2025-10-03 20:00:00+00:00,2588.705
DK1,2025-10-03 21:00:00+00:00,2470.905
DK1,2025-10-03 22:00:00+00:00,2573.385
DK1,2025-10-03 23:00:00+00:00,2511.73
DK1,2025-10-04 00:00:00+00:00,2613.6975
DK1,2025-10-04 01:00:00+00:00,2500.325
DK1,2025-10-04 02:00:00+00:00,2452.7225
DK1,2025-10-04 03:00:00+00:00,2421.505
DK1,2025-10-04 04:00:00+00:00,2364.18
DK1,2025-10-04 05:00:00+00:00,2441.165
DK1,2025-10-04 06:00:00+00:00,2649.2525
DK1,2025-10-04 07:00:00+00:00,2750.2425
DK1,2025-10-04 08:00:00+00:00,2844.4825
DK1,2025-10-04 09:00:00+00:00,2959.5575
DK1,2025-10-04 10:00:00+00:00,2915.6125
DK1,2025-10-04 11:00:00+00:00,2922.575
DK1,2025-10-04 12:00:00+00:00,2865.0875
DK1,2025-10-04 13:00:00+00:00,2794.6325
DK1,2025-10-04 14:00:00+00:00,2786.6075
DK1,2025-10-04 15:00:00+00:00,2851.425
DK1,2025-10-04 16:00:00+00:00,2780.5125
DK1,2025-10-04 17:00:00+00:00,2645.1125
DK1,2025-10-04 18:00:00+00:00,2509.095
DK1,2025-10-04 19:00:00+00:00,2412.715
DK1,2025-10-04 20:00:00+00:00,2381.8175
DK1,2025-10-04 21:00:00+00:00,2302.7525
DK1,2025-10-04 22:00:00+00:00,2307.1675
DK1,2025-10-04 23:00:00+00:00,2384.455
DK1,2025-10-05 00:00:00+00:00,2368.985
DK1,2025-10-05 01:00:00+00:00,2405.2425
DK1,2025-10-05 02:00:00+00:00,2312.385
DK1,2025-10-05 03:00:00+00:00,2219.095
DK1,2025-10-05 04:00:00+00:00,2263.305
DK1,2025-10-05 05:00:00+00:00,2448.6
DK1,2025-10-05 06:00:00+00:00,2571.3875
DK1,2025-10-05 07:00:00+00:00,2696.9125
DK1,2025-10-05 08:00:00+00:00,2896.4375
DK1,2025-10-05 09:00:00+00:00,2968.7125
DK1,2025-10-05 10:00:00+00:00,2974.21
DK1,2025-10-05 11:00:00+00:00,2961.775
DK1,2025-10-05 12:00:00+00:00,3002.0575
DK1,2025-10-05 13:00:00+00:00,2979.2775
DK1,2025-10-05 14:00:00+00:00,2953.925
DK1,2025-10-05 15:00:00+00:00,3076.475
DK1,2025-10-05 16:00:00+00:00,3003.82
DK1,2025-10-05 17:00:00+00:00,2892.9575
DK1,2025-10-05 18:00:00+00:00,2768.7075
DK1,2025-10-05 19:00:00+00:00,2708.0325
DK1,2025-10-05 20:00:00+00:00,2590.3125
DK1,2025-10-05 21:00:00+00:00,2487.1525
DK1,2025-10-05 22:00:00+00:00,2539.195
DK1,2025-10-05 23:00:00+00:00,2603.22
DK1,2025-10-06 00:00:00+00:00,2508.7075
DK1,2025-10-06 01:00:00+00:00,2385.445
DK1,2025-10-06 02:00:00+00:00,2345.19
DK1,2025-10-06 03:00:00+00:00,2405.0475
DK1,2025-10-06 04:00:00+00:00,2675.445
DK1,2025-10-06 05:00:00+00:00,3005.1425
DK1,2025-10-06 06:00:00+00:00,3134.1625
DK1,2025-10-06 07:00:00+00:00,3180.42
DK1,2025-10-06 08:00:00+00:00,3274.3325
DK1,2025-10-06 09:00:00+00:00,3229.335
DK1,2025-10-06 10:00:00+00:00,3144.57
DK1,2025-10-06 11:00:00+00:00,3047.7175
DK1,2025-10-06 12:00:00+00:00,2987.93
DK1,2025-10-06 13:00:00+00:00,2908.705
DK1,2025-10-06 14:00:00+00:00,2980.39
DK1,2025-10-06 15:00:00+00:00,3015.105
DK1,2025-10-06 16:00:00+00:00,2984.0075
DK1,2025-10-06 17:00:00+00:00,2878.2375
DK1,2025-10-06 18:00:00+00:00,2700.99
DK1,2025-10-06 19:00:00+00:00,2605.67
DK1,2025-10-06 20:00:00+00:00,2458.27
DK1,2025-10-06 21:00:00+00:00,2363.8825
DK1,2025-10-06 22:00:00+00:00,2328.39
DK1,2025-10-06 23:00:00+00:00,2405.825
DK1,2025-10-07 00:00:00+00:00,2359.285
DK1,2025-10-07 01:00:00+00:00,2269.9075
DK1,2025-10-07 02:00:00+00:00,2229.925
DK1,2025-10-07 03:00:00+00:00,2282.7825
DK1,2025-10-07 04:00:00+00:00,2561.5075
DK1,2025-10-07 05:00:00+00:00,2900.3875
DK1,2025-10-07 06:00:00+00:00,3029.8375
DK1,2025-10-07 07:00:00+00:00,3096.5725
DK1,2025-10-07 08:00:00+00:00,3183.355
DK1,2025-10-07 09:00:00+00:00,3240.9925
DK1,2025-10-07 10:00:00+00:00,3174.1775
DK1,2025-10-07 11:00:00+00:00,3166.145
DK1,2025-10-07 12:00:00+00:00,3076.4875
DK1,2025-10-07 13:00:00+00:00,3012.2125
DK1,2025-10-07 14:00:00+00:00,3022.6225
DK1,2025-10-07 15:00:00+00:00,3063.31
DK1,2025-10-07 16:00:00+00:00,2971.0325
DK1,2025-10-07 17:00:00+00:00,2874.5975
DK1,2025-10-07 18:00:00+00:00,2689.8375
DK1,2025-10-07 19:00:00+00:00,2592.8275
DK1,2025-10-07 20:00:00+00:00,2488.205
DK1,2025-10-07 21:00:00+00:00,2365.855
DK1,2025-10-07 22:00:00+00:00,2481.44
DK1,2025-10-07 23:00:00+00:00,2502.9575
DK1,2025-10-08 00:00:00+00:00,2463.5425
DK1,2025-10-08 01:00:00+00:00,2356.1275
DK1,2025-10-08 02:00:00+00:00,2233.5175
DK1,2025-10-08 03:00:00+00:00,2312.9325
DK1,2025-10-08 04:00:00+00:00,2594.6275
DK1,2025-10-08 05:00:00+00:00,2911.875
DK1,2025-10-08 06:00:00+00:00,3044.285
DK1,2025-10-08 07:00:00+00:00,3035.5525
DK1,2025-10-08 08:00:00+00:00,3079.455
DK1,2025-10-08 09:00:00+00:00,3121.2875
DK1,2025-10-08 10:00:00+00:00,3085.075
DK1,2025-10-08 11:00:00+00:00,3033.4925
DK1,2025-10-08 12:00:00+00:00,2955.065
DK1,2025-10-08 13:00:00+00:00,2927.525
DK1,2025-10-08 14:00:00+00:00,2938.3875
DK1,2025-10-08 15:00:00+00:00,2992.94
DK1,2025-10-08 16:00:00+00:00,2950.15
DK1,2025-10-08 17:00:00+00:00,2873.0575
DK1,2025-10-08 18:00:00+00:00,2729.4
DK1,2025-10-08 19:00:00+00:00,2642.0525
DK1,2025-10-08 20:00:00+00:00,2526.745
DK1,2025-10-08 21:00:00+00:00,2424.36
DK1,2025-10-08 22:00:00+00:00,2432.7775
DK1,2025-10-08 23:00:00+00:00,2504.7025
DK1,2025-10-09 00:00:00+00:00,2455.34
DK1,2025-10-09 01:00:00+00:00,2398.9975
DK1,2025-10-09 02:00:00+00:00,2306.83
DK1,2025-10-09 03:00:00+00:00,2349.2175
DK1,2025-10-09 04:00:00+00:00,2618.41
DK1,2025-10-09 05:00:00+00:00,2995.6525
DK1,2025-10-09 06:00:00+00:00,3079.935
DK1,2025-10-09 07:00:00+00:00,3095.245
DK1,2025-10-09 08:00:00+00:00,3145.48
DK1,2025-10-09 09:00:00+00:00,3204.13
DK1,2025-10-09 10:00:00+00:00,3204.04
DK1,2025-10-09 11:00:00+00:00,3248.7725
DK1,2025-10-09 12:00:00+00:00,3203.0425
DK1,2025-10-09 13:00:00+00:00,3122.6175
DK1,2025-10-09 14:00:00+00:00,3142.925
DK1,2025-10-09 15:00:00+00:00,3250.98
DK1,2025-10-09 16:00:00+00:00,3182.235
DK1,2025-10-09 17:00:00+00:00,3075.3125
DK1,2025-10-09 18:00:00+00:00,2945.1375
DK1,2025-10-09 19:00:00+00:00,2827.3875
DK1,2025-10-09 20:00:00+00:00,2757.9425
DK1,2025-10-09 21:00:00+00:00,2650.645
DK1,2025-10-09 22:00:00+00:00,2673.045
DK1,2025-10-09 23:00:00+00:00,2732.2725
DK1,2025-10-10 00:00:00+00:00,2686.7175
DK1,2025-10-10 01:00:00+00:00,2666.59
DK1,2025-10-10 02:00:00+00:00,2628.44
DK1,2025-10-10 03:00:00+00:00,2624.4425
DK1,2025-10-10 04:00:00+00:00,2814.425
DK1,2025-10-10 05:00:00+00:00,3179.8125
DK1,2025-10-10 06:00:00+00:00,3264.7675
DK1,2025-10-10 07:00:00+00:00,3306.205
DK1,2025-10-10 08:00:00+00:00,3268.6925
DK1,2025-10-10 09:00:00+00:00,3276.7625
DK1,2025-10-10 10:00:00+00:00,3188.01
DK1,2025-10-10 11:00:00+00:00,3159.98
DK1,2025-10-10 12:00:00+00:00,3055.675
DK1,2025-10-10 13:00:00+00:00,2991.1525
DK1,2025-10-10 14:00:00+00:00,2945.02
DK1,2025-10-10 15:00:00+00:00,3046.2175
DK1,2025-10-10 16:00:00+00:00,3051.29
DK1,2025-10-10 17:00:00+00:00,2937.8325
DK1,2025-10-10 18:00:00+00:00,2771.6775
DK1,2025-10-10 19:00:00+00:00,2635.2525
DK1,2025-10-10 20:00:00+00:00,2505.4675
DK1,2025-10-10 21:00:00+00:00,2442.0975
DK1,2025-10-10 22:00:00+00:00,2570.06
DK1,2025-10-10 23:00:00+00:00,2470.5375
DK1,2025-10-11 00:00:00+00:00,2338.11
DK1,2025-10-11 01:00:00+00:00,2342.855
DK1,2025-10-11 02:00:00+00:00,2327.0075
DK1,2025-10-11 03:00:00+00:00,2245.7275
DK1,2025-10-11 04:00:00+00:00,2245.58
DK1,2025-10-11 05:00:00+00:00,2408.5375
DK1,2025-10-11 06:00:00+00:00,2550.095
DK1,2025-10-11 07:00:00+00:00,2638.84
DK1,2025-10-11 08:00:00+00:00,2706.005
DK1,2025-10-11 09:00:00+00:00,2712.6525
DK1,2025-10-11 10:00:00+00:00,2705.7825
DK1,2025-10-11 11:00:00+00:00,2710.39
DK1,2025-10-11 12:00:00+00:00,2627.9525
DK1,2025-10-11 13:00:00+00:00,2581.14
DK1,2025-10-11 14:00:00+00:00,2603.155
DK1,2025-10-11 15:00:00+00:00,2755.2525
DK1,2025-10-11 16:00:00+00:00,2714.925
DK1,2025-10-11 17:00:00+00:00,2581.84
DK1,2025-10-11 18:00:00+00:00,2461.4025
DK1,2025-10-11 19:00:00+00:00,2359.9825
DK1,2025-10-11 20:00:00+00:00,2230.8725
DK1,2025-10-11 21:00:00+00:00,2181.155
DK1,2025-10-11 22:00:00+00:00,2196.38
DK1,2025-10-11 23:00:00+00:00,2194.9725
DK1,2025-10-12 00:00:00+00:00,2179.5925
DK1,2025-10-12 01:00:00+00:00,2190.0525
DK1,2025-10-12 02:00:00+00:00,2160.405
DK1,2025-10-12 03:00:00+00:00,2129.7175
DK1,2025-10-12 04:00:00+00:00,2098.5275
DK1,2025-10-12 05:00:00+00:00,2232.5775
DK1,2025-10-12 06:00:00+00:00,2380.0775
DK1,2025-10-12 07:00:00+00:00,2505.1275
DK1,2025-10-12 08:00:00+00:00,2562.9625
DK1,2025-10-12 09:00:00+00:00,2545.2075
DK1,2025-10-12 10:00:00+00:00,2496.2925
DK1,2025-10-12 11:00:00+00:00,2509.415
DK1,2025-10-12 12:00:00+00:00,2510.355
DK1,2025-10-12 13:00:00+00:00,2449.24
DK1,2025-10-12 14:00:00+00:00,2472.695
DK1,2025-10-12 15:00:00+00:00,2655.8425
DK1,2025-10-12 16:00:00+00:00,2678.5875
DK1,2025-10-12 17:00:00+00:00,2569.175
DK1,2025-10-12 18:00:00+00:00,2444.2375
DK1,2025-10-12 19:00:00+00:00,2312.875
DK1,2025-10-12 20:00:00+00:00,2224.92
DK1,2025-10-12 21:00:00+00:00,2177.76
DK1,2025-10-12 22:00:00+00:00,2274.4825
DK1,2025-10-12 23:00:00+00:00,2312.235
DK1,2025-10-13 00:00:00+00:00,2244.5625
DK1,2025-10-13 01:00:00+00:00,2213.1675
DK1,2025-10-13 02:00:00+00:00,2139.7525
DK1,2025-10-13 03:00:00+00:00,2235.2275
DK1,2025-10-13 04:00:00+00:00,2507.6275
DK1,2025-10-13 05:00:00+00:00,2817.53
DK1,2025-10-13 06:00:00+00:00,3029.9575
DK1,2025-10-13 07:00:00+00:00,3040.78
DK1,2025-10-13 08:00:00+00:00,3078.21
DK1,2025-10-13 09:00:00+00:00,3006.2
DK1,2025-10-13 10:00:00+00:00,3009.8075
DK1,2025-10-13 11:00:00+00:00,3055.495
DK1,2025-10-13 12:00:00+00:00,2980.2175
DK1,2025-10-13 13:00:00+00:00,2902.92
DK1,2025-10-13 14:00:00+00:00,2915.7
DK1,2025-10-13 15:00:00+00:00,2971.0625
DK1,2025-10-13 16:00:00+00:00,2886.64
DK1,2025-10-13 17:00:00+00:00,2810.725
DK1,2025-10-13 18:00:00+00:00,2720.695
DK1,2025-10-13 19:00:00+00:00,2605.3675
DK1,2025-10-13 20:00:00+00:00,2527.315
DK1,2025-10-13 21:00:00+00:00,2450.19
DK1,2025-10-13 22:00:00+00:00,2466.49
DK1,2025-10-13 23:00:00+00:00,2471.4175
DK1,2025-10-14 00:00:00+00:00,2423.0075
DK1,2025-10-14 01:00:00+00:00,2325.865
DK1,2025-10-14 02:00:00+00:00,2311.135
DK1,2025-10-14 03:00:00+00:00,2312.7625
DK1,2025-10-14 04:00:00+00:00,2545.0725
DK1,2025-10-14 05:00:00+00:00,2850.16
DK1,2025-10-14 06:00:00+00:00,2996.7025
DK1,2025-10-14 07:00:00+00:00,3007.23
DK1,2025-10-14 08:00:00+00:00,3090.5325
DK1,2025-10-14 09:00:00+00:00,3126.6425
DK1,2025-10-14 10:00:00+00:00,3106.6525
DK1,2025-10-14 11:00:00+00:00,3099.1575
DK1,2025-10-14 12:00:00+00:00,2991.8975
DK1,2025-10-14 13:00:00+00:00,2921.3425
DK1,2025-10-14 14:00:00+00:00,2886.705
DK1,2025-10-14 15:00:00+00:00,2996.16
DK1,2025-10-14 16:00:00+00:00,2943.66
DK1,2025-10-14 17:00:00+00:00,2851.9625
DK1,2025-10-14 18:00:00+00:00,2735.6975
DK1,2025-10-14 19:00:00+00:00,2589.3925
DK1,2025-10-14 20:00:00+00:00,2458.025
DK1,2025-10-14 21:00:00+00:00,2344.685
DK1,2025-10-14 22:00:00+00:00,2384.3525
DK1,2025-10-14 23:00:00+00:00,2421.9575
DK1,2025-10-15 00:00:00+00:00,2401.455
DK1,2025-10-15 01:00:00+00:00,2350.7225
DK1,2025-10-15 02:00:00+00:00,2333.595
DK1,2025-10-15 03:00:00+00:00,2333.8525
DK1,2025-10-15 04:00:00+00:00,2550.1825
DK1,2025-10-15 05:00:00+00:00,2887.8125
DK1,2025-10-15 06:00:00+00:00,3032.72
DK1,2025-10-15 07:00:00+00:00,3084.8975
DK1,2025-10-15 08:00:00+00:00,3182.7675
DK1,2025-10-15 09:00:00+00:00,3192.5
DK1,2025-10-15 10:00:00+00:00,3160.2725
DK1,2025-10-15 11:00:00+00:00,3174.1125
DK1,2025-10-15 12:00:00+00:00,3082.67
DK1,2025-10-15 13:00:00+00:00,2999.6325
DK1,2025-10-15 14:00:00+00:00,2980.3375
DK1,2025-10-15 15:00:00+00:00,3070.89
DK1,2025-10-15 16:00:00+00:00,3013.61
DK1,2025-10-15 17:00:00+00:00,2863.1875
DK1,2025-10-15 18:00:00+00:00,2740.87
DK1,2025-10-15 19:00:00+00:00,2630.2175
DK1,2025-10-15 20:00:00+00:00,2553.96
DK1,2025-10-15 21:00:00+00:00,2467.1225
DK1,2025-10-15 22:00:00+00:00,2494.1875
DK1,2025-10-15 23:00:00+00:00,2507.1075
DK1,2025-10-16 00:00:00+00:00,2442.2325
DK1,2025-10-16 01:00:00+00:00,2444.705
DK1,2025-10-16 02:00:00+00:00,2454.5025
DK1,2025-10-16 03:00:00+00:00,2479.05
DK1,2025-10-16 04:00:00+00:00,2697.58
DK1,2025-10-16 05:00:00+00:00,3011.9575
DK1,2025-10-16 06:00:00+00:00,3079.0725
DK1,2025-10-16 07:00:00+00:00,3136.04
DK1,2025-10-16 08:00:00+00:00,3198.2225
DK1,2025-10-16 09:00:00+00:00,3266.73
DK1,2025-10-16 10:00:00+00:00,3272.9275
DK1,2025-10-16 11:00:00+00:00,3240.78
DK1,2025-10-16 12:00:00+00:00,3139.25
DK1,2025-10-16 13:00:00+00:00,3048.83
DK1,2025-10-16 14:00:00+00:00,3030.835
DK1,2025-10-16 15:00:00+00:00,3092.17
DK1,2025-10-16 16:00:00+00:00,3064.98
DK1,2025-10-16 17:00:00+00:00,2925.3125
DK1,2025-10-16 18:00:00+00:00,2780.5825
DK1,2025-10-16 19:00:00+00:00,2675.21
DK1,2025-10-16 20:00:00+00:00,2551.9675
DK1,2025-10-16 21:00:00+00:00,2457.47
DK1,2025-10-16 22:00:00+00:00,2602.6125
DK1,2025-10-16 23:00:00+00:00,2592.9825
DK1,2025-10-17 00:00:00+00:00,2468.64
DK1,2025-10-17 01:00:00+00:00,2365.8325
DK1,2025-10-17 02:00:00+00:00,2279.175
DK1,2025-10-17 03:00:00+00:00,2373.2525
DK1,2025-10-17 04:00:00+00:00,2632.42
DK1,2025-10-17 05:00:00+00:00,2944.89
DK1,2025-10-17 06:00:00+00:00,3056.6275
DK1,2025-10-17 07:00:00+00:00,3109.34
DK1,2025-10-17 08:00:00+00:00,3157.7575
DK1,2025-10-17 09:00:00+00:00,3152.3825
DK1,2025-10-17 10:00:00+00:00,3127.6125
DK1,2025-10-17 11:00:00+00:00,3060.95
DK1,2025-10-17 12:00:00+00:00,2911.9625
DK1,2025-10-17 13:00:00+00:00,2977.7775
DK1,2025-10-17 14:00:00+00:00,2914.46
DK1,2025-10-17 15:00:00+00:00,2991.68
DK1,2025-10-17 16:00:00+00:00,2958.89
DK1,2025-10-17 17:00:00+00:00,2809.1225
DK1,2025-10-17 18:00:00+00:00,2659.315
DK1,2025-10-17 19:00:00+00:00,2559.3025
DK1,2025-10-17 20:00:00+00:00,2455.8525
DK1,2025-10-17 21:00:00+00:00,2404.445
DK1,2025-10-17 22:00:00+00:00,2470.7
DK1,2025-10-17 23:00:00+00:00,2500.255
DK1,2025-10-18 00:00:00+00:00,2426.735
DK1,2025-10-18 01:00:00+00:00,2353.575
DK1,2025-10-18 02:00:00+00:00,2295.605
DK1,2025-10-18 03:00:00+00:00,2283.4325
DK1,2025-10-18 04:00:00+00:00,2328.8525
DK1,2025-10-18 05:00:00+00:00,2499.7325
DK1,2025-10-18 06:00:00+00:00,2621.97
DK1,2025-10-18 07:00:00+00:00,2690.42
DK1,2025-10-18 08:00:00+00:00,2758.8225
DK1,2025-10-18 09:00:00+00:00,2753.49
DK1,2025-10-18 10:00:00+00:00,2699.7
DK1,2025-10-18 11:00:00+00:00,2637.965
DK1,2025-10-18 12:00:00+00:00,2590.79
DK1,2025-10-18 13:00:00+00:00,2576.1525
DK1,2025-10-18 14:00:00+00:00,2603.1175
DK1,2025-10-18 15:00:00+00:00,2750.405
DK1,2025-10-18 16:00:00+00:00,2816.1525
DK1,2025-10-18 17:00:00+00:00,2690.1625
DK1,2025-10-18 18:00:00+00:00,2580.1425
DK1,2025-10-18 19:00:00+00:00,2517.9925
DK1,2025-10-18 20:00:00+00:00,2429.4325
DK1,2025-10-18 21:00:00+00:00,2371.29
DK1,2025-10-18 22:00:00+00:00,2365.4275
DK1,2025-10-18 23:00:00+00:00,2366.1175
DK1,2025-10-19 00:00:00+00:00,2373.1575
DK1,2025-10-19 01:00:00+00:00,2423.3575
DK1,2025-10-19 02:00:00+00:00,2381.5775
DK1,2025-10-19 03:00:00+00:00,2312.175
DK1,2025-10-19 04:00:00+00:00,2333.7225
DK1,2025-10-19 05:00:00+00:00,2473.975
DK1,2025-10-19 06:00:00+00:00,2662.65
DK1,2025-10-19 07:00:00+00:00,2689.6425
DK1,2025-10-19 08:00:00+00:00,2676.1975
DK1,2025-10-19 09:00:00+00:00,2716.1275
DK1,2025-10-19 10:00:00+00:00,2851.7575
DK1,2025-10-19 11:00:00+00:00,2914.9925
DK1,2025-10-19 12:00:00+00:00,2786.5125
DK1,2025-10-19 13:00:00+00:00,2638.3175
DK1,2025-10-19 14:00:00+00:00,2685.6575
DK1,2025-10-19 15:00:00+00:00,2882.055
DK1,2025-10-19 16:00:00+00:00,2943.8225
DK1,2025-10-19 17:00:00+00:00,2828.19
DK1,2025-10-19 18:00:00+00:00,2705.305
DK1,2025-10-19 19:00:00+00:00,2589.33
DK1,2025-10-19 20:00:00+00:00,2489.56
DK1,2025-10-19 21:00:00+00:00,2433.1425
DK1,2025-10-19 22:00:00+00:00,2508.475
DK1,2025-10-19 23:00:00+00:00,2592.7525
DK1,2025-10-20 00:00:00+00:00,2570.2025
DK1,2025-10-20 01:00:00+00:00,2556.125
DK1,2025-10-20 02:00:00+00:00,2504.7225
DK1,2025-10-20 03:00:00+00:00,2515.8975
DK1,2025-10-20 04:00:00+00:00,2784.77
DK1,2025-10-20 05:00:00+00:00,3199.4
DK1,2025-10-20 06:00:00+00:00,3316.805
DK1,2025-10-20 07:00:00+00:00,3318.7775
DK1,2025-10-20 08:00:00+00:00,3344.735
DK1,2025-10-20 09:00:00+00:00,3336.1375
DK1,2025-10-20 10:00:00+00:00,3340.775
DK1,2025-10-20 11:00:00+00:00,3356.7225
DK1,2025-10-20 12:00:00+00:00,3270.3225
DK1,2025-10-20 13:00:00+00:00,3208.3225
DK1,2025-10-20 14:00:00+00:00,3258.56
DK1,2025-10-20 15:00:00+00:00,3384.3475
DK1,2025-10-20 16:00:00+00:00,3325.865
DK1,2025-10-20 17:00:00+00:00,3148.395
DK1,2025-10-20 18:00:00+00:00,2951.6075
DK1,2025-10-20 19:00:00+00:00,2796.225
DK1,2025-10-20 20:00:00+00:00,2644.27
DK1,2025-10-20 21:00:00+00:00,2529.365
DK1,2025-10-20 22:00:00+00:00,2523.5725
DK1,2025-10-20 23:00:00+00:00,2615.4725
DK1,2025-10-21 00:00:00+00:00,2621.3025
DK1,2025-10-21 01:00:00+00:00,2606.395
DK1,2025-10-21 02:00:00+00:00,2504.765
DK1,2025-10-21 03:00:00+00:00,2475.71
DK1,2025-10-21 04:00:00+00:00,2750.2975
DK1,2025-10-21 05:00:00+00:00,3095.2675
DK1,2025-10-21 06:00:00+00:00,3258.1
DK1,2025-10-21 07:00:00+00:00,3268.855
DK1,2025-10-21 08:00:00+00:00,3306.575
DK1,2025-10-21 09:00:00+00:00,3268.8875
DK1,2025-10-21 10:00:00+00:00,3207.3225
DK1,2025-10-21 11:00:00+00:00,3309.765
DK1,2025-10-21 12:00:00+00:00,3258.6
DK1,2025-10-21 13:00:00+00:00,3101.405
DK1,2025-10-21 14:00:00+00:00,3174.29
DK1,2025-10-21 15:00:00+00:00,3289.2975
DK1,2025-10-21 16:00:00+00:00,3265.5375
DK1,2025-10-21 17:00:00+00:00,3093.84
DK1,2025-10-21 18:00:00+00:00,2889.5775
DK1,2025-10-21 19:00:00+00:00,2764.9175
DK1,2025-10-21 20:00:00+00:00,2643.79
DK1,2025-10-21 21:00:00+00:00,2522.3525
DK1,2025-10-21 22:00:00+00:00,2681.5875
DK1,2025-10-21 23:00:00+00:00,2736.5825
DK1,2025-10-22 00:00:00+00:00,2599.295
DK1,2025-10-22 01:00:00+00:00,2415.835
DK1,2025-10-22 02:00:00+00:00,2372.8475
DK1,2025-10-22 03:00:00+00:00,2400.1375
DK1,2025-10-22 04:00:00+00:00,2704.7175
DK1,2025-10-22 05:00:00+00:00,3086.37
DK1,2025-10-22 06:00:00+00:00,3216.015
DK1,2025-10-22 07:00:00+00:00,3273.3
DK1,2025-10-22 08:00:00+00:00,3337.3075
DK1,2025-10-22 09:00:00+00:00,3308.6075
DK1,2025-10-22 10:00:00+00:00,3236.38
DK1,2025-10-22 11:00:00+00:00,3247.7575
DK1,2025-10-22 12:00:00+00:00,3163.0375
DK1,2025-10-22 13:00:00+00:00,3115.4125
DK1,2025-10-22 14:00:00+00:00,3086.95
DK1,2025-10-22 15:00:00+00:00,3103.0375
DK1,2025-10-22 16:00:00+00:00,3050.45
DK1,2025-10-22 17:00:00+00:00,2911.98
DK1,2025-10-22 18:00:00+00:00,2786.7275
DK1,2025-10-22 19:00:00+00:00,2719.515
DK1,2025-10-22 20:00:00+00:00,2621.48
DK1,2025-10-22 21:00:00+00:00,2502.59
DK1,2025-10-22 22:00:00+00:00,2502.165
DK1,2025-10-22 23:00:00+00:00,2466.655
DK1,2025-10-23 00:00:00+00:00,2481.3275
DK1,2025-10-23 01:00:00+00:00,2526.8675
DK1,2025-10-23 02:00:00+00:00,2532.5675
DK1,2025-10-23 03:00:00+00:00,2607.5975
DK1,2025-10-23 04:00:00+00:00,2802.9375
DK1,2025-10-23 05:00:00+00:00,3130.86
DK1,2025-10-23 06:00:00+00:00,3253.3125
DK1,2025-10-23 07:00:00+00:00,3287.785
DK1,2025-10-23 08:00:00+00:00,3352.44
DK1,2025-10-23 09:00:00+00:00,3437.2375
DK1,2025-10-23 10:00:00+00:00,3459.1675
DK1,2025-10-23 11:00:00+00:00,3494.9025
DK1,2025-10-23 12:00:00+00:00,3429.2525
DK1,2025-10-23 13:00:00+00:00,3357.6125
DK1,2025-10-23 14:00:00+00:00,3388.755
DK1,2025-10-23 15:00:00+00:00,3421.5025
DK1,2025-10-23 16:00:00+00:00,3315.995
DK1,2025-10-23 17:00:00+00:00,3172.1825
DK1,2025-10-23 18:00:00+00:00,2956.4725
DK1,2025-10-23 19:00:00+00:00,2826.7025
DK1,2025-10-23 20:00:00+00:00,2671.9925
DK1,2025-10-23 21:00:00+00:00,2585.3275
DK1,2025-10-23 22:00:00+00:00,2713.2625
DK1,2025-10-23 23:00:00+00:00,2813.45
DK1,2025-10-24 00:00:00+00:00,2954.7125
DK1,2025-10-24 01:00:00+00:00,2886.9475
DK1,2025-10-24 02:00:00+00:00,2761.0
DK1,2025-10-24 03:00:00+00:00,2654.095
DK1,2025-10-24 04:00:00+00:00,2786.585
DK1,2025-10-24 05:00:00+00:00,3088.4825
DK1,2025-10-24 06:00:00+00:00,3230.6475
DK1,2025-10-24 07:00:00+00:00,3206.2825
DK1,2025-10-24 08:00:00+00:00,3290.3775
DK1,2025-10-24 09:00:00+00:00,3291.1
DK1,2025-10-24 10:00:00+00:00,3243.3475
DK1,2025-10-24 11:00:00+00:00,3242.435
DK1,2025-10-24 12:00:00+00:00,3133.27
DK1,2025-10-24 13:00:00+00:00,3072.7625
DK1,2025-10-24 14:00:00+00:00,3059.3025
DK1,2025-10-24 15:00:00+00:00,3113.8225
DK1,2025-10-24 16:00:00+00:00,3074.7075
DK1,2025-10-24 17:00:00+00:00,2873.32
DK1,2025-10-24 18:00:00+00:00,2765.5225
DK1,2025-10-24 19:00:00+00:00,2651.095
DK1,2025-10-24 20:00:00+00:00,2628.915
DK1,2025-10-24 21:00:00+00:00,2640.4425
DK1,2025-10-24 22:00:00+00:00,2665.4
DK1,2025-10-24 23:00:00+00:00,2722.685
DK1,2025-10-25 00:00:00+00:00,2640.705
DK1,2025-10-25 01:00:00+00:00,2566.32
DK1,2025-10-25 02:00:00+00:00,2565.23
DK1,2025-10-25 03:00:00+00:00,2424.5625
DK1,2025-10-25 04:00:00+00:00,2414.09
DK1,2025-10-25 05:00:00+00:00,2544.5325
DK1,2025-10-25 06:00:00+00:00,2727.61
DK1,2025-10-25 07:00:00+00:00,2899.45
DK1,2025-10-25 08:00:00+00:00,2951.8625
DK1,2025-10-25 09:00:00+00:00,2959.6075
DK1,2025-10-25 10:00:00+00:00,2928.4
DK1,2025-10-25 11:00:00+00:00,2918.3025
DK1,2025-10-25 12:00:00+00:00,2889.6075
DK1,2025-10-25 13:00:00+00:00,2889.5575
DK1,2025-10-25 14:00:00+00:00,2953.42
DK1,2025-10-25 15:00:00+00:00,3000.4325
DK1,2025-10-25 16:00:00+00:00,2885.0625
DK1,2025-10-25 17:00:00+00:00,2657.245
DK1,2025-10-25 18:00:00+00:00,2562.54
DK1,2025-10-25 19:00:00+00:00,2509.845
DK1,2025-10-25 20:00:00+00:00,2455.545
DK1,2025-10-25 21:00:00+00:00,2423.5175
DK1,2025-10-25 22:00:00+00:00,2451.205
DK1,2025-10-26 03:00:00+00:00,2261.25
DK1,2025-10-26 04:00:00+00:00,2201.75
DK1,2025-10-26 05:00:00+00:00,2243.745
DK1,2025-10-26 06:00:00+00:00,2393.5625
DK1,2025-10-26 07:00:00+00:00,2645.92
DK1,2025-10-26 08:00:00+00:00,2820.1825
DK1,2025-10-26 09:00:00+00:00,2947.2325
DK1,2025-10-26 10:00:00+00:00,2967.4025
DK1,2025-10-26 11:00:00+00:00,2967.71
DK1,2025-10-26 12:00:00+00:00,2901.0225
DK1,2025-10-26 13:00:00+00:00,2836.49
DK1,2025-10-26 14:00:00+00:00,2760.4775
DK1,2025-10-26 15:00:00+00:00,2798.865
DK1,2025-10-26 16:00:00+00:00,3005.83
DK1,2025-10-26 17:00:00+00:00,2883.1875
DK1,2025-10-26 18:00:00+00:00,2703.0525
DK1,2025-10-26 19:00:00+00:00,2611.2025
DK1,2025-10-26 20:00:00+00:00,2540.6825
DK1,2025-10-26 21:00:00+00:00,2510.79
DK1,2025-10-26 22:00:00+00:00,2564.655
DK1,2025-10-26 23:00:00+00:00,2771.0525
DK1,2025-10-27 00:00:00+00:00,2776.5525
DK1,2025-10-27 01:00:00+00:00,2647.09
DK1,2025-10-27 02:00:00+00:00,2544.765
DK1,2025-10-27 03:00:00+00:00,2424.64
DK1,2025-10-27 04:00:00+00:00,2468.655
DK1,2025-10-27 05:00:00+00:00,2811.26
DK1,2025-10-27 06:00:00+00:00,3110.2825
DK1,2025-10-27 07:00:00+00:00,3191.975
DK1,2025-10-27 08:00:00+00:00,3237.505
DK1,2025-10-27 09:00:00+00:00,3238.9125
DK1,2025-10-27 10:00:00+00:00,3201.7775
DK1,2025-10-27 11:00:00+00:00,3164.0675
DK1,2025-10-27 12:00:00+00:00,3132.635
DK1,2025-10-27 13:00:00+00:00,3093.485
DK1,2025-10-27 14:00:00+00:00,3033.9
DK1,2025-10-27 15:00:00+00:00,3105.9325
DK1,2025-10-27 16:00:00+00:00,3329.6825
DK1,2025-10-27 17:00:00+00:00,3217.2175
DK1,2025-10-27 18:00:00+00:00,3009.525
DK1,2025-10-27 19:00:00+00:00,2832.135
DK1,2025-10-27 20:00:00+00:00,2711.1925
DK1,2025-10-27 21:00:00+00:00,2559.33
DK1,2025-10-27 22:00:00+00:00,2526.29
DK1,2025-10-27 23:00:00+00:00,2602.425
DK1,2025-10-28 00:00:00+00:00,2751.02
DK1,2025-10-28 01:00:00+00:00,2714.43
DK1,2025-10-28 02:00:00+00:00,2709.61
DK1,2025-10-28 03:00:00+00:00,2629.495
DK1,2025-10-28 04:00:00+00:00,2590.215
DK1,2025-10-28 05:00:00+00:00,2865.345
DK1,2025-10-28 06:00:00+00:00,3169.61
DK1,2025-10-28 07:00:00+00:00,3243.8575
DK1,2025-10-28 08:00:00+00:00,3228.3025
DK1,2025-10-28 09:00:00+00:00,3297.255
DK1,2025-10-28 10:00:00+00:00,3333.325
DK1,2025-10-28 11:00:00+00:00,3294.26
DK1,2025-10-28 12:00:00+00:00,3288.22
DK1,2025-10-28 13:00:00+00:00,3252.16
DK1,2025-10-28 14:00:00+00:00,3196.1325
DK1,2025-10-28 15:00:00+00:00,3282.995
DK1,2025-10-28 16:00:00+00:00,3441.165
DK1,2025-10-28 17:00:00+00:00,3257.6025
DK1,2025-10-28 18:00:00+00:00,3062.5025
DK1,2025-10-28 19:00:00+00:00,2875.555
DK1,2025-10-28 20:00:00+00:00,2758.4125
DK1,2025-10-28 21:00:00+00:00,2685.6925
DK1,2025-10-28 22:00:00+00:00,2618.055
DK1,2025-10-28 23:00:00+00:00,2708.5825
DK1,2025-10-29 00:00:00+00:00,2800.53
DK1,2025-10-29 01:00:00+00:00,2696.325
DK1,2025-10-29 02:00:00+00:00,2548.8975
DK1,2025-10-29 03:00:00+00:00,2525.5775
DK1,2025-10-29 04:00:00+00:00,2518.71
DK1,2025-10-29 05:00:00+00:00,2841.7725
DK1,2025-10-29 06:00:00+00:00,3098.7475
DK1,2025-10-29 07:00:00+00:00,3185.01
DK1,2025-10-29 08:00:00+00:00,3188.5025
DK1,2025-10-29 09:00:00+00:00,3231.2425
DK1,2025-10-29 10:00:00+00:00,3243.61
DK1,2025-10-29 11:00:00+00:00,3246.3175
DK1,2025-10-29 12:00:00+00:00,3281.135
DK1,2025-10-29 13:00:00+00:00,3214.6825
DK1,2025-10-29 14:00:00+00:00,3210.0325
DK1,2025-10-29 15:00:00+00:00,3338.3925
DK1,2025-10-29 16:00:00+00:00,3464.69
DK1,2025-10-29 17:00:00+00:00,3298.7275
DK1,2025-10-29 18:00:00+00:00,3110.3625
DK1,2025-10-29 19:00:00+00:00,2984.2275
DK1,2025-10-29 20:00:00+00:00,2801.5725
DK1,2025-10-29 21:00:00+00:00,2633.09
DK1,2025-10-29 22:00:00+00:00,2512.05
DK1,2025-10-29 23:00:00+00:00,2536.4075
DK1,2025-10-30 00:00:00+00:00,2606.47
DK1,2025-10-30 01:00:00+00:00,2611.3775
DK1,2025-10-30 02:00:00+00:00,2598.765
DK1,2025-10-30 03:00:00+00:00,2564.2775
DK1,2025-10-30 04:00:00+00:00,2550.1775
DK1,2025-10-30 05:00:00+00:00,2822.6675
DK1,2025-10-30 06:00:00+00:00,3174.95
DK1,2025-10-30 07:00:00+00:00,3344.035
DK1,2025-10-30 08:00:00+00:00,3365.77
DK1,2025-10-30 09:00:00+00:00,3384.1525
DK1,2025-10-30 10:00:00+00:00,3388.6375
DK1,2025-10-30 11:00:00+00:00,3345.33
DK1,2025-10-30 12:00:00+00:00,3339.765
DK1,2025-10-30 13:00:00+00:00,3308.21
DK1,2025-10-30 14:00:00+00:00,3147.63
DK1,2025-10-30 15:00:00+00:00,3184.38
DK1,2025-10-30 16:00:00+00:00,3369.57
DK1,2025-10-30 17:00:00+00:00,3237.625
DK1,2025-10-30 18:00:00+00:00,3049.1975
DK1,2025-10-30 19:00:00+00:00,2940.2325
DK1,2025-10-30 20:00:00+00:00,2831.15
DK1,2025-10-30 21:00:00+00:00,2752.125
DK1,2025-10-30 22:00:00+00:00,2629.375
DK1,2025-10-30 23:00:00+00:00,2719.475
DK1,2025-10-31 00:00:00+00:00,2735.0175
DK1,2025-10-31 01:00:00+00:00,2766.005
DK1,2025-10-31 02:00:00+00:00,2661.39
DK1,2025-10-31 03:00:00+00:00,2545.58
DK1,2025-10-31 04:00:00+00:00,2645.95
DK1,2025-10-31 05:00:00+00:00,2888.625
DK1,2025-10-31 06:00:00+00:00,3191.02
DK1,2025-10-31 07:00:00+00:00,3353.185
DK1,2025-10-31 08:00:00+00:00,3305.27
DK1,2025-10-31 09:00:00+00:00,3332.53
DK1,2025-10-31 10:00:00+00:00,3269.395
DK1,2025-10-31 11:00:00+00:00,3168.6
DK1,2025-10-31 12:00:00+00:00,3079.6625
DK1,2025-10-31 13:00:00+00:00,3023.7725
DK1,2025-10-31 14:00:00+00:00,2998.2825
DK1,2025-10-31 15:00:00+00:00,3103.445
DK1,2025-10-31 16:00:00+00:00,3254.9825
DK1,2025-10-31 17:00:00+00:00,3098.675
DK1,2025-10-31 18:00:00+00:00,2903.1175
DK1,2025-10-31 19:00:00+00:00,2741.2675
DK1,2025-10-31 20:00:00+00:00,2673.705
DK1,2025-10-31 21:00:00+00:00,2547.635
DK1,2025-10-31 22:00:00+00:00,2442.16
DK1,2025-10-31 23:00:00+00:00,2488.03
DK1,2025-11-01 00:00:00+00:00,2594.73
DK1,2025-11-01 01:00:00+00:00,2646.71
DK1,2025-11-01 02:00:00+00:00,2629.7325
DK1,2025-11-01 03:00:00+00:00,2677.045
DK1,2025-11-01 04:00:00+00:00,2620.01
DK1,2025-11-01 05:00:00+00:00,2560.38
DK1,2025-11-01 06:00:00+00:00,2617.995
DK1,2025-11-01 07:00:00+00:00,2729.28
DK1,2025-11-01 08:00:00+00:00,2824.665
DK1,2025-11-01 09:00:00+00:00,2972.5225
DK1,2025-11-01 10:00:00+00:00,2999.3675
DK1,2025-11-01 11:00:00+00:00,2986.155
DK1,2025-11-01 12:00:00+00:00,2943.9325
DK1,2025-11-01 13:00:00+00:00,2883.6
DK1,2025-11-01 14:00:00+00:00,2847.18
DK1,2025-11-01 15:00:00+00:00,2928.7725
DK1,2025-11-01 16:00:00+00:00,3098.6625
DK1,2025-11-01 17:00:00+00:00,3004.07
DK1,2025-11-01 18:00:00+00:00,2777.575
DK1,2025-11-01 19:00:00+00:00,2608.375
DK1,2025-11-01 20:00:00+00:00,2490.0325
DK1,2025-11-01 21:00:00+00:00,2359.1475
DK1,2025-11-01 22:00:00+00:00,2285.435
DK1,2025-11-01 23:00:00+00:00,2519.815
DK1,2025-11-02 00:00:00+00:00,2498.12
DK1,2025-11-02 01:00:00+00:00,2401.135
DK1,2025-11-02 02:00:00+00:00,2221.695
DK1,2025-11-02 03:00:00+00:00,2144.02
DK1,2025-11-02 04:00:00+00:00,2150.06
DK1,2025-11-02 05:00:00+00:00,2224.3925
DK1,2025-11-02 06:00:00+00:00,2394.26
DK1,2025-11-02 07:00:00+00:00,2502.9275
DK1,2025-11-02 08:00:00+00:00,2633.39
DK1,2025-11-02 09:00:00+00:00,2687.015
DK1,2025-11-02 10:00:00+00:00,2684.645
DK1,2025-11-02 11:00:00+00:00,2695.8225
DK1,2025-11-02 12:00:00+00:00,2648.265
DK1,2025-11-02 13:00:00+00:00,2689.88
DK1,2025-11-02 14:00:00+00:00,2656.94
DK1,2025-11-02 15:00:00+00:00,2810.96
DK1,2025-11-02 16:00:00+00:00,3068.8125
DK1,2025-11-02 17:00:00+00:00,2944.415
DK1,2025-11-02 18:00:00+00:00,2773.185
DK1,2025-11-02 19:00:00+00:00,2645.05
DK1,2025-11-02 20:00:00+00:00,2552.8525
DK1,2025-11-02 21:00:00+00:00,2475.3125
DK1,2025-11-02 22:00:00+00:00,2423.165
DK1,2025-11-02 23:00:00+00:00,2479.8975
DK1,2025-11-03 00:00:00+00:00,2498.1325
DK1,2025-11-03 01:00:00+00:00,2539.7775
DK1,2025-11-03 02:00:00+00:00,2511.1675
DK1,2025-11-03 03:00:00+00:00,2505.3725
DK1,2025-11-03 04:00:00+00:00,2570.83
DK1,2025-11-03 05:00:00+00:00,2798.43
DK1,2025-11-03 06:00:00+00:00,3134.105
DK1,2025-11-03 07:00:00+00:00,3216.1025
DK1,2025-11-03 08:00:00+00:00,3195.35
DK1,2025-11-03 09:00:00+00:00,3248.9725
DK1,2025-11-03 10:00:00+00:00,3294.5225
DK1,2025-11-03 11:00:00+00:00,3314.545
DK1,2025-11-03 12:00:00+00:00,3300.97
DK1,2025-11-03 13:00:00+00:00,3343.7025
DK1,2025-11-03 14:00:00+00:00,3305.265
DK1,2025-11-03 15:00:00+00:00,3389.86
DK1,2025-11-03 16:00:00+00:00,3491.7925
DK1,2025-11-03 17:00:00+00:00,3316.3725
DK1,2025-11-03 18:00:00+00:00,3110.1875
DK1,2025-11-03 19:00:00+00:00,2966.075
DK1,2025-11-03 20:00:00+00:00,2857.625
DK1,2025-11-03 21:00:00+00:00,2766.1025
DK1,2025-11-03 22:00:00+00:00,2731.845
DK1,2025-11-03 23:00:00+00:00,2870.255
DK1,2025-11-04 00:00:00+00:00,3055.2125
DK1,2025-11-04 01:00:00+00:00,3117.3
DK1,2025-11-04 02:00:00+00:00,2935.21
DK1,2025-11-04 03:00:00+00:00,2768.8
DK1,2025-11-04 04:00:00+00:00,2659.1175
DK1,2025-11-04 05:00:00+00:00,2956.5625
DK1,2025-11-04 06:00:00+00:00,3256.7975
DK1,2025-11-04 07:00:00+00:00,3359.3675
DK1,2025-11-04 08:00:00+00:00,3421.4025
DK1,2025-11-04 09:00:00+00:00,3481.3125
DK1,2025-11-04 10:00:00+00:00,3544.9975
DK1,2025-11-04 11:00:00+00:00,3520.405
DK1,2025-11-04 12:00:00+00:00,3481.095
DK1,2025-11-04 13:00:00+00:00,3367.485
DK1,2025-11-04 14:00:00+00:00,3297.0
DK1,2025-11-04 15:00:00+00:00,3396.7325
DK1,2025-11-04 16:00:00+00:00,3528.7975
DK1,2025-11-04 17:00:00+00:00,3394.3025
DK1,2025-11-04 18:00:00+00:00,3203.1525
DK1,2025-11-04 19:00:00+00:00,2978.655
DK1,2025-11-04 20:00:00+00:00,2890.2925
DK1,2025-11-04 21:00:00+00:00,2770.3925
DK1,2025-11-04 22:00:00+00:00,2641.5475
DK1,2025-11-04 23:00:00+00:00,2828.285
DK1,2025-11-05 00:00:00+00:00,2698.7875
DK1,2025-11-05 01:00:00+00:00,2536.965
DK1,2025-11-05 02:00:00+00:00,2523.8375
DK1,2025-11-05 03:00:00+00:00,2479.495
DK1,2025-11-05 04:00:00+00:00,2497.69
DK1,2025-11-05 05:00:00+00:00,2811.2475
DK1,2025-11-05 06:00:00+00:00,3123.4375
DK1,2025-11-05 07:00:00+00:00,3260.9925
DK1,2025-11-05 08:00:00+00:00,3276.8325
DK1,2025-11-05 09:00:00+00:00,3388.3325
DK1,2025-11-05 10:00:00+00:00,3425.6475
DK1,2025-11-05 11:00:00+00:00,3349.14
DK1,2025-11-05 12:00:00+00:00,3318.47
DK1,2025-11-05 13:00:00+00:00,3262.97
DK1,2025-11-05 14:00:00+00:00,3207.2225
DK1,2025-11-05 15:00:00+00:00,3269.995
DK1,2025-11-05 16:00:00+00:00,3442.1625
DK1,2025-11-05 17:00:00+00:00,3291.5025
DK1,2025-11-05 18:00:00+00:00,3094.78
DK1,2025-11-05 19:00:00+00:00,2895.25
DK1,2025-11-05 20:00:00+00:00,2743.865
DK1,2025-11-05 21:00:00+00:00,2637.495
DK1,2025-11-05 22:00:00+00:00,2556.385
DK1,2025-11-05 23:00:00+00:00,2741.83
DK1,2025-11-06 00:00:00+00:00,2656.335
DK1,2025-11-06 01:00:00+00:00,2526.585
DK1,2025-11-06 02:00:00+00:00,2397.695
DK1,2025-11-06 03:00:00+00:00,2490.1175
DK1,2025-11-06 04:00:00+00:00,2525.7
DK1,2025-11-06 05:00:00+00:00,2783.3975
DK1,2025-11-06 06:00:00+00:00,3107.8425
DK1,2025-11-06 07:00:00+00:00,3215.8175
DK1,2025-11-06 08:00:00+00:00,3190.3575
DK1,2025-11-06 09:00:00+00:00,3263.4725
DK1,2025-11-06 10:00:00+00:00,3184.825
DK1,2025-11-06 11:00:00+00:00,3053.1575
DK1,2025-11-06 12:00:00+00:00,3134.3625
DK1,2025-11-06 13:00:00+00:00,2991.4225
DK1,2025-11-06 14:00:00+00:00,3017.685
DK1,2025-11-06 15:00:00+00:00,3135.345
DK1,2025-11-06 16:00:00+00:00,3297.99
DK1,2025-11-06 17:00:00+00:00,3190.1825
DK1,2025-11-06 18:00:00+00:00,3033.705
DK1,2025-11-06 19:00:00+00:00,2869.6875
DK1,2025-11-06 20:00:00+00:00,2785.84
DK1,2025-11-06 21:00:00+00:00,2668.5
DK1,2025-11-06 22:00:00+00:00,2562.755
DK1,2025-11-06 23:00:00+00:00,2731.5875
DK1,2025-11-07 00:00:00+00:00,2716.1525
DK1,2025-11-07 01:00:00+00:00,2619.815
DK1,2025-11-07 02:00:00+00:00,2524.6275
DK1,2025-11-07 03:00:00+00:00,2554.92
DK1,2025-11-07 04:00:00+00:00,2563.535
DK1,2025-11-07 05:00:00+00:00,2804.8325
DK1,2025-11-07 06:00:00+00:00,3119.9725
DK1,2025-11-07 07:00:00+00:00,3266.335
DK1,2025-11-07 08:00:00+00:00,3249.8325
DK1,2025-11-07 09:00:00+00:00,3322.57
DK1,2025-11-07 10:00:00+00:00,3301.83
DK1,2025-11-07 11:00:00+00:00,3221.69
DK1,2025-11-07 12:00:00+00:00,3092.1475
DK1,2025-11-07 13:00:00+00:00,2998.18
DK1,2025-11-07 14:00:00+00:00,2950.83
DK1,2025-11-07 15:00:00+00:00,3005.1525
DK1,2025-11-07 16:00:00+00:00,3164.005
DK1,2025-11-07 17:00:00+00:00,3024.165
DK1,2025-11-07 18:00:00+00:00,2804.3825
DK1,2025-11-07 19:00:00+00:00,2648.91
DK1,2025-11-07 20:00:00+00:00,2549.27
DK1,2025-11-07 21:00:00+00:00,2518.9975
DK1,2025-11-07 22:00:00+00:00,2510.2125
DK1,2025-11-07 23:00:00+00:00,2537.035
DK1,2025-11-08 00:00:00+00:00,2532.335
DK1,2025-11-08 01:00:00+00:00,2596.9225
DK1,2025-11-08 02:00:00+00:00,2492.22
DK1,2025-11-08 03:00:00+00:00,2400.165
DK1,2025-11-08 04:00:00+00:00,2294.195
DK1,2025-11-08 05:00:00+00:00,2299.4775
DK1,2025-11-08 06:00:00+00:00,2457.7875
DK1,2025-11-08 07:00:00+00:00,2591.34
DK1,2025-11-08 08:00:00+00:00,2689.5225
DK1,2025-11-08 09:00:00+00:00,2788.0975
DK1,2025-11-08 10:00:00+00:00,2843.9125
DK1,2025-11-08 11:00:00+00:00,2887.4425
DK1,2025-11-08 12:00:00+00:00,2860.55
DK1,2025-11-08 13:00:00+00:00,2829.025
DK1,2025-11-08 14:00:00+00:00,2809.3125
DK1,2025-11-08 15:00:00+00:00,2860.2675
DK1,2025-11-08 16:00:00+00:00,3018.72
DK1,2025-11-08 17:00:00+00:00,2877.735
DK1,2025-11-08 18:00:00+00:00,2684.71
DK1,2025-11-08 19:00:00+00:00,2570.4375
DK1,2025-11-08 20:00:00+00:00,2499.7975
DK1,2025-11-08 21:00:00+00:00,2393.435
DK1,2025-11-08 22:00:00+00:00,2329.785
DK1,2025-11-08 23:00:00+00:00,2418.2275
DK1,2025-11-09 00:00:00+00:00,2424.455
DK1,2025-11-09 01:00:00+00:00,2425.175
DK1,2025-11-09 02:00:00+00:00,2393.62
DK1,2025-11-09 03:00:00+00:00,2309.9725
DK1,2025-11-09 04:00:00+00:00,2244.83
DK1,2025-11-09 05:00:00+00:00,2267.8025
DK1,2025-11-09 06:00:00+00:00,2405.1475
DK1,2025-11-09 07:00:00+00:00,2542.355
DK1,2025-11-09 08:00:00+00:00,2678.135
DK1,2025-11-09 09:00:00+00:00,2778.45
DK1,2025-11-09 10:00:00+00:00,2805.81
DK1,2025-11-09 11:00:00+00:00,2821.35
DK1,2025-11-09 12:00:00+00:00,2812.52
DK1,2025-11-09 13:00:00+00:00,2831.5225
DK1,2025-11-09 14:00:00+00:00,2857.1825
DK1,2025-11-09 15:00:00+00:00,2972.555
DK1,2025-11-09 16:00:00+00:00,3156.6275
DK1,2025-11-09 17:00:00+00:00,2990.055
DK1,2025-11-09 18:00:00+00:00,2803.345
DK1,2025-11-09 19:00:00+00:00,2656.0025
DK1,2025-11-09 20:00:00+00:00,2570.8625
DK1,2025-11-09 21:00:00+00:00,2477.74
DK1,2025-11-09 22:00:00+00:00,2437.01
DK1,2025-11-09 23:00:00+00:00,2628.03
DK1,2025-11-10 00:00:00+00:00,2578.345
DK1,2025-11-10 01:00:00+00:00,2658.09
DK1,2025-11-10 02:00:00+00:00,2493.4175
DK1,2025-11-10 03:00:00+00:00,2421.825
DK1,2025-11-10 04:00:00+00:00,2444.4475
DK1,2025-11-10 05:00:00+00:00,2671.555
DK1,2025-11-10 06:00:00+00:00,3045.8275
DK1,2025-11-10 07:00:00+00:00,3233.015
DK1,2025-11-10 08:00:00+00:00,3263.0425
DK1,2025-11-10 09:00:00+00:00,3296.9725
DK1,2025-11-10 10:00:00+00:00,3282.0675
DK1,2025-11-10 11:00:00+00:00,3251.2925
DK1,2025-11-10 12:00:00+00:00,3255.65
DK1,2025-11-10 13:00:00+00:00,3191.22
DK1,2025-11-10 14:00:00+00:00,3171.56
DK1,2025-11-10 15:00:00+00:00,3287.0125
DK1,2025-11-10 16:00:00+00:00,3483.1075
DK1,2025-11-10 17:00:00+00:00,3247.25
DK1,2025-11-10 18:00:00+00:00,3056.635
DK1,2025-11-10 19:00:00+00:00,2938.34
DK1,2025-11-10 20:00:00+00:00,2851.0075
DK1,2025-11-10 21:00:00+00:00,2720.8275
DK1,2025-11-10 22:00:00+00:00,2625.285
DK1,2025-11-10 23:00:00+00:00,2641.0525
DK1,2025-11-11 00:00:00+00:00,2675.25
DK1,2025-11-11 01:00:00+00:00,2687.96
DK1,2025-11-11 02:00:00+00:00,2698.0975
DK1,2025-11-11 03:00:00+00:00,2639.955
DK1,2025-11-11 04:00:00+00:00,2602.895
DK1,2025-11-11 05:00:00+00:00,2846.885
DK1,2025-11-11 06:00:00+00:00,3227.215
DK1,2025-11-11 07:00:00+00:00,3327.405
DK1,2025-11-11 08:00:00+00:00,3312.0
DK1,2025-11-11 09:00:00+00:00,3373.3475
DK1,2025-11-11 10:00:00+00:00,3400.3425
DK1,2025-11-11 11:00:00+00:00,3375.4625
DK1,2025-11-11 12:00:00+00:00,3331.1
DK1,2025-11-11 13:00:00+00:00,3251.6825
DK1,2025-11-11 14:00:00+00:00,3165.925
DK1,2025-11-11 15:00:00+00:00,3243.445
DK1,2025-11-11 16:00:00+00:00,3412.4025
DK1,2025-11-11 17:00:00+00:00,3254.4775
DK1,2025-11-11 18:00:00+00:00,3069.955
DK1,2025-11-11 19:00:00+00:00,2943.5
DK1,2025-11-11 20:00:00+00:00,2849.2775
DK1,2025-11-11 21:00:00+00:00,2738.1375
DK1,2025-11-11 22:00:00+00:00,2652.72
DK1,2025-11-11 23:00:00+00:00,2651.4025
DK1,2025-11-12 00:00:00+00:00,2680.215
DK1,2025-11-12 01:00:00+00:00,2750.22
DK1,2025-11-12 02:00:00+00:00,2773.945
DK1,2025-11-12 03:00:00+00:00,2775.4925
DK1,2025-11-12 04:00:00+00:00,2762.615
DK1,2025-11-12 05:00:00+00:00,2896.365
DK1,2025-11-12 06:00:00+00:00,3293.0
DK1,2025-11-12 07:00:00+00:00,3436.4825
DK1,2025-11-12 08:00:00+00:00,3520.45
DK1,2025-11-12 09:00:00+00:00,3562.9325
DK1,2025-11-12 10:00:00+00:00,3531.47
DK1,2025-11-12 11:00:00+00:00,3490.01
DK1,2025-11-12 12:00:00+00:00,3501.9625
DK1,2025-11-12 13:00:00+00:00,3443.3225
DK1,2025-11-12 14:00:00+00:00,3351.5825
DK1,2025-11-12 15:00:00+00:00,3411.7575
DK1,2025-11-12 16:00:00+00:00,3497.235
DK1,2025-11-12 17:00:00+00:00,3359.38
DK1,2025-11-12 18:00:00+00:00,3174.53
DK1,2025-11-12 19:00:00+00:00,3041.075
DK1,2025-11-12 20:00:00+00:00,2968.655
DK1,2025-11-12 21:00:00+00:00,2798.0275
DK1,2025-11-12 22:00:00+00:00,2705.6075
DK1,2025-11-12 23:00:00+00:00,2709.135
DK1,2025-11-13 00:00:00+00:00,2848.8175
DK1,2025-11-13 01:00:00+00:00,2856.7225
DK1,2025-11-13 02:00:00+00:00,2820.555
DK1,2025-11-13 03:00:00+00:00,2703.09
DK1,2025-11-13 04:00:00+00:00,2573.0625
DK1,2025-11-13 05:00:00+00:00,2821.7475
DK1,2025-11-13 06:00:00+00:00,3124.2325
DK1,2025-11-13 07:00:00+00:00,3281.4125
DK1,2025-11-13 08:00:00+00:00,3259.9375
DK1,2025-11-13 09:00:00+00:00,3377.0325
DK1,2025-11-13 10:00:00+00:00,3436.14
DK1,2025-11-13 11:00:00+00:00,3410.7525
DK1,2025-11-13 12:00:00+00:00,3462.305
DK1,2025-11-13 13:00:00+00:00,3365.0675
DK1,2025-11-13 14:00:00+00:00,3295.1225
DK1,2025-11-13 15:00:00+00:00,3316.52
DK1,2025-11-13 16:00:00+00:00,3366.835
DK1,2025-11-13 17:00:00+00:00,3216.3825
DK1,2025-11-13 18:00:00+00:00,3058.745
DK1,2025-11-13 19:00:00+00:00,2953.88
DK1,2025-11-13 20:00:00+00:00,2897.545
DK1,2025-11-13 21:00:00+00:00,2761.23
DK1,2025-11-13 22:00:00+00:00,2678.6125
DK1,2025-11-13 23:00:00+00:00,2692.935
DK1,2025-11-14 00:00:00+00:00,2637.75
DK1,2025-11-14 01:00:00+00:00,2692.96
DK1,2025-11-14 02:00:00+00:00,2672.83
DK1,2025-11-14 03:00:00+00:00,2642.6025
DK1,2025-11-14 04:00:00+00:00,2675.825
DK1,2025-11-14 05:00:00+00:00,2874.1925
DK1,2025-11-14 06:00:00+00:00,3196.025
DK1,2025-11-14 07:00:00+00:00,3345.28
DK1,2025-11-14 08:00:00+00:00,3354.005
DK1,2025-11-14 09:00:00+00:00,3419.345
DK1,2025-11-14 10:00:00+00:00,3370.3375
DK1,2025-11-14 11:00:00+00:00,3274.465
DK1,2025-11-14 12:00:00+00:00,3145.5025
DK1,2025-11-14 13:00:00+00:00,3076.52
DK1,2025-11-14 14:00:00+00:00,3033.83
DK1,2025-11-14 15:00:00+00:00,3195.0675
DK1,2025-11-14 16:00:00+00:00,3315.2
DK1,2025-11-14 17:00:00+00:00,3219.165
DK1,2025-11-14 18:00:00+00:00,3046.6425
DK1,2025-11-14 19:00:00+00:00,2895.6575
DK1,2025-11-14 20:00:00+00:00,2789.7275
DK1,2025-11-14 21:00:00+00:00,2703.6025
DK1,2025-11-14 22:00:00+00:00,2660.2025
DK1,2025-11-14 23:00:00+00:00,2739.8975
DK1,2025-11-15 00:00:00+00:00,2787.94
DK1,2025-11-15 01:00:00+00:00,2806.5425
DK1,2025-11-15 02:00:00+00:00,2790.39
DK1,2025-11-15 03:00:00+00:00,2743.215
DK1,2025-11-15 04:00:00+00:00,2627.0775
DK1,2025-11-15 05:00:00+00:00,2599.325
DK1,2025-11-15 06:00:00+00:00,2673.7725
DK1,2025-11-15 07:00:00+00:00,2828.6275
DK1,2025-11-15 08:00:00+00:00,2873.1275
DK1,2025-11-15 09:00:00+00:00,2910.5675
DK1,2025-11-15 10:00:00+00:00,2894.545
DK1,2025-11-15 11:00:00+00:00,2832.6175
DK1,2025-11-15 12:00:00+00:00,2807.6675
DK1,2025-11-15 13:00:00+00:00,2775.2175
DK1,2025-11-15 14:00:00+00:00,2788.8875
DK1,2025-11-15 15:00:00+00:00,2927.4925
DK1,2025-11-15 16:00:00+00:00,3121.9675
DK1,2025-11-15 17:00:00+00:00,3045.485
DK1,2025-11-15 18:00:00+00:00,2843.3625
DK1,2025-11-15 19:00:00+00:00,2739.89
DK1,2025-11-15 20:00:00+00:00,2697.3725
DK1,2025-11-15 21:00:00+00:00,2565.2675
DK1,2025-11-15 22:00:00+00:00,2513.7175
DK1,2025-11-15 23:00:00+00:00,2618.57
DK1,2025-11-16 00:00:00+00:00,2586.0975
DK1,2025-11-16 01:00:00+00:00,2602.0075
DK1,2025-11-16 02:00:00+00:00,2591.7575
DK1,2025-11-16 03:00:00+00:00,2546.89
DK1,2025-11-16 04:00:00+00:00,2522.5025
DK1,2025-11-16 05:00:00+00:00,2486.95
DK1,2025-11-16 06:00:00+00:00,2615.6325
DK1,2025-11-16 07:00:00+00:00,2781.8975
DK1,2025-11-16 08:00:00+00:00,2854.12
DK1,2025-11-16 09:00:00+00:00,2885.1975
DK1,2025-11-16 10:00:00+00:00,2894.7775
DK1,2025-11-16 11:00:00+00:00,2887.3275
DK1,2025-11-16 12:00:00+00:00,2870.5725
DK1,2025-11-16 13:00:00+00:00,2894.47
DK1,2025-11-16 14:00:00+00:00,2938.42
DK1,2025-11-16 15:00:00+00:00,3083.3925
DK1,2025-11-16 16:00:00+00:00,3257.885
DK1,2025-11-16 17:00:00+00:00,3133.39
DK1,2025-11-16 18:00:00+00:00,2950.5525
DK1,2025-11-16 19:00:00+00:00,2834.2475
DK1,2025-11-16 20:00:00+00:00,2752.685
DK1,2025-11-16 21:00:00+00:00,2716.8775
DK1,2025-11-16 22:00:00+00:00,2633.11
DK1,2025-11-16 23:00:00+00:00,2722.4
DK1,2025-11-17 00:00:00+00:00,2798.3625
DK1,2025-11-17 01:00:00+00:00,2870.995
DK1,2025-11-17 02:00:00+00:00,2890.515
DK1,2025-11-17 03:00:00+00:00,2781.2825
DK1,2025-11-17 04:00:00+00:00,2773.9425
DK1,2025-11-17 05:00:00+00:00,3107.2225
DK1,2025-11-17 06:00:00+00:00,3505.05
DK1,2025-11-17 07:00:00+00:00,3570.7325
DK1,2025-11-17 08:00:00+00:00,3605.125
DK1,2025-11-17 09:00:00+00:00,3551.435
DK1,2025-11-17 10:00:00+00:00,3517.135
DK1,2025-11-17 11:00:00+00:00,3432.4875
DK1,2025-11-17 12:00:00+00:00,3441.1225
DK1,2025-11-17 13:00:00+00:00,3378.015
DK1,2025-11-17 14:00:00+00:00,3316.9475
DK1,2025-11-17 15:00:00+00:00,3442.2875
DK1,2025-11-17 16:00:00+00:00,3636.87
DK1,2025-11-17 17:00:00+00:00,3500.915
DK1,2025-11-17 18:00:00+00:00,3285.4925
DK1,2025-11-17 19:00:00+00:00,3117.94
DK1,2025-11-17 20:00:00+00:00,2981.2
DK1,2025-11-17 21:00:00+00:00,2854.8875
DK1,2025-11-17 22:00:00+00:00,2770.82
DK1,2025-11-17 23:00:00+00:00,2836.4975
DK1,2025-11-18 00:00:00+00:00,2856.02
DK1,2025-11-18 01:00:00+00:00,2957.8175
DK1,2025-11-18 02:00:00+00:00,2873.2225
DK1,2025-11-18 03:00:00+00:00,2727.465
DK1,2025-11-18 04:00:00+00:00,2748.2075
DK1,2025-11-18 05:00:00+00:00,3060.365
DK1,2025-11-18 06:00:00+00:00,3442.4075
DK1,2025-11-18 07:00:00+00:00,3534.865
DK1,2025-11-18 08:00:00+00:00,3453.3625
DK1,2025-11-18 09:00:00+00:00,3508.32
DK1,2025-11-18 10:00:00+00:00,3489.6575
DK1,2025-11-18 11:00:00+00:00,3420.63
DK1,2025-11-18 12:00:00+00:00,3424.58
DK1,2025-11-18 13:00:00+00:00,3387.29
DK1,2025-11-18 14:00:00+00:00,3322.3775
DK1,2025-11-18 15:00:00+00:00,3411.33
DK1,2025-11-18 16:00:00+00:00,3576.8275
DK1,2025-11-18 17:00:00+00:00,3475.765
DK1,2025-11-18 18:00:00+00:00,3326.4675
DK1,2025-11-18 19:00:00+00:00,3194.905
DK1,2025-11-18 20:00:00+00:00,3081.1875
DK1,2025-11-18 21:00:00+00:00,2965.2625
DK1,2025-11-18 22:00:00+00:00,2913.825
DK1,2025-11-18 23:00:00+00:00,2929.9275
DK1,2025-11-19 00:00:00+00:00,3041.22
DK1,2025-11-19 01:00:00+00:00,3074.9525
DK1,2025-11-19 02:00:00+00:00,2977.6925
DK1,2025-11-19 03:00:00+00:00,2866.5525
DK1,2025-11-19 04:00:00+00:00,2855.905
DK1,2025-11-19 05:00:00+00:00,3143.32
DK1,2025-11-19 06:00:00+00:00,3463.45
DK1,2025-11-19 07:00:00+00:00,3613.705
DK1,2025-11-19 08:00:00+00:00,3656.3
DK1,2025-11-19 09:00:00+00:00,3702.0175
DK1,2025-11-19 10:00:00+00:00,3671.0325
DK1,2025-11-19 11:00:00+00:00,3612.7525
DK1,2025-11-19 12:00:00+00:00,3579.4
DK1,2025-11-19 13:00:00+00:00,3549.4775
DK1,2025-11-19 14:00:00+00:00,3482.7575
DK1,2025-11-19 15:00:00+00:00,3583.085
DK1,2025-11-19 16:00:00+00:00,3734.305
DK1,2025-11-19 17:00:00+00:00,3596.5025
DK1,2025-11-19 18:00:00+00:00,3417.3475
DK1,2025-11-19 19:00:00+00:00,3289.6025
DK1,2025-11-19 20:00:00+00:00,3156.0975
DK1,2025-11-19 21:00:00+00:00,3043.73
DK1,2025-11-19 22:00:00+00:00,2925.385
DK1,2025-11-19 23:00:00+00:00,3008.0225
DK1,2025-11-20 00:00:00+00:00,3150.7175
DK1,2025-11-20 01:00:00+00:00,3132.4025
DK1,2025-11-20 02:00:00+00:00,3078.2325
DK1,2025-11-20 03:00:00+00:00,2923.0575
DK1,2025-11-20 04:00:00+00:00,2892.6275
DK1,2025-11-20 05:00:00+00:00,3216.405
DK1,2025-11-20 06:00:00+00:00,3555.055
DK1,2025-11-20 07:00:00+00:00,3660.91
DK1,2025-11-20 08:00:00+00:00,3652.47
DK1,2025-11-20 09:00:00+00:00,3706.1625
DK1,2025-11-20 10:00:00+00:00,3694.455
DK1,2025-11-20 11:00:00+00:00,3598.15
DK1,2025-11-20 12:00:00+00:00,3574.88
DK1,2025-11-20 13:00:00+00:00,3545.375
DK1,2025-11-20 14:00:00+00:00,3498.4725
DK1,2025-11-20 15:00:00+00:00,3614.4575
DK1,2025-11-20 16:00:00+00:00,3756.7725
DK1,2025-11-20 17:00:00+00:00,3611.725
DK1,2025-11-20 18:00:00+00:00,3449.345
DK1,2025-11-20 19:00:00+00:00,3318.075
DK1,2025-11-20 20:00:00+00:00,3218.275
DK1,2025-11-20 21:00:00+00:00,3136.335
DK1,2025-11-20 22:00:00+00:00,3058.595
DK1,2025-11-20 23:00:00+00:00,3154.74
DK1,2025-11-21 00:00:00+00:00,3215.7175
DK1,2025-11-21 01:00:00+00:00,3260.42
DK1,2025-11-21 02:00:00+00:00,3142.0725
DK1,2025-11-21 03:00:00+00:00,2986.515
DK1,2025-11-21 04:00:00+00:00,2933.2275
DK1,2025-11-21 05:00:00+00:00,3238.9975
DK1,2025-11-21 06:00:00+00:00,3579.125
DK1,2025-11-21 07:00:00+00:00,3705.7225
DK1,2025-11-21 08:00:00+00:00,3686.11
DK1,2025-11-21 09:00:00+00:00,3695.975
DK1,2025-11-21 10:00:00+00:00,3612.39
DK1,2025-11-21 11:00:00+00:00,3519.545
DK1,2025-11-21 12:00:00+00:00,3353.4275
DK1,2025-11-21 13:00:00+00:00,3248.5775
DK1,2025-11-21 14:00:00+00:00,3265.7775
DK1,2025-11-21 15:00:00+00:00,3419.8425
DK1,2025-11-21 16:00:00+00:00,3522.0625
DK1,2025-11-21 17:00:00+00:00,3404.765
DK1,2025-11-21 18:00:00+00:00,3211.4675
DK1,2025-11-21 19:00:00+00:00,3047.8525
DK1,2025-11-21 20:00:00+00:00,2986.86
DK1,2025-11-21 21:00:00+00:00,2899.945
DK1,2025-11-21 22:00:00+00:00,2830.8975
DK1,2025-11-21 23:00:00+00:00,2844.645
DK1,2025-11-22 00:00:00+00:00,2860.8675
DK1,2025-11-22 01:00:00+00:00,2903.015
DK1,2025-11-22 02:00:00+00:00,2841.6775
DK1,2025-11-22 03:00:00+00:00,2795.4525
DK1,2025-11-22 04:00:00+00:00,2734.6875
DK1,2025-11-22 05:00:00+00:00,2684.4875
DK1,2025-11-22 06:00:00+00:00,2826.2725
DK1,2025-11-22 07:00:00+00:00,2941.0475
DK1,2025-11-22 08:00:00+00:00,3033.39
DK1,2025-11-22 09:00:00+00:00,3090.2375
DK1,2025-11-22 10:00:00+00:00,3069.6575
DK1,2025-11-22 11:00:00+00:00,3082.635
DK1,2025-11-22 12:00:00+00:00,3022.3575
DK1,2025-11-22 13:00:00+00:00,2982.405
DK1,2025-11-22 14:00:00+00:00,2998.9075
DK1,2025-11-22 15:00:00+00:00,3118.7725
DK1,2025-11-22 16:00:00+00:00,3231.4625
DK1,2025-11-22 17:00:00+00:00,3129.2825
DK1,2025-11-22 18:00:00+00:00,3007.005
DK1,2025-11-22 19:00:00+00:00,2912.1275
DK1,2025-11-22 20:00:00+00:00,2799.665
DK1,2025-11-22 21:00:00+00:00,2760.1825
DK1,2025-11-22 22:00:00+00:00,2732.5525
DK1,2025-11-22 23:00:00+00:00,2860.115
DK1,2025-11-23 00:00:00+00:00,2930.73
DK1,2025-11-23 01:00:00+00:00,2972.925
DK1,2025-11-23 02:00:00+00:00,2855.7275
DK1,2025-11-23 03:00:00+00:00,2836.815
DK1,2025-11-23 04:00:00+00:00,2783.43
DK1,2025-11-23 05:00:00+00:00,2762.0
DK1,2025-11-23 06:00:00+00:00,2744.5825
DK1,2025-11-23 07:00:00+00:00,2874.6925
DK1,2025-11-23 08:00:00+00:00,2976.605
DK1,2025-11-23 09:00:00+00:00,3063.58
DK1,2025-11-23 10:00:00+00:00,3022.385
DK1,2025-11-23 11:00:00+00:00,3063.1475
DK1,2025-11-23 12:00:00+00:00,3061.8275
DK1,2025-11-23 13:00:00+00:00,3083.475
DK1,2025-11-23 14:00:00+00:00,3049.31
DK1,2025-11-23 15:00:00+00:00,3239.7975
DK1,2025-11-23 16:00:00+00:00,3409.135
DK1,2025-11-23 17:00:00+00:00,3267.4275
DK1,2025-11-23 18:00:00+00:00,3063.6225
DK1,2025-11-23 19:00:00+00:00,2942.805
DK1,2025-11-23 20:00:00+00:00,2904.0975
DK1,2025-11-23 21:00:00+00:00,2760.935
DK1,2025-11-23 22:00:00+00:00,2761.57
DK1,2025-11-23 23:00:00+00:00,3032.74
DK1,2025-11-24 00:00:00+00:00,3022.5275
DK1,2025-11-24 01:00:00+00:00,2870.8625
DK1,2025-11-24 02:00:00+00:00,2858.1475
DK1,2025-11-24 03:00:00+00:00,2748.9125
DK1,2025-11-24 04:00:00+00:00,2799.54
DK1,2025-11-24 05:00:00+00:00,3196.26
DK1,2025-11-24 06:00:00+00:00,3620.3025
DK1,2025-11-24 07:00:00+00:00,3784.875
DK1,2025-11-24 08:00:00+00:00,3830.87
DK1,2025-11-24 09:00:00+00:00,3877.135
DK1,2025-11-24 10:00:00+00:00,3849.115
DK1,2025-11-24 11:00:00+00:00,3757.8325
DK1,2025-11-24 12:00:00+00:00,3743.82
DK1,2025-11-24 13:00:00+00:00,3683.1425
DK1,2025-11-24 14:00:00+00:00,3610.42
DK1,2025-11-24 15:00:00+00:00,3767.65
DK1,2025-11-24 16:00:00+00:00,3854.4675
DK1,2025-11-24 17:00:00+00:00,3700.8875
DK1,2025-11-24 18:00:00+00:00,3493.425
DK1,2025-11-24 19:00:00+00:00,3335.2675
DK1,2025-11-24 20:00:00+00:00,3254.4625
DK1,2025-11-24 21:00:00+00:00,3093.4325
DK1,2025-11-24 22:00:00+00:00,2986.095
DK1,2025-11-24 23:00:00+00:00,3066.1575
DK1,2025-11-25 00:00:00+00:00,3156.2375
DK1,2025-11-25 01:00:00+00:00,3137.495
DK1,2025-11-25 02:00:00+00:00,3071.195
DK1,2025-11-25 03:00:00+00:00,2925.695
DK1,2025-11-25 04:00:00+00:00,2893.105
DK1,2025-11-25 05:00:00+00:00,3204.82
DK1,2025-11-25 06:00:00+00:00,3518.21
DK1,2025-11-25 07:00:00+00:00,3618.3325
DK1,2025-11-25 08:00:00+00:00,3620.7725
DK1,2025-11-25 09:00:00+00:00,3638.96
DK1,2025-11-25 10:00:00+00:00,3606.645
DK1,2025-11-25 11:00:00+00:00,3574.525
DK1,2025-11-25 12:00:00+00:00,3531.24
DK1,2025-11-25 13:00:00+00:00,3492.06
DK1,2025-11-25 14:00:00+00:00,3457.32
DK1,2025-11-25 15:00:00+00:00,3559.9625
DK1,2025-11-25 16:00:00+00:00,3617.8275
DK1,2025-11-25 17:00:00+00:00,3497.0975
DK1,2025-11-25 18:00:00+00:00,3290.245
DK1,2025-11-25 19:00:00+00:00,3140.0925
DK1,2025-11-25 20:00:00+00:00,3053.275
DK1,2025-11-25 21:00:00+00:00,2972.36
DK1,2025-11-25 22:00:00+00:00,2899.575
DK1,2025-11-25 23:00:00+00:00,3053.6275
DK1,2025-11-26 00:00:00+00:00,3108.88
DK1,2025-11-26 01:00:00+00:00,3142.9275
DK1,2025-11-26 02:00:00+00:00,2977.6275
DK1,2025-11-26 03:00:00+00:00,2809.6725
DK1,2025-11-26 04:00:00+00:00,2825.3675
DK1,2025-11-26 05:00:00+00:00,3119.2125
DK1,2025-11-26 06:00:00+00:00,3469.4475
DK1,2025-11-26 07:00:00+00:00,3633.495
DK1,2025-11-26 08:00:00+00:00,3621.9575
DK1,2025-11-26 09:00:00+00:00,3615.505
DK1,2025-11-26 10:00:00+00:00,3537.0125
DK1,2025-11-26 11:00:00+00:00,3465.0825
DK1,2025-11-26 12:00:00+00:00,3466.49
DK1,2025-11-26 13:00:00+00:00,3412.8175
DK1,2025-11-26 14:00:00+00:00,3394.955
DK1,2025-11-26 15:00:00+00:00,3569.2425
DK1,2025-11-26 16:00:00+00:00,3716.8075
DK1,2025-11-26 17:00:00+00:00,3613.9925
DK1,2025-11-26 18:00:00+00:00,3436.44
DK1,2025-11-26 19:00:00+00:00,3366.2375
DK1,2025-11-26 20:00:00+00:00,3234.28
DK1,2025-11-26 21:00:00+00:00,3162.21
DK1,2025-11-26 22:00:00+00:00,3062.8525
DK1,2025-11-26 23:00:00+00:00,3095.79
DK1,2025-11-27 00:00:00+00:00,3197.4475
DK1,2025-11-27 01:00:00+00:00,3220.0275
DK1,2025-11-27 02:00:00+00:00,3205.775
DK1,2025-11-27 03:00:00+00:00,3151.215
DK1,2025-11-27 04:00:00+00:00,3121.8025
DK1,2025-11-27 05:00:00+00:00,3217.935
DK1,2025-11-27 06:00:00+00:00,3602.94
DK1,2025-11-27 07:00:00+00:00,3744.185
DK1,2025-11-27 08:00:00+00:00,3806.8075
DK1,2025-11-27 09:00:00+00:00,3886.235
DK1,2025-11-27 10:00:00+00:00,3887.6
DK1,2025-11-27 11:00:00+00:00,3820.6575
DK1,2025-11-27 12:00:00+00:00,3772.8825
DK1,2025-11-27 13:00:00+00:00,3714.435
DK1,2025-11-27 14:00:00+00:00,3623.9875
DK1,2025-11-27 15:00:00+00:00,3683.795
DK1,2025-11-27 16:00:00+00:00,3774.6475
DK1,2025-11-27 17:00:00+00:00,3653.45
DK1,2025-11-27 18:00:00+00:00,3450.515
DK1,2025-11-27 19:00:00+00:00,3328.5975
DK1,2025-11-27 20:00:00+00:00,3220.185
DK1,2025-11-27 21:00:00+00:00,3107.2425
DK1,2025-11-27 22:00:00+00:00,3040.72
DK1,2025-11-27 23:00:00+00:00,3253.255
DK1,2025-11-28 00:00:00+00:00,3236.2125
DK1,2025-11-28 01:00:00+00:00,3294.7275
DK1,2025-11-28 02:00:00+00:00,3132.83
DK1,2025-11-28 03:00:00+00:00,2889.62
DK1,2025-11-28 04:00:00+00:00,2783.1
DK1,2025-11-28 05:00:00+00:00,3032.0125
DK1,2025-11-28 06:00:00+00:00,3370.83
DK1,2025-11-28 07:00:00+00:00,3522.57
DK1,2025-11-28 08:00:00+00:00,3498.21
DK1,2025-11-28 09:00:00+00:00,3537.9375
DK1,2025-11-28 10:00:00+00:00,3527.675
DK1,2025-11-28 11:00:00+00:00,3420.8225
DK1,2025-11-28 12:00:00+00:00,3334.0025
DK1,2025-11-28 13:00:00+00:00,3270.3
DK1,2025-11-28 14:00:00+00:00,3292.1425
DK1,2025-11-28 15:00:00+00:00,3375.01
DK1,2025-11-28 16:00:00+00:00,3418.2375
DK1,2025-11-28 17:00:00+00:00,3311.045
DK1,2025-11-28 18:00:00+00:00,3140.345
DK1,2025-11-28 19:00:00+00:00,3038.6025
DK1,2025-11-28 20:00:00+00:00,2958.78
DK1,2025-11-28 21:00:00+00:00,2867.43
DK1,2025-11-28 22:00:00+00:00,2792.3875
DK1,2025-11-28 23:00:00+00:00,3008.05
DK1,2025-11-29 00:00:00+00:00,2960.435
DK1,2025-11-29 01:00:00+00:00,2834.1575
DK1,2025-11-29 02:00:00+00:00,2619.5725
DK1,2025-11-29 03:00:00+00:00,2515.6275
DK1,2025-11-29 04:00:00+00:00,2476.4075
DK1,2025-11-29 05:00:00+00:00,2528.3875
DK1,2025-11-29 06:00:00+00:00,2716.3075
DK1,2025-11-29 07:00:00+00:00,2839.68
DK1,2025-11-29 08:00:00+00:00,2921.6825
DK1,2025-11-29 09:00:00+00:00,2967.6575
DK1,2025-11-29 10:00:00+00:00,2986.6675
DK1,2025-11-29 11:00:00+00:00,2958.4375
DK1,2025-11-29 12:00:00+00:00,2909.1475
DK1,2025-11-29 13:00:00+00:00,2822.19
DK1,2025-11-29 14:00:00+00:00,2946.6875
DK1,2025-11-29 15:00:00+00:00,3022.7475
DK1,2025-11-29 16:00:00+00:00,3082.7125
DK1,2025-11-29 17:00:00+00:00,3009.17
DK1,2025-11-29 18:00:00+00:00,2822.8775
DK1,2025-11-29 19:00:00+00:00,2725.66
DK1,2025-11-29 20:00:00+00:00,2626.1425
DK1,2025-11-29 21:00:00+00:00,2515.52
DK1,2025-11-29 22:00:00+00:00,2439.5625
DK1,2025-11-29 23:00:00+00:00,2537.8575
DK1,2025-11-30 00:00:00+00:00,2477.765
DK1,2025-11-30 01:00:00+00:00,2494.28
DK1,2025-11-30 02:00:00+00:00,2479.295
DK1,2025-11-30 03:00:00+00:00,2469.3925
DK1,2025-11-30 04:00:00+00:00,2406.6375
DK1,2025-11-30 05:00:00+00:00,2356.1175
DK1,2025-11-30 06:00:00+00:00,2499.56
DK1,2025-11-30 07:00:00+00:00,2651.6775
DK1,2025-11-30 08:00:00+00:00,2778.1225
DK1,2025-11-30 09:00:00+00:00,2895.59
DK1,2025-11-30 10:00:00+00:00,2944.6975
DK1,2025-11-30 11:00:00+00:00,2954.66
DK1,2025-11-30 12:00:00+00:00,2984.245
DK1,2025-11-30 13:00:00+00:00,2983.32
DK1,2025-11-30 14:00:00+00:00,3027.3225
DK1,2025-11-30 15:00:00+00:00,3107.1325
DK1,2025-11-30 16:00:00+00:00,3220.0675
DK1,2025-11-30 17:00:00+00:00,3124.235
DK1,2025-11-30 18:00:00+00:00,2960.2525
DK1,2025-11-30 19:00:00+00:00,2897.315
DK1,2025-11-30 20:00:00+00:00,2883.445
DK1,2025-11-30 21:00:00+00:00,2792.0975
DK1,2025-11-30 22:00:00+00:00,2721.9625
DK1,2025-11-30 23:00:00+00:00,2852.8675
DK1,2025-12-01 00:00:00+00:00,2815.4425
DK1,2025-12-01 01:00:00+00:00,2833.9
DK1,2025-12-01 02:00:00+00:00,2807.705
DK1,2025-12-01 03:00:00+00:00,2668.565
DK1,2025-12-01 04:00:00+00:00,2687.085
DK1,2025-12-01 05:00:00+00:00,2927.53
DK1,2025-12-01 06:00:00+00:00,3328.2375
DK1,2025-12-01 07:00:00+00:00,3471.565
DK1,2025-12-01 08:00:00+00:00,3482.5825
DK1,2025-12-01 09:00:00+00:00,3535.465
DK1,2025-12-01 10:00:00+00:00,3536.23
DK1,2025-12-01 11:00:00+00:00,3537.6075
DK1,2025-12-01 12:00:00+00:00,3572.49
DK1,2025-12-01 13:00:00+00:00,3552.0875
DK1,2025-12-01 14:00:00+00:00,3464.2325
DK1,2025-12-01 15:00:00+00:00,3557.1925
DK1,2025-12-01 16:00:00+00:00,3676.1075
DK1,2025-12-01 17:00:00+00:00,3547.395
DK1,2025-12-01 18:00:00+00:00,3365.76
DK1,2025-12-01 19:00:00+00:00,3250.73
DK1,2025-12-01 20:00:00+00:00,3170.48
DK1,2025-12-01 21:00:00+00:00,3045.3775
DK1,2025-12-01 22:00:00+00:00,2946.735
DK1,2025-12-01 23:00:00+00:00,2975.2575
DK1,2025-12-02 00:00:00+00:00,2983.405
DK1,2025-12-02 01:00:00+00:00,3065.37
DK1,2025-12-02 02:00:00+00:00,2971.935
DK1,2025-12-02 03:00:00+00:00,2857.2225
DK1,2025-12-02 04:00:00+00:00,2790.77
DK1,2025-12-02 05:00:00+00:00,3086.6575
DK1,2025-12-02 06:00:00+00:00,3431.765
DK1,2025-12-02 07:00:00+00:00,3593.5975
DK1,2025-12-02 08:00:00+00:00,3589.09
DK1,2025-12-02 09:00:00+00:00,3650.3325
DK1,2025-12-02 10:00:00+00:00,3626.8675
DK1,2025-12-02 11:00:00+00:00,3565.3175
DK1,2025-12-02 12:00:00+00:00,3520.5275
DK1,2025-12-02 13:00:00+00:00,3512.47
DK1,2025-12-02 14:00:00+00:00,3428.04
DK1,2025-12-02 15:00:00+00:00,3539.9475
DK1,2025-12-02 16:00:00+00:00,3649.8
DK1,2025-12-02 17:00:00+00:00,3471.2125
DK1,2025-12-02 18:00:00+00:00,3296.6575
DK1,2025-12-02 19:00:00+00:00,3170.2025
DK1,2025-12-02 20:00:00+00:00,3043.9175
DK1,2025-12-02 21:00:00+00:00,2968.885
DK1,2025-12-02 22:00:00+00:00,2786.36
DK1,2025-12-02 23:00:00+00:00,2894.5375
DK1,2025-12-03 00:00:00+00:00,2965.47
DK1,2025-12-03 01:00:00+00:00,2861.29
DK1,2025-12-03 02:00:00+00:00,2795.925
DK1,2025-12-03 03:00:00+00:00,2706.965
DK1,2025-12-03 04:00:00+00:00,2671.53
DK1,2025-12-03 05:00:00+00:00,2949.685
DK1,2025-12-03 06:00:00+00:00,3298.3625
DK1,2025-12-03 07:00:00+00:00,3434.3825
DK1,2025-12-03 08:00:00+00:00,3445.3525
DK1,2025-12-03 09:00:00+00:00,3495.855
DK1,2025-12-03 10:00:00+00:00,3491.9575
DK1,2025-12-03 11:00:00+00:00,3430.335
DK1,2025-12-03 12:00:00+00:00,3418.5925
DK1,2025-12-03 13:00:00+00:00,3395.0325
DK1,2025-12-03 14:00:00+00:00,3367.265
DK1,2025-12-03 15:00:00+00:00,3442.53
DK1,2025-12-03 16:00:00+00:00,3548.5075
DK1,2025-12-03 17:00:00+00:00,3400.9725
DK1,2025-12-03 18:00:00+00:00,3215.885
DK1,2025-12-03 19:00:00+00:00,3088.5575
DK1,2025-12-03 20:00:00+00:00,3000.6325
DK1,2025-12-03 21:00:00+00:00,2924.6925
DK1,2025-12-03 22:00:00+00:00,2822.2675
DK1,2025-12-03 23:00:00+00:00,2841.19
DK1,2025-12-04 00:00:00+00:00,2921.915
DK1,2025-12-04 01:00:00+00:00,2967.5125
DK1,2025-12-04 02:00:00+00:00,2837.94
DK1,2025-12-04 03:00:00+00:00,2673.015
DK1,2025-12-04 04:00:00+00:00,2686.3
DK1,2025-12-04 05:00:00+00:00,2992.9775
DK1,2025-12-04 06:00:00+00:00,3317.185
DK1,2025-12-04 07:00:00+00:00,3487.965
DK1,2025-12-04 08:00:00+00:00,3491.73
DK1,2025-12-04 09:00:00+00:00,3563.965
DK1,2025-12-04 10:00:00+00:00,3574.22
DK1,2025-12-04 11:00:00+00:00,3527.375
DK1,2025-12-04 12:00:00+00:00,3511.065
DK1,2025-12-04 13:00:00+00:00,3463.5125
DK1,2025-12-04 14:00:00+00:00,3418.1775
DK1,2025-12-04 15:00:00+00:00,3511.9125
DK1,2025-12-04 16:00:00+00:00,3581.985
DK1,2025-12-04 17:00:00+00:00,3430.4125
DK1,2025-12-04 18:00:00+00:00,3239.19
DK1,2025-12-04 19:00:00+00:00,3056.265
DK1,2025-12-04 20:00:00+00:00,3014.8225
DK1,2025-12-04 21:00:00+00:00,2915.375
DK1,2025-12-04 22:00:00+00:00,2832.095
DK1,2025-12-04 23:00:00+00:00,2893.555
DK1,2025-12-05 00:00:00+00:00,2929.305
DK1,2025-12-05 01:00:00+00:00,2962.5
DK1,2025-12-05 02:00:00+00:00,2959.55
DK1,2025-12-05 03:00:00+00:00,2878.1625
DK1,2025-12-05 04:00:00+00:00,2795.6925
DK1,2025-12-05 05:00:00+00:00,2993.1825
DK1,2025-12-05 06:00:00+00:00,3340.8825
DK1,2025-12-05 07:00:00+00:00,3525.7825
DK1,2025-12-05 08:00:00+00:00,3528.29
DK1,2025-12-05 09:00:00+00:00,3612.975
DK1,2025-12-05 10:00:00+00:00,3569.445
DK1,2025-12-05 11:00:00+00:00,3478.0375
DK1,2025-12-05 12:00:00+00:00,3400.455
DK1,2025-12-05 13:00:00+00:00,3301.455
DK1,2025-12-05 14:00:00+00:00,3275.3925
DK1,2025-12-05 15:00:00+00:00,3358.605
DK1,2025-12-05 16:00:00+00:00,3421.4725
DK1,2025-12-05 17:00:00+00:00,3285.0575
DK1,2025-12-05 18:00:00+00:00,3094.6475
DK1,2025-12-05 19:00:00+00:00,2973.1025
DK1,2025-12-05 20:00:00+00:00,2866.51
DK1,2025-12-05 21:00:00+00:00,2747.8475
DK1,2025-12-05 22:00:00+00:00,2685.175
DK1,2025-12-05 23:00:00+00:00,2760.355
DK1,2025-12-06 00:00:00+00:00,2788.2075
DK1,2025-12-06 01:00:00+00:00,2790.185
DK1,2025-12-06 02:00:00+00:00,2785.8025
DK1,2025-12-06 03:00:00+00:00,2718.73
DK1,2025-12-06 04:00:00+00:00,2618.825
DK1,2025-12-06 05:00:00+00:00,2570.3475
DK1,2025-12-06 06:00:00+00:00,2693.4625
DK1,2025-12-06 07:00:00+00:00,2859.0575
DK1,2025-12-06 08:00:00+00:00,2947.7825
DK1,2025-12-06 09:00:00+00:00,3030.4925
DK1,2025-12-06 10:00:00+00:00,3043.875
DK1,2025-12-06 11:00:00+00:00,3054.9275
DK1,2025-12-06 12:00:00+00:00,3042.81
DK1,2025-12-06 13:00:00+00:00,3049.815
DK1,2025-12-06 14:00:00+00:00,3057.405
DK1,2025-12-06 15:00:00+00:00,3142.35
DK1,2025-12-06 16:00:00+00:00,3253.2275
DK1,2025-12-06 17:00:00+00:00,3132.3075
DK1,2025-12-06 18:00:00+00:00,2974.0125
DK1,2025-12-06 19:00:00+00:00,2844.43
DK1,2025-12-06 20:00:00+00:00,2757.1925
DK1,2025-12-06 21:00:00+00:00,2674.2175
DK1,2025-12-06 22:00:00+00:00,2596.58
DK1,2025-12-06 23:00:00+00:00,2653.55
DK1,2025-12-07 00:00:00+00:00,2741.4525
DK1,2025-12-07 01:00:00+00:00,2713.91
DK1,2025-12-07 02:00:00+00:00,2665.9
DK1,2025-12-07 03:00:00+00:00,2500.87
DK1,2025-12-07 04:00:00+00:00,2398.985
DK1,2025-12-07 05:00:00+00:00,2397.075
DK1,2025-12-07 06:00:00+00:00,2517.2825
DK1,2025-12-07 07:00:00+00:00,2666.4875
DK1,2025-12-07 08:00:00+00:00,2789.715
DK1,2025-12-07 09:00:00+00:00,2874.2925
DK1,2025-12-07 10:00:00+00:00,2914.1475
DK1,2025-12-07 11:00:00+00:00,2936.5375
DK1,2025-12-07 12:00:00+00:00,2940.735
DK1,2025-12-07 13:00:00+00:00,2939.63
DK1,2025-12-07 14:00:00+00:00,2970.01
DK1,2025-12-07 15:00:00+00:00,3088.115
DK1,2025-12-07 16:00:00+00:00,3228.2275
DK1,2025-12-07 17:00:00+00:00,3080.89
DK1,2025-12-07 18:00:00+00:00,2921.355
DK1,2025-12-07 19:00:00+00:00,2806.085
DK1,2025-12-07 20:00:00+00:00,2718.6425
DK1,2025-12-07 21:00:00+00:00,2645.41
DK1,2025-12-07 22:00:00+00:00,2704.3325
DK1,2025-12-07 23:00:00+00:00,2962.685
DK1,2025-12-08 00:00:00+00:00,3196.1825
DK1,2025-12-08 01:00:00+00:00,3225.3475
DK1,2025-12-08 02:00:00+00:00,3077.1175
DK1,2025-12-08 03:00:00+00:00,2892.0
DK1,2025-12-08 04:00:00+00:00,2823.1925
DK1,2025-12-08 05:00:00+00:00,3103.485
DK1,2025-12-08 06:00:00+00:00,3421.82
DK1,2025-12-08 07:00:00+00:00,3557.5425
DK1,2025-12-08 08:00:00+00:00,3541.1075
DK1,2025-12-08 09:00:00+00:00,3520.29
DK1,2025-12-08 10:00:00+00:00,3499.67
DK1,2025-12-08 11:00:00+00:00,3440.865
DK1,2025-12-08 12:00:00+00:00,3457.835
DK1,2025-12-08 13:00:00+00:00,3397.7775
DK1,2025-12-08 14:00:00+00:00,3413.9725
DK1,2025-12-08 15:00:00+00:00,3475.135
DK1,2025-12-08 16:00:00+00:00,3548.9825
DK1,2025-12-08 17:00:00+00:00,3418.4225
DK1,2025-12-08 18:00:00+00:00,3236.6175
DK1,2025-12-08 19:00:00+00:00,3068.6675
DK1,2025-12-08 20:00:00+00:00,3001.03
DK1,2025-12-08 21:00:00+00:00,2866.435
DK1,2025-12-08 22:00:00+00:00,2804.2275
DK1,2025-12-08 23:00:00+00:00,2850.39
DK1,2025-12-09 00:00:00+00:00,2885.07
DK1,2025-12-09 01:00:00+00:00,2751.5025
DK1,2025-12-09 02:00:00+00:00,2608.6125
DK1,2025-12-09 03:00:00+00:00,2629.8825
DK1,2025-12-09 04:00:00+00:00,2689.48
DK1,2025-12-09 05:00:00+00:00,2917.735
DK1,2025-12-09 06:00:00+00:00,3261.3775
DK1,2025-12-09 07:00:00+00:00,3438.0575
DK1,2025-12-09 08:00:00+00:00,3438.2275
DK1,2025-12-09 09:00:00+00:00,3481.325
DK1,2025-12-09 10:00:00+00:00,3449.1625
DK1,2025-12-09 11:00:00+00:00,3460.1675
DK1,2025-12-09 12:00:00+00:00,3432.305
DK1,2025-12-09 13:00:00+00:00,3425.675
DK1,2025-12-09 14:00:00+00:00,3395.7375
DK1,2025-12-09 15:00:00+00:00,3505.47
DK1,2025-12-09 16:00:00+00:00,3595.6975
DK1,2025-12-09 17:00:00+00:00,3438.945
DK1,2025-12-09 18:00:00+00:00,3236.01
DK1,2025-12-09 19:00:00+00:00,3086.9875
DK1,2025-12-09 20:00:00+00:00,2991.6375
DK1,2025-12-09 21:00:00+00:00,2862.7625
DK1,2025-12-09 22:00:00+00:00,2875.975
DK1,2025-12-09 23:00:00+00:00,2997.9625
DK1,2025-12-10 00:00:00+00:00,3121.215
DK1,2025-12-10 01:00:00+00:00,3223.75
DK1,2025-12-10 02:00:00+00:00,3025.7725
DK1,2025-12-10 03:00:00+00:00,2837.74
DK1,2025-12-10 04:00:00+00:00,2787.2875
DK1,2025-12-10 05:00:00+00:00,3017.425
DK1,2025-12-10 06:00:00+00:00,3298.8825
DK1,2025-12-10 07:00:00+00:00,3474.005
DK1,2025-12-10 08:00:00+00:00,3511.775
DK1,2025-12-10 09:00:00+00:00,3520.295
DK1,2025-12-10 10:00:00+00:00,3472.94
DK1,2025-12-10 11:00:00+00:00,3466.09
DK1,2025-12-10 12:00:00+00:00,3483.8125
DK1,2025-12-10 13:00:00+00:00,3474.845
DK1,2025-12-10 14:00:00+00:00,3424.835
DK1,2025-12-10 15:00:00+00:00,3490.7325
DK1,2025-12-10 16:00:00+00:00,3614.9975
DK1,2025-12-10 17:00:00+00:00,3456.9025
DK1,2025-12-10 18:00:00+00:00,3308.3575
DK1,2025-12-10 19:00:00+00:00,3158.52
DK1,2025-12-10 20:00:00+00:00,3055.5325
DK1,2025-12-10 21:00:00+00:00,2956.735
DK1,2025-12-10 22:00:00+00:00,2833.85
DK1,2025-12-10 23:00:00+00:00,2888.8025
DK1,2025-12-11 00:00:00+00:00,2936.86
DK1,2025-12-11 01:00:00+00:00,2925.31
DK1,2025-12-11 02:00:00+00:00,2929.525
DK1,2025-12-11 03:00:00+00:00,2875.445
DK1,2025-12-11 04:00:00+00:00,2862.89
DK1,2025-12-11 05:00:00+00:00,3074.24
DK1,2025-12-11 06:00:00+00:00,3433.665
DK1,2025-12-11 07:00:00+00:00,3646.1725
DK1,2025-12-11 08:00:00+00:00,3317.8425
DK1,2025-12-11 09:00:00+00:00,3132.52
DK1,2025-12-11 10:00:00+00:00,3249.745
DK1,2025-12-11 11:00:00+00:00,3297.1825
DK1,2025-12-11 12:00:00+00:00,3093.5325
DK1,2025-12-11 13:00:00+00:00,2867.1625
DK1,2025-12-11 14:00:00+00:00,2768.2825
DK1,2025-12-11 15:00:00+00:00,2943.145
DK1,2025-12-11 16:00:00+00:00,3077.235
DK1,2025-12-11 17:00:00+00:00,3022.8725
DK1,2025-12-11 18:00:00+00:00,2808.8075
DK1,2025-12-11 19:00:00+00:00,2673.34
DK1,2025-12-11 20:00:00+00:00,2617.14
DK1,2025-12-11 21:00:00+00:00,2436.28
DK1,2025-12-11 22:00:00+00:00,2286.7425
DK1,2025-12-11 23:00:00+00:00,2651.03
DK1,2025-12-12 00:00:00+00:00,2582.2475
DK1,2025-12-12 01:00:00+00:00,2416.7175
DK1,2025-12-12 02:00:00+00:00,2294.635
DK1,2025-12-12 03:00:00+00:00,2353.715
DK1,2025-12-12 04:00:00+00:00,2493.8875
DK1,2025-12-12 05:00:00+00:00,2740.4025
DK1,2025-12-12 06:00:00+00:00,3105.15
DK1,2025-12-12 07:00:00+00:00,3287.5975
DK1,2025-12-12 08:00:00+00:00,3306.135
DK1,2025-12-12 09:00:00+00:00,3358.2925
DK1,2025-12-12 10:00:00+00:00,3275.78
DK1,2025-12-12 11:00:00+00:00,3215.255
DK1,2025-12-12 12:00:00+00:00,3173.9125
DK1,2025-12-12 13:00:00+00:00,3103.7375
DK1,2025-12-12 14:00:00+00:00,3093.015
DK1,2025-12-12 15:00:00+00:00,3180.9475
DK1,2025-12-12 16:00:00+00:00,3237.045
DK1,2025-12-12 17:00:00+00:00,3057.165
DK1,2025-12-12 18:00:00+00:00,2867.33
DK1,2025-12-12 19:00:00+00:00,2772.7825
DK1,2025-12-12 20:00:00+00:00,2670.88
DK1,2025-12-12 21:00:00+00:00,2585.025
DK1,2025-12-12 22:00:00+00:00,2502.1925
DK1,2025-12-12 23:00:00+00:00,2521.3375
DK1,2025-12-13 00:00:00+00:00,2470.1725
DK1,2025-12-13 01:00:00+00:00,2508.305
DK1,2025-12-13 02:00:00+00:00,2484.0925
DK1,2025-12-13 03:00:00+00:00,2421.0975
DK1,2025-12-13 04:00:00+00:00,2299.495
DK1,2025-12-13 05:00:00+00:00,2237.6625
DK1,2025-12-13 06:00:00+00:00,2327.3625
DK1,2025-12-13 07:00:00+00:00,2458.96
DK1,2025-12-13 08:00:00+00:00,2524.14
DK1,2025-12-13 09:00:00+00:00,2554.4075
DK1,2025-12-13 10:00:00+00:00,2548.73
DK1,2025-12-13 11:00:00+00:00,2545.2775
DK1,2025-12-13 12:00:00+00:00,2539.2275
DK1,2025-12-13 13:00:00+00:00,2537.385
DK1,2025-12-13 14:00:00+00:00,2621.5775
DK1,2025-12-13 15:00:00+00:00,2742.4125
DK1,2025-12-13 16:00:00+00:00,2825.1925
DK1,2025-12-13 17:00:00+00:00,2690.085
DK1,2025-12-13 18:00:00+00:00,2497.68
DK1,2025-12-13 19:00:00+00:00,2326.81
DK1,2025-12-13 20:00:00+00:00,2212.555
DK1,2025-12-13 21:00:00+00:00,2100.48
DK1,2025-12-13 22:00:00+00:00,1986.3025
DK1,2025-12-13 23:00:00+00:00,2094.12
DK1,2025-12-14 00:00:00+00:00,2033.4825
DK1,2025-12-14 01:00:00+00:00,1966.02
DK1,2025-12-14 02:00:00+00:00,1995.3375
DK1,2025-12-14 03:00:00+00:00,2010.65
DK1,2025-12-14 04:00:00+00:00,1958.4175
DK1,2025-12-14 05:00:00+00:00,1813.28
DK1,2025-12-14 06:00:00+00:00,1919.245
DK1,2025-12-14 07:00:00+00:00,2099.81
DK1,2025-12-14 08:00:00+00:00,2249.69
DK1,2025-12-14 09:00:00+00:00,2300.2425
DK1,2025-12-14 10:00:00+00:00,2295.455
DK1,2025-12-14 11:00:00+00:00,2295.17
DK1,2025-12-14 12:00:00+00:00,2306.45
DK1,2025-12-14 13:00:00+00:00,2371.55
DK1,2025-12-14 14:00:00+00:00,2397.215
DK1,2025-12-14 15:00:00+00:00,2461.47
DK1,2025-12-14 16:00:00+00:00,2580.44
DK1,2025-12-14 17:00:00+00:00,2465.77
DK1,2025-12-14 18:00:00+00:00,2306.6175
DK1,2025-12-14 19:00:00+00:00,2191.04
DK1,2025-12-14 20:00:00+00:00,2134.555
DK1,2025-12-14 21:00:00+00:00,2015.9175
DK1,2025-12-14 22:00:00+00:00,1970.185
DK1,2025-12-14 23:00:00+00:00,2216.13
DK1,2025-12-15 00:00:00+00:00,2184.67
DK1,2025-12-15 01:00:00+00:00,2227.8675
DK1,2025-12-15 02:00:00+00:00,2096.92
DK1,2025-12-15 03:00:00+00:00,1896.2075
DK1,2025-12-15 04:00:00+00:00,1918.2375
DK1,2025-12-15 05:00:00+00:00,2273.7075
DK1,2025-12-15 06:00:00+00:00,2636.1275
DK1,2025-12-15 07:00:00+00:00,2894.81
DK1,2025-12-15 08:00:00+00:00,2946.1025
DK1,2025-12-15 09:00:00+00:00,2983.94
DK1,2025-12-15 10:00:00+00:00,2952.4
DK1,2025-12-15 11:00:00+00:00,2895.505
DK1,2025-12-15 12:00:00+00:00,2935.3875
DK1,2025-12-15 13:00:00+00:00,2959.87
DK1,2025-12-15 14:00:00+00:00,3000.105
DK1,2025-12-15 15:00:00+00:00,3025.0625
DK1,2025-12-15 16:00:00+00:00,3084.7475
DK1,2025-12-15 17:00:00+00:00,2950.025
DK1,2025-12-15 18:00:00+00:00,2771.8075
DK1,2025-12-15 19:00:00+00:00,2655.2325
DK1,2025-12-15 20:00:00+00:00,2576.345
DK1,2025-12-15 21:00:00+00:00,2495.18
DK1,2025-12-15 22:00:00+00:00,2410.9175
DK1,2025-12-15 23:00:00+00:00,2645.535
DK1,2025-12-16 00:00:00+00:00,2582.45
DK1,2025-12-16 01:00:00+00:00,2568.075
DK1,2025-12-16 02:00:00+00:00,2391.4775
DK1,2025-12-16 03:00:00+00:00,2252.7475
DK1,2025-12-16 04:00:00+00:00,2357.9975
DK1,2025-12-16 05:00:00+00:00,2706.6625
DK1,2025-12-16 06:00:00+00:00,3069.45
DK1,2025-12-16 07:00:00+00:00,3217.84
DK1,2025-12-16 08:00:00+00:00,3247.49
DK1,2025-12-16 09:00:00+00:00,3466.7725
DK1,2025-12-16 10:00:00+00:00,3448.05
DK1,2025-12-16 11:00:00+00:00,3385.77
DK1,2025-12-16 12:00:00+00:00,3323.9725
DK1,2025-12-16 13:00:00+00:00,3233.5025
DK1,2025-12-16 14:00:00+00:00,3219.05
DK1,2025-12-16 15:00:00+00:00,3333.8525
DK1,2025-12-16 16:00:00+00:00,3435.8775
DK1,2025-12-16 17:00:00+00:00,3330.2925
DK1,2025-12-16 18:00:00+00:00,3137.5175
DK1,2025-12-16 19:00:00+00:00,3013.3775
DK1,2025-12-16 20:00:00+00:00,2950.1375
DK1,2025-12-16 21:00:00+00:00,2834.99
DK1,2025-12-16 22:00:00+00:00,2742.3975
DK1,2025-12-16 23:00:00+00:00,2902.1725
DK1,2025-12-17 00:00:00+00:00,2815.88
DK1,2025-12-17 01:00:00+00:00,2845.485
DK1,2025-12-17 02:00:00+00:00,2722.4825
DK1,2025-12-17 03:00:00+00:00,2594.43
DK1,2025-12-17 04:00:00+00:00,2603.14
DK1,2025-12-17 05:00:00+00:00,2899.4775
DK1,2025-12-17 06:00:00+00:00,3225.44
DK1,2025-12-17 07:00:00+00:00,3395.5075
DK1,2025-12-17 08:00:00+00:00,3404.2275
DK1,2025-12-17 09:00:00+00:00,3441.56
DK1,2025-12-17 10:00:00+00:00,3406.11
DK1,2025-12-17 11:00:00+00:00,3369.485
DK1,2025-12-17 12:00:00+00:00,3340.06
DK1,2025-12-17 13:00:00+00:00,3319.28
DK1,2025-12-17 14:00:00+00:00,3287.155
DK1,2025-12-17 15:00:00+00:00,3396.905
DK1,2025-12-17 16:00:00+00:00,3504.8925
DK1,2025-12-17 17:00:00+00:00,3399.3275
DK1,2025-12-17 18:00:00+00:00,3228.055
DK1,2025-12-17 19:00:00+00:00,3064.6975
DK1,2025-12-17 20:00:00+00:00,2952.33
DK1,2025-12-17 21:00:00+00:00,2845.375
DK1,2025-12-17 22:00:00+00:00,2770.48
DK1,2025-12-17 23:00:00+00:00,2864.455
DK1,2025-12-18 00:00:00+00:00,2885.52
DK1,2025-12-18 01:00:00+00:00,2936.8225
DK1,2025-12-18 02:00:00+00:00,3027.2825
DK1,2025-12-18 03:00:00+00:00,2949.8025
DK1,2025-12-18 04:00:00+00:00,2929.76
DK1,2025-12-18 05:00:00+00:00,3077.1675
DK1,2025-12-18 06:00:00+00:00,3437.23
DK1,2025-12-18 07:00:00+00:00,3597.635
DK1,2025-12-18 08:00:00+00:00,3595.52
DK1,2025-12-18 09:00:00+00:00,3630.9225
DK1,2025-12-18 10:00:00+00:00,3598.41
DK1,2025-12-18 11:00:00+00:00,3590.74
DK1,2025-12-18 12:00:00+00:00,3523.315
DK1,2025-12-18 13:00:00+00:00,3484.665
DK1,2025-12-18 14:00:00+00:00,3385.3275
DK1,2025-12-18 15:00:00+00:00,3453.9775
DK1,2025-12-18 16:00:00+00:00,3444.5875
DK1,2025-12-18 17:00:00+00:00,3346.27
DK1,2025-12-18 18:00:00+00:00,3235.9525
DK1,2025-12-18 19:00:00+00:00,3095.3175
DK1,2025-12-18 20:00:00+00:00,2989.145
DK1,2025-12-18 21:00:00+00:00,2914.74
DK1,2025-12-18 22:00:00+00:00,2951.1825
DK1,2025-12-18 23:00:00+00:00,3125.295
DK1,2025-12-19 00:00:00+00:00,3292.5775
DK1,2025-12-19 01:00:00+00:00,3290.85
DK1,2025-12-19 02:00:00+00:00,3324.36
DK1,2025-12-19 03:00:00+00:00,3100.1925
DK1,2025-12-19 04:00:00+00:00,2909.3625
DK1,2025-12-19 05:00:00+00:00,3018.5575
DK1,2025-12-19 06:00:00+00:00,3311.91
DK1,2025-12-19 07:00:00+00:00,3486.7725
DK1,2025-12-19 08:00:00+00:00,3417.7525
DK1,2025-12-19 09:00:00+00:00,3410.0975
DK1,2025-12-19 10:00:00+00:00,3343.0425
DK1,2025-12-19 11:00:00+00:00,3265.5325
DK1,2025-12-19 12:00:00+00:00,3192.425
DK1,2025-12-19 13:00:00+00:00,3139.1625
DK1,2025-12-19 14:00:00+00:00,3138.83
DK1,2025-12-19 15:00:00+00:00,3246.285
DK1,2025-12-19 16:00:00+00:00,3280.6075
DK1,2025-12-19 17:00:00+00:00,3168.095
DK1,2025-12-19 18:00:00+00:00,3056.62
DK1,2025-12-19 19:00:00+00:00,2920.3925
DK1,2025-12-19 20:00:00+00:00,2932.07
DK1,2025-12-19 21:00:00+00:00,2882.605
DK1,2025-12-19 22:00:00+00:00,2667.915
DK1,2025-12-19 23:00:00+00:00,2855.98
DK1,2025-12-20 00:00:00+00:00,2772.5475
DK1,2025-12-20 01:00:00+00:00,2628.595
DK1,2025-12-20 02:00:00+00:00,2446.74
DK1,2025-12-20 03:00:00+00:00,2353.85
DK1,2025-12-20 04:00:00+00:00,2342.3425
DK1,2025-12-20 05:00:00+00:00,2384.49
DK1,2025-12-20 06:00:00+00:00,2546.8025
DK1,2025-12-20 07:00:00+00:00,2720.35
DK1,2025-12-20 08:00:00+00:00,2778.2875
DK1,2025-12-20 09:00:00+00:00,2794.3675
DK1,2025-12-20 10:00:00+00:00,2852.4175
DK1,2025-12-20 11:00:00+00:00,2825.8875
DK1,2025-12-20 12:00:00+00:00,2783.18
DK1,2025-12-20 13:00:00+00:00,2785.08
DK1,2025-12-20 14:00:00+00:00,2819.96
DK1,2025-12-20 15:00:00+00:00,2942.2
DK1,2025-12-20 16:00:00+00:00,3070.76
DK1,2025-12-20 17:00:00+00:00,3025.41
DK1,2025-12-20 18:00:00+00:00,2855.6675
DK1,2025-12-20 19:00:00+00:00,2714.555
DK1,2025-12-20 20:00:00+00:00,2634.4675
DK1,2025-12-20 21:00:00+00:00,2545.09
DK1,2025-12-20 22:00:00+00:00,2497.1175
DK1,2025-12-20 23:00:00+00:00,2532.7625
DK1,2025-12-21 00:00:00+00:00,2530.2875
DK1,2025-12-21 01:00:00+00:00,2537.6125
DK1,2025-12-21 02:00:00+00:00,2497.79
DK1,2025-12-21 03:00:00+00:00,2448.5775
DK1,2025-12-21 04:00:00+00:00,2396.9075
DK1,2025-12-21 05:00:00+00:00,2367.0475
DK1,2025-12-21 06:00:00+00:00,2492.135
DK1,2025-12-21 07:00:00+00:00,2674.08
DK1,2025-12-21 08:00:00+00:00,2774.555
DK1,2025-12-21 09:00:00+00:00,2866.935
DK1,2025-12-21 10:00:00+00:00,2903.0875
DK1,2025-12-21 11:00:00+00:00,2911.345
DK1,2025-12-21 12:00:00+00:00,2915.4125
DK1,2025-12-21 13:00:00+00:00,2911.01
DK1,2025-12-21 14:00:00+00:00,2958.2775
DK1,2025-12-21 15:00:00+00:00,3053.225
DK1,2025-12-21 16:00:00+00:00,3234.6475
DK1,2025-12-21 17:00:00+00:00,3171.775
DK1,2025-12-21 18:00:00+00:00,3027.73
DK1,2025-12-21 19:00:00+00:00,2894.25
DK1,2025-12-21 20:00:00+00:00,2774.155
DK1,2025-12-21 21:00:00+00:00,2675.935
DK1,2025-12-21 22:00:00+00:00,2641.8125
DK1,2025-12-21 23:00:00+00:00,2730.08
DK1,2025-12-22 00:00:00+00:00,2777.665
DK1,2025-12-22 01:00:00+00:00,2795.3525
DK1,2025-12-22 02:00:00+00:00,2724.265
DK1,2025-12-22 03:00:00+00:00,2639.035
DK1,2025-12-22 04:00:00+00:00,2528.52
DK1,2025-12-22 05:00:00+00:00,2650.78
DK1,2025-12-22 06:00:00+00:00,2937.45
DK1,2025-12-22 07:00:00+00:00,3145.8475
DK1,2025-12-22 08:00:00+00:00,3209.92
DK1,2025-12-22 09:00:00+00:00,3269.785
DK1,2025-12-22 10:00:00+00:00,3306.7875
DK1,2025-12-22 11:00:00+00:00,3262.4625
DK1,2025-12-22 12:00:00+00:00,3255.605
DK1,2025-12-22 13:00:00+00:00,3222.28
DK1,2025-12-22 14:00:00+00:00,3211.8525
DK1,2025-12-22 15:00:00+00:00,3333.5175
DK1,2025-12-22 16:00:00+00:00,3457.875
DK1,2025-12-22 17:00:00+00:00,3340.35
DK1,2025-12-22 18:00:00+00:00,3163.615
DK1,2025-12-22 19:00:00+00:00,2993.655
DK1,2025-12-22 20:00:00+00:00,2910.7775
DK1,2025-12-22 21:00:00+00:00,2760.6825
DK1,2025-12-22 22:00:00+00:00,2715.8475
DK1,2025-12-22 23:00:00+00:00,2791.51
DK1,2025-12-23 00:00:00+00:00,2835.24
DK1,2025-12-23 01:00:00+00:00,2833.825
DK1,2025-12-23 02:00:00+00:00,2803.8275
DK1,2025-12-23 03:00:00+00:00,2736.485
DK1,2025-12-23 04:00:00+00:00,2634.1975
DK1,2025-12-23 05:00:00+00:00,2670.745
DK1,2025-12-23 06:00:00+00:00,2951.165
DK1,2025-12-23 07:00:00+00:00,3097.235
DK1,2025-12-23 08:00:00+00:00,3178.9325
DK1,2025-12-23 09:00:00+00:00,3240.72
DK1,2025-12-23 10:00:00+00:00,3243.0825
DK1,2025-12-23 11:00:00+00:00,3257.635
DK1,2025-12-23 12:00:00+00:00,3266.7525
DK1,2025-12-23 13:00:00+00:00,3217.255
DK1,2025-12-23 14:00:00+00:00,3200.495
DK1,2025-12-23 15:00:00+00:00,3271.085
DK1,2025-12-23 16:00:00+00:00,3343.73
DK1,2025-12-23 17:00:00+00:00,3225.4825
DK1,2025-12-23 18:00:00+00:00,3052.3925
DK1,2025-12-23 19:00:00+00:00,2881.265
DK1,2025-12-23 20:00:00+00:00,2810.2075
DK1,2025-12-23 21:00:00+00:00,2627.255
DK1,2025-12-23 22:00:00+00:00,2577.575
DK1,2025-12-23 23:00:00+00:00,2803.5075
DK1,2025-12-24 00:00:00+00:00,2821.8575
DK1,2025-12-24 01:00:00+00:00,2730.195
DK1,2025-12-24 02:00:00+00:00,2715.145
DK1,2025-12-24 03:00:00+00:00,2614.855
DK1,2025-12-24 04:00:00+00:00,2524.815
DK1,2025-12-24 05:00:00+00:00,2485.555
DK1,2025-12-24 06:00:00+00:00,2597.59
DK1,2025-12-24 07:00:00+00:00,2753.4
DK1,2025-12-24 08:00:00+00:00,2899.325
DK1,2025-12-24 09:00:00+00:00,2992.3225
DK1,2025-12-24 10:00:00+00:00,3027.0925
DK1,2025-12-24 11:00:00+00:00,2975.1575
DK1,2025-12-24 12:00:00+00:00,2959.9225
DK1,2025-12-24 13:00:00+00:00,2988.0975
DK1,2025-12-24 14:00:00+00:00,3037.0825
DK1,2025-12-24 15:00:00+00:00,3195.83
DK1,2025-12-24 16:00:00+00:00,3312.04
DK1,2025-12-24 17:00:00+00:00,2842.945
DK1,2025-12-24 18:00:00+00:00,2604.4425
DK1,2025-12-24 19:00:00+00:00,2537.805
DK1,2025-12-24 20:00:00+00:00,2487.5925
DK1,2025-12-24 21:00:00+00:00,2427.6
DK1,2025-12-24 22:00:00+00:00,2444.475
DK1,2025-12-24 23:00:00+00:00,2582.535
DK1,2025-12-25 00:00:00+00:00,2583.2725
DK1,2025-12-25 01:00:00+00:00,2542.765
DK1,2025-12-25 02:00:00+00:00,2530.9875
DK1,2025-12-25 03:00:00+00:00,2492.275
DK1,2025-12-25 04:00:00+00:00,2466.6925
DK1,2025-12-25 05:00:00+00:00,2435.955
DK1,2025-12-25 06:00:00+00:00,2500.7325
DK1,2025-12-25 07:00:00+00:00,2606.44
DK1,2025-12-25 08:00:00+00:00,2725.7625
DK1,2025-12-25 09:00:00+00:00,2890.1125
DK1,2025-12-25 10:00:00+00:00,2999.7125
DK1,2025-12-25 11:00:00+00:00,2984.5125
DK1,2025-12-25 12:00:00+00:00,2916.465
DK1,2025-12-25 13:00:00+00:00,2827.6425
DK1,2025-12-25 14:00:00+00:00,2861.08
DK1,2025-12-25 15:00:00+00:00,2932.395
DK1,2025-12-25 16:00:00+00:00,3070.8525
DK1,2025-12-25 17:00:00+00:00,2997.1375
DK1,2025-12-25 18:00:00+00:00,2899.735
DK1,2025-12-25 19:00:00+00:00,2782.4
DK1,2025-12-25 20:00:00+00:00,2700.845
DK1,2025-12-25 21:00:00+00:00,2605.59
DK1,2025-12-25 22:00:00+00:00,2535.2575
DK1,2025-12-25 23:00:00+00:00,2583.1525
DK1,2025-12-26 00:00:00+00:00,2560.835
DK1,2025-12-26 01:00:00+00:00,2551.04
DK1,2025-12-26 02:00:00+00:00,2550.225
DK1,2025-12-26 03:00:00+00:00,2494.17
DK1,2025-12-26 04:00:00+00:00,2440.495
DK1,2025-12-26 05:00:00+00:00,2420.785
DK1,2025-12-26 06:00:00+00:00,2504.175
DK1,2025-12-26 07:00:00+00:00,2643.0325
DK1,2025-12-26 08:00:00+00:00,2793.605
DK1,2025-12-26 09:00:00+00:00,2896.6025
DK1,2025-12-26 10:00:00+00:00,2931.4975
DK1,2025-12-26 11:00:00+00:00,2853.8075
DK1,2025-12-26 12:00:00+00:00,2749.61
DK1,2025-12-26 13:00:00+00:00,2709.335
DK1,2025-12-26 14:00:00+00:00,2763.9175
DK1,2025-12-26 15:00:00+00:00,2867.8725
DK1,2025-12-26 16:00:00+00:00,2949.125
DK1,2025-12-26 17:00:00+00:00,2907.575
DK1,2025-12-26 18:00:00+00:00,2820.2825
DK1,2025-12-26 19:00:00+00:00,2716.4225
DK1,2025-12-26 20:00:00+00:00,2644.9325
DK1,2025-12-26 21:00:00+00:00,2560.215
DK1,2025-12-26 22:00:00+00:00,2499.735
DK1,2025-12-26 23:00:00+00:00,2462.7375
DK1,2025-12-27 00:00:00+00:00,2507.3325
DK1,2025-12-27 01:00:00+00:00,2498.5825
DK1,2025-12-27 02:00:00+00:00,2498.37
DK1,2025-12-27 03:00:00+00:00,2444.8675
DK1,2025-12-27 04:00:00+00:00,2551.0775
DK1,2025-12-27 05:00:00+00:00,2461.1875
DK1,2025-12-27 06:00:00+00:00,2579.3275
DK1,2025-12-27 07:00:00+00:00,2806.2375
DK1,2025-12-27 08:00:00+00:00,2959.995
DK1,2025-12-27 09:00:00+00:00,3030.025
DK1,2025-12-27 10:00:00+00:00,3082.49
DK1,2025-12-27 11:00:00+00:00,3028.33
DK1,2025-12-27 12:00:00+00:00,2943.8875
DK1,2025-12-27 13:00:00+00:00,2848.2625
DK1,2025-12-27 14:00:00+00:00,2813.8575
DK1,2025-12-27 15:00:00+00:00,2923.98
DK1,2025-12-27 16:00:00+00:00,3020.4175
DK1,2025-12-27 17:00:00+00:00,3012.755
DK1,2025-12-27 18:00:00+00:00,2881.11
DK1,2025-12-27 19:00:00+00:00,2739.21
DK1,2025-12-27 20:00:00+00:00,2667.935
DK1,2025-12-27 21:00:00+00:00,2592.2175
DK1,2025-12-27 22:00:00+00:00,2518.02
DK1,2025-12-27 23:00:00+00:00,2558.8925
DK1,2025-12-28 00:00:00+00:00,2611.5075
DK1,2025-12-28 01:00:00+00:00,2693.325
DK1,2025-12-28 02:00:00+00:00,2621.975
DK1,2025-12-28 03:00:00+00:00,2493.4475
DK1,2025-12-28 04:00:00+00:00,2413.3825
DK1,2025-12-28 05:00:00+00:00,2443.4925
DK1,2025-12-28 06:00:00+00:00,2575.21
DK1,2025-12-28 07:00:00+00:00,2770.44
DK1,2025-12-28 08:00:00+00:00,2865.7125
DK1,2025-12-28 09:00:00+00:00,2971.9925
DK1,2025-12-28 10:00:00+00:00,2999.7675
DK1,2025-12-28 11:00:00+00:00,2988.385
DK1,2025-12-28 12:00:00+00:00,2919.1375
DK1,2025-12-28 13:00:00+00:00,2908.175
DK1,2025-12-28 14:00:00+00:00,2962.875
DK1,2025-12-28 15:00:00+00:00,3113.285
DK1,2025-12-28 16:00:00+00:00,3276.08
DK1,2025-12-28 17:00:00+00:00,3242.7825
DK1,2025-12-28 18:00:00+00:00,3088.9725
DK1,2025-12-28 19:00:00+00:00,2955.7275
DK1,2025-12-28 20:00:00+00:00,2891.27
DK1,2025-12-28 21:00:00+00:00,2766.84
DK1,2025-12-28 22:00:00+00:00,2669.09
DK1,2025-12-28 23:00:00+00:00,2975.495
DK1,2025-12-29 00:00:00+00:00,2911.265
DK1,2025-12-29 01:00:00+00:00,2809.5275
DK1,2025-12-29 02:00:00+00:00,2635.25
DK1,2025-12-29 03:00:00+00:00,2492.185
DK1,2025-12-29 04:00:00+00:00,2448.085
DK1,2025-12-29 05:00:00+00:00,2520.1175
DK1,2025-12-29 06:00:00+00:00,2752.625
DK1,2025-12-29 07:00:00+00:00,2961.0625
DK1,2025-12-29 08:00:00+00:00,3061.1725
DK1,2025-12-29 09:00:00+00:00,3100.7275
DK1,2025-12-29 10:00:00+00:00,3091.87
DK1,2025-12-29 11:00:00+00:00,3073.72
DK1,2025-12-29 12:00:00+00:00,3025.1125
DK1,2025-12-29 13:00:00+00:00,3027.815
DK1,2025-12-29 14:00:00+00:00,3067.52
DK1,2025-12-29 15:00:00+00:00,3182.845
DK1,2025-12-29 16:00:00+00:00,3306.1875
DK1,2025-12-29 17:00:00+00:00,3215.19
DK1,2025-12-29 18:00:00+00:00,3093.7975
DK1,2025-12-29 19:00:00+00:00,2992.5975
DK1,2025-12-29 20:00:00+00:00,2897.4025
DK1,2025-12-29 21:00:00+00:00,2824.1825
DK1,2025-12-29 22:00:00+00:00,2775.5025
DK1,2025-12-29 23:00:00+00:00,2815.25
DK1,2025-12-30 00:00:00+00:00,2808.9075
DK1,2025-12-30 01:00:00+00:00,2828.455
DK1,2025-12-30 02:00:00+00:00,2791.3675
DK1,2025-12-30 03:00:00+00:00,2705.6975
DK1,2025-12-30 04:00:00+00:00,2660.8825
DK1,2025-12-30 05:00:00+00:00,2716.555
DK1,2025-12-30 06:00:00+00:00,2904.66
DK1,2025-12-30 07:00:00+00:00,3071.855
DK1,2025-12-30 08:00:00+00:00,3160.02
DK1,2025-12-30 09:00:00+00:00,3203.2475
DK1,2025-12-30 10:00:00+00:00,3200.1075
DK1,2025-12-30 11:00:00+00:00,3147.55
DK1,2025-12-30 12:00:00+00:00,3119.4375
DK1,2025-12-30 13:00:00+00:00,3070.01
DK1,2025-12-30 14:00:00+00:00,3066.355
DK1,2025-12-30 15:00:00+00:00,3221.9525
DK1,2025-12-30 16:00:00+00:00,3358.1525
DK1,2025-12-30 17:00:00+00:00,3314.2375
DK1,2025-12-30 18:00:00+00:00,3142.1475
DK1,2025-12-30 19:00:00+00:00,2990.7425
DK1,2025-12-30 20:00:00+00:00,2916.085
DK1,2025-12-30 21:00:00+00:00,2842.9775
DK1,2025-12-30 22:00:00+00:00,2709.8
DK1,2025-12-30 23:00:00+00:00,2746.5825
DK1,2025-12-31 00:00:00+00:00,2770.63
DK1,2025-12-31 01:00:00+00:00,2785.6475
DK1,2025-12-31 02:00:00+00:00,2762.3175
DK1,2025-12-31 03:00:00+00:00,2652.47
DK1,2025-12-31 04:00:00+00:00,2523.4
DK1,2025-12-31 05:00:00+00:00,2511.98
DK1,2025-12-31 06:00:00+00:00,2588.7575
DK1,2025-12-31 07:00:00+00:00,2729.6425
DK1,2025-12-31 08:00:00+00:00,2849.81
DK1,2025-12-31 09:00:00+00:00,2877.3575
DK1,2025-12-31 10:00:00+00:00,2889.4375
DK1,2025-12-31 11:00:00+00:00,2870.135
DK1,2025-12-31 12:00:00+00:00,2849.6175
DK1,2025-12-31 13:00:00+00:00,2798.4025
DK1,2025-12-31 14:00:00+00:00,2826.6225
DK1,2025-12-31 15:00:00+00:00,2966.595
DK1,2025-12-31 16:00:00+00:00,3029.9075
DK1,2025-12-31 17:00:00+00:00,2969.49
DK1,2025-12-31 18:00:00+00:00,2760.175
DK1,2025-12-31 19:00:00+00:00,2578.14
DK1,2025-12-31 20:00:00+00:00,2543.42
DK1,2025-12-31 21:00:00+00:00,2510.8975
DK1,2025-12-31 22:00:00+00:00,2477.8775
DK1,2025-12-31 23:00:00+00:00,2511.3275
