zone,time_utc,load_MW
DK2,2025-01-01 00:00:00+00:00,1531.57
DK2,2025-01-01 01:00:00+00:00,1475.6
DK2,2025-01-01 02:00:00+00:00,1452.17
DK2,2025-01-01 03:00:00+00:00,1390.08
DK2,2025-01-01 04:00:00+00:00,1361.09
DK2,2025-01-01 05:00:00+00:00,1363.6
DK2,2025-01-01 06:00:00+00:00,1394.37
DK2,2025-01-01 07:00:00+00:00,1425.4
DK2,2025-01-01 08:00:00+00:00,1501.91
DK2,2025-01-01 09:00:00+00:00,1591.27
DK2,2025-01-01 10:00:00+00:00,1688.98
DK2,2025-01-01 11:00:00+00:00,1769.38
DK2,2025-01-01 12:00:00+00:00,1810.36
DK2,2025-01-01 13:00:00+00:00,1822.08
DK2,2025-01-01 14:00:00+00:00,1829.85
DK2,2025-01-01 15:00:00+00:00,1886.89
DK2,2025-01-01 16:00:00+00:00,1939.05
DK2,2025-01-01 17:00:00+00:00,1900.0
DK2,2025-01-01 18:00:00+00:00,1794.39
DK2,2025-01-01 19:00:00+00:00,1708.02
DK2,2025-01-01 20:00:00+00:00,1652.64
DK2,2025-01-01 21:00:00+00:00,1559.27
DK2,2025-01-01 22:00:00+00:00,1509.42
DK2,2025-01-01 23:00:00+00:00,1574.8
DK2,2025-01-02 00:00:00+00:00,1547.26
DK2,2025-01-02 01:00:00+00:00,1484.25
DK2,2025-01-02 02:00:00+00:00,1446.83
DK2,2025-01-02 03:00:00+00:00,1425.07
DK2,2025-01-02 04:00:00+00:00,1487.75
DK2,2025-01-02 05:00:00+00:00,1651.96
DK2,2025-01-02 06:00:00+00:00,1843.35
DK2,2025-01-02 07:00:00+00:00,1968.03
DK2,2025-01-02 08:00:00+00:00,2040.31
DK2,2025-01-02 09:00:00+00:00,2130.05
DK2,2025-01-02 10:00:00+00:00,2161.57
DK2,2025-01-02 11:00:00+00:00,2151.66
DK2,2025-01-02 12:00:00+00:00,2072.99
DK2,2025-01-02 13:00:00+00:00,2000.6
DK2,2025-01-02 14:00:00+00:00,1987.91
DK2,2025-01-02 15:00:00+00:00,2085.71
DK2,2025-01-02 16:00:00+00:00,2184.06
DK2,2025-01-02 17:00:00+00:00,2127.7
DK2,2025-01-02 18:00:00+00:00,1985.24
DK2,2025-01-02 19:00:00+00:00,1928.92
DK2,2025-01-02 20:00:00+00:00,1840.04
DK2,2025-01-02 21:00:00+00:00,1746.36
DK2,2025-01-02 22:00:00+00:00,1692.96
DK2,2025-01-02 23:00:00+00:00,1696.6
DK2,2025-01-03 00:00:00+00:00,1700.18
DK2,2025-01-03 01:00:00+00:00,1670.61
DK2,2025-01-03 02:00:00+00:00,1625.34
DK2,2025-01-03 03:00:00+00:00,1592.53
DK2,2025-01-03 04:00:00+00:00,1593.58
DK2,2025-01-03 05:00:00+00:00,1721.17
DK2,2025-01-03 06:00:00+00:00,1888.52
DK2,2025-01-03 07:00:00+00:00,2040.05
DK2,2025-01-03 08:00:00+00:00,2129.56
DK2,2025-01-03 09:00:00+00:00,2166.26
DK2,2025-01-03 10:00:00+00:00,2196.23
DK2,2025-01-03 11:00:00+00:00,2229.39
DK2,2025-01-03 12:00:00+00:00,2203.08
DK2,2025-01-03 13:00:00+00:00,2157.85
DK2,2025-01-03 14:00:00+00:00,2118.72
DK2,2025-01-03 15:00:00+00:00,2174.37
DK2,2025-01-03 16:00:00+00:00,2278.34
DK2,2025-01-03 17:00:00+00:00,2228.02
DK2,2025-01-03 18:00:00+00:00,2085.91
DK2,2025-01-03 19:00:00+00:00,1965.22
DK2,2025-01-03 20:00:00+00:00,1923.15
DK2,2025-01-03 21:00:00+00:00,1896.85
DK2,2025-01-03 22:00:00+00:00,1794.56
DK2,2025-01-03 23:00:00+00:00,1825.17
DK2,2025-01-04 00:00:00+00:00,1759.21
DK2,2025-01-04 01:00:00+00:00,1659.38
DK2,2025-01-04 02:00:00+00:00,1602.6
DK2,2025-01-04 03:00:00+00:00,1586.33
DK2,2025-01-04 04:00:00+00:00,1595.96
DK2,2025-01-04 05:00:00+00:00,1636.58
DK2,2025-01-04 06:00:00+00:00,1723.2
DK2,2025-01-04 07:00:00+00:00,1819.97
DK2,2025-01-04 08:00:00+00:00,1926.84
DK2,2025-01-04 09:00:00+00:00,2017.53
DK2,2025-01-04 10:00:00+00:00,2046.76
DK2,2025-01-04 11:00:00+00:00,2042.27
DK2,2025-01-04 12:00:00+00:00,2030.66
DK2,2025-01-04 13:00:00+00:00,2011.46
DK2,2025-01-04 14:00:00+00:00,2012.13
DK2,2025-01-04 15:00:00+00:00,2094.21
DK2,2025-01-04 16:00:00+00:00,2196.56
DK2,2025-01-04 17:00:00+00:00,2161.06
DK2,2025-01-04 18:00:00+00:00,2039.15
DK2,2025-01-04 19:00:00+00:00,1938.2
DK2,2025-01-04 20:00:00+00:00,1843.41
DK2,2025-01-04 21:00:00+00:00,1776.82
DK2,2025-01-04 22:00:00+00:00,1700.67
DK2,2025-01-04 23:00:00+00:00,1690.18
DK2,2025-01-05 00:00:00+00:00,1663.47
DK2,2025-01-05 01:00:00+00:00,1646.61
DK2,2025-01-05 02:00:00+00:00,1592.86
DK2,2025-01-05 03:00:00+00:00,1537.83
DK2,2025-01-05 04:00:00+00:00,1515.89
DK2,2025-01-05 05:00:00+00:00,1542.66
DK2,2025-01-05 06:00:00+00:00,1616.36
DK2,2025-01-05 07:00:00+00:00,1741.86
DK2,2025-01-05 08:00:00+00:00,1863.04
DK2,2025-01-05 09:00:00+00:00,1968.34
DK2,2025-01-05 10:00:00+00:00,1975.96
DK2,2025-01-05 11:00:00+00:00,2012.54
DK2,2025-01-05 12:00:00+00:00,1958.14
DK2,2025-01-05 13:00:00+00:00,2009.7
DK2,2025-01-05 14:00:00+00:00,2062.34
DK2,2025-01-05 15:00:00+00:00,2171.84
DK2,2025-01-05 16:00:00+00:00,2253.16
DK2,2025-01-05 17:00:00+00:00,2188.73
DK2,2025-01-05 18:00:00+00:00,2054.16
DK2,2025-01-05 19:00:00+00:00,1936.85
DK2,2025-01-05 20:00:00+00:00,1866.35
DK2,2025-01-05 21:00:00+00:00,1781.12
DK2,2025-01-05 22:00:00+00:00,1688.94
DK2,2025-01-05 23:00:00+00:00,1726.91
DK2,2025-01-06 00:00:00+00:00,1738.14
DK2,2025-01-06 01:00:00+00:00,1737.04
DK2,2025-01-06 02:00:00+00:00,1715.25
DK2,2025-01-06 03:00:00+00:00,1670.06
DK2,2025-01-06 04:00:00+00:00,1689.12
DK2,2025-01-06 05:00:00+00:00,1840.72
DK2,2025-01-06 06:00:00+00:00,2069.42
DK2,2025-01-06 07:00:00+00:00,2193.4
DK2,2025-01-06 08:00:00+00:00,2266.58
DK2,2025-01-06 09:00:00+00:00,2270.06
DK2,2025-01-06 10:00:00+00:00,2257.01
DK2,2025-01-06 11:00:00+00:00,2237.0
DK2,2025-01-06 12:00:00+00:00,2201.03
DK2,2025-01-06 13:00:00+00:00,2150.7
DK2,2025-01-06 14:00:00+00:00,2105.98
DK2,2025-01-06 15:00:00+00:00,2184.57
DK2,2025-01-06 16:00:00+00:00,2283.98
DK2,2025-01-06 17:00:00+00:00,2196.77
DK2,2025-01-06 18:00:00+00:00,2040.59
DK2,2025-01-06 19:00:00+00:00,1924.63
DK2,2025-01-06 20:00:00+00:00,1855.46
DK2,2025-01-06 21:00:00+00:00,1729.3
DK2,2025-01-06 22:00:00+00:00,1656.93
DK2,2025-01-06 23:00:00+00:00,1663.23
DK2,2025-01-07 00:00:00+00:00,1694.55
DK2,2025-01-07 01:00:00+00:00,1739.82
DK2,2025-01-07 02:00:00+00:00,1669.46
DK2,2025-01-07 03:00:00+00:00,1622.01
DK2,2025-01-07 04:00:00+00:00,1653.04
DK2,2025-01-07 05:00:00+00:00,1842.5
DK2,2025-01-07 06:00:00+00:00,2057.48
DK2,2025-01-07 07:00:00+00:00,2176.32
DK2,2025-01-07 08:00:00+00:00,2224.14
DK2,2025-01-07 09:00:00+00:00,2269.22
DK2,2025-01-07 10:00:00+00:00,2320.56
DK2,2025-01-07 11:00:00+00:00,2292.42
DK2,2025-01-07 12:00:00+00:00,2250.99
DK2,2025-01-07 13:00:00+00:00,2205.47
DK2,2025-01-07 14:00:00+00:00,2163.7
DK2,2025-01-07 15:00:00+00:00,2253.41
DK2,2025-01-07 16:00:00+00:00,2353.5
DK2,2025-01-07 17:00:00+00:00,2301.4
DK2,2025-01-07 19:00:00+00:00,2040.94
DK2,2025-01-07 20:00:00+00:00,1950.52
DK2,2025-01-07 21:00:00+00:00,1839.37
DK2,2025-01-07 22:00:00+00:00,1773.89
DK2,2025-01-07 23:00:00+00:00,1896.18
DK2,2025-01-08 00:00:00+00:00,1845.89
DK2,2025-01-08 01:00:00+00:00,1709.03
DK2,2025-01-08 02:00:00+00:00,1660.42
DK2,2025-01-08 03:00:00+00:00,1599.98
DK2,2025-01-08 04:00:00+00:00,1659.91
DK2,2025-01-08 05:00:00+00:00,1793.45
DK2,2025-01-08 06:00:00+00:00,2035.82
DK2,2025-01-08 07:00:00+00:00,2124.45
DK2,2025-01-08 08:00:00+00:00,2166.87
DK2,2025-01-08 09:00:00+00:00,2149.21
DK2,2025-01-08 10:00:00+00:00,2150.97
DK2,2025-01-08 11:00:00+00:00,2198.06
DK2,2025-01-08 12:00:00+00:00,2192.99
DK2,2025-01-08 13:00:00+00:00,2111.51
DK2,2025-01-08 14:00:00+00:00,2102.62
DK2,2025-01-08 15:00:00+00:00,2189.38
DK2,2025-01-08 16:00:00+00:00,2294.57
DK2,2025-01-08 17:00:00+00:00,2243.63
DK2,2025-01-08 18:00:00+00:00,2101.06
DK2,2025-01-08 19:00:00+00:00,1976.67
DK2,2025-01-08 20:00:00+00:00,1878.73
DK2,2025-01-08 21:00:00+00:00,1774.41
DK2,2025-01-08 22:00:00+00:00,1793.54
DK2,2025-01-08 23:00:00+00:00,1748.59
DK2,2025-01-09 00:00:00+00:00,1644.51
DK2,2025-01-09 01:00:00+00:00,1557.91
DK2,2025-01-09 02:00:00+00:00,1515.15
DK2,2025-01-09 03:00:00+00:00,1484.45
DK2,2025-01-09 04:00:00+00:00,1564.33
DK2,2025-01-09 05:00:00+00:00,1788.44
DK2,2025-01-09 06:00:00+00:00,2015.71
DK2,2025-01-09 07:00:00+00:00,2128.99
DK2,2025-01-09 08:00:00+00:00,2161.45
DK2,2025-01-09 09:00:00+00:00,2177.09
DK2,2025-01-09 10:00:00+00:00,2165.47
DK2,2025-01-09 11:00:00+00:00,2159.71
DK2,2025-01-09 12:00:00+00:00,2175.57
DK2,2025-01-09 13:00:00+00:00,2145.06
DK2,2025-01-09 14:00:00+00:00,2128.98
DK2,2025-01-09 15:00:00+00:00,2204.76
DK2,2025-01-09 16:00:00+00:00,2308.3
DK2,2025-01-09 17:00:00+00:00,2236.05
DK2,2025-01-09 18:00:00+00:00,2093.57
DK2,2025-01-09 19:00:00+00:00,1976.53
DK2,2025-01-09 20:00:00+00:00,1872.68
DK2,2025-01-09 21:00:00+00:00,1768.25
DK2,2025-01-09 22:00:00+00:00,1700.02
DK2,2025-01-09 23:00:00+00:00,1702.46
DK2,2025-01-10 00:00:00+00:00,1710.94
DK2,2025-01-10 01:00:00+00:00,1692.15
DK2,2025-01-10 02:00:00+00:00,1639.35
DK2,2025-01-10 03:00:00+00:00,1598.27
DK2,2025-01-10 04:00:00+00:00,1624.63
DK2,2025-01-10 05:00:00+00:00,1837.71
DK2,2025-01-10 06:00:00+00:00,2075.6
DK2,2025-01-10 07:00:00+00:00,2182.01
DK2,2025-01-10 08:00:00+00:00,2202.54
DK2,2025-01-10 09:00:00+00:00,2219.88
DK2,2025-01-10 10:00:00+00:00,2193.51
DK2,2025-01-10 11:00:00+00:00,2167.31
DK2,2025-01-10 12:00:00+00:00,2177.8
DK2,2025-01-10 13:00:00+00:00,2159.1
DK2,2025-01-10 14:00:00+00:00,2153.07
DK2,2025-01-10 15:00:00+00:00,2239.08
DK2,2025-01-10 16:00:00+00:00,2315.76
DK2,2025-01-10 17:00:00+00:00,2275.61
DK2,2025-01-10 18:00:00+00:00,2108.42
DK2,2025-01-10 19:00:00+00:00,1977.19
DK2,2025-01-10 20:00:00+00:00,1918.42
DK2,2025-01-10 21:00:00+00:00,1838.23
DK2,2025-01-10 22:00:00+00:00,1753.26
DK2,2025-01-10 23:00:00+00:00,1753.09
DK2,2025-01-11 00:00:00+00:00,1765.51
DK2,2025-01-11 01:00:00+00:00,1823.13
DK2,2025-01-11 02:00:00+00:00,1818.65
DK2,2025-01-11 03:00:00+00:00,1782.5
DK2,2025-01-11 04:00:00+00:00,1715.27
DK2,2025-01-11 05:00:00+00:00,1685.35
DK2,2025-01-11 06:00:00+00:00,1714.47
DK2,2025-01-11 07:00:00+00:00,1836.34
DK2,2025-01-11 08:00:00+00:00,1954.96
DK2,2025-01-11 09:00:00+00:00,2052.5
DK2,2025-01-11 10:00:00+00:00,2105.29
DK2,2025-01-11 11:00:00+00:00,2131.84
DK2,2025-01-11 12:00:00+00:00,2133.96
DK2,2025-01-11 13:00:00+00:00,2067.9
DK2,2025-01-11 14:00:00+00:00,2034.12
DK2,2025-01-11 15:00:00+00:00,2118.2
DK2,2025-01-11 16:00:00+00:00,2220.59
DK2,2025-01-11 17:00:00+00:00,2197.23
DK2,2025-01-11 18:00:00+00:00,2005.1
DK2,2025-01-11 19:00:00+00:00,1950.48
DK2,2025-01-11 20:00:00+00:00,1884.03
DK2,2025-01-11 21:00:00+00:00,1803.28
DK2,2025-01-11 22:00:00+00:00,1736.78
DK2,2025-01-11 23:00:00+00:00,1813.63
DK2,2025-01-12 00:00:00+00:00,1802.72
DK2,2025-01-12 01:00:00+00:00,1741.08
DK2,2025-01-12 02:00:00+00:00,1703.84
DK2,2025-01-12 03:00:00+00:00,1616.71
DK2,2025-01-12 04:00:00+00:00,1558.7
DK2,2025-01-12 05:00:00+00:00,1583.65
DK2,2025-01-12 06:00:00+00:00,1681.1
DK2,2025-01-12 07:00:00+00:00,1796.25
DK2,2025-01-12 08:00:00+00:00,1912.28
DK2,2025-01-12 09:00:00+00:00,2002.28
DK2,2025-01-12 10:00:00+00:00,2032.57
DK2,2025-01-12 11:00:00+00:00,2036.61
DK2,2025-01-12 12:00:00+00:00,2005.29
DK2,2025-01-12 13:00:00+00:00,1971.9
DK2,2025-01-12 14:00:00+00:00,1973.18
DK2,2025-01-12 15:00:00+00:00,2105.22
DK2,2025-01-12 16:00:00+00:00,2254.8
DK2,2025-01-12 17:00:00+00:00,2233.86
DK2,2025-01-12 18:00:00+00:00,2100.26
DK2,2025-01-12 19:00:00+00:00,1991.13
DK2,2025-01-12 20:00:00+00:00,1943.47
DK2,2025-01-12 21:00:00+00:00,1851.09
DK2,2025-01-12 22:00:00+00:00,1772.16
DK2,2025-01-12 23:00:00+00:00,1811.41
DK2,2025-01-13 00:00:00+00:00,1822.75
DK2,2025-01-13 01:00:00+00:00,1799.75
DK2,2025-01-13 02:00:00+00:00,1773.71
DK2,2025-01-13 03:00:00+00:00,1755.33
DK2,2025-01-13 04:00:00+00:00,1822.72
DK2,2025-01-13 05:00:00+00:00,2021.19
DK2,2025-01-13 06:00:00+00:00,2246.13
DK2,2025-01-13 07:00:00+00:00,2362.44
DK2,2025-01-13 08:00:00+00:00,2341.75
DK2,2025-01-13 09:00:00+00:00,2386.63
DK2,2025-01-13 10:00:00+00:00,2377.16
DK2,2025-01-13 11:00:00+00:00,2369.66
DK2,2025-01-13 12:00:00+00:00,2360.57
DK2,2025-01-13 13:00:00+00:00,2293.29
DK2,2025-01-13 14:00:00+00:00,2248.12
DK2,2025-01-13 15:00:00+00:00,2319.95
DK2,2025-01-13 16:00:00+00:00,2415.27
DK2,2025-01-13 17:00:00+00:00,2320.79
DK2,2025-01-13 18:00:00+00:00,2181.55
DK2,2025-01-13 19:00:00+00:00,2065.77
DK2,2025-01-13 20:00:00+00:00,2062.83
DK2,2025-01-13 21:00:00+00:00,2106.34
DK2,2025-01-13 22:00:00+00:00,2010.95
DK2,2025-01-13 23:00:00+00:00,2006.07
DK2,2025-01-14 00:00:00+00:00,2043.28
DK2,2025-01-14 01:00:00+00:00,2047.7
DK2,2025-01-14 02:00:00+00:00,2012.76
DK2,2025-01-14 03:00:00+00:00,1948.58
DK2,2025-01-14 04:00:00+00:00,1882.4
DK2,2025-01-14 05:00:00+00:00,1994.97
DK2,2025-01-14 06:00:00+00:00,2117.2
DK2,2025-01-14 07:00:00+00:00,2155.42
DK2,2025-01-14 08:00:00+00:00,2173.28
DK2,2025-01-14 09:00:00+00:00,2216.78
DK2,2025-01-14 10:00:00+00:00,2218.07
DK2,2025-01-14 11:00:00+00:00,2213.41
DK2,2025-01-14 12:00:00+00:00,2204.39
DK2,2025-01-14 13:00:00+00:00,2170.21
DK2,2025-01-14 14:00:00+00:00,2155.49
DK2,2025-01-14 15:00:00+00:00,2182.07
DK2,2025-01-14 16:00:00+00:00,2281.28
DK2,2025-01-14 17:00:00+00:00,2206.12
DK2,2025-01-14 18:00:00+00:00,2050.19
DK2,2025-01-14 19:00:00+00:00,1933.08
DK2,2025-01-14 20:00:00+00:00,1993.15
DK2,2025-01-14 21:00:00+00:00,1907.54
DK2,2025-01-14 22:00:00+00:00,1747.83
DK2,2025-01-14 23:00:00+00:00,1614.37
DK2,2025-01-15 00:00:00+00:00,1535.39
DK2,2025-01-15 01:00:00+00:00,1496.57
DK2,2025-01-15 02:00:00+00:00,1472.36
DK2,2025-01-15 03:00:00+00:00,1458.89
DK2,2025-01-15 04:00:00+00:00,1537.21
DK2,2025-01-15 05:00:00+00:00,1765.23
DK2,2025-01-15 06:00:00+00:00,1964.11
DK2,2025-01-15 07:00:00+00:00,2045.45
DK2,2025-01-15 08:00:00+00:00,2104.6
DK2,2025-01-15 09:00:00+00:00,2150.37
DK2,2025-01-15 10:00:00+00:00,2019.6
DK2,2025-01-15 11:00:00+00:00,1958.22
DK2,2025-01-15 12:00:00+00:00,1941.07
DK2,2025-01-15 13:00:00+00:00,1935.09
DK2,2025-01-15 14:00:00+00:00,1940.55
DK2,2025-01-15 15:00:00+00:00,2044.31
DK2,2025-01-15 16:00:00+00:00,2191.6
DK2,2025-01-15 17:00:00+00:00,2146.01
DK2,2025-01-15 18:00:00+00:00,2019.96
DK2,2025-01-15 19:00:00+00:00,1935.71
DK2,2025-01-15 20:00:00+00:00,1851.48
DK2,2025-01-15 21:00:00+00:00,1728.31
DK2,2025-01-15 22:00:00+00:00,1628.28
DK2,2025-01-15 23:00:00+00:00,1598.95
DK2,2025-01-16 00:00:00+00:00,1584.01
DK2,2025-01-16 01:00:00+00:00,1571.79
DK2,2025-01-16 02:00:00+00:00,1572.24
DK2,2025-01-16 03:00:00+00:00,1535.52
DK2,2025-01-16 04:00:00+00:00,1546.26
DK2,2025-01-16 05:00:00+00:00,1729.79
DK2,2025-01-16 06:00:00+00:00,1936.35
DK2,2025-01-16 07:00:00+00:00,2034.47
DK2,2025-01-16 08:00:00+00:00,2045.48
DK2,2025-01-16 09:00:00+00:00,2083.64
DK2,2025-01-16 10:00:00+00:00,2069.9
DK2,2025-01-16 11:00:00+00:00,2039.6
DK2,2025-01-16 12:00:00+00:00,2069.22
DK2,2025-01-16 13:00:00+00:00,2044.01
DK2,2025-01-16 14:00:00+00:00,2035.23
DK2,2025-01-16 15:00:00+00:00,2114.38
DK2,2025-01-16 16:00:00+00:00,2200.66
DK2,2025-01-16 17:00:00+00:00,2092.96
DK2,2025-01-16 18:00:00+00:00,1944.73
DK2,2025-01-16 19:00:00+00:00,1812.22
DK2,2025-01-16 20:00:00+00:00,1731.59
DK2,2025-01-16 21:00:00+00:00,1632.35
DK2,2025-01-16 22:00:00+00:00,1575.59
DK2,2025-01-16 23:00:00+00:00,1729.63
DK2,2025-01-17 00:00:00+00:00,1613.86
DK2,2025-01-17 01:00:00+00:00,1543.21
DK2,2025-01-17 02:00:00+00:00,1521.85
DK2,2025-01-17 03:00:00+00:00,1402.31
DK2,2025-01-17 04:00:00+00:00,1485.67
DK2,2025-01-17 05:00:00+00:00,1686.04
DK2,2025-01-17 06:00:00+00:00,1873.06
DK2,2025-01-17 07:00:00+00:00,1973.36
DK2,2025-01-17 08:00:00+00:00,1941.7
DK2,2025-01-17 09:00:00+00:00,2067.08
DK2,2025-01-17 10:00:00+00:00,2070.25
DK2,2025-01-17 11:00:00+00:00,2046.39
DK2,2025-01-17 12:00:00+00:00,2070.8
DK2,2025-01-17 13:00:00+00:00,1986.27
DK2,2025-01-17 14:00:00+00:00,1866.6
DK2,2025-01-17 15:00:00+00:00,2010.35
DK2,2025-01-17 16:00:00+00:00,2145.64
DK2,2025-01-17 17:00:00+00:00,2103.74
DK2,2025-01-17 18:00:00+00:00,1912.45
DK2,2025-01-17 19:00:00+00:00,1776.89
DK2,2025-01-17 20:00:00+00:00,1707.2
DK2,2025-01-17 21:00:00+00:00,1654.2
DK2,2025-01-17 22:00:00+00:00,1621.04
DK2,2025-01-17 23:00:00+00:00,1620.67
DK2,2025-01-18 00:00:00+00:00,1614.48
DK2,2025-01-18 01:00:00+00:00,1553.67
DK2,2025-01-18 02:00:00+00:00,1515.25
DK2,2025-01-18 03:00:00+00:00,1394.39
DK2,2025-01-18 04:00:00+00:00,1400.91
DK2,2025-01-18 05:00:00+00:00,1424.28
DK2,2025-01-18 06:00:00+00:00,1540.11
DK2,2025-01-18 07:00:00+00:00,1674.99
DK2,2025-01-18 08:00:00+00:00,1785.36
DK2,2025-01-18 09:00:00+00:00,1882.48
DK2,2025-01-18 10:00:00+00:00,1900.63
DK2,2025-01-18 11:00:00+00:00,1898.17
DK2,2025-01-18 12:00:00+00:00,1888.12
DK2,2025-01-18 13:00:00+00:00,1847.63
DK2,2025-01-18 14:00:00+00:00,1869.02
DK2,2025-01-18 15:00:00+00:00,1937.97
DK2,2025-01-18 16:00:00+00:00,2023.1
DK2,2025-01-18 17:00:00+00:00,1991.65
DK2,2025-01-18 18:00:00+00:00,1856.66
DK2,2025-01-18 19:00:00+00:00,1799.0
DK2,2025-01-18 20:00:00+00:00,1740.44
DK2,2025-01-18 21:00:00+00:00,1653.2
DK2,2025-01-18 22:00:00+00:00,1605.68
DK2,2025-01-18 23:00:00+00:00,1556.15
DK2,2025-01-19 00:00:00+00:00,1541.51
DK2,2025-01-19 01:00:00+00:00,1519.01
DK2,2025-01-19 02:00:00+00:00,1486.61
DK2,2025-01-19 03:00:00+00:00,1454.63
DK2,2025-01-19 04:00:00+00:00,1419.56
DK2,2025-01-19 05:00:00+00:00,1437.72
DK2,2025-01-19 06:00:00+00:00,1545.87
DK2,2025-01-19 07:00:00+00:00,1677.05
DK2,2025-01-19 08:00:00+00:00,1801.91
DK2,2025-01-19 09:00:00+00:00,1904.32
DK2,2025-01-19 10:00:00+00:00,1946.28
DK2,2025-01-19 11:00:00+00:00,1971.48
DK2,2025-01-19 12:00:00+00:00,1980.76
DK2,2025-01-19 13:00:00+00:00,1955.32
DK2,2025-01-19 14:00:00+00:00,1953.39
DK2,2025-01-19 15:00:00+00:00,2038.88
DK2,2025-01-19 16:00:00+00:00,2174.73
DK2,2025-01-19 17:00:00+00:00,2125.32
DK2,2025-01-19 18:00:00+00:00,2013.43
DK2,2025-01-19 19:00:00+00:00,1907.91
DK2,2025-01-19 20:00:00+00:00,1833.5
DK2,2025-01-19 21:00:00+00:00,1743.37
DK2,2025-01-19 22:00:00+00:00,1643.71
DK2,2025-01-19 23:00:00+00:00,1677.83
DK2,2025-01-20 00:00:00+00:00,1692.22
DK2,2025-01-20 01:00:00+00:00,1676.48
DK2,2025-01-20 02:00:00+00:00,1632.68
DK2,2025-01-20 03:00:00+00:00,1559.6
DK2,2025-01-20 04:00:00+00:00,1594.16
DK2,2025-01-20 05:00:00+00:00,1798.44
DK2,2025-01-20 06:00:00+00:00,2029.45
DK2,2025-01-20 07:00:00+00:00,2127.37
DK2,2025-01-20 08:00:00+00:00,2132.16
DK2,2025-01-20 09:00:00+00:00,2114.29
DK2,2025-01-20 10:00:00+00:00,2095.56
DK2,2025-01-20 11:00:00+00:00,2050.41
DK2,2025-01-20 12:00:00+00:00,1995.42
DK2,2025-01-20 13:00:00+00:00,1997.12
DK2,2025-01-20 14:00:00+00:00,1977.02
DK2,2025-01-20 15:00:00+00:00,2077.73
DK2,2025-01-20 16:00:00+00:00,2213.31
DK2,2025-01-20 17:00:00+00:00,2136.91
DK2,2025-01-20 18:00:00+00:00,2019.64
DK2,2025-01-20 19:00:00+00:00,1916.93
DK2,2025-01-20 20:00:00+00:00,1862.31
DK2,2025-01-20 21:00:00+00:00,1740.56
DK2,2025-01-20 22:00:00+00:00,1666.45
DK2,2025-01-20 23:00:00+00:00,1682.36
DK2,2025-01-21 00:00:00+00:00,1666.38
DK2,2025-01-21 01:00:00+00:00,1646.18
DK2,2025-01-21 02:00:00+00:00,1625.26
DK2,2025-01-21 03:00:00+00:00,1594.68
DK2,2025-01-21 04:00:00+00:00,1625.45
DK2,2025-01-21 05:00:00+00:00,1825.54
DK2,2025-01-21 06:00:00+00:00,2051.25
DK2,2025-01-21 07:00:00+00:00,2149.38
DK2,2025-01-21 08:00:00+00:00,2171.91
DK2,2025-01-21 09:00:00+00:00,2184.26
DK2,2025-01-21 10:00:00+00:00,2182.66
DK2,2025-01-21 11:00:00+00:00,2193.94
DK2,2025-01-21 12:00:00+00:00,2174.0
DK2,2025-01-21 13:00:00+00:00,2152.83
DK2,2025-01-21 14:00:00+00:00,2139.87
DK2,2025-01-21 15:00:00+00:00,2218.52
DK2,2025-01-21 16:00:00+00:00,2307.51
DK2,2025-01-21 17:00:00+00:00,2245.09
DK2,2025-01-21 18:00:00+00:00,2102.62
DK2,2025-01-21 19:00:00+00:00,1987.3
DK2,2025-01-21 20:00:00+00:00,1880.04
DK2,2025-01-21 21:00:00+00:00,1783.71
DK2,2025-01-21 22:00:00+00:00,1700.36
DK2,2025-01-21 23:00:00+00:00,1731.21
DK2,2025-01-22 00:00:00+00:00,1724.05
DK2,2025-01-22 01:00:00+00:00,1710.91
DK2,2025-01-22 02:00:00+00:00,1650.86
DK2,2025-01-22 03:00:00+00:00,1582.98
DK2,2025-01-22 04:00:00+00:00,1598.09
DK2,2025-01-22 05:00:00+00:00,1819.24
DK2,2025-01-22 06:00:00+00:00,2046.63
DK2,2025-01-22 07:00:00+00:00,2136.58
DK2,2025-01-22 08:00:00+00:00,2192.34
DK2,2025-01-22 09:00:00+00:00,2237.32
DK2,2025-01-22 10:00:00+00:00,2207.31
DK2,2025-01-22 11:00:00+00:00,2178.56
DK2,2025-01-22 12:00:00+00:00,2177.14
DK2,2025-01-22 13:00:00+00:00,2137.25
DK2,2025-01-22 14:00:00+00:00,2114.79
DK2,2025-01-22 15:00:00+00:00,2197.44
DK2,2025-01-22 16:00:00+00:00,2316.36
DK2,2025-01-22 17:00:00+00:00,2247.95
DK2,2025-01-22 18:00:00+00:00,2122.05
DK2,2025-01-22 19:00:00+00:00,1994.68
DK2,2025-01-22 20:00:00+00:00,1913.44
DK2,2025-01-22 21:00:00+00:00,1790.68
DK2,2025-01-22 22:00:00+00:00,1704.22
DK2,2025-01-22 23:00:00+00:00,1734.85
DK2,2025-01-23 00:00:00+00:00,1729.04
DK2,2025-01-23 01:00:00+00:00,1720.12
DK2,2025-01-23 02:00:00+00:00,1716.72
DK2,2025-01-23 03:00:00+00:00,1682.44
DK2,2025-01-23 04:00:00+00:00,1686.78
DK2,2025-01-23 05:00:00+00:00,1819.6
DK2,2025-01-23 06:00:00+00:00,2065.18
DK2,2025-01-23 07:00:00+00:00,2177.42
DK2,2025-01-23 08:00:00+00:00,2230.49
DK2,2025-01-23 09:00:00+00:00,2282.91
DK2,2025-01-23 10:00:00+00:00,2284.8
DK2,2025-01-23 11:00:00+00:00,2285.62
DK2,2025-01-23 12:00:00+00:00,2268.96
DK2,2025-01-23 13:00:00+00:00,2209.32
DK2,2025-01-23 14:00:00+00:00,2176.67
DK2,2025-01-23 15:00:00+00:00,2248.04
DK2,2025-01-23 16:00:00+00:00,2335.25
DK2,2025-01-23 17:00:00+00:00,2257.17
DK2,2025-01-23 18:00:00+00:00,2084.94
DK2,2025-01-23 19:00:00+00:00,1964.72
DK2,2025-01-23 20:00:00+00:00,1882.04
DK2,2025-01-23 21:00:00+00:00,1776.89
DK2,2025-01-23 22:00:00+00:00,1703.52
DK2,2025-01-23 23:00:00+00:00,1810.23
DK2,2025-01-24 00:00:00+00:00,1755.79
DK2,2025-01-24 01:00:00+00:00,1687.81
DK2,2025-01-24 02:00:00+00:00,1663.56
DK2,2025-01-24 03:00:00+00:00,1641.44
DK2,2025-01-24 04:00:00+00:00,1659.02
DK2,2025-01-24 05:00:00+00:00,1797.46
DK2,2025-01-24 06:00:00+00:00,2039.98
DK2,2025-01-24 07:00:00+00:00,2130.17
DK2,2025-01-24 08:00:00+00:00,2181.71
DK2,2025-01-24 09:00:00+00:00,2223.09
DK2,2025-01-24 10:00:00+00:00,2221.97
DK2,2025-01-24 11:00:00+00:00,2188.48
DK2,2025-01-24 12:00:00+00:00,2136.87
DK2,2025-01-24 13:00:00+00:00,2112.92
DK2,2025-01-24 14:00:00+00:00,2103.86
DK2,2025-01-24 15:00:00+00:00,2157.16
DK2,2025-01-24 16:00:00+00:00,2262.72
DK2,2025-01-24 17:00:00+00:00,2198.09
DK2,2025-01-24 18:00:00+00:00,2053.17
DK2,2025-01-24 19:00:00+00:00,1925.62
DK2,2025-01-24 20:00:00+00:00,1886.54
DK2,2025-01-24 21:00:00+00:00,1817.77
DK2,2025-01-24 22:00:00+00:00,1762.64
DK2,2025-01-24 23:00:00+00:00,1901.88
DK2,2025-01-25 00:00:00+00:00,1833.95
DK2,2025-01-25 01:00:00+00:00,1689.79
DK2,2025-01-25 02:00:00+00:00,1631.13
DK2,2025-01-25 03:00:00+00:00,1592.89
DK2,2025-01-25 04:00:00+00:00,1563.83
DK2,2025-01-25 05:00:00+00:00,1497.08
DK2,2025-01-25 06:00:00+00:00,1578.01
DK2,2025-01-25 07:00:00+00:00,1697.88
DK2,2025-01-25 08:00:00+00:00,1804.24
DK2,2025-01-25 09:00:00+00:00,1893.35
DK2,2025-01-25 10:00:00+00:00,1936.26
DK2,2025-01-25 11:00:00+00:00,1924.2
DK2,2025-01-25 12:00:00+00:00,1915.47
DK2,2025-01-25 13:00:00+00:00,1893.04
DK2,2025-01-25 14:00:00+00:00,1881.53
DK2,2025-01-25 15:00:00+00:00,1917.6
DK2,2025-01-25 16:00:00+00:00,2042.55
DK2,2025-01-25 17:00:00+00:00,2010.23
DK2,2025-01-25 18:00:00+00:00,1878.74
DK2,2025-01-25 19:00:00+00:00,1804.51
DK2,2025-01-25 20:00:00+00:00,1735.75
DK2,2025-01-25 21:00:00+00:00,1670.92
DK2,2025-01-25 22:00:00+00:00,1609.25
DK2,2025-01-25 23:00:00+00:00,1607.81
DK2,2025-01-26 00:00:00+00:00,1575.26
DK2,2025-01-26 01:00:00+00:00,1546.34
DK2,2025-01-26 02:00:00+00:00,1520.21
DK2,2025-01-26 03:00:00+00:00,1498.38
DK2,2025-01-26 04:00:00+00:00,1473.99
DK2,2025-01-26 05:00:00+00:00,1497.64
DK2,2025-01-26 06:00:00+00:00,1578.17
DK2,2025-01-26 07:00:00+00:00,1693.97
DK2,2025-01-26 08:00:00+00:00,1799.38
DK2,2025-01-26 09:00:00+00:00,1887.8
DK2,2025-01-26 10:00:00+00:00,1927.9
DK2,2025-01-26 11:00:00+00:00,1944.03
DK2,2025-01-26 12:00:00+00:00,1918.34
DK2,2025-01-26 13:00:00+00:00,1922.63
DK2,2025-01-26 14:00:00+00:00,1924.98
DK2,2025-01-26 15:00:00+00:00,1960.31
DK2,2025-01-26 16:00:00+00:00,2089.08
DK2,2025-01-26 17:00:00+00:00,2063.12
DK2,2025-01-26 18:00:00+00:00,1931.22
DK2,2025-01-26 19:00:00+00:00,1873.46
DK2,2025-01-26 20:00:00+00:00,1794.13
DK2,2025-01-26 21:00:00+00:00,1696.16
DK2,2025-01-26 22:00:00+00:00,1643.71
DK2,2025-01-26 23:00:00+00:00,1703.62
DK2,2025-01-27 00:00:00+00:00,1705.5
DK2,2025-01-27 01:00:00+00:00,1676.04
DK2,2025-01-27 02:00:00+00:00,1714.04
DK2,2025-01-27 03:00:00+00:00,1683.16
DK2,2025-01-27 04:00:00+00:00,1676.41
DK2,2025-01-27 05:00:00+00:00,1817.64
DK2,2025-01-27 06:00:00+00:00,2034.44
DK2,2025-01-27 07:00:00+00:00,2151.01
DK2,2025-01-27 08:00:00+00:00,2226.71
DK2,2025-01-27 09:00:00+00:00,2247.81
DK2,2025-01-27 10:00:00+00:00,2232.78
DK2,2025-01-27 11:00:00+00:00,2237.9
DK2,2025-01-27 12:00:00+00:00,2170.55
DK2,2025-01-27 13:00:00+00:00,2105.68
DK2,2025-01-27 14:00:00+00:00,2059.18
DK2,2025-01-27 15:00:00+00:00,2093.7
DK2,2025-01-27 16:00:00+00:00,2240.6
DK2,2025-01-27 17:00:00+00:00,2169.78
DK2,2025-01-27 18:00:00+00:00,2037.53
DK2,2025-01-27 19:00:00+00:00,1900.23
DK2,2025-01-27 20:00:00+00:00,1811.91
DK2,2025-01-27 21:00:00+00:00,1705.66
DK2,2025-01-27 22:00:00+00:00,1650.8
DK2,2025-01-27 23:00:00+00:00,1643.48
DK2,2025-01-28 00:00:00+00:00,1696.6
DK2,2025-01-28 01:00:00+00:00,1659.29
DK2,2025-01-28 02:00:00+00:00,1569.45
DK2,2025-01-28 03:00:00+00:00,1502.34
DK2,2025-01-28 04:00:00+00:00,1570.44
DK2,2025-01-28 05:00:00+00:00,1753.68
DK2,2025-01-28 06:00:00+00:00,1970.55
DK2,2025-01-28 07:00:00+00:00,2052.69
DK2,2025-01-28 08:00:00+00:00,2092.36
DK2,2025-01-28 09:00:00+00:00,2101.48
DK2,2025-01-28 10:00:00+00:00,2064.21
DK2,2025-01-28 11:00:00+00:00,2035.32
DK2,2025-01-28 12:00:00+00:00,1995.84
DK2,2025-01-28 13:00:00+00:00,1973.5
DK2,2025-01-28 14:00:00+00:00,1969.67
DK2,2025-01-28 15:00:00+00:00,2030.76
DK2,2025-01-28 16:00:00+00:00,2183.4
DK2,2025-01-28 17:00:00+00:00,2140.55
DK2,2025-01-28 18:00:00+00:00,2006.38
DK2,2025-01-28 19:00:00+00:00,1900.53
DK2,2025-01-28 20:00:00+00:00,1813.86
DK2,2025-01-28 21:00:00+00:00,1707.25
DK2,2025-01-28 22:00:00+00:00,1628.74
DK2,2025-01-28 23:00:00+00:00,1627.1
DK2,2025-01-29 00:00:00+00:00,1616.37
DK2,2025-01-29 01:00:00+00:00,1602.33
DK2,2025-01-29 02:00:00+00:00,1561.49
DK2,2025-01-29 03:00:00+00:00,1506.17
DK2,2025-01-29 04:00:00+00:00,1550.38
DK2,2025-01-29 05:00:00+00:00,1761.02
DK2,2025-01-29 06:00:00+00:00,1972.41
DK2,2025-01-29 07:00:00+00:00,2065.25
DK2,2025-01-29 08:00:00+00:00,2098.79
DK2,2025-01-29 09:00:00+00:00,2144.59
DK2,2025-01-29 10:00:00+00:00,2121.97
DK2,2025-01-29 11:00:00+00:00,2133.25
DK2,2025-01-29 12:00:00+00:00,2085.84
DK2,2025-01-29 13:00:00+00:00,2050.22
DK2,2025-01-29 14:00:00+00:00,2036.71
DK2,2025-01-29 15:00:00+00:00,2092.65
DK2,2025-01-29 16:00:00+00:00,2194.51
DK2,2025-01-29 17:00:00+00:00,2168.37
DK2,2025-01-29 18:00:00+00:00,2059.96
DK2,2025-01-29 19:00:00+00:00,1935.41
DK2,2025-01-29 20:00:00+00:00,1785.8
DK2,2025-01-29 21:00:00+00:00,1696.38
DK2,2025-01-29 22:00:00+00:00,1643.8
DK2,2025-01-29 23:00:00+00:00,1698.42
DK2,2025-01-30 00:00:00+00:00,1649.36
DK2,2025-01-30 01:00:00+00:00,1571.54
DK2,2025-01-30 02:00:00+00:00,1579.56
DK2,2025-01-30 03:00:00+00:00,1521.63
DK2,2025-01-30 04:00:00+00:00,1544.42
DK2,2025-01-30 05:00:00+00:00,1762.01
DK2,2025-01-30 06:00:00+00:00,1949.16
DK2,2025-01-30 07:00:00+00:00,2034.58
DK2,2025-01-30 08:00:00+00:00,2090.66
DK2,2025-01-30 09:00:00+00:00,2145.9
DK2,2025-01-30 10:00:00+00:00,2140.94
DK2,2025-01-30 11:00:00+00:00,2099.88
DK2,2025-01-30 12:00:00+00:00,2035.08
DK2,2025-01-30 13:00:00+00:00,2055.6
DK2,2025-01-30 14:00:00+00:00,2021.36
DK2,2025-01-30 15:00:00+00:00,2074.78
DK2,2025-01-30 16:00:00+00:00,2209.31
DK2,2025-01-30 17:00:00+00:00,2171.09
DK2,2025-01-30 18:00:00+00:00,2008.2
DK2,2025-01-30 19:00:00+00:00,1918.27
DK2,2025-01-30 20:00:00+00:00,1812.66
DK2,2025-01-30 21:00:00+00:00,1719.37
DK2,2025-01-30 22:00:00+00:00,1629.16
DK2,2025-01-30 23:00:00+00:00,1648.4
DK2,2025-01-31 00:00:00+00:00,1647.03
DK2,2025-01-31 01:00:00+00:00,1627.09
DK2,2025-01-31 02:00:00+00:00,1595.11
DK2,2025-01-31 03:00:00+00:00,1595.12
DK2,2025-01-31 04:00:00+00:00,1657.65
DK2,2025-01-31 05:00:00+00:00,1832.12
DK2,2025-01-31 06:00:00+00:00,2046.12
DK2,2025-01-31 07:00:00+00:00,2143.21
DK2,2025-01-31 08:00:00+00:00,2158.5
DK2,2025-01-31 09:00:00+00:00,2168.35
DK2,2025-01-31 10:00:00+00:00,2177.07
DK2,2025-01-31 11:00:00+00:00,2153.64
DK2,2025-01-31 12:00:00+00:00,2116.62
DK2,2025-01-31 13:00:00+00:00,2092.32
DK2,2025-01-31 14:00:00+00:00,2052.01
DK2,2025-01-31 15:00:00+00:00,2097.2
DK2,2025-01-31 16:00:00+00:00,2210.72
DK2,2025-01-31 17:00:00+00:00,2157.92
DK2,2025-01-31 18:00:00+00:00,2041.22
DK2,2025-01-31 19:00:00+00:00,1920.68
DK2,2025-01-31 20:00:00+00:00,1841.91
DK2,2025-01-31 21:00:00+00:00,1750.01
DK2,2025-01-31 22:00:00+00:00,1672.62
DK2,2025-01-31 23:00:00+00:00,1664.1
DK2,2025-02-01 00:00:00+00:00,1650.03
DK2,2025-02-01 01:00:00+00:00,1624.5
DK2,2025-02-01 02:00:00+00:00,1599.32
DK2,2025-02-01 03:00:00+00:00,1526.57
DK2,2025-02-01 04:00:00+00:00,1502.4
DK2,2025-02-01 05:00:00+00:00,1499.27
DK2,2025-02-01 06:00:00+00:00,1591.34
DK2,2025-02-01 07:00:00+00:00,1706.67
DK2,2025-02-01 08:00:00+00:00,1824.72
DK2,2025-02-01 09:00:00+00:00,1907.32
DK2,2025-02-01 10:00:00+00:00,1929.22
DK2,2025-02-01 11:00:00+00:00,1938.72
DK2,2025-02-01 12:00:00+00:00,1952.12
DK2,2025-02-01 13:00:00+00:00,1914.13
DK2,2025-02-01 14:00:00+00:00,1908.65
DK2,2025-02-01 15:00:00+00:00,1929.55
DK2,2025-02-01 16:00:00+00:00,2054.6
DK2,2025-02-01 17:00:00+00:00,2044.06
DK2,2025-02-01 18:00:00+00:00,1937.57
DK2,2025-02-01 19:00:00+00:00,1842.03
DK2,2025-02-01 20:00:00+00:00,1792.23
DK2,2025-02-01 21:00:00+00:00,1665.53
DK2,2025-02-01 22:00:00+00:00,1636.7
DK2,2025-02-01 23:00:00+00:00,1684.79
DK2,2025-02-02 00:00:00+00:00,1684.89
DK2,2025-02-02 01:00:00+00:00,1670.84
DK2,2025-02-02 02:00:00+00:00,1648.05
DK2,2025-02-02 03:00:00+00:00,1588.93
DK2,2025-02-02 04:00:00+00:00,1515.33
DK2,2025-02-02 05:00:00+00:00,1585.08
DK2,2025-02-02 06:00:00+00:00,1644.29
DK2,2025-02-02 07:00:00+00:00,1747.3
DK2,2025-02-02 08:00:00+00:00,1865.31
DK2,2025-02-02 09:00:00+00:00,1965.3
DK2,2025-02-02 10:00:00+00:00,1997.77
DK2,2025-02-02 11:00:00+00:00,1998.26
DK2,2025-02-02 12:00:00+00:00,1993.93
DK2,2025-02-02 13:00:00+00:00,1969.87
DK2,2025-02-02 14:00:00+00:00,1960.77
DK2,2025-02-02 15:00:00+00:00,2024.84
DK2,2025-02-02 16:00:00+00:00,2163.05
DK2,2025-02-02 17:00:00+00:00,2059.28
DK2,2025-02-02 18:00:00+00:00,1942.29
DK2,2025-02-02 19:00:00+00:00,1874.71
DK2,2025-02-02 20:00:00+00:00,1812.34
DK2,2025-02-02 21:00:00+00:00,1700.61
DK2,2025-02-02 22:00:00+00:00,1608.66
DK2,2025-02-02 23:00:00+00:00,1640.61
DK2,2025-02-03 00:00:00+00:00,1662.06
DK2,2025-02-03 01:00:00+00:00,1669.5
DK2,2025-02-03 02:00:00+00:00,1642.75
DK2,2025-02-03 03:00:00+00:00,1599.09
DK2,2025-02-03 04:00:00+00:00,1637.6
DK2,2025-02-03 05:00:00+00:00,1847.48
DK2,2025-02-03 06:00:00+00:00,2092.86
DK2,2025-02-03 07:00:00+00:00,2207.0
DK2,2025-02-03 08:00:00+00:00,2226.23
DK2,2025-02-03 09:00:00+00:00,2218.57
DK2,2025-02-03 10:00:00+00:00,2222.31
DK2,2025-02-03 11:00:00+00:00,2152.66
DK2,2025-02-03 12:00:00+00:00,2110.1
DK2,2025-02-03 13:00:00+00:00,2061.32
DK2,2025-02-03 14:00:00+00:00,2052.16
DK2,2025-02-03 15:00:00+00:00,2105.98
DK2,2025-02-03 16:00:00+00:00,2286.65
DK2,2025-02-03 17:00:00+00:00,2247.75
DK2,2025-02-03 18:00:00+00:00,2122.88
DK2,2025-02-03 19:00:00+00:00,1995.48
DK2,2025-02-03 20:00:00+00:00,1900.53
DK2,2025-02-03 21:00:00+00:00,1791.47
DK2,2025-02-03 22:00:00+00:00,1692.78
DK2,2025-02-03 23:00:00+00:00,1690.23
DK2,2025-02-04 00:00:00+00:00,1735.15
DK2,2025-02-04 01:00:00+00:00,1732.18
DK2,2025-02-04 02:00:00+00:00,1667.45
DK2,2025-02-04 03:00:00+00:00,1613.07
DK2,2025-02-04 04:00:00+00:00,1650.54
DK2,2025-02-04 05:00:00+00:00,1852.88
DK2,2025-02-04 06:00:00+00:00,2068.27
DK2,2025-02-04 07:00:00+00:00,2143.01
DK2,2025-02-04 08:00:00+00:00,2170.63
DK2,2025-02-04 09:00:00+00:00,2181.56
DK2,2025-02-04 10:00:00+00:00,2162.67
DK2,2025-02-04 11:00:00+00:00,2159.11
DK2,2025-02-04 12:00:00+00:00,2127.35
DK2,2025-02-04 13:00:00+00:00,2091.77
DK2,2025-02-04 14:00:00+00:00,2090.51
DK2,2025-02-04 15:00:00+00:00,2139.9
DK2,2025-02-04 16:00:00+00:00,2256.17
DK2,2025-02-04 17:00:00+00:00,2261.15
DK2,2025-02-04 18:00:00+00:00,2124.51
DK2,2025-02-04 19:00:00+00:00,1992.8
DK2,2025-02-04 20:00:00+00:00,1888.14
DK2,2025-02-04 21:00:00+00:00,1778.46
DK2,2025-02-04 22:00:00+00:00,1708.26
DK2,2025-02-04 23:00:00+00:00,1831.36
DK2,2025-02-05 00:00:00+00:00,1762.43
DK2,2025-02-05 01:00:00+00:00,1683.46
DK2,2025-02-05 02:00:00+00:00,1593.23
DK2,2025-02-05 03:00:00+00:00,1516.71
DK2,2025-02-05 04:00:00+00:00,1584.09
DK2,2025-02-05 05:00:00+00:00,1778.49
DK2,2025-02-05 06:00:00+00:00,2000.67
DK2,2025-02-05 07:00:00+00:00,2091.3
DK2,2025-02-05 08:00:00+00:00,2110.5
DK2,2025-02-05 09:00:00+00:00,2157.05
DK2,2025-02-05 10:00:00+00:00,2137.92
DK2,2025-02-05 11:00:00+00:00,2076.62
DK2,2025-02-05 12:00:00+00:00,2048.18
DK2,2025-02-05 13:00:00+00:00,2012.53
DK2,2025-02-05 14:00:00+00:00,1986.78
DK2,2025-02-05 15:00:00+00:00,2010.21
DK2,2025-02-05 16:00:00+00:00,2162.15
DK2,2025-02-05 17:00:00+00:00,2151.55
DK2,2025-02-05 18:00:00+00:00,2034.2
DK2,2025-02-05 19:00:00+00:00,1918.37
DK2,2025-02-05 20:00:00+00:00,1804.27
DK2,2025-02-05 21:00:00+00:00,1726.35
DK2,2025-02-05 22:00:00+00:00,1632.63
DK2,2025-02-05 23:00:00+00:00,1650.42
DK2,2025-02-06 00:00:00+00:00,1633.13
DK2,2025-02-06 01:00:00+00:00,1638.52
DK2,2025-02-06 02:00:00+00:00,1577.32
DK2,2025-02-06 03:00:00+00:00,1561.15
DK2,2025-02-06 04:00:00+00:00,1611.26
DK2,2025-02-06 05:00:00+00:00,1837.47
DK2,2025-02-06 06:00:00+00:00,2044.91
DK2,2025-02-06 07:00:00+00:00,2116.41
DK2,2025-02-06 08:00:00+00:00,2145.67
DK2,2025-02-06 09:00:00+00:00,2152.4
DK2,2025-02-06 10:00:00+00:00,2154.21
DK2,2025-02-06 11:00:00+00:00,2109.73
DK2,2025-02-06 12:00:00+00:00,2063.43
DK2,2025-02-06 13:00:00+00:00,2032.25
DK2,2025-02-06 14:00:00+00:00,2001.03
DK2,2025-02-06 15:00:00+00:00,2029.93
DK2,2025-02-06 16:00:00+00:00,2191.76
DK2,2025-02-06 17:00:00+00:00,2192.26
DK2,2025-02-06 18:00:00+00:00,2078.44
DK2,2025-02-06 19:00:00+00:00,1990.48
DK2,2025-02-06 20:00:00+00:00,1916.34
DK2,2025-02-06 21:00:00+00:00,1810.42
DK2,2025-02-06 22:00:00+00:00,1719.33
DK2,2025-02-06 23:00:00+00:00,1721.53
DK2,2025-02-07 00:00:00+00:00,1709.52
DK2,2025-02-07 01:00:00+00:00,1712.03
DK2,2025-02-07 02:00:00+00:00,1670.39
DK2,2025-02-07 03:00:00+00:00,1643.92
DK2,2025-02-07 04:00:00+00:00,1668.92
DK2,2025-02-07 05:00:00+00:00,1836.57
DK2,2025-02-07 06:00:00+00:00,2050.96
DK2,2025-02-07 07:00:00+00:00,2159.53
DK2,2025-02-07 08:00:00+00:00,2198.82
DK2,2025-02-07 09:00:00+00:00,2227.51
DK2,2025-02-07 10:00:00+00:00,2202.08
DK2,2025-02-07 11:00:00+00:00,2179.39
DK2,2025-02-07 12:00:00+00:00,2154.01
DK2,2025-02-07 13:00:00+00:00,2101.33
DK2,2025-02-07 14:00:00+00:00,2092.92
DK2,2025-02-07 15:00:00+00:00,2122.33
DK2,2025-02-07 16:00:00+00:00,2219.02
DK2,2025-02-07 17:00:00+00:00,2191.18
DK2,2025-02-07 18:00:00+00:00,2037.58
DK2,2025-02-07 19:00:00+00:00,1938.39
DK2,2025-02-07 20:00:00+00:00,1830.08
DK2,2025-02-07 21:00:00+00:00,1752.4
DK2,2025-02-07 22:00:00+00:00,1724.75
DK2,2025-02-07 23:00:00+00:00,1753.15
DK2,2025-02-08 00:00:00+00:00,1750.94
DK2,2025-02-08 01:00:00+00:00,1768.58
DK2,2025-02-08 02:00:00+00:00,1746.21
DK2,2025-02-08 03:00:00+00:00,1694.13
DK2,2025-02-08 04:00:00+00:00,1603.41
DK2,2025-02-08 05:00:00+00:00,1611.76
DK2,2025-02-08 06:00:00+00:00,1692.89
DK2,2025-02-08 07:00:00+00:00,1812.22
DK2,2025-02-08 08:00:00+00:00,1903.54
DK2,2025-02-08 09:00:00+00:00,2015.83
DK2,2025-02-08 10:00:00+00:00,2068.0
DK2,2025-02-08 11:00:00+00:00,2067.06
DK2,2025-02-08 12:00:00+00:00,2042.19
DK2,2025-02-08 13:00:00+00:00,2025.26
DK2,2025-02-08 14:00:00+00:00,2003.49
DK2,2025-02-08 15:00:00+00:00,2018.34
DK2,2025-02-08 16:00:00+00:00,2108.12
DK2,2025-02-08 17:00:00+00:00,2111.11
DK2,2025-02-08 18:00:00+00:00,1967.78
DK2,2025-02-08 19:00:00+00:00,1876.0
DK2,2025-02-08 20:00:00+00:00,1797.64
DK2,2025-02-08 21:00:00+00:00,1712.37
DK2,2025-02-08 22:00:00+00:00,1639.19
DK2,2025-02-08 23:00:00+00:00,1639.84
DK2,2025-02-09 00:00:00+00:00,1602.95
DK2,2025-02-09 01:00:00+00:00,1586.2
DK2,2025-02-09 02:00:00+00:00,1555.4
DK2,2025-02-09 03:00:00+00:00,1521.6
DK2,2025-02-09 04:00:00+00:00,1478.58
DK2,2025-02-09 05:00:00+00:00,1501.09
DK2,2025-02-09 06:00:00+00:00,1582.54
DK2,2025-02-09 07:00:00+00:00,1694.52
DK2,2025-02-09 08:00:00+00:00,1808.96
DK2,2025-02-09 09:00:00+00:00,1903.24
DK2,2025-02-09 10:00:00+00:00,1950.52
DK2,2025-02-09 11:00:00+00:00,1978.28
DK2,2025-02-09 12:00:00+00:00,1973.91
DK2,2025-02-09 13:00:00+00:00,1964.9
DK2,2025-02-09 14:00:00+00:00,1982.29
DK2,2025-02-09 15:00:00+00:00,2014.97
DK2,2025-02-09 16:00:00+00:00,2153.52
DK2,2025-02-09 17:00:00+00:00,2160.04
DK2,2025-02-09 18:00:00+00:00,2043.7
DK2,2025-02-09 19:00:00+00:00,1947.03
DK2,2025-02-09 20:00:00+00:00,1863.08
DK2,2025-02-09 21:00:00+00:00,1751.27
DK2,2025-02-09 22:00:00+00:00,1694.21
DK2,2025-02-09 23:00:00+00:00,1748.44
DK2,2025-02-10 00:00:00+00:00,1709.09
DK2,2025-02-10 01:00:00+00:00,1748.18
DK2,2025-02-10 02:00:00+00:00,1687.99
DK2,2025-02-10 03:00:00+00:00,1625.53
DK2,2025-02-10 04:00:00+00:00,1663.44
DK2,2025-02-10 05:00:00+00:00,1832.19
DK2,2025-02-10 06:00:00+00:00,2040.56
DK2,2025-02-10 07:00:00+00:00,2139.4
DK2,2025-02-10 08:00:00+00:00,2196.31
DK2,2025-02-10 09:00:00+00:00,2245.76
DK2,2025-02-10 10:00:00+00:00,2241.42
DK2,2025-02-10 11:00:00+00:00,2251.91
DK2,2025-02-10 12:00:00+00:00,2217.32
DK2,2025-02-10 13:00:00+00:00,2242.55
DK2,2025-02-10 14:00:00+00:00,2209.55
DK2,2025-02-10 15:00:00+00:00,2226.31
DK2,2025-02-10 16:00:00+00:00,2325.85
DK2,2025-02-10 17:00:00+00:00,2335.35
DK2,2025-02-10 18:00:00+00:00,2196.81
DK2,2025-02-10 19:00:00+00:00,2067.04
DK2,2025-02-10 20:00:00+00:00,1990.33
DK2,2025-02-10 21:00:00+00:00,1877.91
DK2,2025-02-10 22:00:00+00:00,1783.49
DK2,2025-02-10 23:00:00+00:00,1785.64
DK2,2025-02-11 00:00:00+00:00,1805.73
DK2,2025-02-11 01:00:00+00:00,1800.23
DK2,2025-02-11 02:00:00+00:00,1708.85
DK2,2025-02-11 03:00:00+00:00,1639.77
DK2,2025-02-11 04:00:00+00:00,1686.42
DK2,2025-02-11 05:00:00+00:00,1886.15
DK2,2025-02-11 06:00:00+00:00,2073.98
DK2,2025-02-11 07:00:00+00:00,2167.17
DK2,2025-02-11 08:00:00+00:00,2240.03
DK2,2025-02-11 09:00:00+00:00,2267.63
DK2,2025-02-11 10:00:00+00:00,2257.07
DK2,2025-02-11 11:00:00+00:00,2257.31
DK2,2025-02-11 12:00:00+00:00,2231.74
DK2,2025-02-11 13:00:00+00:00,2178.67
DK2,2025-02-11 14:00:00+00:00,2139.67
DK2,2025-02-11 15:00:00+00:00,2199.13
DK2,2025-02-11 16:00:00+00:00,2314.24
DK2,2025-02-11 17:00:00+00:00,2355.11
DK2,2025-02-11 18:00:00+00:00,2185.69
DK2,2025-02-11 19:00:00+00:00,2064.37
DK2,2025-02-11 20:00:00+00:00,1985.49
DK2,2025-02-11 21:00:00+00:00,1879.05
DK2,2025-02-11 22:00:00+00:00,1813.38
DK2,2025-02-11 23:00:00+00:00,1805.44
DK2,2025-02-12 00:00:00+00:00,1696.83
DK2,2025-02-12 01:00:00+00:00,1789.86
DK2,2025-02-12 02:00:00+00:00,1749.11
DK2,2025-02-12 03:00:00+00:00,1700.25
DK2,2025-02-12 04:00:00+00:00,1737.37
DK2,2025-02-12 05:00:00+00:00,1889.73
DK2,2025-02-12 06:00:00+00:00,2099.36
DK2,2025-02-12 07:00:00+00:00,2197.24
DK2,2025-02-12 08:00:00+00:00,2266.82
DK2,2025-02-12 09:00:00+00:00,2283.8
DK2,2025-02-12 10:00:00+00:00,2302.05
DK2,2025-02-12 11:00:00+00:00,2303.16
DK2,2025-02-12 12:00:00+00:00,2272.73
DK2,2025-02-12 13:00:00+00:00,2228.77
DK2,2025-02-12 14:00:00+00:00,2185.1
DK2,2025-02-12 15:00:00+00:00,2224.69
DK2,2025-02-12 16:00:00+00:00,2363.57
DK2,2025-02-12 17:00:00+00:00,2342.28
DK2,2025-02-12 18:00:00+00:00,2187.53
DK2,2025-02-12 19:00:00+00:00,2063.98
DK2,2025-02-12 20:00:00+00:00,1951.99
DK2,2025-02-12 21:00:00+00:00,1871.92
DK2,2025-02-12 22:00:00+00:00,1792.61
DK2,2025-02-12 23:00:00+00:00,1814.22
DK2,2025-02-13 00:00:00+00:00,1807.38
DK2,2025-02-13 01:00:00+00:00,1757.83
DK2,2025-02-13 02:00:00+00:00,1714.89
DK2,2025-02-13 03:00:00+00:00,1706.53
DK2,2025-02-13 04:00:00+00:00,1725.19
DK2,2025-02-13 05:00:00+00:00,1900.99
DK2,2025-02-13 06:00:00+00:00,2112.17
DK2,2025-02-13 07:00:00+00:00,2227.59
DK2,2025-02-13 08:00:00+00:00,2291.95
DK2,2025-02-13 09:00:00+00:00,2314.62
DK2,2025-02-13 10:00:00+00:00,2276.29
DK2,2025-02-13 11:00:00+00:00,2312.44
DK2,2025-02-13 12:00:00+00:00,2267.73
DK2,2025-02-13 13:00:00+00:00,2268.75
DK2,2025-02-13 14:00:00+00:00,2249.17
DK2,2025-02-13 15:00:00+00:00,2319.8
DK2,2025-02-13 16:00:00+00:00,2392.7
DK2,2025-02-13 17:00:00+00:00,2353.57
DK2,2025-02-13 18:00:00+00:00,2236.15
DK2,2025-02-13 19:00:00+00:00,2118.68
DK2,2025-02-13 20:00:00+00:00,2028.94
DK2,2025-02-13 21:00:00+00:00,1906.44
DK2,2025-02-13 22:00:00+00:00,1816.2
DK2,2025-02-13 23:00:00+00:00,1876.92
DK2,2025-02-14 00:00:00+00:00,1854.48
DK2,2025-02-14 01:00:00+00:00,1828.84
DK2,2025-02-14 02:00:00+00:00,1790.82
DK2,2025-02-14 03:00:00+00:00,1744.2
DK2,2025-02-14 04:00:00+00:00,1756.66
DK2,2025-02-14 05:00:00+00:00,1915.58
DK2,2025-02-14 06:00:00+00:00,2129.18
DK2,2025-02-14 07:00:00+00:00,2246.52
DK2,2025-02-14 08:00:00+00:00,2282.0
DK2,2025-02-14 09:00:00+00:00,2251.94
DK2,2025-02-14 10:00:00+00:00,2225.14
DK2,2025-02-14 11:00:00+00:00,2181.77
DK2,2025-02-14 12:00:00+00:00,2122.24
DK2,2025-02-14 13:00:00+00:00,2083.06
DK2,2025-02-14 14:00:00+00:00,2061.44
DK2,2025-02-14 15:00:00+00:00,2113.21
DK2,2025-02-14 16:00:00+00:00,2221.63
DK2,2025-02-14 17:00:00+00:00,2269.97
DK2,2025-02-14 18:00:00+00:00,2116.73
DK2,2025-02-14 19:00:00+00:00,2023.93
DK2,2025-02-14 20:00:00+00:00,1930.61
DK2,2025-02-14 21:00:00+00:00,1859.6
DK2,2025-02-14 22:00:00+00:00,1780.87
DK2,2025-02-14 23:00:00+00:00,1780.66
DK2,2025-02-15 00:00:00+00:00,1773.01
DK2,2025-02-15 01:00:00+00:00,1760.6
DK2,2025-02-15 02:00:00+00:00,1729.37
DK2,2025-02-15 03:00:00+00:00,1681.74
DK2,2025-02-15 04:00:00+00:00,1628.98
DK2,2025-02-15 05:00:00+00:00,1641.3
DK2,2025-02-15 06:00:00+00:00,1752.97
DK2,2025-02-15 07:00:00+00:00,1856.66
DK2,2025-02-15 08:00:00+00:00,1953.97
DK2,2025-02-15 09:00:00+00:00,2031.94
DK2,2025-02-15 10:00:00+00:00,2119.23
DK2,2025-02-15 11:00:00+00:00,2126.36
DK2,2025-02-15 12:00:00+00:00,2092.03
DK2,2025-02-15 13:00:00+00:00,2095.21
DK2,2025-02-15 14:00:00+00:00,2062.31
DK2,2025-02-15 15:00:00+00:00,2080.23
DK2,2025-02-15 16:00:00+00:00,2216.58
DK2,2025-02-15 17:00:00+00:00,2247.96
DK2,2025-02-15 18:00:00+00:00,2124.48
DK2,2025-02-15 19:00:00+00:00,2034.84
DK2,2025-02-15 20:00:00+00:00,1963.94
DK2,2025-02-15 21:00:00+00:00,1883.03
DK2,2025-02-15 22:00:00+00:00,1866.09
DK2,2025-02-15 23:00:00+00:00,1898.54
DK2,2025-02-16 00:00:00+00:00,1894.93
DK2,2025-02-16 01:00:00+00:00,1891.91
DK2,2025-02-16 02:00:00+00:00,1869.53
DK2,2025-02-16 03:00:00+00:00,1811.02
DK2,2025-02-16 04:00:00+00:00,1762.7
DK2,2025-02-16 05:00:00+00:00,1817.47
DK2,2025-02-16 06:00:00+00:00,1902.31
DK2,2025-02-16 07:00:00+00:00,2007.22
DK2,2025-02-16 08:00:00+00:00,2103.91
DK2,2025-02-16 09:00:00+00:00,2178.39
DK2,2025-02-16 10:00:00+00:00,2176.61
DK2,2025-02-16 11:00:00+00:00,2180.6
DK2,2025-02-16 12:00:00+00:00,2132.08
DK2,2025-02-16 13:00:00+00:00,2082.28
DK2,2025-02-16 14:00:00+00:00,2058.05
DK2,2025-02-16 15:00:00+00:00,2103.49
DK2,2025-02-16 16:00:00+00:00,2288.99
DK2,2025-02-16 17:00:00+00:00,2364.97
DK2,2025-02-16 18:00:00+00:00,2232.9
DK2,2025-02-16 19:00:00+00:00,2125.14
DK2,2025-02-16 20:00:00+00:00,2045.87
DK2,2025-02-16 21:00:00+00:00,1962.71
DK2,2025-02-16 22:00:00+00:00,1888.57
DK2,2025-02-16 23:00:00+00:00,1962.69
DK2,2025-02-17 00:00:00+00:00,1997.51
DK2,2025-02-17 01:00:00+00:00,1934.59
DK2,2025-02-17 02:00:00+00:00,1871.57
DK2,2025-02-17 03:00:00+00:00,1817.34
DK2,2025-02-17 04:00:00+00:00,1842.98
DK2,2025-02-17 05:00:00+00:00,2099.84
DK2,2025-02-17 06:00:00+00:00,2327.55
DK2,2025-02-17 07:00:00+00:00,2408.21
DK2,2025-02-17 08:00:00+00:00,2421.59
DK2,2025-02-17 09:00:00+00:00,2404.91
DK2,2025-02-17 10:00:00+00:00,2388.32
DK2,2025-02-17 11:00:00+00:00,2330.34
DK2,2025-02-17 12:00:00+00:00,2261.8
DK2,2025-02-17 13:00:00+00:00,2178.06
DK2,2025-02-17 14:00:00+00:00,2134.56
DK2,2025-02-17 15:00:00+00:00,2184.2
DK2,2025-02-17 16:00:00+00:00,2324.92
DK2,2025-02-17 17:00:00+00:00,2382.07
DK2,2025-02-17 18:00:00+00:00,2245.61
DK2,2025-02-17 19:00:00+00:00,2134.34
DK2,2025-02-17 20:00:00+00:00,2026.67
DK2,2025-02-17 21:00:00+00:00,1935.1
DK2,2025-02-17 22:00:00+00:00,1851.17
DK2,2025-02-17 23:00:00+00:00,1838.73
DK2,2025-02-18 00:00:00+00:00,1851.11
DK2,2025-02-18 01:00:00+00:00,1850.34
DK2,2025-02-18 02:00:00+00:00,1864.02
DK2,2025-02-18 03:00:00+00:00,1807.76
DK2,2025-02-18 04:00:00+00:00,1863.3
DK2,2025-02-18 05:00:00+00:00,2024.99
DK2,2025-02-18 06:00:00+00:00,2251.23
DK2,2025-02-18 07:00:00+00:00,2374.72
DK2,2025-02-18 08:00:00+00:00,2371.12
DK2,2025-02-18 09:00:00+00:00,2295.24
DK2,2025-02-18 10:00:00+00:00,2254.72
DK2,2025-02-18 11:00:00+00:00,2232.79
DK2,2025-02-18 12:00:00+00:00,2189.44
DK2,2025-02-18 13:00:00+00:00,2114.14
DK2,2025-02-18 14:00:00+00:00,2058.61
DK2,2025-02-18 15:00:00+00:00,2095.9
DK2,2025-02-18 16:00:00+00:00,2259.51
DK2,2025-02-18 17:00:00+00:00,2347.66
DK2,2025-02-18 18:00:00+00:00,2220.09
DK2,2025-02-18 19:00:00+00:00,2114.93
DK2,2025-02-18 20:00:00+00:00,2007.15
DK2,2025-02-18 21:00:00+00:00,1886.83
DK2,2025-02-18 22:00:00+00:00,1840.58
DK2,2025-02-18 23:00:00+00:00,1847.33
DK2,2025-02-19 00:00:00+00:00,1843.03
DK2,2025-02-19 01:00:00+00:00,1794.8
DK2,2025-02-19 02:00:00+00:00,1813.3
DK2,2025-02-19 03:00:00+00:00,1777.62
DK2,2025-02-19 04:00:00+00:00,1834.03
DK2,2025-02-19 05:00:00+00:00,2045.04
DK2,2025-02-19 06:00:00+00:00,2258.82
DK2,2025-02-19 07:00:00+00:00,2375.95
DK2,2025-02-19 08:00:00+00:00,2415.46
DK2,2025-02-19 09:00:00+00:00,2368.27
DK2,2025-02-19 10:00:00+00:00,2320.23
DK2,2025-02-19 11:00:00+00:00,2250.85
DK2,2025-02-19 12:00:00+00:00,2181.32
DK2,2025-02-19 13:00:00+00:00,2121.98
DK2,2025-02-19 14:00:00+00:00,2046.57
DK2,2025-02-19 15:00:00+00:00,2112.86
DK2,2025-02-19 16:00:00+00:00,2293.87
DK2,2025-02-19 17:00:00+00:00,2356.06
DK2,2025-02-19 18:00:00+00:00,2224.57
DK2,2025-02-19 19:00:00+00:00,2098.9
DK2,2025-02-19 20:00:00+00:00,2002.59
DK2,2025-02-19 21:00:00+00:00,1894.29
DK2,2025-02-19 22:00:00+00:00,1829.78
DK2,2025-02-19 23:00:00+00:00,1887.94
DK2,2025-02-20 00:00:00+00:00,1830.45
DK2,2025-02-20 01:00:00+00:00,1838.48
DK2,2025-02-20 02:00:00+00:00,1814.07
DK2,2025-02-20 03:00:00+00:00,1792.53
DK2,2025-02-20 04:00:00+00:00,1823.23
DK2,2025-02-20 05:00:00+00:00,1982.59
DK2,2025-02-20 06:00:00+00:00,2207.73
DK2,2025-02-20 07:00:00+00:00,2276.6
DK2,2025-02-20 08:00:00+00:00,2289.61
DK2,2025-02-20 09:00:00+00:00,2306.36
DK2,2025-02-20 10:00:00+00:00,2276.49
DK2,2025-02-20 11:00:00+00:00,2255.19
DK2,2025-02-20 12:00:00+00:00,2196.4
DK2,2025-02-20 13:00:00+00:00,2136.03
DK2,2025-02-20 14:00:00+00:00,2116.37
DK2,2025-02-20 15:00:00+00:00,2166.69
DK2,2025-02-20 16:00:00+00:00,2310.17
DK2,2025-02-20 17:00:00+00:00,2336.3
DK2,2025-02-20 18:00:00+00:00,2188.45
DK2,2025-02-20 19:00:00+00:00,2081.06
DK2,2025-02-20 20:00:00+00:00,1977.37
DK2,2025-02-20 21:00:00+00:00,1909.18
DK2,2025-02-20 22:00:00+00:00,1856.67
DK2,2025-02-20 23:00:00+00:00,1956.06
DK2,2025-02-21 00:00:00+00:00,1912.36
DK2,2025-02-21 01:00:00+00:00,1793.84
DK2,2025-02-21 02:00:00+00:00,1735.55
DK2,2025-02-21 03:00:00+00:00,1654.67
DK2,2025-02-21 04:00:00+00:00,1692.94
DK2,2025-02-21 05:00:00+00:00,1873.54
DK2,2025-02-21 06:00:00+00:00,2057.42
DK2,2025-02-21 07:00:00+00:00,2158.14
DK2,2025-02-21 08:00:00+00:00,2207.88
DK2,2025-02-21 09:00:00+00:00,2262.21
DK2,2025-02-21 10:00:00+00:00,2233.75
DK2,2025-02-21 11:00:00+00:00,2185.09
DK2,2025-02-21 12:00:00+00:00,2174.86
DK2,2025-02-21 13:00:00+00:00,2143.87
DK2,2025-02-21 14:00:00+00:00,2104.16
DK2,2025-02-21 15:00:00+00:00,2125.95
DK2,2025-02-21 16:00:00+00:00,2237.67
DK2,2025-02-21 17:00:00+00:00,2220.61
DK2,2025-02-21 18:00:00+00:00,2094.57
DK2,2025-02-21 19:00:00+00:00,1965.16
DK2,2025-02-21 20:00:00+00:00,1858.04
DK2,2025-02-21 21:00:00+00:00,1737.45
DK2,2025-02-21 22:00:00+00:00,1685.91
DK2,2025-02-21 23:00:00+00:00,1762.6
DK2,2025-02-22 00:00:00+00:00,1706.72
DK2,2025-02-22 01:00:00+00:00,1663.57
DK2,2025-02-22 02:00:00+00:00,1596.05
DK2,2025-02-22 03:00:00+00:00,1529.12
DK2,2025-02-22 04:00:00+00:00,1484.75
DK2,2025-02-22 05:00:00+00:00,1516.36
DK2,2025-02-22 06:00:00+00:00,1659.66
DK2,2025-02-22 07:00:00+00:00,1765.12
DK2,2025-02-22 08:00:00+00:00,1826.99
DK2,2025-02-22 09:00:00+00:00,1915.89
DK2,2025-02-22 10:00:00+00:00,1918.3
DK2,2025-02-22 11:00:00+00:00,1867.48
DK2,2025-02-22 12:00:00+00:00,1855.25
DK2,2025-02-22 13:00:00+00:00,1861.17
DK2,2025-02-22 14:00:00+00:00,1833.29
DK2,2025-02-22 15:00:00+00:00,1865.64
DK2,2025-02-22 16:00:00+00:00,1967.13
DK2,2025-02-22 17:00:00+00:00,1976.02
DK2,2025-02-22 18:00:00+00:00,1883.41
DK2,2025-02-22 19:00:00+00:00,1752.95
DK2,2025-02-22 20:00:00+00:00,1712.65
DK2,2025-02-22 21:00:00+00:00,1644.66
DK2,2025-02-22 22:00:00+00:00,1541.35
DK2,2025-02-22 23:00:00+00:00,1522.24
DK2,2025-02-23 00:00:00+00:00,1534.32
DK2,2025-02-23 01:00:00+00:00,1477.2
DK2,2025-02-23 02:00:00+00:00,1430.21
DK2,2025-02-23 03:00:00+00:00,1363.12
DK2,2025-02-23 04:00:00+00:00,1335.17
DK2,2025-02-23 05:00:00+00:00,1366.6
DK2,2025-02-23 06:00:00+00:00,1465.64
DK2,2025-02-23 07:00:00+00:00,1592.19
DK2,2025-02-23 08:00:00+00:00,1712.57
DK2,2025-02-23 09:00:00+00:00,1796.51
DK2,2025-02-23 10:00:00+00:00,1850.02
DK2,2025-02-23 11:00:00+00:00,1860.31
DK2,2025-02-23 12:00:00+00:00,1813.05
DK2,2025-02-23 13:00:00+00:00,1768.55
DK2,2025-02-23 14:00:00+00:00,1748.03
DK2,2025-02-23 15:00:00+00:00,1804.91
DK2,2025-02-23 16:00:00+00:00,1959.12
DK2,2025-02-23 17:00:00+00:00,1999.34
DK2,2025-02-23 18:00:00+00:00,1858.28
DK2,2025-02-23 19:00:00+00:00,1765.37
DK2,2025-02-23 20:00:00+00:00,1687.57
DK2,2025-02-23 21:00:00+00:00,1573.74
DK2,2025-02-23 22:00:00+00:00,1523.37
DK2,2025-02-23 23:00:00+00:00,1534.12
DK2,2025-02-24 00:00:00+00:00,1612.2
DK2,2025-02-24 01:00:00+00:00,1632.88
DK2,2025-02-24 02:00:00+00:00,1614.73
DK2,2025-02-24 03:00:00+00:00,1581.71
DK2,2025-02-24 04:00:00+00:00,1589.13
DK2,2025-02-24 05:00:00+00:00,1733.24
DK2,2025-02-24 06:00:00+00:00,1907.04
DK2,2025-02-24 07:00:00+00:00,2025.28
DK2,2025-02-24 08:00:00+00:00,2030.76
DK2,2025-02-24 09:00:00+00:00,2074.82
DK2,2025-02-24 10:00:00+00:00,2056.26
DK2,2025-02-24 11:00:00+00:00,2058.14
DK2,2025-02-24 12:00:00+00:00,2020.11
DK2,2025-02-24 13:00:00+00:00,1999.82
DK2,2025-02-24 14:00:00+00:00,1988.44
DK2,2025-02-24 15:00:00+00:00,2060.23
DK2,2025-02-24 16:00:00+00:00,2155.21
DK2,2025-02-24 17:00:00+00:00,2146.09
DK2,2025-02-24 18:00:00+00:00,1975.48
DK2,2025-02-24 19:00:00+00:00,1885.42
DK2,2025-02-24 20:00:00+00:00,1837.3
DK2,2025-02-24 21:00:00+00:00,1742.25
DK2,2025-02-24 22:00:00+00:00,1572.84
DK2,2025-02-24 23:00:00+00:00,1617.71
DK2,2025-02-25 00:00:00+00:00,1530.53
DK2,2025-02-25 01:00:00+00:00,1443.62
DK2,2025-02-25 02:00:00+00:00,1390.32
DK2,2025-02-25 03:00:00+00:00,1358.27
DK2,2025-02-25 04:00:00+00:00,1445.68
DK2,2025-02-25 05:00:00+00:00,1667.16
DK2,2025-02-25 06:00:00+00:00,1893.24
DK2,2025-02-25 07:00:00+00:00,1986.85
DK2,2025-02-25 08:00:00+00:00,1977.53
DK2,2025-02-25 09:00:00+00:00,2056.0
DK2,2025-02-25 10:00:00+00:00,2049.07
DK2,2025-02-25 11:00:00+00:00,2049.72
DK2,2025-02-25 12:00:00+00:00,2031.34
DK2,2025-02-25 13:00:00+00:00,1978.79
DK2,2025-02-25 14:00:00+00:00,1962.99
DK2,2025-02-25 15:00:00+00:00,1985.99
DK2,2025-02-25 16:00:00+00:00,2098.86
DK2,2025-02-25 17:00:00+00:00,2116.46
DK2,2025-02-25 18:00:00+00:00,1990.68
DK2,2025-02-25 19:00:00+00:00,1878.79
DK2,2025-02-25 20:00:00+00:00,1762.53
DK2,2025-02-25 21:00:00+00:00,1661.96
DK2,2025-02-25 22:00:00+00:00,1581.13
DK2,2025-02-25 23:00:00+00:00,1585.99
DK2,2025-02-26 00:00:00+00:00,1558.92
DK2,2025-02-26 01:00:00+00:00,1561.69
DK2,2025-02-26 02:00:00+00:00,1515.77
DK2,2025-02-26 03:00:00+00:00,1458.49
DK2,2025-02-26 04:00:00+00:00,1516.95
DK2,2025-02-26 05:00:00+00:00,1721.51
DK2,2025-02-26 06:00:00+00:00,1922.93
DK2,2025-02-26 07:00:00+00:00,2015.62
DK2,2025-02-26 08:00:00+00:00,2060.48
DK2,2025-02-26 09:00:00+00:00,2083.42
DK2,2025-02-26 10:00:00+00:00,2059.27
DK2,2025-02-26 11:00:00+00:00,2081.28
DK2,2025-02-26 12:00:00+00:00,2068.6
DK2,2025-02-26 13:00:00+00:00,2054.03
DK2,2025-02-26 14:00:00+00:00,1995.44
DK2,2025-02-26 15:00:00+00:00,2055.13
DK2,2025-02-26 16:00:00+00:00,2133.64
DK2,2025-02-26 17:00:00+00:00,2159.03
DK2,2025-02-26 18:00:00+00:00,2029.59
DK2,2025-02-26 19:00:00+00:00,1910.65
DK2,2025-02-26 20:00:00+00:00,1807.49
DK2,2025-02-26 21:00:00+00:00,1666.4
DK2,2025-02-26 22:00:00+00:00,1600.72
DK2,2025-02-26 23:00:00+00:00,1669.28
DK2,2025-02-27 00:00:00+00:00,1611.93
DK2,2025-02-27 01:00:00+00:00,1597.27
DK2,2025-02-27 02:00:00+00:00,1558.34
DK2,2025-02-27 03:00:00+00:00,1512.35
DK2,2025-02-27 04:00:00+00:00,1540.53
DK2,2025-02-27 05:00:00+00:00,1749.22
DK2,2025-02-27 06:00:00+00:00,1931.68
DK2,2025-02-27 07:00:00+00:00,2050.68
DK2,2025-02-27 08:00:00+00:00,2090.95
DK2,2025-02-27 09:00:00+00:00,2127.16
DK2,2025-02-27 10:00:00+00:00,2125.95
DK2,2025-02-27 11:00:00+00:00,2133.21
DK2,2025-02-27 12:00:00+00:00,2083.45
DK2,2025-02-27 13:00:00+00:00,2054.92
DK2,2025-02-27 14:00:00+00:00,2027.86
DK2,2025-02-27 15:00:00+00:00,2038.46
DK2,2025-02-27 16:00:00+00:00,2132.71
DK2,2025-02-27 17:00:00+00:00,2146.68
DK2,2025-02-27 18:00:00+00:00,2020.97
DK2,2025-02-27 19:00:00+00:00,1912.95
DK2,2025-02-27 20:00:00+00:00,1817.25
DK2,2025-02-27 21:00:00+00:00,1706.65
DK2,2025-02-27 22:00:00+00:00,1617.15
DK2,2025-02-27 23:00:00+00:00,1635.43
DK2,2025-02-28 00:00:00+00:00,1665.36
DK2,2025-02-28 01:00:00+00:00,1642.43
DK2,2025-02-28 02:00:00+00:00,1596.35
DK2,2025-02-28 03:00:00+00:00,1507.62
DK2,2025-02-28 04:00:00+00:00,1556.51
DK2,2025-02-28 05:00:00+00:00,1761.8
DK2,2025-02-28 06:00:00+00:00,1955.28
DK2,2025-02-28 07:00:00+00:00,2068.92
DK2,2025-02-28 08:00:00+00:00,2102.11
DK2,2025-02-28 09:00:00+00:00,2149.12
DK2,2025-02-28 10:00:00+00:00,2109.17
DK2,2025-02-28 11:00:00+00:00,2084.56
DK2,2025-02-28 12:00:00+00:00,2048.91
DK2,2025-02-28 13:00:00+00:00,2024.56
DK2,2025-02-28 14:00:00+00:00,1956.82
DK2,2025-02-28 15:00:00+00:00,1993.4
DK2,2025-02-28 16:00:00+00:00,2097.24
DK2,2025-02-28 17:00:00+00:00,2115.9
DK2,2025-02-28 18:00:00+00:00,1996.59
DK2,2025-02-28 19:00:00+00:00,1902.62
DK2,2025-02-28 21:00:00+00:00,1675.73
DK2,2025-02-28 22:00:00+00:00,1638.67
DK2,2025-02-28 23:00:00+00:00,1633.4
DK2,2025-03-01 00:00:00+00:00,1649.61
DK2,2025-03-01 01:00:00+00:00,1631.42
DK2,2025-03-01 02:00:00+00:00,1602.45
DK2,2025-03-01 03:00:00+00:00,1554.27
DK2,2025-03-01 04:00:00+00:00,1509.51
DK2,2025-03-01 05:00:00+00:00,1521.14
DK2,2025-03-01 06:00:00+00:00,1623.76
DK2,2025-03-01 07:00:00+00:00,1764.1
DK2,2025-03-01 08:00:00+00:00,1865.81
DK2,2025-03-01 09:00:00+00:00,1924.21
DK2,2025-03-01 10:00:00+00:00,1924.52
DK2,2025-03-01 11:00:00+00:00,1920.43
DK2,2025-03-01 12:00:00+00:00,1910.46
DK2,2025-03-01 13:00:00+00:00,1971.46
DK2,2025-03-01 14:00:00+00:00,1917.2
DK2,2025-03-01 15:00:00+00:00,1872.12
DK2,2025-03-01 16:00:00+00:00,1944.16
DK2,2025-03-01 17:00:00+00:00,1992.82
DK2,2025-03-01 18:00:00+00:00,1912.16
DK2,2025-03-01 19:00:00+00:00,1797.83
DK2,2025-03-01 20:00:00+00:00,1742.6
DK2,2025-03-01 21:00:00+00:00,1684.76
DK2,2025-03-01 22:00:00+00:00,1609.87
DK2,2025-03-01 23:00:00+00:00,1586.82
DK2,2025-03-02 00:00:00+00:00,1599.25
DK2,2025-03-02 01:00:00+00:00,1674.16
DK2,2025-03-02 02:00:00+00:00,1693.77
DK2,2025-03-02 03:00:00+00:00,1676.23
DK2,2025-03-02 04:00:00+00:00,1549.25
DK2,2025-03-02 05:00:00+00:00,1459.28
DK2,2025-03-02 06:00:00+00:00,1527.09
DK2,2025-03-02 07:00:00+00:00,1631.04
DK2,2025-03-02 08:00:00+00:00,1733.21
DK2,2025-03-02 09:00:00+00:00,1958.1
DK2,2025-03-02 10:00:00+00:00,2061.32
DK2,2025-03-02 11:00:00+00:00,2093.85
DK2,2025-03-02 12:00:00+00:00,1983.16
DK2,2025-03-02 13:00:00+00:00,2007.9
DK2,2025-03-02 14:00:00+00:00,1950.5
DK2,2025-03-02 15:00:00+00:00,1859.85
DK2,2025-03-02 16:00:00+00:00,1942.23
DK2,2025-03-02 17:00:00+00:00,1976.05
DK2,2025-03-02 18:00:00+00:00,1875.73
DK2,2025-03-02 19:00:00+00:00,1756.74
DK2,2025-03-02 20:00:00+00:00,1698.6
DK2,2025-03-02 21:00:00+00:00,1661.19
DK2,2025-03-02 22:00:00+00:00,1645.25
DK2,2025-03-02 23:00:00+00:00,1684.01
DK2,2025-03-03 00:00:00+00:00,1668.99
DK2,2025-03-03 01:00:00+00:00,1656.23
DK2,2025-03-03 02:00:00+00:00,1686.11
DK2,2025-03-03 03:00:00+00:00,1636.08
DK2,2025-03-03 04:00:00+00:00,1688.83
DK2,2025-03-03 05:00:00+00:00,1817.76
DK2,2025-03-03 06:00:00+00:00,1970.99
DK2,2025-03-03 07:00:00+00:00,2056.75
DK2,2025-03-03 08:00:00+00:00,2214.37
DK2,2025-03-03 09:00:00+00:00,2356.54
DK2,2025-03-03 10:00:00+00:00,2324.88
DK2,2025-03-03 11:00:00+00:00,2176.79
DK2,2025-03-03 12:00:00+00:00,2179.6
DK2,2025-03-03 13:00:00+00:00,2113.55
DK2,2025-03-03 14:00:00+00:00,2042.47
DK2,2025-03-03 15:00:00+00:00,2013.92
DK2,2025-03-03 16:00:00+00:00,2107.95
DK2,2025-03-03 17:00:00+00:00,2091.33
DK2,2025-03-03 18:00:00+00:00,1964.35
DK2,2025-03-03 19:00:00+00:00,1864.55
DK2,2025-03-03 20:00:00+00:00,1745.79
DK2,2025-03-03 21:00:00+00:00,1701.84
DK2,2025-03-03 22:00:00+00:00,1639.5
DK2,2025-03-03 23:00:00+00:00,1602.98
DK2,2025-03-04 00:00:00+00:00,1600.85
DK2,2025-03-04 01:00:00+00:00,1655.43
DK2,2025-03-04 02:00:00+00:00,1668.28
DK2,2025-03-04 03:00:00+00:00,1632.35
DK2,2025-03-04 04:00:00+00:00,1602.81
DK2,2025-03-04 05:00:00+00:00,1795.87
DK2,2025-03-04 06:00:00+00:00,1881.59
DK2,2025-03-04 07:00:00+00:00,1990.94
DK2,2025-03-04 08:00:00+00:00,2051.83
DK2,2025-03-04 09:00:00+00:00,2121.68
DK2,2025-03-04 10:00:00+00:00,2157.32
DK2,2025-03-04 11:00:00+00:00,2153.88
DK2,2025-03-04 12:00:00+00:00,2100.68
DK2,2025-03-04 13:00:00+00:00,2078.36
DK2,2025-03-04 14:00:00+00:00,2021.09
DK2,2025-03-04 15:00:00+00:00,2004.74
DK2,2025-03-04 16:00:00+00:00,2087.36
DK2,2025-03-04 17:00:00+00:00,2122.82
DK2,2025-03-04 18:00:00+00:00,2028.33
DK2,2025-03-04 19:00:00+00:00,1967.31
DK2,2025-03-04 20:00:00+00:00,1904.83
DK2,2025-03-04 21:00:00+00:00,1765.11
DK2,2025-03-04 22:00:00+00:00,1664.13
DK2,2025-03-04 23:00:00+00:00,1762.31
DK2,2025-03-05 00:00:00+00:00,1768.39
DK2,2025-03-05 01:00:00+00:00,1710.26
DK2,2025-03-05 02:00:00+00:00,1632.07
DK2,2025-03-05 03:00:00+00:00,1576.01
DK2,2025-03-05 04:00:00+00:00,1655.5
DK2,2025-03-05 05:00:00+00:00,1824.87
DK2,2025-03-05 06:00:00+00:00,2017.7
DK2,2025-03-05 07:00:00+00:00,2132.97
DK2,2025-03-05 08:00:00+00:00,2224.45
DK2,2025-03-05 09:00:00+00:00,2176.22
DK2,2025-03-05 10:00:00+00:00,2163.66
DK2,2025-03-05 11:00:00+00:00,2133.06
DK2,2025-03-05 12:00:00+00:00,2081.87
DK2,2025-03-05 13:00:00+00:00,2044.17
DK2,2025-03-05 14:00:00+00:00,2063.74
DK2,2025-03-05 15:00:00+00:00,2050.77
DK2,2025-03-05 16:00:00+00:00,2106.88
DK2,2025-03-05 17:00:00+00:00,2138.74
DK2,2025-03-05 18:00:00+00:00,2028.95
DK2,2025-03-05 19:00:00+00:00,1967.32
DK2,2025-03-05 20:00:00+00:00,1921.33
DK2,2025-03-05 21:00:00+00:00,1782.24
DK2,2025-03-05 22:00:00+00:00,1671.63
DK2,2025-03-05 23:00:00+00:00,1765.4
DK2,2025-03-06 00:00:00+00:00,1749.63
DK2,2025-03-06 01:00:00+00:00,1610.75
DK2,2025-03-06 02:00:00+00:00,1552.05
DK2,2025-03-06 03:00:00+00:00,1520.87
DK2,2025-03-06 04:00:00+00:00,1532.78
DK2,2025-03-06 05:00:00+00:00,1732.31
DK2,2025-03-06 06:00:00+00:00,1896.33
DK2,2025-03-06 07:00:00+00:00,1982.52
DK2,2025-03-06 08:00:00+00:00,2017.64
DK2,2025-03-06 09:00:00+00:00,1992.64
DK2,2025-03-06 10:00:00+00:00,2066.81
DK2,2025-03-06 11:00:00+00:00,2056.41
DK2,2025-03-06 12:00:00+00:00,1958.73
DK2,2025-03-06 13:00:00+00:00,1864.07
DK2,2025-03-06 14:00:00+00:00,1772.62
DK2,2025-03-06 15:00:00+00:00,1837.01
DK2,2025-03-06 16:00:00+00:00,1934.39
DK2,2025-03-06 17:00:00+00:00,1951.62
DK2,2025-03-06 18:00:00+00:00,1872.58
DK2,2025-03-06 19:00:00+00:00,1766.21
DK2,2025-03-06 20:00:00+00:00,1671.1
DK2,2025-03-06 21:00:00+00:00,1585.15
DK2,2025-03-06 22:00:00+00:00,1511.37
DK2,2025-03-06 23:00:00+00:00,1580.86
DK2,2025-03-07 00:00:00+00:00,1527.58
DK2,2025-03-07 01:00:00+00:00,1461.42
DK2,2025-03-07 02:00:00+00:00,1401.72
DK2,2025-03-07 03:00:00+00:00,1393.62
DK2,2025-03-07 04:00:00+00:00,1472.21
DK2,2025-03-07 05:00:00+00:00,1703.05
DK2,2025-03-07 06:00:00+00:00,1902.82
DK2,2025-03-07 07:00:00+00:00,1985.08
DK2,2025-03-07 08:00:00+00:00,2003.01
DK2,2025-03-07 09:00:00+00:00,1995.58
DK2,2025-03-07 10:00:00+00:00,1996.98
DK2,2025-03-07 11:00:00+00:00,1941.36
DK2,2025-03-07 12:00:00+00:00,1896.58
DK2,2025-03-07 13:00:00+00:00,1826.73
DK2,2025-03-07 14:00:00+00:00,1734.11
DK2,2025-03-07 15:00:00+00:00,1765.4
DK2,2025-03-07 16:00:00+00:00,1860.03
DK2,2025-03-07 17:00:00+00:00,1907.84
DK2,2025-03-07 18:00:00+00:00,1829.46
DK2,2025-03-07 19:00:00+00:00,1692.52
DK2,2025-03-07 20:00:00+00:00,1598.77
DK2,2025-03-07 21:00:00+00:00,1516.74
DK2,2025-03-07 22:00:00+00:00,1440.84
DK2,2025-03-07 23:00:00+00:00,1452.02
DK2,2025-03-08 00:00:00+00:00,1472.14
DK2,2025-03-08 01:00:00+00:00,1445.64
DK2,2025-03-08 02:00:00+00:00,1375.69
DK2,2025-03-08 03:00:00+00:00,1352.69
DK2,2025-03-08 04:00:00+00:00,1340.93
DK2,2025-03-08 05:00:00+00:00,1403.07
DK2,2025-03-08 06:00:00+00:00,1500.31
DK2,2025-03-08 07:00:00+00:00,1624.34
DK2,2025-03-08 08:00:00+00:00,1697.03
DK2,2025-03-08 09:00:00+00:00,1813.28
DK2,2025-03-08 10:00:00+00:00,1837.82
DK2,2025-03-08 11:00:00+00:00,1788.9
DK2,2025-03-08 12:00:00+00:00,1743.36
DK2,2025-03-08 13:00:00+00:00,1680.45
DK2,2025-03-08 14:00:00+00:00,1613.96
DK2,2025-03-08 15:00:00+00:00,1635.93
DK2,2025-03-08 16:00:00+00:00,1722.14
DK2,2025-03-08 17:00:00+00:00,1781.48
DK2,2025-03-08 18:00:00+00:00,1711.41
DK2,2025-03-08 19:00:00+00:00,1604.2
DK2,2025-03-08 20:00:00+00:00,1539.34
DK2,2025-03-08 21:00:00+00:00,1470.3
DK2,2025-03-08 22:00:00+00:00,1412.44
DK2,2025-03-08 23:00:00+00:00,1434.93
DK2,2025-03-09 00:00:00+00:00,1420.89
DK2,2025-03-09 01:00:00+00:00,1369.48
DK2,2025-03-09 02:00:00+00:00,1321.67
DK2,2025-03-09 03:00:00+00:00,1304.56
DK2,2025-03-09 04:00:00+00:00,1316.44
DK2,2025-03-09 05:00:00+00:00,1417.91
DK2,2025-03-09 06:00:00+00:00,1486.29
DK2,2025-03-09 07:00:00+00:00,1621.74
DK2,2025-03-09 08:00:00+00:00,1688.2
DK2,2025-03-09 09:00:00+00:00,1762.02
DK2,2025-03-09 10:00:00+00:00,1800.49
DK2,2025-03-09 11:00:00+00:00,1764.4
DK2,2025-03-09 12:00:00+00:00,1726.36
DK2,2025-03-09 13:00:00+00:00,1680.97
DK2,2025-03-09 14:00:00+00:00,1655.84
DK2,2025-03-09 15:00:00+00:00,1710.23
DK2,2025-03-09 16:00:00+00:00,1840.84
DK2,2025-03-09 17:00:00+00:00,1872.6
DK2,2025-03-09 18:00:00+00:00,1795.75
DK2,2025-03-09 19:00:00+00:00,1682.65
DK2,2025-03-09 20:00:00+00:00,1598.45
DK2,2025-03-09 21:00:00+00:00,1495.35
DK2,2025-03-09 22:00:00+00:00,1425.22
DK2,2025-03-09 23:00:00+00:00,1471.81
DK2,2025-03-10 00:00:00+00:00,1447.72
DK2,2025-03-10 01:00:00+00:00,1404.61
DK2,2025-03-10 02:00:00+00:00,1344.21
DK2,2025-03-10 03:00:00+00:00,1358.71
DK2,2025-03-10 04:00:00+00:00,1433.1
DK2,2025-03-10 05:00:00+00:00,1657.76
DK2,2025-03-10 06:00:00+00:00,1872.62
DK2,2025-03-10 07:00:00+00:00,1960.88
DK2,2025-03-10 08:00:00+00:00,2005.18
DK2,2025-03-10 09:00:00+00:00,1951.8
DK2,2025-03-10 10:00:00+00:00,1944.06
DK2,2025-03-10 11:00:00+00:00,1887.29
DK2,2025-03-10 12:00:00+00:00,1861.61
DK2,2025-03-10 13:00:00+00:00,1825.27
DK2,2025-03-10 14:00:00+00:00,1799.78
DK2,2025-03-10 15:00:00+00:00,1819.8
DK2,2025-03-10 16:00:00+00:00,1941.07
DK2,2025-03-10 17:00:00+00:00,1989.77
DK2,2025-03-10 18:00:00+00:00,1886.54
DK2,2025-03-10 19:00:00+00:00,1761.17
DK2,2025-03-10 20:00:00+00:00,1679.36
DK2,2025-03-10 21:00:00+00:00,1571.23
DK2,2025-03-10 22:00:00+00:00,1495.85
DK2,2025-03-10 23:00:00+00:00,1542.19
DK2,2025-03-11 00:00:00+00:00,1518.0
DK2,2025-03-11 01:00:00+00:00,1487.42
DK2,2025-03-11 02:00:00+00:00,1414.07
DK2,2025-03-11 03:00:00+00:00,1386.52
DK2,2025-03-11 04:00:00+00:00,1463.25
DK2,2025-03-11 05:00:00+00:00,1709.11
DK2,2025-03-11 06:00:00+00:00,1894.5
DK2,2025-03-11 07:00:00+00:00,1979.69
DK2,2025-03-11 08:00:00+00:00,2035.34
DK2,2025-03-11 09:00:00+00:00,2058.87
DK2,2025-03-11 10:00:00+00:00,2056.7
DK2,2025-03-11 11:00:00+00:00,2039.34
DK2,2025-03-11 12:00:00+00:00,2044.6
DK2,2025-03-11 13:00:00+00:00,2019.14
DK2,2025-03-11 14:00:00+00:00,2002.16
DK2,2025-03-11 15:00:00+00:00,2045.02
DK2,2025-03-11 16:00:00+00:00,2158.46
DK2,2025-03-11 17:00:00+00:00,2143.18
DK2,2025-03-11 18:00:00+00:00,2017.18
DK2,2025-03-11 19:00:00+00:00,1887.2
DK2,2025-03-11 20:00:00+00:00,1775.03
DK2,2025-03-11 21:00:00+00:00,1665.92
DK2,2025-03-11 22:00:00+00:00,1574.02
DK2,2025-03-11 23:00:00+00:00,1657.37
DK2,2025-03-12 00:00:00+00:00,1645.98
DK2,2025-03-12 01:00:00+00:00,1611.31
DK2,2025-03-12 02:00:00+00:00,1528.13
DK2,2025-03-12 03:00:00+00:00,1462.98
DK2,2025-03-12 04:00:00+00:00,1516.92
DK2,2025-03-12 05:00:00+00:00,1690.71
DK2,2025-03-12 06:00:00+00:00,1891.69
DK2,2025-03-12 07:00:00+00:00,1995.83
DK2,2025-03-12 08:00:00+00:00,2036.8
DK2,2025-03-12 09:00:00+00:00,2061.1
DK2,2025-03-12 10:00:00+00:00,2044.69
DK2,2025-03-12 11:00:00+00:00,2008.6
DK2,2025-03-12 12:00:00+00:00,1997.22
DK2,2025-03-12 13:00:00+00:00,1968.57
DK2,2025-03-12 14:00:00+00:00,1934.4
DK2,2025-03-12 15:00:00+00:00,1954.12
DK2,2025-03-12 16:00:00+00:00,2077.78
DK2,2025-03-12 17:00:00+00:00,2106.62
DK2,2025-03-12 18:00:00+00:00,2011.21
DK2,2025-03-12 19:00:00+00:00,1886.43
DK2,2025-03-12 20:00:00+00:00,1773.81
DK2,2025-03-12 21:00:00+00:00,1681.31
DK2,2025-03-12 22:00:00+00:00,1617.96
DK2,2025-03-12 23:00:00+00:00,1628.91
DK2,2025-03-13 00:00:00+00:00,1631.36
DK2,2025-03-13 01:00:00+00:00,1636.62
DK2,2025-03-13 02:00:00+00:00,1601.07
DK2,2025-03-13 03:00:00+00:00,1534.58
DK2,2025-03-13 04:00:00+00:00,1569.32
DK2,2025-03-13 05:00:00+00:00,1769.51
DK2,2025-03-13 06:00:00+00:00,1956.12
DK2,2025-03-13 07:00:00+00:00,2058.05
DK2,2025-03-13 08:00:00+00:00,2093.07
DK2,2025-03-13 09:00:00+00:00,2122.12
DK2,2025-03-13 10:00:00+00:00,2080.69
DK2,2025-03-13 11:00:00+00:00,2086.77
DK2,2025-03-13 12:00:00+00:00,2057.06
DK2,2025-03-13 13:00:00+00:00,2051.19
DK2,2025-03-13 14:00:00+00:00,2046.4
DK2,2025-03-13 15:00:00+00:00,2071.92
DK2,2025-03-13 16:00:00+00:00,2171.02
DK2,2025-03-13 17:00:00+00:00,2179.54
DK2,2025-03-13 18:00:00+00:00,2074.62
DK2,2025-03-13 19:00:00+00:00,1952.94
DK2,2025-03-13 20:00:00+00:00,1830.02
DK2,2025-03-13 21:00:00+00:00,1733.69
DK2,2025-03-13 22:00:00+00:00,1648.6
DK2,2025-03-13 23:00:00+00:00,1715.81
DK2,2025-03-14 00:00:00+00:00,1717.34
DK2,2025-03-14 01:00:00+00:00,1665.34
DK2,2025-03-14 02:00:00+00:00,1636.43
DK2,2025-03-14 03:00:00+00:00,1574.03
DK2,2025-03-14 04:00:00+00:00,1594.25
DK2,2025-03-14 05:00:00+00:00,1772.68
DK2,2025-03-14 06:00:00+00:00,1939.85
DK2,2025-03-14 07:00:00+00:00,2084.8
DK2,2025-03-14 08:00:00+00:00,2125.18
DK2,2025-03-14 09:00:00+00:00,2165.18
DK2,2025-03-14 10:00:00+00:00,2160.15
DK2,2025-03-14 11:00:00+00:00,2145.74
DK2,2025-03-14 12:00:00+00:00,2092.91
DK2,2025-03-14 13:00:00+00:00,2045.81
DK2,2025-03-14 14:00:00+00:00,2046.94
DK2,2025-03-14 15:00:00+00:00,2050.88
DK2,2025-03-14 16:00:00+00:00,2146.79
DK2,2025-03-14 17:00:00+00:00,2145.44
DK2,2025-03-14 18:00:00+00:00,2071.48
DK2,2025-03-14 19:00:00+00:00,1925.23
DK2,2025-03-14 20:00:00+00:00,1883.67
DK2,2025-03-14 21:00:00+00:00,1770.05
DK2,2025-03-14 22:00:00+00:00,1679.04
DK2,2025-03-14 23:00:00+00:00,1712.0
DK2,2025-03-15 00:00:00+00:00,1708.53
DK2,2025-03-15 01:00:00+00:00,1694.34
DK2,2025-03-15 02:00:00+00:00,1718.31
DK2,2025-03-15 03:00:00+00:00,1681.34
DK2,2025-03-15 04:00:00+00:00,1640.14
DK2,2025-03-15 05:00:00+00:00,1648.43
DK2,2025-03-15 06:00:00+00:00,1746.8
DK2,2025-03-15 07:00:00+00:00,1837.85
DK2,2025-03-15 08:00:00+00:00,1855.54
DK2,2025-03-15 09:00:00+00:00,1892.79
DK2,2025-03-15 10:00:00+00:00,1908.47
DK2,2025-03-15 11:00:00+00:00,1880.99
DK2,2025-03-15 12:00:00+00:00,1836.49
DK2,2025-03-15 13:00:00+00:00,1788.95
DK2,2025-03-15 14:00:00+00:00,1742.79
DK2,2025-03-15 15:00:00+00:00,1791.61
DK2,2025-03-15 16:00:00+00:00,1887.42
DK2,2025-03-15 17:00:00+00:00,1948.36
DK2,2025-03-15 18:00:00+00:00,1907.79
DK2,2025-03-15 19:00:00+00:00,1790.46
DK2,2025-03-15 20:00:00+00:00,1677.59
DK2,2025-03-15 21:00:00+00:00,1611.29
DK2,2025-03-15 22:00:00+00:00,1569.44
DK2,2025-03-15 23:00:00+00:00,1529.09
DK2,2025-03-16 00:00:00+00:00,1520.46
DK2,2025-03-16 01:00:00+00:00,1488.09
DK2,2025-03-16 02:00:00+00:00,1460.25
DK2,2025-03-16 03:00:00+00:00,1432.8
DK2,2025-03-16 04:00:00+00:00,1502.24
DK2,2025-03-16 05:00:00+00:00,1462.55
DK2,2025-03-16 06:00:00+00:00,1541.59
DK2,2025-03-16 07:00:00+00:00,1710.43
DK2,2025-03-16 08:00:00+00:00,1818.41
DK2,2025-03-16 09:00:00+00:00,1879.2
DK2,2025-03-16 10:00:00+00:00,1988.66
DK2,2025-03-16 11:00:00+00:00,2062.1
DK2,2025-03-16 12:00:00+00:00,1990.82
DK2,2025-03-16 13:00:00+00:00,1881.87
DK2,2025-03-16 14:00:00+00:00,1816.05
DK2,2025-03-16 15:00:00+00:00,1832.57
DK2,2025-03-16 16:00:00+00:00,1919.97
DK2,2025-03-16 17:00:00+00:00,1961.3
DK2,2025-03-16 18:00:00+00:00,1877.96
DK2,2025-03-16 19:00:00+00:00,1825.41
DK2,2025-03-16 20:00:00+00:00,1861.25
DK2,2025-03-16 21:00:00+00:00,1814.82
DK2,2025-03-16 22:00:00+00:00,1730.91
DK2,2025-03-16 23:00:00+00:00,1733.09
DK2,2025-03-17 00:00:00+00:00,1655.66
DK2,2025-03-17 01:00:00+00:00,1561.39
DK2,2025-03-17 02:00:00+00:00,1534.69
DK2,2025-03-17 03:00:00+00:00,1544.27
DK2,2025-03-17 04:00:00+00:00,1613.92
DK2,2025-03-17 05:00:00+00:00,1764.03
DK2,2025-03-17 06:00:00+00:00,1974.94
DK2,2025-03-17 07:00:00+00:00,2097.84
DK2,2025-03-17 08:00:00+00:00,2135.39
DK2,2025-03-17 09:00:00+00:00,2128.97
DK2,2025-03-17 10:00:00+00:00,2097.76
DK2,2025-03-17 11:00:00+00:00,2073.41
DK2,2025-03-17 12:00:00+00:00,2050.24
DK2,2025-03-17 13:00:00+00:00,1970.31
DK2,2025-03-17 14:00:00+00:00,1922.85
DK2,2025-03-17 15:00:00+00:00,1928.32
DK2,2025-03-17 16:00:00+00:00,2047.62
DK2,2025-03-17 17:00:00+00:00,2064.82
DK2,2025-03-17 18:00:00+00:00,1999.83
DK2,2025-03-17 19:00:00+00:00,1895.98
DK2,2025-03-17 20:00:00+00:00,1816.18
DK2,2025-03-17 21:00:00+00:00,1703.19
DK2,2025-03-17 22:00:00+00:00,1604.86
DK2,2025-03-17 23:00:00+00:00,1598.35
DK2,2025-03-18 00:00:00+00:00,1624.93
DK2,2025-03-18 01:00:00+00:00,1580.96
DK2,2025-03-18 02:00:00+00:00,1569.53
DK2,2025-03-18 03:00:00+00:00,1524.2
DK2,2025-03-18 04:00:00+00:00,1580.5
DK2,2025-03-18 05:00:00+00:00,1768.97
DK2,2025-03-18 06:00:00+00:00,1949.41
DK2,2025-03-18 07:00:00+00:00,2055.08
DK2,2025-03-18 08:00:00+00:00,2120.24
DK2,2025-03-18 09:00:00+00:00,2139.66
DK2,2025-03-18 10:00:00+00:00,2135.58
DK2,2025-03-18 11:00:00+00:00,2140.13
DK2,2025-03-18 12:00:00+00:00,2079.18
DK2,2025-03-18 13:00:00+00:00,1948.32
DK2,2025-03-18 14:00:00+00:00,1947.46
DK2,2025-03-18 15:00:00+00:00,1950.66
DK2,2025-03-18 16:00:00+00:00,2050.34
DK2,2025-03-18 17:00:00+00:00,2048.77
DK2,2025-03-18 18:00:00+00:00,1982.48
DK2,2025-03-18 19:00:00+00:00,1855.82
DK2,2025-03-18 20:00:00+00:00,1767.22
DK2,2025-03-18 21:00:00+00:00,1656.03
DK2,2025-03-18 22:00:00+00:00,1551.43
DK2,2025-03-18 23:00:00+00:00,1597.59
DK2,2025-03-19 00:00:00+00:00,1594.89
DK2,2025-03-19 01:00:00+00:00,1550.18
DK2,2025-03-19 02:00:00+00:00,1484.83
DK2,2025-03-19 03:00:00+00:00,1434.37
DK2,2025-03-19 04:00:00+00:00,1507.26
DK2,2025-03-19 05:00:00+00:00,1687.57
DK2,2025-03-19 06:00:00+00:00,1895.8
DK2,2025-03-19 07:00:00+00:00,2053.3
DK2,2025-03-19 08:00:00+00:00,2104.11
DK2,2025-03-19 09:00:00+00:00,2103.01
DK2,2025-03-19 10:00:00+00:00,2117.43
DK2,2025-03-19 11:00:00+00:00,2127.92
DK2,2025-03-19 12:00:00+00:00,2055.28
DK2,2025-03-19 13:00:00+00:00,1942.49
DK2,2025-03-19 14:00:00+00:00,1900.41
DK2,2025-03-19 15:00:00+00:00,1875.04
DK2,2025-03-19 16:00:00+00:00,1950.68
DK2,2025-03-19 17:00:00+00:00,1969.27
DK2,2025-03-19 18:00:00+00:00,1941.57
DK2,2025-03-19 19:00:00+00:00,1804.82
DK2,2025-03-19 20:00:00+00:00,1722.64
DK2,2025-03-19 21:00:00+00:00,1629.49
DK2,2025-03-19 22:00:00+00:00,1541.16
DK2,2025-03-19 23:00:00+00:00,1491.34
DK2,2025-03-20 00:00:00+00:00,1580.36
DK2,2025-03-20 01:00:00+00:00,1591.69
DK2,2025-03-20 02:00:00+00:00,1531.1
DK2,2025-03-20 03:00:00+00:00,1501.09
DK2,2025-03-20 04:00:00+00:00,1562.36
DK2,2025-03-20 05:00:00+00:00,1763.96
DK2,2025-03-20 06:00:00+00:00,1926.57
DK2,2025-03-20 07:00:00+00:00,2034.92
DK2,2025-03-20 08:00:00+00:00,2041.27
DK2,2025-03-20 09:00:00+00:00,2040.16
DK2,2025-03-20 10:00:00+00:00,2033.33
DK2,2025-03-20 11:00:00+00:00,2027.57
DK2,2025-03-20 12:00:00+00:00,1972.79
DK2,2025-03-20 13:00:00+00:00,1910.65
DK2,2025-03-20 14:00:00+00:00,1853.98
DK2,2025-03-20 15:00:00+00:00,1830.18
DK2,2025-03-20 16:00:00+00:00,1928.93
DK2,2025-03-20 17:00:00+00:00,1937.01
DK2,2025-03-20 18:00:00+00:00,1889.74
DK2,2025-03-20 19:00:00+00:00,1794.94
DK2,2025-03-20 20:00:00+00:00,1673.93
DK2,2025-03-20 21:00:00+00:00,1589.5
DK2,2025-03-20 22:00:00+00:00,1520.02
DK2,2025-03-20 23:00:00+00:00,1552.69
DK2,2025-03-21 00:00:00+00:00,1541.36
DK2,2025-03-21 01:00:00+00:00,1513.51
DK2,2025-03-21 02:00:00+00:00,1496.36
DK2,2025-03-21 03:00:00+00:00,1460.56
DK2,2025-03-21 04:00:00+00:00,1528.66
DK2,2025-03-21 05:00:00+00:00,1690.72
DK2,2025-03-21 06:00:00+00:00,1888.95
DK2,2025-03-21 07:00:00+00:00,2008.16
DK2,2025-03-21 08:00:00+00:00,2035.67
DK2,2025-03-21 09:00:00+00:00,2056.19
DK2,2025-03-21 10:00:00+00:00,2020.34
DK2,2025-03-21 11:00:00+00:00,2027.93
DK2,2025-03-21 12:00:00+00:00,1968.36
DK2,2025-03-21 13:00:00+00:00,1900.42
DK2,2025-03-21 14:00:00+00:00,1832.58
DK2,2025-03-21 15:00:00+00:00,1834.35
DK2,2025-03-21 16:00:00+00:00,1892.83
DK2,2025-03-21 17:00:00+00:00,1929.6
DK2,2025-03-21 18:00:00+00:00,1898.69
DK2,2025-03-21 19:00:00+00:00,1824.05
DK2,2025-03-21 20:00:00+00:00,1733.38
DK2,2025-03-21 21:00:00+00:00,1647.97
DK2,2025-03-21 22:00:00+00:00,1572.55
DK2,2025-03-21 23:00:00+00:00,1607.48
DK2,2025-03-22 00:00:00+00:00,1690.4
DK2,2025-03-22 01:00:00+00:00,1721.69
DK2,2025-03-22 02:00:00+00:00,1679.22
DK2,2025-03-22 03:00:00+00:00,1588.24
DK2,2025-03-22 04:00:00+00:00,1500.73
DK2,2025-03-22 05:00:00+00:00,1526.06
DK2,2025-03-22 06:00:00+00:00,1643.53
DK2,2025-03-22 07:00:00+00:00,1728.91
DK2,2025-03-22 08:00:00+00:00,1848.92
DK2,2025-03-22 09:00:00+00:00,1898.4
DK2,2025-03-22 10:00:00+00:00,1904.14
DK2,2025-03-22 11:00:00+00:00,1913.17
DK2,2025-03-22 12:00:00+00:00,1883.95
DK2,2025-03-22 13:00:00+00:00,1801.29
DK2,2025-03-22 14:00:00+00:00,1777.39
DK2,2025-03-22 15:00:00+00:00,1753.53
DK2,2025-03-22 16:00:00+00:00,1838.2
DK2,2025-03-22 17:00:00+00:00,1916.02
DK2,2025-03-22 18:00:00+00:00,1867.53
DK2,2025-03-22 19:00:00+00:00,1769.15
DK2,2025-03-22 20:00:00+00:00,1706.08
DK2,2025-03-22 21:00:00+00:00,1596.33
DK2,2025-03-22 22:00:00+00:00,1523.2
DK2,2025-03-22 23:00:00+00:00,1671.44
DK2,2025-03-23 00:00:00+00:00,1634.72
DK2,2025-03-23 01:00:00+00:00,1564.08
DK2,2025-03-23 02:00:00+00:00,1503.68
DK2,2025-03-23 03:00:00+00:00,1440.88
DK2,2025-03-23 04:00:00+00:00,1425.27
DK2,2025-03-23 05:00:00+00:00,1440.07
DK2,2025-03-23 06:00:00+00:00,1574.47
DK2,2025-03-23 07:00:00+00:00,1658.56
DK2,2025-03-23 08:00:00+00:00,1751.95
DK2,2025-03-23 09:00:00+00:00,1820.91
DK2,2025-03-23 10:00:00+00:00,1830.13
DK2,2025-03-23 11:00:00+00:00,1800.51
DK2,2025-03-23 12:00:00+00:00,1752.06
DK2,2025-03-23 13:00:00+00:00,1729.51
DK2,2025-03-23 14:00:00+00:00,1742.68
DK2,2025-03-23 15:00:00+00:00,1771.34
DK2,2025-03-23 16:00:00+00:00,1913.58
DK2,2025-03-23 17:00:00+00:00,1968.81
DK2,2025-03-23 18:00:00+00:00,1894.1
DK2,2025-03-23 19:00:00+00:00,1791.95
DK2,2025-03-23 20:00:00+00:00,1793.96
DK2,2025-03-23 21:00:00+00:00,1641.55
DK2,2025-03-23 22:00:00+00:00,1510.15
DK2,2025-03-23 23:00:00+00:00,1409.73
DK2,2025-03-24 00:00:00+00:00,1378.52
DK2,2025-03-24 01:00:00+00:00,1357.31
DK2,2025-03-24 02:00:00+00:00,1346.21
DK2,2025-03-24 03:00:00+00:00,1342.59
DK2,2025-03-24 04:00:00+00:00,1414.12
DK2,2025-03-24 05:00:00+00:00,1593.42
DK2,2025-03-24 06:00:00+00:00,1788.74
DK2,2025-03-24 07:00:00+00:00,1918.22
DK2,2025-03-24 08:00:00+00:00,1949.06
DK2,2025-03-24 09:00:00+00:00,1948.3
DK2,2025-03-24 10:00:00+00:00,1933.62
DK2,2025-03-24 11:00:00+00:00,1906.82
DK2,2025-03-24 12:00:00+00:00,1833.51
DK2,2025-03-24 13:00:00+00:00,1840.63
DK2,2025-03-24 14:00:00+00:00,1811.78
DK2,2025-03-24 15:00:00+00:00,1793.21
DK2,2025-03-24 16:00:00+00:00,1920.66
DK2,2025-03-24 17:00:00+00:00,1887.94
DK2,2025-03-24 18:00:00+00:00,1856.34
DK2,2025-03-24 19:00:00+00:00,1764.15
DK2,2025-03-24 20:00:00+00:00,1658.4
DK2,2025-03-24 21:00:00+00:00,1568.49
DK2,2025-03-24 22:00:00+00:00,1479.81
DK2,2025-03-24 23:00:00+00:00,1496.23
DK2,2025-03-25 00:00:00+00:00,1485.29
DK2,2025-03-25 01:00:00+00:00,1474.05
DK2,2025-03-25 02:00:00+00:00,1461.24
DK2,2025-03-25 03:00:00+00:00,1417.57
DK2,2025-03-25 04:00:00+00:00,1484.81
DK2,2025-03-25 05:00:00+00:00,1659.08
DK2,2025-03-25 06:00:00+00:00,1848.01
DK2,2025-03-25 07:00:00+00:00,1949.31
DK2,2025-03-25 08:00:00+00:00,1995.62
DK2,2025-03-25 09:00:00+00:00,1991.79
DK2,2025-03-25 10:00:00+00:00,2028.86
DK2,2025-03-25 11:00:00+00:00,2042.71
DK2,2025-03-25 12:00:00+00:00,2042.65
DK2,2025-03-25 13:00:00+00:00,1987.6
DK2,2025-03-25 14:00:00+00:00,1927.82
DK2,2025-03-25 15:00:00+00:00,1930.43
DK2,2025-03-25 16:00:00+00:00,2028.72
DK2,2025-03-25 17:00:00+00:00,2040.05
DK2,2025-03-25 18:00:00+00:00,1965.23
DK2,2025-03-25 19:00:00+00:00,1840.42
DK2,2025-03-25 20:00:00+00:00,1718.77
DK2,2025-03-25 21:00:00+00:00,1638.67
DK2,2025-03-25 22:00:00+00:00,1531.54
DK2,2025-03-25 23:00:00+00:00,1574.28
DK2,2025-03-26 00:00:00+00:00,1578.32
DK2,2025-03-26 01:00:00+00:00,1556.52
DK2,2025-03-26 02:00:00+00:00,1440.53
DK2,2025-03-26 03:00:00+00:00,1368.26
DK2,2025-03-26 04:00:00+00:00,1441.7
DK2,2025-03-26 05:00:00+00:00,1595.8
DK2,2025-03-26 06:00:00+00:00,1796.89
DK2,2025-03-26 07:00:00+00:00,1950.69
DK2,2025-03-26 08:00:00+00:00,2010.02
DK2,2025-03-26 09:00:00+00:00,1971.22
DK2,2025-03-26 10:00:00+00:00,1966.03
DK2,2025-03-26 11:00:00+00:00,1911.96
DK2,2025-03-26 12:00:00+00:00,1913.39
DK2,2025-03-26 13:00:00+00:00,1859.09
DK2,2025-03-26 14:00:00+00:00,1810.59
DK2,2025-03-26 15:00:00+00:00,1792.94
DK2,2025-03-26 16:00:00+00:00,1893.72
DK2,2025-03-26 17:00:00+00:00,1922.1
DK2,2025-03-26 18:00:00+00:00,1881.78
DK2,2025-03-26 19:00:00+00:00,1800.32
DK2,2025-03-26 20:00:00+00:00,1675.73
DK2,2025-03-26 21:00:00+00:00,1563.99
DK2,2025-03-26 22:00:00+00:00,1469.75
DK2,2025-03-26 23:00:00+00:00,1480.23
DK2,2025-03-27 00:00:00+00:00,1480.53
DK2,2025-03-27 01:00:00+00:00,1486.53
DK2,2025-03-27 02:00:00+00:00,1444.66
DK2,2025-03-27 03:00:00+00:00,1397.46
DK2,2025-03-27 04:00:00+00:00,1445.62
DK2,2025-03-27 05:00:00+00:00,1619.54
DK2,2025-03-27 06:00:00+00:00,1812.94
DK2,2025-03-27 07:00:00+00:00,1952.44
DK2,2025-03-27 08:00:00+00:00,1949.67
DK2,2025-03-27 09:00:00+00:00,1986.54
DK2,2025-03-27 10:00:00+00:00,1955.82
DK2,2025-03-27 11:00:00+00:00,1994.74
DK2,2025-03-27 12:00:00+00:00,1997.99
DK2,2025-03-27 13:00:00+00:00,1897.44
DK2,2025-03-27 14:00:00+00:00,1841.2
DK2,2025-03-27 15:00:00+00:00,1863.8
DK2,2025-03-27 16:00:00+00:00,1940.23
DK2,2025-03-27 17:00:00+00:00,1955.08
DK2,2025-03-27 18:00:00+00:00,1901.19
DK2,2025-03-27 19:00:00+00:00,1800.16
DK2,2025-03-27 20:00:00+00:00,1698.42
DK2,2025-03-27 21:00:00+00:00,1571.54
DK2,2025-03-27 22:00:00+00:00,1492.46
DK2,2025-03-27 23:00:00+00:00,1509.03
DK2,2025-03-28 00:00:00+00:00,1526.32
DK2,2025-03-28 01:00:00+00:00,1504.55
DK2,2025-03-28 02:00:00+00:00,1473.27
DK2,2025-03-28 03:00:00+00:00,1450.75
DK2,2025-03-28 04:00:00+00:00,1510.07
DK2,2025-03-28 05:00:00+00:00,1640.87
DK2,2025-03-28 06:00:00+00:00,1836.46
DK2,2025-03-28 07:00:00+00:00,1948.96
DK2,2025-03-28 08:00:00+00:00,1955.78
DK2,2025-03-28 09:00:00+00:00,1953.01
DK2,2025-03-28 10:00:00+00:00,1988.16
DK2,2025-03-28 11:00:00+00:00,1951.55
DK2,2025-03-28 12:00:00+00:00,1894.39
DK2,2025-03-28 13:00:00+00:00,1827.39
DK2,2025-03-28 14:00:00+00:00,1746.88
DK2,2025-03-28 15:00:00+00:00,1708.44
DK2,2025-03-28 16:00:00+00:00,1771.68
DK2,2025-03-28 17:00:00+00:00,1789.35
DK2,2025-03-28 18:00:00+00:00,1763.7
DK2,2025-03-28 19:00:00+00:00,1650.35
DK2,2025-03-28 20:00:00+00:00,1568.97
DK2,2025-03-28 21:00:00+00:00,1497.86
DK2,2025-03-28 22:00:00+00:00,1415.44
DK2,2025-03-28 23:00:00+00:00,1401.79
DK2,2025-03-29 00:00:00+00:00,1420.79
DK2,2025-03-29 01:00:00+00:00,1386.55
DK2,2025-03-29 02:00:00+00:00,1357.74
DK2,2025-03-29 03:00:00+00:00,1286.86
DK2,2025-03-29 04:00:00+00:00,1253.61
DK2,2025-03-29 05:00:00+00:00,1297.59
DK2,2025-03-29 06:00:00+00:00,1400.16
DK2,2025-03-29 07:00:00+00:00,1515.59
DK2,2025-03-29 08:00:00+00:00,1660.38
DK2,2025-03-29 09:00:00+00:00,1712.54
DK2,2025-03-29 10:00:00+00:00,1715.81
DK2,2025-03-29 11:00:00+00:00,1684.17
DK2,2025-03-29 12:00:00+00:00,1801.38
DK2,2025-03-29 13:00:00+00:00,1729.42
DK2,2025-03-29 14:00:00+00:00,1637.12
DK2,2025-03-29 15:00:00+00:00,1612.6
DK2,2025-03-29 16:00:00+00:00,1664.54
DK2,2025-03-29 17:00:00+00:00,1671.4
DK2,2025-03-29 18:00:00+00:00,1675.53
DK2,2025-03-29 19:00:00+00:00,1591.05
DK2,2025-03-29 20:00:00+00:00,1517.91
DK2,2025-03-29 21:00:00+00:00,1478.4
DK2,2025-03-29 22:00:00+00:00,1404.4
DK2,2025-03-29 23:00:00+00:00,1408.88
DK2,2025-03-30 00:00:00+00:00,1472.28
DK2,2025-03-30 01:00:00+00:00,1481.4
DK2,2025-03-30 02:00:00+00:00,1427.68
DK2,2025-03-30 03:00:00+00:00,1364.22
DK2,2025-03-30 04:00:00+00:00,1364.83
DK2,2025-03-30 05:00:00+00:00,1423.96
DK2,2025-03-30 06:00:00+00:00,1527.06
DK2,2025-03-30 07:00:00+00:00,1729.79
DK2,2025-03-30 08:00:00+00:00,1841.13
DK2,2025-03-30 09:00:00+00:00,1882.11
DK2,2025-03-30 10:00:00+00:00,1885.47
DK2,2025-03-30 11:00:00+00:00,1877.32
DK2,2025-03-30 12:00:00+00:00,1854.21
DK2,2025-03-30 13:00:00+00:00,1864.27
DK2,2025-03-30 14:00:00+00:00,1814.21
DK2,2025-03-30 15:00:00+00:00,1865.46
DK2,2025-03-30 16:00:00+00:00,1843.42
DK2,2025-03-30 17:00:00+00:00,1754.86
DK2,2025-03-30 18:00:00+00:00,1705.12
DK2,2025-03-30 19:00:00+00:00,1614.25
DK2,2025-03-30 20:00:00+00:00,1495.81
DK2,2025-03-30 21:00:00+00:00,1425.02
DK2,2025-03-30 22:00:00+00:00,1441.2
DK2,2025-03-30 23:00:00+00:00,1414.16
DK2,2025-03-31 00:00:00+00:00,1392.45
DK2,2025-03-31 01:00:00+00:00,1405.37
DK2,2025-03-31 02:00:00+00:00,1352.31
DK2,2025-03-31 03:00:00+00:00,1397.13
DK2,2025-03-31 04:00:00+00:00,1585.6
DK2,2025-03-31 05:00:00+00:00,1765.19
DK2,2025-03-31 06:00:00+00:00,1890.15
DK2,2025-03-31 07:00:00+00:00,1931.7
DK2,2025-03-31 08:00:00+00:00,1955.77
DK2,2025-03-31 09:00:00+00:00,1927.35
DK2,2025-03-31 10:00:00+00:00,1922.01
DK2,2025-03-31 11:00:00+00:00,1890.72
DK2,2025-03-31 12:00:00+00:00,1859.41
DK2,2025-03-31 13:00:00+00:00,1794.84
DK2,2025-03-31 14:00:00+00:00,1802.6
DK2,2025-03-31 15:00:00+00:00,1850.95
DK2,2025-03-31 16:00:00+00:00,1819.73
DK2,2025-03-31 17:00:00+00:00,1755.68
DK2,2025-03-31 18:00:00+00:00,1732.46
DK2,2025-03-31 19:00:00+00:00,1668.4
DK2,2025-03-31 20:00:00+00:00,1559.54
DK2,2025-03-31 21:00:00+00:00,1467.84
DK2,2025-03-31 22:00:00+00:00,1449.54
DK2,2025-03-31 23:00:00+00:00,1473.12
DK2,2025-04-01 00:00:00+00:00,1454.75
DK2,2025-04-01 01:00:00+00:00,1396.87
DK2,2025-04-01 02:00:00+00:00,1382.74
DK2,2025-04-01 03:00:00+00:00,1453.08
DK2,2025-04-01 04:00:00+00:00,1611.21
DK2,2025-04-01 05:00:00+00:00,1787.92
DK2,2025-04-01 06:00:00+00:00,1865.65
DK2,2025-04-01 07:00:00+00:00,1899.14
DK2,2025-04-01 08:00:00+00:00,1954.57
DK2,2025-04-01 09:00:00+00:00,1937.68
DK2,2025-04-01 10:00:00+00:00,2021.45
DK2,2025-04-01 11:00:00+00:00,1914.46
DK2,2025-04-01 12:00:00+00:00,1882.61
DK2,2025-04-01 13:00:00+00:00,1775.37
DK2,2025-04-01 14:00:00+00:00,1782.22
DK2,2025-04-01 15:00:00+00:00,1802.66
DK2,2025-04-01 16:00:00+00:00,1780.58
DK2,2025-04-01 17:00:00+00:00,1676.11
DK2,2025-04-01 18:00:00+00:00,1671.33
DK2,2025-04-01 19:00:00+00:00,1569.87
DK2,2025-04-01 20:00:00+00:00,1510.3
DK2,2025-04-01 21:00:00+00:00,1453.52
DK2,2025-04-01 22:00:00+00:00,1520.6
DK2,2025-04-01 23:00:00+00:00,1484.45
DK2,2025-04-02 00:00:00+00:00,1439.06
DK2,2025-04-02 01:00:00+00:00,1370.62
DK2,2025-04-02 02:00:00+00:00,1344.34
DK2,2025-04-02 03:00:00+00:00,1411.73
DK2,2025-04-02 04:00:00+00:00,1579.98
DK2,2025-04-02 05:00:00+00:00,1728.37
DK2,2025-04-02 06:00:00+00:00,1869.62
DK2,2025-04-02 07:00:00+00:00,1960.42
DK2,2025-04-02 08:00:00+00:00,1950.44
DK2,2025-04-02 09:00:00+00:00,1960.1
DK2,2025-04-02 10:00:00+00:00,1973.89
DK2,2025-04-02 11:00:00+00:00,1913.41
DK2,2025-04-02 12:00:00+00:00,1860.28
DK2,2025-04-02 13:00:00+00:00,1816.44
DK2,2025-04-02 14:00:00+00:00,1810.88
DK2,2025-04-02 15:00:00+00:00,1821.53
DK2,2025-04-02 16:00:00+00:00,1772.42
DK2,2025-04-02 17:00:00+00:00,1704.33
DK2,2025-04-02 18:00:00+00:00,1672.95
DK2,2025-04-02 19:00:00+00:00,1594.92
DK2,2025-04-02 20:00:00+00:00,1497.53
DK2,2025-04-02 21:00:00+00:00,1428.6
DK2,2025-04-02 22:00:00+00:00,1448.3
DK2,2025-04-02 23:00:00+00:00,1406.64
DK2,2025-04-03 00:00:00+00:00,1368.48
DK2,2025-04-03 01:00:00+00:00,1312.02
DK2,2025-04-03 02:00:00+00:00,1309.46
DK2,2025-04-03 03:00:00+00:00,1385.72
DK2,2025-04-03 04:00:00+00:00,1551.26
DK2,2025-04-03 05:00:00+00:00,1724.55
DK2,2025-04-03 06:00:00+00:00,1802.58
DK2,2025-04-03 07:00:00+00:00,1876.2
DK2,2025-04-03 08:00:00+00:00,1900.96
DK2,2025-04-03 09:00:00+00:00,1904.63
DK2,2025-04-03 10:00:00+00:00,1931.65
DK2,2025-04-03 11:00:00+00:00,1893.23
DK2,2025-04-03 12:00:00+00:00,1833.61
DK2,2025-04-03 13:00:00+00:00,1752.59
DK2,2025-04-03 14:00:00+00:00,1724.58
DK2,2025-04-03 15:00:00+00:00,1714.81
DK2,2025-04-03 16:00:00+00:00,1666.32
DK2,2025-04-03 17:00:00+00:00,1628.3
DK2,2025-04-03 18:00:00+00:00,1608.59
DK2,2025-04-03 19:00:00+00:00,1570.53
DK2,2025-04-03 20:00:00+00:00,1478.01
DK2,2025-04-03 21:00:00+00:00,1384.7
DK2,2025-04-03 22:00:00+00:00,1363.81
DK2,2025-04-03 23:00:00+00:00,1372.92
DK2,2025-04-04 00:00:00+00:00,1343.67
DK2,2025-04-04 01:00:00+00:00,1282.1
DK2,2025-04-04 02:00:00+00:00,1260.95
DK2,2025-04-04 03:00:00+00:00,1317.53
DK2,2025-04-04 04:00:00+00:00,1512.93
DK2,2025-04-04 05:00:00+00:00,1707.51
DK2,2025-04-04 06:00:00+00:00,1812.89
DK2,2025-04-04 07:00:00+00:00,1881.78
DK2,2025-04-04 08:00:00+00:00,1875.09
DK2,2025-04-04 09:00:00+00:00,1876.09
DK2,2025-04-04 10:00:00+00:00,1890.53
DK2,2025-04-04 11:00:00+00:00,1879.09
DK2,2025-04-04 12:00:00+00:00,1846.71
DK2,2025-04-04 13:00:00+00:00,1766.98
DK2,2025-04-04 14:00:00+00:00,1746.75
DK2,2025-04-04 15:00:00+00:00,1740.58
DK2,2025-04-04 16:00:00+00:00,1712.2
DK2,2025-04-04 17:00:00+00:00,1665.66
DK2,2025-04-04 18:00:00+00:00,1628.68
DK2,2025-04-04 19:00:00+00:00,1569.05
DK2,2025-04-04 20:00:00+00:00,1481.78
DK2,2025-04-04 21:00:00+00:00,1427.75
DK2,2025-04-04 22:00:00+00:00,1371.55
DK2,2025-04-04 23:00:00+00:00,1362.17
DK2,2025-04-05 00:00:00+00:00,1318.47
DK2,2025-04-05 01:00:00+00:00,1300.78
DK2,2025-04-05 02:00:00+00:00,1284.08
DK2,2025-04-05 03:00:00+00:00,1281.18
DK2,2025-04-05 04:00:00+00:00,1300.31
DK2,2025-04-05 05:00:00+00:00,1424.73
DK2,2025-04-05 06:00:00+00:00,1569.36
DK2,2025-04-05 07:00:00+00:00,1752.75
DK2,2025-04-05 08:00:00+00:00,1848.73
DK2,2025-04-05 09:00:00+00:00,1869.37
DK2,2025-04-05 10:00:00+00:00,1847.09
DK2,2025-04-05 11:00:00+00:00,1829.84
DK2,2025-04-05 12:00:00+00:00,1808.36
DK2,2025-04-05 13:00:00+00:00,1765.14
DK2,2025-04-05 14:00:00+00:00,1744.46
DK2,2025-04-05 15:00:00+00:00,1720.68
DK2,2025-04-05 16:00:00+00:00,1682.38
DK2,2025-04-05 17:00:00+00:00,1601.3
DK2,2025-04-05 18:00:00+00:00,1607.97
DK2,2025-04-05 19:00:00+00:00,1571.86
DK2,2025-04-05 20:00:00+00:00,1474.15
DK2,2025-04-05 21:00:00+00:00,1434.81
DK2,2025-04-05 22:00:00+00:00,1411.99
DK2,2025-04-05 23:00:00+00:00,1405.5
DK2,2025-04-06 00:00:00+00:00,1369.02
DK2,2025-04-06 01:00:00+00:00,1339.12
DK2,2025-04-06 02:00:00+00:00,1321.53
DK2,2025-04-06 03:00:00+00:00,1333.94
DK2,2025-04-06 04:00:00+00:00,1381.67
DK2,2025-04-06 05:00:00+00:00,1475.57
DK2,2025-04-06 06:00:00+00:00,1562.79
DK2,2025-04-06 07:00:00+00:00,1705.87
DK2,2025-04-06 08:00:00+00:00,1822.0
DK2,2025-04-06 09:00:00+00:00,1851.37
DK2,2025-04-06 10:00:00+00:00,1852.82
DK2,2025-04-06 11:00:00+00:00,1834.19
DK2,2025-04-06 12:00:00+00:00,1831.65
DK2,2025-04-06 13:00:00+00:00,1788.37
DK2,2025-04-06 14:00:00+00:00,1778.23
DK2,2025-04-06 15:00:00+00:00,1774.12
DK2,2025-04-06 16:00:00+00:00,1760.76
DK2,2025-04-06 17:00:00+00:00,1654.95
DK2,2025-04-06 18:00:00+00:00,1615.66
DK2,2025-04-06 19:00:00+00:00,1546.01
DK2,2025-04-06 20:00:00+00:00,1457.3
DK2,2025-04-06 21:00:00+00:00,1359.06
DK2,2025-04-06 22:00:00+00:00,1377.72
DK2,2025-04-06 23:00:00+00:00,1380.27
DK2,2025-04-07 00:00:00+00:00,1379.74
DK2,2025-04-07 01:00:00+00:00,1312.2
DK2,2025-04-07 02:00:00+00:00,1297.08
DK2,2025-04-07 03:00:00+00:00,1376.06
DK2,2025-04-07 04:00:00+00:00,1595.98
DK2,2025-04-07 05:00:00+00:00,1737.79
DK2,2025-04-07 06:00:00+00:00,1830.53
DK2,2025-04-07 07:00:00+00:00,1934.23
DK2,2025-04-07 08:00:00+00:00,1952.64
DK2,2025-04-07 09:00:00+00:00,1948.26
DK2,2025-04-07 10:00:00+00:00,1973.31
DK2,2025-04-07 11:00:00+00:00,1951.3
DK2,2025-04-07 12:00:00+00:00,1882.64
DK2,2025-04-07 13:00:00+00:00,1811.94
DK2,2025-04-07 14:00:00+00:00,1794.24
DK2,2025-04-07 15:00:00+00:00,1816.04
DK2,2025-04-07 16:00:00+00:00,1769.99
DK2,2025-04-07 17:00:00+00:00,1641.91
DK2,2025-04-07 18:00:00+00:00,1609.01
DK2,2025-04-07 19:00:00+00:00,1577.05
DK2,2025-04-07 20:00:00+00:00,1493.03
DK2,2025-04-07 21:00:00+00:00,1382.01
DK2,2025-04-07 22:00:00+00:00,1380.69
DK2,2025-04-07 23:00:00+00:00,1405.92
DK2,2025-04-08 00:00:00+00:00,1354.19
DK2,2025-04-08 01:00:00+00:00,1301.37
DK2,2025-04-08 02:00:00+00:00,1272.95
DK2,2025-04-08 03:00:00+00:00,1353.48
DK2,2025-04-08 04:00:00+00:00,1510.12
DK2,2025-04-08 05:00:00+00:00,1709.93
DK2,2025-04-08 06:00:00+00:00,1804.26
DK2,2025-04-08 07:00:00+00:00,1938.03
DK2,2025-04-08 08:00:00+00:00,1907.07
DK2,2025-04-08 09:00:00+00:00,1997.03
DK2,2025-04-08 10:00:00+00:00,2035.86
DK2,2025-04-08 11:00:00+00:00,2069.34
DK2,2025-04-08 12:00:00+00:00,2077.05
DK2,2025-04-08 13:00:00+00:00,2036.21
DK2,2025-04-08 14:00:00+00:00,1980.6
DK2,2025-04-08 15:00:00+00:00,1990.6
DK2,2025-04-08 16:00:00+00:00,1848.66
DK2,2025-04-08 17:00:00+00:00,1666.06
DK2,2025-04-08 18:00:00+00:00,1622.52
DK2,2025-04-08 19:00:00+00:00,1556.42
DK2,2025-04-08 20:00:00+00:00,1448.73
DK2,2025-04-08 21:00:00+00:00,1403.0
DK2,2025-04-08 22:00:00+00:00,1399.5125
DK2,2025-04-08 23:00:00+00:00,1400.69
DK2,2025-04-09 00:00:00+00:00,1402.835
DK2,2025-04-09 01:00:00+00:00,1359.0675
DK2,2025-04-09 02:00:00+00:00,1322.395
DK2,2025-04-09 03:00:00+00:00,1394.385
DK2,2025-04-09 04:00:00+00:00,1599.1
DK2,2025-04-09 05:00:00+00:00,1784.145
DK2,2025-04-09 06:00:00+00:00,1868.7125
DK2,2025-04-09 07:00:00+00:00,1906.4425
DK2,2025-04-09 08:00:00+00:00,1929.68
DK2,2025-04-09 09:00:00+00:00,1937.725
DK2,2025-04-09 10:00:00+00:00,1946.065
DK2,2025-04-09 11:00:00+00:00,1927.61
DK2,2025-04-09 12:00:00+00:00,1818.1725
DK2,2025-04-09 13:00:00+00:00,1756.2525
DK2,2025-04-09 14:00:00+00:00,1844.445
DK2,2025-04-09 15:00:00+00:00,1892.3325
DK2,2025-04-09 16:00:00+00:00,1809.905
DK2,2025-04-09 17:00:00+00:00,1758.695
DK2,2025-04-09 18:00:00+00:00,1710.3175
DK2,2025-04-09 19:00:00+00:00,1659.87
DK2,2025-04-09 20:00:00+00:00,1568.96
DK2,2025-04-09 21:00:00+00:00,1455.3075
DK2,2025-04-09 22:00:00+00:00,1458.84
DK2,2025-04-09 23:00:00+00:00,1454.5725
DK2,2025-04-10 00:00:00+00:00,1411.05
DK2,2025-04-10 01:00:00+00:00,1362.2725
DK2,2025-04-10 02:00:00+00:00,1344.2075
DK2,2025-04-10 03:00:00+00:00,1437.0575
DK2,2025-04-10 04:00:00+00:00,1645.2175
DK2,2025-04-10 05:00:00+00:00,1812.3225
DK2,2025-04-10 06:00:00+00:00,1905.5025
DK2,2025-04-10 07:00:00+00:00,1932.71
DK2,2025-04-10 08:00:00+00:00,1912.71
DK2,2025-04-10 09:00:00+00:00,1847.5425
DK2,2025-04-10 10:00:00+00:00,1878.2825
DK2,2025-04-10 11:00:00+00:00,1900.9375
DK2,2025-04-10 12:00:00+00:00,1885.305
DK2,2025-04-10 13:00:00+00:00,1798.2425
DK2,2025-04-10 14:00:00+00:00,1792.3525
DK2,2025-04-10 15:00:00+00:00,1880.64
DK2,2025-04-10 16:00:00+00:00,1906.1075
DK2,2025-04-10 17:00:00+00:00,1850.84
DK2,2025-04-10 18:00:00+00:00,1791.8025
DK2,2025-04-10 19:00:00+00:00,1709.705
DK2,2025-04-10 20:00:00+00:00,1605.4775
DK2,2025-04-10 21:00:00+00:00,1517.965
DK2,2025-04-10 22:00:00+00:00,1580.785
DK2,2025-04-10 23:00:00+00:00,1620.5475
DK2,2025-04-11 00:00:00+00:00,1511.125
DK2,2025-04-11 01:00:00+00:00,1467.66
DK2,2025-04-11 02:00:00+00:00,1420.8575
DK2,2025-04-11 03:00:00+00:00,1467.13
DK2,2025-04-11 04:00:00+00:00,1599.85
DK2,2025-04-11 05:00:00+00:00,1780.68
DK2,2025-04-11 06:00:00+00:00,1907.6025
DK2,2025-04-11 07:00:00+00:00,1920.54
DK2,2025-04-11 08:00:00+00:00,1925.7925
DK2,2025-04-11 09:00:00+00:00,1982.97
DK2,2025-04-11 10:00:00+00:00,1997.67
DK2,2025-04-11 11:00:00+00:00,1943.0125
DK2,2025-04-11 12:00:00+00:00,1887.4325
DK2,2025-04-11 13:00:00+00:00,1825.445
DK2,2025-04-11 14:00:00+00:00,1805.6625
DK2,2025-04-11 15:00:00+00:00,1815.8425
DK2,2025-04-11 16:00:00+00:00,1821.2725
DK2,2025-04-11 17:00:00+00:00,1732.4725
DK2,2025-04-11 18:00:00+00:00,1654.2625
DK2,2025-04-11 19:00:00+00:00,1626.325
DK2,2025-04-11 20:00:00+00:00,1524.365
DK2,2025-04-11 21:00:00+00:00,1406.8875
DK2,2025-04-11 22:00:00+00:00,1361.1125
DK2,2025-04-11 23:00:00+00:00,1331.835
DK2,2025-04-12 00:00:00+00:00,1303.3675
DK2,2025-04-12 01:00:00+00:00,1292.9475
DK2,2025-04-12 02:00:00+00:00,1253.2975
DK2,2025-04-12 03:00:00+00:00,1239.3375
DK2,2025-04-12 04:00:00+00:00,1232.5125
DK2,2025-04-12 05:00:00+00:00,1349.375
DK2,2025-04-12 06:00:00+00:00,1517.7875
DK2,2025-04-12 07:00:00+00:00,1621.2575
DK2,2025-04-12 08:00:00+00:00,1715.315
DK2,2025-04-12 09:00:00+00:00,1794.4125
DK2,2025-04-12 10:00:00+00:00,1870.0775
DK2,2025-04-12 11:00:00+00:00,1868.6725
DK2,2025-04-12 12:00:00+00:00,1827.815
DK2,2025-04-12 13:00:00+00:00,1781.3475
DK2,2025-04-12 14:00:00+00:00,1714.7675
DK2,2025-04-12 15:00:00+00:00,1683.1725
DK2,2025-04-12 16:00:00+00:00,1635.985
DK2,2025-04-12 17:00:00+00:00,1553.845
DK2,2025-04-12 18:00:00+00:00,1526.7425
DK2,2025-04-12 19:00:00+00:00,1502.495
DK2,2025-04-12 20:00:00+00:00,1431.1825
DK2,2025-04-12 21:00:00+00:00,1372.3075
DK2,2025-04-12 22:00:00+00:00,1341.275
DK2,2025-04-12 23:00:00+00:00,1304.2
DK2,2025-04-13 00:00:00+00:00,1264.615
DK2,2025-04-13 01:00:00+00:00,1266.17
DK2,2025-04-13 02:00:00+00:00,1275.795
DK2,2025-04-13 03:00:00+00:00,1282.6425
DK2,2025-04-13 04:00:00+00:00,1312.9675
DK2,2025-04-13 05:00:00+00:00,1405.815
DK2,2025-04-13 06:00:00+00:00,1515.01
DK2,2025-04-13 07:00:00+00:00,1632.245
DK2,2025-04-13 08:00:00+00:00,1714.1475
DK2,2025-04-13 09:00:00+00:00,1715.595
DK2,2025-04-13 10:00:00+00:00,1675.985
DK2,2025-04-13 11:00:00+00:00,1669.1775
DK2,2025-04-13 12:00:00+00:00,1667.835
DK2,2025-04-13 13:00:00+00:00,1670.3075
DK2,2025-04-13 14:00:00+00:00,1712.4425
DK2,2025-04-13 15:00:00+00:00,1707.345
DK2,2025-04-13 16:00:00+00:00,1709.84
DK2,2025-04-13 17:00:00+00:00,1622.76
DK2,2025-04-13 18:00:00+00:00,1573.21
DK2,2025-04-13 19:00:00+00:00,1515.42
DK2,2025-04-13 20:00:00+00:00,1427.7475
DK2,2025-04-13 21:00:00+00:00,1346.2975
DK2,2025-04-13 22:00:00+00:00,1374.9325
DK2,2025-04-13 23:00:00+00:00,1312.1325
DK2,2025-04-14 00:00:00+00:00,1239.7375
DK2,2025-04-14 01:00:00+00:00,1202.92
DK2,2025-04-14 02:00:00+00:00,1202.4825
DK2,2025-04-14 03:00:00+00:00,1270.16
DK2,2025-04-14 04:00:00+00:00,1426.8125
DK2,2025-04-14 05:00:00+00:00,1620.9325
DK2,2025-04-14 06:00:00+00:00,1771.9575
DK2,2025-04-14 07:00:00+00:00,1866.14
DK2,2025-04-14 08:00:00+00:00,1882.24
DK2,2025-04-14 09:00:00+00:00,1891.685
DK2,2025-04-14 10:00:00+00:00,1936.43
DK2,2025-04-14 11:00:00+00:00,1941.1975
DK2,2025-04-14 12:00:00+00:00,1863.1275
DK2,2025-04-14 13:00:00+00:00,1744.705
DK2,2025-04-14 14:00:00+00:00,1751.0625
DK2,2025-04-14 15:00:00+00:00,1776.0425
DK2,2025-04-14 16:00:00+00:00,1757.9825
DK2,2025-04-14 17:00:00+00:00,1660.615
DK2,2025-04-14 18:00:00+00:00,1604.1425
DK2,2025-04-14 19:00:00+00:00,1567.5425
DK2,2025-04-14 20:00:00+00:00,1472.0525
DK2,2025-04-14 21:00:00+00:00,1383.395
DK2,2025-04-14 22:00:00+00:00,1374.8
DK2,2025-04-14 23:00:00+00:00,1338.22
DK2,2025-04-15 00:00:00+00:00,1316.605
DK2,2025-04-15 01:00:00+00:00,1303.8
DK2,2025-04-15 02:00:00+00:00,1306.0575
DK2,2025-04-15 03:00:00+00:00,1354.385
DK2,2025-04-15 04:00:00+00:00,1466.3975
DK2,2025-04-15 05:00:00+00:00,1646.7125
DK2,2025-04-15 06:00:00+00:00,1749.34
DK2,2025-04-15 07:00:00+00:00,1841.4625
DK2,2025-04-15 08:00:00+00:00,1906.3375
DK2,2025-04-15 09:00:00+00:00,1991.24
DK2,2025-04-15 10:00:00+00:00,2003.3225
DK2,2025-04-15 11:00:00+00:00,1907.565
DK2,2025-04-15 12:00:00+00:00,1863.56
DK2,2025-04-15 13:00:00+00:00,1805.035
DK2,2025-04-15 14:00:00+00:00,1783.0725
DK2,2025-04-15 15:00:00+00:00,1793.3075
DK2,2025-04-15 16:00:00+00:00,1741.94
DK2,2025-04-15 17:00:00+00:00,1667.1025
DK2,2025-04-15 18:00:00+00:00,1630.6375
DK2,2025-04-15 19:00:00+00:00,1681.65
DK2,2025-04-15 20:00:00+00:00,1540.7975
DK2,2025-04-15 21:00:00+00:00,1412.455
DK2,2025-04-15 22:00:00+00:00,1383.9975
DK2,2025-04-15 23:00:00+00:00,1307.14
DK2,2025-04-16 00:00:00+00:00,1213.1625
DK2,2025-04-16 01:00:00+00:00,1205.9075
DK2,2025-04-16 02:00:00+00:00,1220.74
DK2,2025-04-16 03:00:00+00:00,1244.7725
DK2,2025-04-16 04:00:00+00:00,1393.77
DK2,2025-04-16 05:00:00+00:00,1531.835
DK2,2025-04-16 06:00:00+00:00,1682.5875
DK2,2025-04-16 07:00:00+00:00,1777.07
DK2,2025-04-16 08:00:00+00:00,1783.375
DK2,2025-04-16 09:00:00+00:00,1781.135
DK2,2025-04-16 10:00:00+00:00,1766.32
DK2,2025-04-16 11:00:00+00:00,1818.7525
DK2,2025-04-16 12:00:00+00:00,1752.88
DK2,2025-04-16 13:00:00+00:00,1712.585
DK2,2025-04-16 14:00:00+00:00,1663.945
DK2,2025-04-16 15:00:00+00:00,1672.4925
DK2,2025-04-16 16:00:00+00:00,1671.01
DK2,2025-04-16 17:00:00+00:00,1597.51
DK2,2025-04-16 18:00:00+00:00,1548.13
DK2,2025-04-16 19:00:00+00:00,1492.9175
DK2,2025-04-16 20:00:00+00:00,1394.265
DK2,2025-04-16 21:00:00+00:00,1300.1425
DK2,2025-04-16 22:00:00+00:00,1296.105
DK2,2025-04-16 23:00:00+00:00,1243.0925
DK2,2025-04-17 00:00:00+00:00,1225.685
DK2,2025-04-17 01:00:00+00:00,1243.2125
DK2,2025-04-17 02:00:00+00:00,1190.59
DK2,2025-04-17 03:00:00+00:00,1194.815
DK2,2025-04-17 04:00:00+00:00,1189.8925
DK2,2025-04-17 05:00:00+00:00,1292.345
DK2,2025-04-17 06:00:00+00:00,1402.1375
DK2,2025-04-17 07:00:00+00:00,1494.915
DK2,2025-04-17 08:00:00+00:00,1531.855
DK2,2025-04-17 09:00:00+00:00,1566.4425
DK2,2025-04-17 10:00:00+00:00,1567.59
DK2,2025-04-17 11:00:00+00:00,1522.235
DK2,2025-04-17 12:00:00+00:00,1477.3125
DK2,2025-04-17 13:00:00+00:00,1454.09
DK2,2025-04-17 14:00:00+00:00,1448.4325
DK2,2025-04-17 15:00:00+00:00,1510.945
DK2,2025-04-17 16:00:00+00:00,1529.795
DK2,2025-04-17 17:00:00+00:00,1484.91
DK2,2025-04-17 18:00:00+00:00,1432.275
DK2,2025-04-17 19:00:00+00:00,1375.12
DK2,2025-04-17 20:00:00+00:00,1321.61
DK2,2025-04-17 21:00:00+00:00,1246.1575
DK2,2025-04-17 22:00:00+00:00,1194.605
DK2,2025-04-17 23:00:00+00:00,1177.1875
DK2,2025-04-18 00:00:00+00:00,1175.89
DK2,2025-04-18 01:00:00+00:00,1174.0025
DK2,2025-04-18 02:00:00+00:00,1159.55
DK2,2025-04-18 03:00:00+00:00,1146.605
DK2,2025-04-18 04:00:00+00:00,1154.335
DK2,2025-04-18 05:00:00+00:00,1266.2
DK2,2025-04-18 06:00:00+00:00,1366.4175
DK2,2025-04-18 07:00:00+00:00,1478.975
DK2,2025-04-18 08:00:00+00:00,1577.175
DK2,2025-04-18 09:00:00+00:00,1601.04
DK2,2025-04-18 10:00:00+00:00,1573.81
DK2,2025-04-18 11:00:00+00:00,1585.6825
DK2,2025-04-18 12:00:00+00:00,1599.6
DK2,2025-04-18 13:00:00+00:00,1575.685
DK2,2025-04-18 14:00:00+00:00,1552.7925
DK2,2025-04-18 15:00:00+00:00,1596.0175
DK2,2025-04-18 16:00:00+00:00,1595.125
DK2,2025-04-18 17:00:00+00:00,1529.1
DK2,2025-04-18 18:00:00+00:00,1501.9425
DK2,2025-04-18 19:00:00+00:00,1456.3
DK2,2025-04-18 20:00:00+00:00,1382.0375
DK2,2025-04-18 21:00:00+00:00,1305.13
DK2,2025-04-18 22:00:00+00:00,1286.4375
DK2,2025-04-18 23:00:00+00:00,1281.695
DK2,2025-04-19 00:00:00+00:00,1221.2825
DK2,2025-04-19 01:00:00+00:00,1193.6075
DK2,2025-04-19 02:00:00+00:00,1147.6325
DK2,2025-04-19 03:00:00+00:00,1143.99
DK2,2025-04-19 04:00:00+00:00,1184.6275
DK2,2025-04-19 05:00:00+00:00,1276.19
DK2,2025-04-19 06:00:00+00:00,1424.1925
DK2,2025-04-19 07:00:00+00:00,1557.6825
DK2,2025-04-19 08:00:00+00:00,1673.0075
DK2,2025-04-19 09:00:00+00:00,1774.9475
DK2,2025-04-19 10:00:00+00:00,1801.795
DK2,2025-04-19 11:00:00+00:00,1818.21
DK2,2025-04-19 12:00:00+00:00,1804.7975
DK2,2025-04-19 13:00:00+00:00,1742.3725
DK2,2025-04-19 14:00:00+00:00,1698.76
DK2,2025-04-19 15:00:00+00:00,1695.38
DK2,2025-04-19 16:00:00+00:00,1669.7375
DK2,2025-04-19 17:00:00+00:00,1598.6675
DK2,2025-04-19 18:00:00+00:00,1552.065
DK2,2025-04-19 19:00:00+00:00,1500.0525
DK2,2025-04-19 20:00:00+00:00,1412.5525
DK2,2025-04-19 21:00:00+00:00,1336.295
DK2,2025-04-19 22:00:00+00:00,1307.795
DK2,2025-04-19 23:00:00+00:00,1291.4825
DK2,2025-04-20 00:00:00+00:00,1240.1775
DK2,2025-04-20 01:00:00+00:00,1190.935
DK2,2025-04-20 02:00:00+00:00,1159.275
DK2,2025-04-20 03:00:00+00:00,1145.06
DK2,2025-04-20 04:00:00+00:00,1175.3525
DK2,2025-04-20 05:00:00+00:00,1274.8925
DK2,2025-04-20 06:00:00+00:00,1420.8725
DK2,2025-04-20 07:00:00+00:00,1597.075
DK2,2025-04-20 08:00:00+00:00,1724.2225
DK2,2025-04-20 09:00:00+00:00,1789.0975
DK2,2025-04-20 10:00:00+00:00,1778.575
DK2,2025-04-20 11:00:00+00:00,1739.515
DK2,2025-04-20 12:00:00+00:00,1692.4625
DK2,2025-04-20 13:00:00+00:00,1668.8825
DK2,2025-04-20 14:00:00+00:00,1680.83
DK2,2025-04-20 15:00:00+00:00,1671.6925
DK2,2025-04-20 16:00:00+00:00,1639.9825
DK2,2025-04-20 17:00:00+00:00,1574.5275
DK2,2025-04-20 18:00:00+00:00,1533.295
DK2,2025-04-20 19:00:00+00:00,1494.2325
DK2,2025-04-20 20:00:00+00:00,1426.0775
DK2,2025-04-20 21:00:00+00:00,1324.275
DK2,2025-04-20 22:00:00+00:00,1287.415
DK2,2025-04-20 23:00:00+00:00,1265.3875
DK2,2025-04-21 00:00:00+00:00,1250.2725
DK2,2025-04-21 01:00:00+00:00,1202.7375
DK2,2025-04-21 02:00:00+00:00,1168.5075
DK2,2025-04-21 03:00:00+00:00,1166.82
DK2,2025-04-21 04:00:00+00:00,1195.345
DK2,2025-04-21 05:00:00+00:00,1311.515
DK2,2025-04-21 06:00:00+00:00,1452.63
DK2,2025-04-21 07:00:00+00:00,1549.4725
DK2,2025-04-21 08:00:00+00:00,1631.515
DK2,2025-04-21 09:00:00+00:00,1692.8125
DK2,2025-04-21 10:00:00+00:00,1775.725
DK2,2025-04-21 11:00:00+00:00,1785.4925
DK2,2025-04-21 12:00:00+00:00,1733.5375
DK2,2025-04-21 13:00:00+00:00,1733.48
DK2,2025-04-21 14:00:00+00:00,1678.015
DK2,2025-04-21 15:00:00+00:00,1722.045
DK2,2025-04-21 16:00:00+00:00,1671.1825
DK2,2025-04-21 17:00:00+00:00,1574.505
DK2,2025-04-21 18:00:00+00:00,1522.92
DK2,2025-04-21 19:00:00+00:00,1475.955
DK2,2025-04-21 20:00:00+00:00,1383.805
DK2,2025-04-21 21:00:00+00:00,1298.655
DK2,2025-04-21 22:00:00+00:00,1323.5
DK2,2025-04-21 23:00:00+00:00,1298.8425
DK2,2025-04-22 00:00:00+00:00,1283.705
DK2,2025-04-22 01:00:00+00:00,1223.495
DK2,2025-04-22 02:00:00+00:00,1246.7375
DK2,2025-04-22 03:00:00+00:00,1291.695
DK2,2025-04-22 04:00:00+00:00,1447.21
DK2,2025-04-22 05:00:00+00:00,1683.1975
DK2,2025-04-22 06:00:00+00:00,1804.115
DK2,2025-04-22 07:00:00+00:00,1841.66
DK2,2025-04-22 08:00:00+00:00,1863.7425
DK2,2025-04-22 09:00:00+00:00,1836.0275
DK2,2025-04-22 10:00:00+00:00,1806.1275
DK2,2025-04-22 11:00:00+00:00,1824.675
DK2,2025-04-22 12:00:00+00:00,1836.3475
DK2,2025-04-22 13:00:00+00:00,1793.775
DK2,2025-04-22 14:00:00+00:00,1784.49
DK2,2025-04-22 15:00:00+00:00,1839.1425
DK2,2025-04-22 16:00:00+00:00,1794.07
DK2,2025-04-22 17:00:00+00:00,1690.44
DK2,2025-04-22 18:00:00+00:00,1589.8625
DK2,2025-04-22 19:00:00+00:00,1562.9375
DK2,2025-04-22 20:00:00+00:00,1453.825
DK2,2025-04-22 21:00:00+00:00,1362.4225
DK2,2025-04-22 22:00:00+00:00,1346.4975
DK2,2025-04-22 23:00:00+00:00,1353.75
DK2,2025-04-23 00:00:00+00:00,1312.5075
DK2,2025-04-23 01:00:00+00:00,1262.54
DK2,2025-04-23 02:00:00+00:00,1227.05
DK2,2025-04-23 03:00:00+00:00,1278.0075
DK2,2025-04-23 04:00:00+00:00,1474.45
DK2,2025-04-23 05:00:00+00:00,1657.8275
DK2,2025-04-23 06:00:00+00:00,1758.9925
DK2,2025-04-23 07:00:00+00:00,1841.8125
DK2,2025-04-23 08:00:00+00:00,1859.2075
DK2,2025-04-23 09:00:00+00:00,1832.0375
DK2,2025-04-23 10:00:00+00:00,1841.9925
DK2,2025-04-23 11:00:00+00:00,1834.215
DK2,2025-04-23 12:00:00+00:00,1782.305
DK2,2025-04-23 13:00:00+00:00,1715.9075
DK2,2025-04-23 14:00:00+00:00,1743.955
DK2,2025-04-23 15:00:00+00:00,1767.445
DK2,2025-04-23 16:00:00+00:00,1724.8
DK2,2025-04-23 17:00:00+00:00,1644.1125
DK2,2025-04-23 18:00:00+00:00,1596.845
DK2,2025-04-23 19:00:00+00:00,1554.895
DK2,2025-04-23 20:00:00+00:00,1459.685
DK2,2025-04-23 21:00:00+00:00,1350.4525
DK2,2025-04-23 22:00:00+00:00,1350.2875
DK2,2025-04-23 23:00:00+00:00,1350.65
DK2,2025-04-24 00:00:00+00:00,1336.865
DK2,2025-04-24 01:00:00+00:00,1302.955
DK2,2025-04-24 02:00:00+00:00,1293.915
DK2,2025-04-24 03:00:00+00:00,1307.495
DK2,2025-04-24 04:00:00+00:00,1463.365
DK2,2025-04-24 05:00:00+00:00,1684.595
DK2,2025-04-24 06:00:00+00:00,1783.315
DK2,2025-04-24 07:00:00+00:00,1851.3925
DK2,2025-04-24 08:00:00+00:00,1835.9225
DK2,2025-04-24 09:00:00+00:00,1827.0625
DK2,2025-04-24 10:00:00+00:00,1809.6575
DK2,2025-04-24 11:00:00+00:00,1782.2975
DK2,2025-04-24 12:00:00+00:00,1796.535
DK2,2025-04-24 13:00:00+00:00,1744.3125
DK2,2025-04-24 14:00:00+00:00,1741.645
DK2,2025-04-24 15:00:00+00:00,1811.6775
DK2,2025-04-24 16:00:00+00:00,1779.2975
DK2,2025-04-24 17:00:00+00:00,1677.51
DK2,2025-04-24 18:00:00+00:00,1598.8725
DK2,2025-04-24 19:00:00+00:00,1563.815
DK2,2025-04-24 20:00:00+00:00,1451.79
DK2,2025-04-24 21:00:00+00:00,1357.725
DK2,2025-04-24 22:00:00+00:00,1370.885
DK2,2025-04-24 23:00:00+00:00,1409.575
DK2,2025-04-25 00:00:00+00:00,1359.4375
DK2,2025-04-25 01:00:00+00:00,1293.225
DK2,2025-04-25 02:00:00+00:00,1246.415
DK2,2025-04-25 03:00:00+00:00,1296.71
DK2,2025-04-25 04:00:00+00:00,1471.53
DK2,2025-04-25 05:00:00+00:00,1658.7325
DK2,2025-04-25 06:00:00+00:00,1804.025
DK2,2025-04-25 07:00:00+00:00,1864.74
DK2,2025-04-25 08:00:00+00:00,1859.205
DK2,2025-04-25 09:00:00+00:00,1859.5525
DK2,2025-04-25 10:00:00+00:00,1812.7425
DK2,2025-04-25 11:00:00+00:00,1842.1475
DK2,2025-04-25 12:00:00+00:00,1819.065
DK2,2025-04-25 13:00:00+00:00,1724.7775
DK2,2025-04-25 14:00:00+00:00,1748.85
DK2,2025-04-25 15:00:00+00:00,1761.8225
DK2,2025-04-25 16:00:00+00:00,1736.595
DK2,2025-04-25 17:00:00+00:00,1642.5175
DK2,2025-04-25 18:00:00+00:00,1554.96
DK2,2025-04-25 19:00:00+00:00,1524.22
DK2,2025-04-25 20:00:00+00:00,1433.7025
DK2,2025-04-25 21:00:00+00:00,1370.17
DK2,2025-04-25 22:00:00+00:00,1312.4125
DK2,2025-04-25 23:00:00+00:00,1303.45
DK2,2025-04-26 00:00:00+00:00,1289.9575
DK2,2025-04-26 01:00:00+00:00,1254.435
DK2,2025-04-26 02:00:00+00:00,1213.9825
DK2,2025-04-26 03:00:00+00:00,1178.5
DK2,2025-04-26 04:00:00+00:00,1230.7425
DK2,2025-04-26 05:00:00+00:00,1360.29
DK2,2025-04-26 06:00:00+00:00,1522.395
DK2,2025-04-26 07:00:00+00:00,1664.115
DK2,2025-04-26 08:00:00+00:00,1754.8725
DK2,2025-04-26 09:00:00+00:00,1781.5425
DK2,2025-04-26 10:00:00+00:00,1786.34
DK2,2025-04-26 11:00:00+00:00,1766.565
DK2,2025-04-26 12:00:00+00:00,1702.8175
DK2,2025-04-26 13:00:00+00:00,1634.0675
DK2,2025-04-26 14:00:00+00:00,1631.59
DK2,2025-04-26 15:00:00+00:00,1622.735
DK2,2025-04-26 16:00:00+00:00,1579.1725
DK2,2025-04-26 17:00:00+00:00,1515.885
DK2,2025-04-26 18:00:00+00:00,1456.0075
DK2,2025-04-26 19:00:00+00:00,1458.1125
DK2,2025-04-26 20:00:00+00:00,1384.185
DK2,2025-04-26 21:00:00+00:00,1307.3225
DK2,2025-04-26 22:00:00+00:00,1282.275
DK2,2025-04-26 23:00:00+00:00,1264.2375
DK2,2025-04-27 00:00:00+00:00,1242.515
DK2,2025-04-27 01:00:00+00:00,1211.7275
DK2,2025-04-27 02:00:00+00:00,1187.205
DK2,2025-04-27 03:00:00+00:00,1155.7075
DK2,2025-04-27 04:00:00+00:00,1203.0075
DK2,2025-04-27 05:00:00+00:00,1297.9375
DK2,2025-04-27 06:00:00+00:00,1429.7325
DK2,2025-04-27 07:00:00+00:00,1600.925
DK2,2025-04-27 08:00:00+00:00,1715.1675
DK2,2025-04-27 09:00:00+00:00,1769.21
DK2,2025-04-27 10:00:00+00:00,1784.4175
DK2,2025-04-27 11:00:00+00:00,1775.2825
DK2,2025-04-27 12:00:00+00:00,1753.9675
DK2,2025-04-27 13:00:00+00:00,1702.77
DK2,2025-04-27 14:00:00+00:00,1670.26
DK2,2025-04-27 15:00:00+00:00,1681.975
DK2,2025-04-27 16:00:00+00:00,1617.625
DK2,2025-04-27 17:00:00+00:00,1551.0875
DK2,2025-04-27 18:00:00+00:00,1471.2825
DK2,2025-04-27 19:00:00+00:00,1457.46
DK2,2025-04-27 20:00:00+00:00,1365.335
DK2,2025-04-27 21:00:00+00:00,1279.415
DK2,2025-04-27 22:00:00+00:00,1271.8525
DK2,2025-04-27 23:00:00+00:00,1259.425
DK2,2025-04-28 00:00:00+00:00,1231.115
DK2,2025-04-28 01:00:00+00:00,1190.36
DK2,2025-04-28 02:00:00+00:00,1196.0675
DK2,2025-04-28 03:00:00+00:00,1267.49
DK2,2025-04-28 04:00:00+00:00,1462.1625
DK2,2025-04-28 05:00:00+00:00,1643.3325
DK2,2025-04-28 06:00:00+00:00,1741.82
DK2,2025-04-28 07:00:00+00:00,1826.62
DK2,2025-04-28 08:00:00+00:00,1969.33
DK2,2025-04-28 09:00:00+00:00,1874.9625
DK2,2025-04-28 10:00:00+00:00,1872.5375
DK2,2025-04-28 11:00:00+00:00,1846.3575
DK2,2025-04-28 12:00:00+00:00,1787.7
DK2,2025-04-28 13:00:00+00:00,1742.0325
DK2,2025-04-28 14:00:00+00:00,1757.575
DK2,2025-04-28 15:00:00+00:00,1773.14
DK2,2025-04-28 16:00:00+00:00,1718.0825
DK2,2025-04-28 17:00:00+00:00,1626.3175
DK2,2025-04-28 18:00:00+00:00,1539.615
DK2,2025-04-28 19:00:00+00:00,1518.475
DK2,2025-04-28 20:00:00+00:00,1410.4975
DK2,2025-04-28 21:00:00+00:00,1312.84
DK2,2025-04-28 22:00:00+00:00,1267.0375
DK2,2025-04-28 23:00:00+00:00,1263.005
DK2,2025-04-29 00:00:00+00:00,1252.0475
DK2,2025-04-29 01:00:00+00:00,1200.1725
DK2,2025-04-29 02:00:00+00:00,1189.19
DK2,2025-04-29 03:00:00+00:00,1223.9125
DK2,2025-04-29 04:00:00+00:00,1412.755
DK2,2025-04-29 05:00:00+00:00,1599.98
DK2,2025-04-29 06:00:00+00:00,1720.2575
DK2,2025-04-29 07:00:00+00:00,1730.595
DK2,2025-04-29 08:00:00+00:00,1803.9725
DK2,2025-04-29 09:00:00+00:00,1815.4275
DK2,2025-04-29 10:00:00+00:00,1819.4525
DK2,2025-04-29 11:00:00+00:00,1803.345
DK2,2025-04-29 12:00:00+00:00,1760.305
DK2,2025-04-29 13:00:00+00:00,1705.94
DK2,2025-04-29 14:00:00+00:00,1700.7525
DK2,2025-04-29 15:00:00+00:00,1719.9825
DK2,2025-04-29 16:00:00+00:00,1681.1025
DK2,2025-04-29 17:00:00+00:00,1593.1775
DK2,2025-04-29 18:00:00+00:00,1507.45
DK2,2025-04-29 19:00:00+00:00,1486.4025
DK2,2025-04-29 20:00:00+00:00,1392.23
DK2,2025-04-29 21:00:00+00:00,1282.13
DK2,2025-04-29 22:00:00+00:00,1259.47
DK2,2025-04-29 23:00:00+00:00,1255.385
DK2,2025-04-30 00:00:00+00:00,1216.1
DK2,2025-04-30 01:00:00+00:00,1165.075
DK2,2025-04-30 02:00:00+00:00,1131.02
DK2,2025-04-30 03:00:00+00:00,1181.835
DK2,2025-04-30 04:00:00+00:00,1374.3675
DK2,2025-04-30 05:00:00+00:00,1572.5875
DK2,2025-04-30 06:00:00+00:00,1689.2625
DK2,2025-04-30 07:00:00+00:00,1745.76
DK2,2025-04-30 08:00:00+00:00,1788.53
DK2,2025-04-30 09:00:00+00:00,1795.375
DK2,2025-04-30 10:00:00+00:00,1816.6675
DK2,2025-04-30 11:00:00+00:00,1795.1225
DK2,2025-04-30 12:00:00+00:00,1762.0975
DK2,2025-04-30 13:00:00+00:00,1703.005
DK2,2025-04-30 14:00:00+00:00,1720.225
DK2,2025-04-30 15:00:00+00:00,1746.275
DK2,2025-04-30 16:00:00+00:00,1696.38
DK2,2025-04-30 17:00:00+00:00,1593.855
DK2,2025-04-30 18:00:00+00:00,1530.63
DK2,2025-04-30 19:00:00+00:00,1476.7175
DK2,2025-04-30 20:00:00+00:00,1375.55
DK2,2025-04-30 21:00:00+00:00,1265.185
DK2,2025-04-30 22:00:00+00:00,1238.86
DK2,2025-04-30 23:00:00+00:00,1238.5825
DK2,2025-05-01 00:00:00+00:00,1215.555
DK2,2025-05-01 01:00:00+00:00,1139.1325
DK2,2025-05-01 02:00:00+00:00,1114.5825
DK2,2025-05-01 03:00:00+00:00,1201.7975
DK2,2025-05-01 04:00:00+00:00,1334.365
DK2,2025-05-01 05:00:00+00:00,1528.8825
DK2,2025-05-01 06:00:00+00:00,1658.8275
DK2,2025-05-01 07:00:00+00:00,1740.1975
DK2,2025-05-01 08:00:00+00:00,1775.415
DK2,2025-05-01 09:00:00+00:00,1781.1975
DK2,2025-05-01 10:00:00+00:00,1776.0625
DK2,2025-05-01 11:00:00+00:00,1743.6325
DK2,2025-05-01 12:00:00+00:00,1707.4225
DK2,2025-05-01 13:00:00+00:00,1671.895
DK2,2025-05-01 14:00:00+00:00,1661.55
DK2,2025-05-01 15:00:00+00:00,1681.3575
DK2,2025-05-01 16:00:00+00:00,1631.2225
DK2,2025-05-01 17:00:00+00:00,1549.785
DK2,2025-05-01 18:00:00+00:00,1494.325
DK2,2025-05-01 19:00:00+00:00,1483.2025
DK2,2025-05-01 20:00:00+00:00,1384.4925
DK2,2025-05-01 21:00:00+00:00,1265.2825
DK2,2025-05-01 22:00:00+00:00,1292.12
DK2,2025-05-01 23:00:00+00:00,1289.3825
DK2,2025-05-02 00:00:00+00:00,1230.285
DK2,2025-05-02 01:00:00+00:00,1186.0275
DK2,2025-05-02 02:00:00+00:00,1137.4375
DK2,2025-05-02 03:00:00+00:00,1162.8975
DK2,2025-05-02 04:00:00+00:00,1339.1775
DK2,2025-05-02 05:00:00+00:00,1503.3575
DK2,2025-05-02 06:00:00+00:00,1659.65
DK2,2025-05-02 07:00:00+00:00,1761.4925
DK2,2025-05-02 08:00:00+00:00,1834.695
DK2,2025-05-02 09:00:00+00:00,1837.8
DK2,2025-05-02 10:00:00+00:00,1847.8575
DK2,2025-05-02 11:00:00+00:00,1819.99
DK2,2025-05-02 12:00:00+00:00,1742.1975
DK2,2025-05-02 13:00:00+00:00,1692.69
DK2,2025-05-02 14:00:00+00:00,1706.735
DK2,2025-05-02 15:00:00+00:00,1689.4525
DK2,2025-05-02 16:00:00+00:00,1647.81
DK2,2025-05-02 17:00:00+00:00,1538.73
DK2,2025-05-02 18:00:00+00:00,1469.835
DK2,2025-05-02 19:00:00+00:00,1467.99
DK2,2025-05-02 20:00:00+00:00,1412.6825
DK2,2025-05-02 21:00:00+00:00,1317.5975
DK2,2025-05-02 22:00:00+00:00,1317.3075
DK2,2025-05-02 23:00:00+00:00,1273.1425
DK2,2025-05-03 00:00:00+00:00,1217.0375
DK2,2025-05-03 01:00:00+00:00,1151.55
DK2,2025-05-03 02:00:00+00:00,1117.44
DK2,2025-05-03 03:00:00+00:00,1098.8575
DK2,2025-05-03 04:00:00+00:00,1147.9425
DK2,2025-05-03 05:00:00+00:00,1263.045
DK2,2025-05-03 06:00:00+00:00,1408.67
DK2,2025-05-03 07:00:00+00:00,1548.3825
DK2,2025-05-03 08:00:00+00:00,1658.91
DK2,2025-05-03 09:00:00+00:00,1733.6375
DK2,2025-05-03 10:00:00+00:00,1749.6625
DK2,2025-05-03 11:00:00+00:00,1721.27
DK2,2025-05-03 12:00:00+00:00,1700.395
DK2,2025-05-03 13:00:00+00:00,1680.38
DK2,2025-05-03 14:00:00+00:00,1687.04
DK2,2025-05-03 15:00:00+00:00,1674.355
DK2,2025-05-03 16:00:00+00:00,1621.6225
DK2,2025-05-03 17:00:00+00:00,1561.5075
DK2,2025-05-03 18:00:00+00:00,1497.1825
DK2,2025-05-03 19:00:00+00:00,1480.45
DK2,2025-05-03 20:00:00+00:00,1394.5025
DK2,2025-05-03 21:00:00+00:00,1313.005
DK2,2025-05-03 22:00:00+00:00,1301.9275
DK2,2025-05-03 23:00:00+00:00,1268.7125
DK2,2025-05-04 00:00:00+00:00,1251.9725
DK2,2025-05-04 01:00:00+00:00,1254.665
DK2,2025-05-04 02:00:00+00:00,1225.3775
DK2,2025-05-04 03:00:00+00:00,1193.755
DK2,2025-05-04 04:00:00+00:00,1242.9975
DK2,2025-05-04 05:00:00+00:00,1357.065
DK2,2025-05-04 06:00:00+00:00,1508.655
DK2,2025-05-04 07:00:00+00:00,1645.88
DK2,2025-05-04 08:00:00+00:00,1675.6625
DK2,2025-05-04 09:00:00+00:00,1689.5775
DK2,2025-05-04 10:00:00+00:00,1704.065
DK2,2025-05-04 11:00:00+00:00,1684.4875
DK2,2025-05-04 12:00:00+00:00,1685.28
DK2,2025-05-04 13:00:00+00:00,1651.2875
DK2,2025-05-04 14:00:00+00:00,1671.995
DK2,2025-05-04 15:00:00+00:00,1708.56
DK2,2025-05-04 16:00:00+00:00,1653.47
DK2,2025-05-04 17:00:00+00:00,1555.48
DK2,2025-05-04 18:00:00+00:00,1488.51
DK2,2025-05-04 19:00:00+00:00,1463.8375
DK2,2025-05-04 20:00:00+00:00,1404.315
DK2,2025-05-04 21:00:00+00:00,1313.03
DK2,2025-05-04 22:00:00+00:00,1313.4725
DK2,2025-05-04 23:00:00+00:00,1326.6275
DK2,2025-05-05 00:00:00+00:00,1274.725
DK2,2025-05-05 01:00:00+00:00,1232.6425
DK2,2025-05-05 02:00:00+00:00,1220.095
DK2,2025-05-05 03:00:00+00:00,1281.6625
DK2,2025-05-05 04:00:00+00:00,1448.5275
DK2,2025-05-05 05:00:00+00:00,1638.915
DK2,2025-05-05 06:00:00+00:00,1773.3125
DK2,2025-05-05 07:00:00+00:00,1809.075
DK2,2025-05-05 08:00:00+00:00,1830.4075
DK2,2025-05-05 09:00:00+00:00,1801.3675
DK2,2025-05-05 10:00:00+00:00,1788.8225
DK2,2025-05-05 11:00:00+00:00,1759.45
DK2,2025-05-05 12:00:00+00:00,1718.2925
DK2,2025-05-05 13:00:00+00:00,1664.25
DK2,2025-05-05 14:00:00+00:00,1706.59
DK2,2025-05-05 15:00:00+00:00,1754.7175
DK2,2025-05-05 16:00:00+00:00,1708.2575
DK2,2025-05-05 17:00:00+00:00,1614.6175
DK2,2025-05-05 18:00:00+00:00,1524.065
DK2,2025-05-05 19:00:00+00:00,1523.045
DK2,2025-05-05 20:00:00+00:00,1453.94
DK2,2025-05-05 21:00:00+00:00,1388.24
DK2,2025-05-05 22:00:00+00:00,1403.49
DK2,2025-05-05 23:00:00+00:00,1320.5525
DK2,2025-05-06 00:00:00+00:00,1285.085
DK2,2025-05-06 01:00:00+00:00,1245.83
DK2,2025-05-06 02:00:00+00:00,1183.03
DK2,2025-05-06 03:00:00+00:00,1275.35
DK2,2025-05-06 04:00:00+00:00,1441.9225
DK2,2025-05-06 05:00:00+00:00,1653.4275
DK2,2025-05-06 06:00:00+00:00,1771.4525
DK2,2025-05-06 07:00:00+00:00,1793.8575
DK2,2025-05-06 08:00:00+00:00,1797.6675
DK2,2025-05-06 09:00:00+00:00,1814.79
DK2,2025-05-06 10:00:00+00:00,1799.37
DK2,2025-05-06 11:00:00+00:00,1779.455
DK2,2025-05-06 12:00:00+00:00,1758.375
DK2,2025-05-06 13:00:00+00:00,1714.26
DK2,2025-05-06 14:00:00+00:00,1714.7675
DK2,2025-05-06 15:00:00+00:00,1728.525
DK2,2025-05-06 16:00:00+00:00,1711.3475
DK2,2025-05-06 17:00:00+00:00,1647.6825
DK2,2025-05-06 18:00:00+00:00,1546.32
DK2,2025-05-06 19:00:00+00:00,1509.34
DK2,2025-05-06 20:00:00+00:00,1419.5725
DK2,2025-05-06 21:00:00+00:00,1361.4675
DK2,2025-05-06 22:00:00+00:00,1345.95
DK2,2025-05-06 23:00:00+00:00,1324.22
DK2,2025-05-07 00:00:00+00:00,1257.6625
DK2,2025-05-07 01:00:00+00:00,1194.78
DK2,2025-05-07 02:00:00+00:00,1178.2975
DK2,2025-05-07 03:00:00+00:00,1227.515
DK2,2025-05-07 04:00:00+00:00,1425.9725
DK2,2025-05-07 05:00:00+00:00,1610.3525
DK2,2025-05-07 06:00:00+00:00,1722.055
DK2,2025-05-07 07:00:00+00:00,1775.3725
DK2,2025-05-07 08:00:00+00:00,1785.8925
DK2,2025-05-07 09:00:00+00:00,1770.74
DK2,2025-05-07 10:00:00+00:00,1789.03
DK2,2025-05-07 11:00:00+00:00,1754.4325
DK2,2025-05-07 12:00:00+00:00,1707.78
DK2,2025-05-07 13:00:00+00:00,1670.785
DK2,2025-05-07 14:00:00+00:00,1703.52
DK2,2025-05-07 15:00:00+00:00,1766.01
DK2,2025-05-07 16:00:00+00:00,1711.745
DK2,2025-05-07 17:00:00+00:00,1619.8725
DK2,2025-05-07 18:00:00+00:00,1542.805
DK2,2025-05-07 19:00:00+00:00,1515.66
DK2,2025-05-07 20:00:00+00:00,1438.515
DK2,2025-05-07 21:00:00+00:00,1342.0825
DK2,2025-05-07 22:00:00+00:00,1360.185
DK2,2025-05-07 23:00:00+00:00,1340.42
DK2,2025-05-08 00:00:00+00:00,1303.26
DK2,2025-05-08 01:00:00+00:00,1228.67
DK2,2025-05-08 02:00:00+00:00,1179.47
DK2,2025-05-08 03:00:00+00:00,1226.145
DK2,2025-05-08 04:00:00+00:00,1412.365
DK2,2025-05-08 05:00:00+00:00,1609.205
DK2,2025-05-08 06:00:00+00:00,1714.5975
DK2,2025-05-08 12:00:00+00:00,1723.3075
DK2,2025-05-08 13:00:00+00:00,1660.395
DK2,2025-05-08 14:00:00+00:00,1662.3225
DK2,2025-05-08 15:00:00+00:00,1700.4775
DK2,2025-05-08 16:00:00+00:00,1709.6275
DK2,2025-05-08 17:00:00+00:00,1619.635
DK2,2025-05-08 18:00:00+00:00,1554.6825
DK2,2025-05-08 19:00:00+00:00,1512.3375
DK2,2025-05-08 20:00:00+00:00,1452.35
DK2,2025-05-08 21:00:00+00:00,1346.58
DK2,2025-05-08 22:00:00+00:00,1336.7425
DK2,2025-05-08 23:00:00+00:00,1313.9925
DK2,2025-05-09 00:00:00+00:00,1278.06
DK2,2025-05-09 01:00:00+00:00,1238.93
DK2,2025-05-09 02:00:00+00:00,1198.295
DK2,2025-05-09 03:00:00+00:00,1210.1175
DK2,2025-05-09 04:00:00+00:00,1426.535
DK2,2025-05-09 05:00:00+00:00,1629.285
DK2,2025-05-09 06:00:00+00:00,1756.3
DK2,2025-05-09 07:00:00+00:00,1812.8025
DK2,2025-05-09 08:00:00+00:00,1834.5225
DK2,2025-05-09 09:00:00+00:00,1821.8975
DK2,2025-05-09 10:00:00+00:00,1825.6675
DK2,2025-05-09 11:00:00+00:00,1809.875
DK2,2025-05-09 12:00:00+00:00,1791.7575
DK2,2025-05-09 13:00:00+00:00,1765.505
DK2,2025-05-09 14:00:00+00:00,1776.5525
DK2,2025-05-09 15:00:00+00:00,1767.9525
DK2,2025-05-09 16:00:00+00:00,1702.9675
DK2,2025-05-09 17:00:00+00:00,1595.83
DK2,2025-05-09 18:00:00+00:00,1517.8
DK2,2025-05-09 19:00:00+00:00,1452.82
DK2,2025-05-09 20:00:00+00:00,1378.7375
DK2,2025-05-09 21:00:00+00:00,1310.235
DK2,2025-05-09 22:00:00+00:00,1272.405
DK2,2025-05-09 23:00:00+00:00,1219.7225
DK2,2025-05-10 00:00:00+00:00,1214.7825
DK2,2025-05-10 01:00:00+00:00,1167.7875
DK2,2025-05-10 02:00:00+00:00,1130.32
DK2,2025-05-10 03:00:00+00:00,1087.3375
DK2,2025-05-10 04:00:00+00:00,1133.8475
DK2,2025-05-10 05:00:00+00:00,1266.0275
DK2,2025-05-10 06:00:00+00:00,1406.1525
DK2,2025-05-10 07:00:00+00:00,1535.475
DK2,2025-05-10 08:00:00+00:00,1667.425
DK2,2025-05-10 09:00:00+00:00,1727.8575
DK2,2025-05-10 10:00:00+00:00,1737.715
DK2,2025-05-10 11:00:00+00:00,1734.8225
DK2,2025-05-10 12:00:00+00:00,1684.2575
DK2,2025-05-10 13:00:00+00:00,1653.755
DK2,2025-05-10 14:00:00+00:00,1631.465
DK2,2025-05-10 15:00:00+00:00,1662.96
DK2,2025-05-10 16:00:00+00:00,1689.82
DK2,2025-05-10 17:00:00+00:00,1600.5525
DK2,2025-05-10 18:00:00+00:00,1465.045
DK2,2025-05-10 19:00:00+00:00,1417.535
DK2,2025-05-10 20:00:00+00:00,1371.675
DK2,2025-05-10 21:00:00+00:00,1293.44
DK2,2025-05-10 22:00:00+00:00,1249.5225
DK2,2025-05-10 23:00:00+00:00,1232.0875
DK2,2025-05-11 00:00:00+00:00,1193.9575
DK2,2025-05-11 01:00:00+00:00,1150.42
DK2,2025-05-11 02:00:00+00:00,1127.06
DK2,2025-05-11 03:00:00+00:00,1114.195
DK2,2025-05-11 04:00:00+00:00,1186.3825
DK2,2025-05-11 05:00:00+00:00,1281.275
DK2,2025-05-11 06:00:00+00:00,1449.2125
DK2,2025-05-11 07:00:00+00:00,1575.46
DK2,2025-05-11 08:00:00+00:00,1667.8075
DK2,2025-05-11 09:00:00+00:00,1725.7475
DK2,2025-05-11 10:00:00+00:00,1707.31
DK2,2025-05-11 11:00:00+00:00,1677.145
DK2,2025-05-11 12:00:00+00:00,1656.38
DK2,2025-05-11 13:00:00+00:00,1654.17
DK2,2025-05-11 14:00:00+00:00,1631.79
DK2,2025-05-11 15:00:00+00:00,1632.1975
DK2,2025-05-11 16:00:00+00:00,1594.5
DK2,2025-05-11 17:00:00+00:00,1535.6575
DK2,2025-05-11 18:00:00+00:00,1463.77
DK2,2025-05-11 19:00:00+00:00,1415.59
DK2,2025-05-11 20:00:00+00:00,1375.345
DK2,2025-05-11 21:00:00+00:00,1282.89
DK2,2025-05-11 22:00:00+00:00,1266.085
DK2,2025-05-11 23:00:00+00:00,1264.8525
DK2,2025-05-12 00:00:00+00:00,1233.1825
DK2,2025-05-12 01:00:00+00:00,1197.9075
DK2,2025-05-12 02:00:00+00:00,1159.0775
DK2,2025-05-12 03:00:00+00:00,1223.29
DK2,2025-05-12 04:00:00+00:00,1424.6225
DK2,2025-05-12 05:00:00+00:00,1634.8275
DK2,2025-05-12 06:00:00+00:00,1786.235
DK2,2025-05-12 07:00:00+00:00,1892.52
DK2,2025-05-12 08:00:00+00:00,1935.6925
DK2,2025-05-12 09:00:00+00:00,1929.1675
DK2,2025-05-12 10:00:00+00:00,1933.75
DK2,2025-05-12 11:00:00+00:00,1942.7325
DK2,2025-05-12 12:00:00+00:00,1847.1775
DK2,2025-05-12 13:00:00+00:00,1768.9375
DK2,2025-05-12 14:00:00+00:00,1741.62
DK2,2025-05-12 15:00:00+00:00,1821.24
DK2,2025-05-12 16:00:00+00:00,1757.33
DK2,2025-05-12 17:00:00+00:00,1637.56
DK2,2025-05-12 18:00:00+00:00,1568.175
DK2,2025-05-12 19:00:00+00:00,1510.5175
DK2,2025-05-12 20:00:00+00:00,1428.4825
DK2,2025-05-12 21:00:00+00:00,1336.66
DK2,2025-05-12 22:00:00+00:00,1324.805
DK2,2025-05-12 23:00:00+00:00,1288.2225
DK2,2025-05-13 00:00:00+00:00,1227.14
DK2,2025-05-13 01:00:00+00:00,1197.3625
DK2,2025-05-13 02:00:00+00:00,1181.525
DK2,2025-05-13 03:00:00+00:00,1241.5775
DK2,2025-05-13 04:00:00+00:00,1411.3475
DK2,2025-05-13 05:00:00+00:00,1612.0525
DK2,2025-05-13 06:00:00+00:00,1725.61
DK2,2025-05-13 07:00:00+00:00,1805.33
DK2,2025-05-13 08:00:00+00:00,1832.405
DK2,2025-05-13 09:00:00+00:00,1839.435
DK2,2025-05-13 10:00:00+00:00,1831.9525
DK2,2025-05-13 11:00:00+00:00,1776.9375
DK2,2025-05-13 12:00:00+00:00,1756.205
DK2,2025-05-13 13:00:00+00:00,1735.925
DK2,2025-05-13 14:00:00+00:00,1730.0675
DK2,2025-05-13 15:00:00+00:00,1750.265
DK2,2025-05-13 16:00:00+00:00,1718.07
DK2,2025-05-13 17:00:00+00:00,1605.8875
DK2,2025-05-13 18:00:00+00:00,1506.415
DK2,2025-05-13 19:00:00+00:00,1491.27
DK2,2025-05-13 20:00:00+00:00,1406.465
DK2,2025-05-13 21:00:00+00:00,1283.805
DK2,2025-05-13 22:00:00+00:00,1275.92
DK2,2025-05-13 23:00:00+00:00,1295.355
DK2,2025-05-14 00:00:00+00:00,1214.0775
DK2,2025-05-14 01:00:00+00:00,1180.765
DK2,2025-05-14 02:00:00+00:00,1204.4625
DK2,2025-05-14 03:00:00+00:00,1210.115
DK2,2025-05-14 04:00:00+00:00,1398.455
DK2,2025-05-14 05:00:00+00:00,1597.22
DK2,2025-05-14 06:00:00+00:00,1725.0975
DK2,2025-05-14 07:00:00+00:00,1782.9
DK2,2025-05-14 08:00:00+00:00,1851.6975
DK2,2025-05-14 09:00:00+00:00,1879.9425
DK2,2025-05-14 10:00:00+00:00,1882.3025
DK2,2025-05-14 11:00:00+00:00,1846.4075
DK2,2025-05-14 12:00:00+00:00,1790.8125
DK2,2025-05-14 13:00:00+00:00,1710.94
DK2,2025-05-14 14:00:00+00:00,1774.6125
DK2,2025-05-14 15:00:00+00:00,1778.0125
DK2,2025-05-14 16:00:00+00:00,1742.605
DK2,2025-05-14 17:00:00+00:00,1629.5725
DK2,2025-05-14 18:00:00+00:00,1530.38
DK2,2025-05-14 19:00:00+00:00,1483.4675
DK2,2025-05-14 20:00:00+00:00,1415.4525
DK2,2025-05-14 21:00:00+00:00,1307.5
DK2,2025-05-14 22:00:00+00:00,1270.265
DK2,2025-05-14 23:00:00+00:00,1250.14
DK2,2025-05-15 00:00:00+00:00,1224.8225
DK2,2025-05-15 01:00:00+00:00,1233.8725
DK2,2025-05-15 02:00:00+00:00,1226.4875
DK2,2025-05-15 03:00:00+00:00,1271.86
DK2,2025-05-15 04:00:00+00:00,1416.3375
DK2,2025-05-15 05:00:00+00:00,1586.4075
DK2,2025-05-15 06:00:00+00:00,1719.0825
DK2,2025-05-15 07:00:00+00:00,1799.1425
DK2,2025-05-15 08:00:00+00:00,1867.2375
DK2,2025-05-15 09:00:00+00:00,1813.6125
DK2,2025-05-15 10:00:00+00:00,1796.405
DK2,2025-05-15 11:00:00+00:00,1781.4225
DK2,2025-05-15 12:00:00+00:00,1740.475
DK2,2025-05-15 13:00:00+00:00,1731.025
DK2,2025-05-15 14:00:00+00:00,1714.505
DK2,2025-05-15 15:00:00+00:00,1814.145
DK2,2025-05-15 16:00:00+00:00,1725.895
DK2,2025-05-15 17:00:00+00:00,1621.215
DK2,2025-05-15 18:00:00+00:00,1534.415
DK2,2025-05-15 19:00:00+00:00,1488.7825
DK2,2025-05-15 20:00:00+00:00,1429.7475
DK2,2025-05-15 21:00:00+00:00,1345.185
DK2,2025-05-15 22:00:00+00:00,1337.98
DK2,2025-05-15 23:00:00+00:00,1345.675
DK2,2025-05-16 00:00:00+00:00,1318.465
DK2,2025-05-16 01:00:00+00:00,1273.01
DK2,2025-05-16 02:00:00+00:00,1193.0875
DK2,2025-05-16 03:00:00+00:00,1209.7375
DK2,2025-05-16 04:00:00+00:00,1387.9425
DK2,2025-05-16 05:00:00+00:00,1537.21
DK2,2025-05-16 06:00:00+00:00,1768.295
DK2,2025-05-16 07:00:00+00:00,1763.38
DK2,2025-05-16 08:00:00+00:00,1845.1775
DK2,2025-05-16 09:00:00+00:00,1841.1775
DK2,2025-05-16 10:00:00+00:00,1837.7025
DK2,2025-05-16 11:00:00+00:00,1796.6225
DK2,2025-05-16 12:00:00+00:00,1768.615
DK2,2025-05-16 13:00:00+00:00,1748.0475
DK2,2025-05-16 14:00:00+00:00,1788.095
DK2,2025-05-16 15:00:00+00:00,1778.9525
DK2,2025-05-16 16:00:00+00:00,1730.1425
DK2,2025-05-16 17:00:00+00:00,1657.955
DK2,2025-05-16 18:00:00+00:00,1574.385
DK2,2025-05-16 19:00:00+00:00,1553.7225
DK2,2025-05-16 20:00:00+00:00,1502.5625
DK2,2025-05-16 21:00:00+00:00,1423.0175
DK2,2025-05-16 22:00:00+00:00,1432.7675
DK2,2025-05-16 23:00:00+00:00,1361.4975
DK2,2025-05-17 00:00:00+00:00,1426.85
DK2,2025-05-17 01:00:00+00:00,1339.8825
DK2,2025-05-17 02:00:00+00:00,1288.8325
DK2,2025-05-17 03:00:00+00:00,1223.78
DK2,2025-05-17 04:00:00+00:00,1245.91
DK2,2025-05-17 05:00:00+00:00,1372.805
DK2,2025-05-17 06:00:00+00:00,1506.4825
DK2,2025-05-17 07:00:00+00:00,1639.775
DK2,2025-05-17 08:00:00+00:00,1710.48
DK2,2025-05-17 09:00:00+00:00,1718.845
DK2,2025-05-17 10:00:00+00:00,1726.5525
DK2,2025-05-17 11:00:00+00:00,1787.34
DK2,2025-05-17 12:00:00+00:00,1763.345
DK2,2025-05-17 13:00:00+00:00,1730.285
DK2,2025-05-17 14:00:00+00:00,1704.5825
DK2,2025-05-17 15:00:00+00:00,1716.87
DK2,2025-05-17 16:00:00+00:00,1661.605
DK2,2025-05-17 17:00:00+00:00,1613.43
DK2,2025-05-17 18:00:00+00:00,1539.08
DK2,2025-05-17 19:00:00+00:00,1499.795
DK2,2025-05-17 20:00:00+00:00,1453.0225
DK2,2025-05-17 21:00:00+00:00,1369.7925
DK2,2025-05-17 22:00:00+00:00,1302.8675
DK2,2025-05-17 23:00:00+00:00,1275.1025
DK2,2025-05-18 00:00:00+00:00,1240.8725
DK2,2025-05-18 01:00:00+00:00,1231.085
DK2,2025-05-18 02:00:00+00:00,1194.31
DK2,2025-05-18 03:00:00+00:00,1158.5875
DK2,2025-05-18 04:00:00+00:00,1235.405
DK2,2025-05-18 05:00:00+00:00,1337.7
DK2,2025-05-18 06:00:00+00:00,1477.19
DK2,2025-05-18 07:00:00+00:00,1612.4875
DK2,2025-05-18 08:00:00+00:00,1711.7975
DK2,2025-05-18 09:00:00+00:00,1757.375
DK2,2025-05-18 10:00:00+00:00,1822.48
DK2,2025-05-18 11:00:00+00:00,1833.32
DK2,2025-05-18 12:00:00+00:00,1797.78
DK2,2025-05-18 13:00:00+00:00,1770.01
DK2,2025-05-18 14:00:00+00:00,1796.645
DK2,2025-05-18 15:00:00+00:00,1819.73
DK2,2025-05-18 16:00:00+00:00,1764.2575
DK2,2025-05-18 17:00:00+00:00,1663.175
DK2,2025-05-18 18:00:00+00:00,1567.23
DK2,2025-05-18 19:00:00+00:00,1512.42
DK2,2025-05-18 20:00:00+00:00,1412.5675
DK2,2025-05-18 21:00:00+00:00,1328.785
DK2,2025-05-18 22:00:00+00:00,1307.84
DK2,2025-05-18 23:00:00+00:00,1323.17
DK2,2025-05-19 00:00:00+00:00,1307.44
DK2,2025-05-19 01:00:00+00:00,1219.0975
DK2,2025-05-19 02:00:00+00:00,1232.3275
DK2,2025-05-19 03:00:00+00:00,1263.3075
DK2,2025-05-19 04:00:00+00:00,1487.6225
DK2,2025-05-19 05:00:00+00:00,1690.765
DK2,2025-05-19 06:00:00+00:00,1780.0025
DK2,2025-05-19 07:00:00+00:00,1873.835
DK2,2025-05-19 08:00:00+00:00,1902.8575
DK2,2025-05-19 09:00:00+00:00,1936.755
DK2,2025-05-19 10:00:00+00:00,1985.9575
DK2,2025-05-19 11:00:00+00:00,1970.6775
DK2,2025-05-19 12:00:00+00:00,1927.9775
DK2,2025-05-19 13:00:00+00:00,1875.83
DK2,2025-05-19 14:00:00+00:00,1814.3325
DK2,2025-05-19 15:00:00+00:00,1851.56
DK2,2025-05-19 16:00:00+00:00,1788.725
DK2,2025-05-19 17:00:00+00:00,1686.485
DK2,2025-05-19 18:00:00+00:00,1596.9125
DK2,2025-05-19 19:00:00+00:00,1564.3025
DK2,2025-05-19 20:00:00+00:00,1492.375
DK2,2025-05-19 21:00:00+00:00,1407.3
DK2,2025-05-19 22:00:00+00:00,1356.695
DK2,2025-05-19 23:00:00+00:00,1354.9925
DK2,2025-05-20 00:00:00+00:00,1313.515
DK2,2025-05-20 01:00:00+00:00,1272.0775
DK2,2025-05-20 02:00:00+00:00,1248.9725
DK2,2025-05-20 03:00:00+00:00,1306.2425
DK2,2025-05-20 04:00:00+00:00,1477.405
DK2,2025-05-20 05:00:00+00:00,1664.6525
DK2,2025-05-20 06:00:00+00:00,1782.855
DK2,2025-05-20 07:00:00+00:00,1855.0725
DK2,2025-05-20 08:00:00+00:00,1897.4925
DK2,2025-05-20 09:00:00+00:00,1933.415
DK2,2025-05-20 10:00:00+00:00,1997.025
DK2,2025-05-20 11:00:00+00:00,1936.145
DK2,2025-05-20 12:00:00+00:00,2062.175
DK2,2025-05-20 13:00:00+00:00,2030.5625
DK2,2025-05-20 14:00:00+00:00,2012.8975
DK2,2025-05-20 15:00:00+00:00,2026.7625
DK2,2025-05-20 16:00:00+00:00,1922.73
DK2,2025-05-20 17:00:00+00:00,1785.85
DK2,2025-05-20 18:00:00+00:00,1654.915
DK2,2025-05-20 19:00:00+00:00,1584.1925
DK2,2025-05-20 20:00:00+00:00,1508.39
DK2,2025-05-20 21:00:00+00:00,1396.4725
DK2,2025-05-20 22:00:00+00:00,1342.9225
DK2,2025-05-20 23:00:00+00:00,1326.565
DK2,2025-05-21 00:00:00+00:00,1334.82
DK2,2025-05-21 01:00:00+00:00,1305.8825
DK2,2025-05-21 02:00:00+00:00,1288.3475
DK2,2025-05-21 03:00:00+00:00,1271.2125
DK2,2025-05-21 04:00:00+00:00,1441.5025
DK2,2025-05-21 05:00:00+00:00,1597.93
DK2,2025-05-21 06:00:00+00:00,1760.8675
DK2,2025-05-21 07:00:00+00:00,1893.6025
DK2,2025-05-21 08:00:00+00:00,1906.39
DK2,2025-05-21 09:00:00+00:00,1935.03
DK2,2025-05-21 10:00:00+00:00,1997.55
DK2,2025-05-21 11:00:00+00:00,1992.0975
DK2,2025-05-21 12:00:00+00:00,1951.415
DK2,2025-05-21 13:00:00+00:00,1915.025
DK2,2025-05-21 14:00:00+00:00,1916.805
DK2,2025-05-21 15:00:00+00:00,1978.685
DK2,2025-05-21 16:00:00+00:00,1907.1025
DK2,2025-05-21 17:00:00+00:00,1775.0875
DK2,2025-05-21 18:00:00+00:00,1684.9025
DK2,2025-05-21 19:00:00+00:00,1615.4675
DK2,2025-05-21 20:00:00+00:00,1531.75
DK2,2025-05-21 21:00:00+00:00,1452.8275
DK2,2025-05-21 22:00:00+00:00,1463.3375
DK2,2025-05-21 23:00:00+00:00,1455.0775
DK2,2025-05-22 00:00:00+00:00,1392.605
DK2,2025-05-22 01:00:00+00:00,1392.92
DK2,2025-05-22 02:00:00+00:00,1370.025
DK2,2025-05-22 03:00:00+00:00,1397.055
DK2,2025-05-22 04:00:00+00:00,1556.65
DK2,2025-05-22 05:00:00+00:00,1769.4225
DK2,2025-05-22 06:00:00+00:00,1881.34
DK2,2025-05-22 07:00:00+00:00,1943.615
DK2,2025-05-22 08:00:00+00:00,2020.385
DK2,2025-05-22 09:00:00+00:00,2024.655
DK2,2025-05-22 10:00:00+00:00,2083.15
DK2,2025-05-22 11:00:00+00:00,2038.8375
DK2,2025-05-22 12:00:00+00:00,2045.225
DK2,2025-05-22 13:00:00+00:00,1950.235
DK2,2025-05-22 14:00:00+00:00,1918.595
DK2,2025-05-22 15:00:00+00:00,1956.935
DK2,2025-05-22 16:00:00+00:00,1886.7825
DK2,2025-05-22 17:00:00+00:00,1797.11
DK2,2025-05-22 18:00:00+00:00,1724.62
DK2,2025-05-22 19:00:00+00:00,1696.685
DK2,2025-05-22 20:00:00+00:00,1629.5125
DK2,2025-05-22 21:00:00+00:00,1530.5725
DK2,2025-05-22 22:00:00+00:00,1464.6475
DK2,2025-05-22 23:00:00+00:00,1403.34
DK2,2025-05-23 00:00:00+00:00,1428.6275
DK2,2025-05-23 01:00:00+00:00,1403.3075
DK2,2025-05-23 02:00:00+00:00,1345.8375
DK2,2025-05-23 03:00:00+00:00,1375.3775
DK2,2025-05-23 04:00:00+00:00,1568.2375
DK2,2025-05-23 05:00:00+00:00,1763.7675
DK2,2025-05-23 06:00:00+00:00,1902.7475
DK2,2025-05-23 07:00:00+00:00,2019.035
DK2,2025-05-23 08:00:00+00:00,2019.12
DK2,2025-05-23 09:00:00+00:00,2040.965
DK2,2025-05-23 10:00:00+00:00,2065.475
DK2,2025-05-23 11:00:00+00:00,2116.115
DK2,2025-05-23 12:00:00+00:00,2070.27
DK2,2025-05-23 13:00:00+00:00,2018.885
DK2,2025-05-23 14:00:00+00:00,1941.9075
DK2,2025-05-23 15:00:00+00:00,1965.7775
DK2,2025-05-23 16:00:00+00:00,1926.055
DK2,2025-05-23 17:00:00+00:00,1839.1325
DK2,2025-05-23 18:00:00+00:00,1691.495
DK2,2025-05-23 19:00:00+00:00,1642.8
DK2,2025-05-23 20:00:00+00:00,1609.1
DK2,2025-05-23 21:00:00+00:00,1486.8675
DK2,2025-05-23 22:00:00+00:00,1468.6475
DK2,2025-05-23 23:00:00+00:00,1417.8525
DK2,2025-05-24 00:00:00+00:00,1426.385
DK2,2025-05-24 01:00:00+00:00,1375.3575
DK2,2025-05-24 02:00:00+00:00,1345.3625
DK2,2025-05-24 03:00:00+00:00,1315.9875
DK2,2025-05-24 04:00:00+00:00,1331.305
DK2,2025-05-24 05:00:00+00:00,1445.225
DK2,2025-05-24 06:00:00+00:00,1583.915
DK2,2025-05-24 07:00:00+00:00,1710.5
DK2,2025-05-24 08:00:00+00:00,1831.105
DK2,2025-05-24 09:00:00+00:00,1872.75
DK2,2025-05-24 10:00:00+00:00,1921.555
DK2,2025-05-24 11:00:00+00:00,1932.44
DK2,2025-05-24 12:00:00+00:00,1870.1925
DK2,2025-05-24 13:00:00+00:00,1822.865
DK2,2025-05-24 14:00:00+00:00,1734.09
DK2,2025-05-24 15:00:00+00:00,1736.245
DK2,2025-05-24 16:00:00+00:00,1695.6625
DK2,2025-05-24 17:00:00+00:00,1604.105
DK2,2025-05-24 18:00:00+00:00,1583.255
DK2,2025-05-24 19:00:00+00:00,1547.57
DK2,2025-05-24 20:00:00+00:00,1493.74
DK2,2025-05-24 21:00:00+00:00,1420.44
DK2,2025-05-24 22:00:00+00:00,1361.5825
DK2,2025-05-24 23:00:00+00:00,1312.1325
DK2,2025-05-25 00:00:00+00:00,1343.515
DK2,2025-05-25 01:00:00+00:00,1327.115
DK2,2025-05-25 02:00:00+00:00,1303.84
DK2,2025-05-25 03:00:00+00:00,1264.8175
DK2,2025-05-25 04:00:00+00:00,1264.165
DK2,2025-05-25 05:00:00+00:00,1366.7675
DK2,2025-05-25 06:00:00+00:00,1512.655
DK2,2025-05-25 07:00:00+00:00,1641.9
DK2,2025-05-25 08:00:00+00:00,1741.6075
DK2,2025-05-25 09:00:00+00:00,1797.2825
DK2,2025-05-25 10:00:00+00:00,1817.59
DK2,2025-05-25 11:00:00+00:00,1840.345
DK2,2025-05-25 12:00:00+00:00,1840.865
DK2,2025-05-25 13:00:00+00:00,1818.6075
DK2,2025-05-25 14:00:00+00:00,1858.5675
DK2,2025-05-25 15:00:00+00:00,1913.1675
DK2,2025-05-25 16:00:00+00:00,1840.2375
DK2,2025-05-25 17:00:00+00:00,1647.34
DK2,2025-05-25 18:00:00+00:00,1591.9925
DK2,2025-05-25 19:00:00+00:00,1508.8825
DK2,2025-05-25 20:00:00+00:00,1453.565
DK2,2025-05-25 21:00:00+00:00,1471.5075
DK2,2025-05-25 22:00:00+00:00,1371.7125
DK2,2025-05-25 23:00:00+00:00,1345.2025
DK2,2025-05-26 00:00:00+00:00,1282.21
DK2,2025-05-26 01:00:00+00:00,1289.7625
DK2,2025-05-26 02:00:00+00:00,1268.8525
DK2,2025-05-26 03:00:00+00:00,1295.1075
DK2,2025-05-26 04:00:00+00:00,1475.0025
DK2,2025-05-26 05:00:00+00:00,1671.63
DK2,2025-05-26 06:00:00+00:00,1834.53
DK2,2025-05-26 07:00:00+00:00,1758.5325
DK2,2025-05-26 08:00:00+00:00,1799.2075
DK2,2025-05-26 09:00:00+00:00,1831.9
DK2,2025-05-26 10:00:00+00:00,1838.965
DK2,2025-05-26 11:00:00+00:00,1862.7325
DK2,2025-05-26 12:00:00+00:00,1817.2775
DK2,2025-05-26 13:00:00+00:00,1704.855
DK2,2025-05-26 14:00:00+00:00,1736.17
DK2,2025-05-26 15:00:00+00:00,1757.94
DK2,2025-05-26 16:00:00+00:00,1725.8875
DK2,2025-05-26 17:00:00+00:00,1647.49
DK2,2025-05-26 18:00:00+00:00,1585.9825
DK2,2025-05-26 19:00:00+00:00,1516.555
DK2,2025-05-26 20:00:00+00:00,1442.8825
DK2,2025-05-26 21:00:00+00:00,1337.14
DK2,2025-05-26 22:00:00+00:00,1340.035
DK2,2025-05-26 23:00:00+00:00,1302.745
DK2,2025-05-27 00:00:00+00:00,1287.3
DK2,2025-05-27 01:00:00+00:00,1270.9575
DK2,2025-05-27 02:00:00+00:00,1277.265
DK2,2025-05-27 03:00:00+00:00,1291.065
DK2,2025-05-27 04:00:00+00:00,1440.095
DK2,2025-05-27 05:00:00+00:00,1599.625
DK2,2025-05-27 06:00:00+00:00,1712.685
DK2,2025-05-27 07:00:00+00:00,1775.385
DK2,2025-05-27 08:00:00+00:00,1872.6825
DK2,2025-05-27 09:00:00+00:00,2045.9925
DK2,2025-05-27 10:00:00+00:00,2058.1
DK2,2025-05-27 11:00:00+00:00,2052.5425
DK2,2025-05-27 12:00:00+00:00,2058.315
DK2,2025-05-27 13:00:00+00:00,2005.465
DK2,2025-05-27 14:00:00+00:00,1956.5
DK2,2025-05-27 15:00:00+00:00,1946.0525
DK2,2025-05-27 16:00:00+00:00,1888.0225
DK2,2025-05-27 17:00:00+00:00,1779.935
DK2,2025-05-27 18:00:00+00:00,1657.495
DK2,2025-05-27 19:00:00+00:00,1612.48
DK2,2025-05-27 20:00:00+00:00,1568.8925
DK2,2025-05-27 21:00:00+00:00,1467.5475
DK2,2025-05-27 22:00:00+00:00,1450.7775
DK2,2025-05-27 23:00:00+00:00,1446.105
DK2,2025-05-28 00:00:00+00:00,1434.2975
DK2,2025-05-28 01:00:00+00:00,1401.41
DK2,2025-05-28 02:00:00+00:00,1332.73
DK2,2025-05-28 03:00:00+00:00,1366.61
DK2,2025-05-28 04:00:00+00:00,1539.96
DK2,2025-05-28 05:00:00+00:00,1688.34
DK2,2025-05-28 06:00:00+00:00,1816.3175
DK2,2025-05-28 07:00:00+00:00,1900.7225
DK2,2025-05-28 08:00:00+00:00,1910.0275
DK2,2025-05-28 09:00:00+00:00,1900.705
DK2,2025-05-28 10:00:00+00:00,1894.245
DK2,2025-05-28 11:00:00+00:00,1895.815
DK2,2025-05-28 12:00:00+00:00,1861.1425
DK2,2025-05-28 13:00:00+00:00,1819.6775
DK2,2025-05-28 14:00:00+00:00,1807.745
DK2,2025-05-28 15:00:00+00:00,1830.065
DK2,2025-05-28 16:00:00+00:00,1812.85
DK2,2025-05-28 17:00:00+00:00,1716.8275
DK2,2025-05-28 18:00:00+00:00,1662.0575
DK2,2025-05-28 19:00:00+00:00,1589.79
DK2,2025-05-28 20:00:00+00:00,1543.3775
DK2,2025-05-28 21:00:00+00:00,1462.86
DK2,2025-05-28 22:00:00+00:00,1390.4975
DK2,2025-05-28 23:00:00+00:00,1382.055
DK2,2025-05-29 00:00:00+00:00,1361.155
DK2,2025-05-29 01:00:00+00:00,1296.755
DK2,2025-05-29 02:00:00+00:00,1273.445
DK2,2025-05-29 03:00:00+00:00,1228.44
DK2,2025-05-29 04:00:00+00:00,1294.8675
DK2,2025-05-29 05:00:00+00:00,1429.9425
DK2,2025-05-29 06:00:00+00:00,1533.0375
DK2,2025-05-29 07:00:00+00:00,1652.6525
DK2,2025-05-29 08:00:00+00:00,1733.14
DK2,2025-05-29 09:00:00+00:00,1847.905
DK2,2025-05-29 10:00:00+00:00,1842.275
DK2,2025-05-29 11:00:00+00:00,1786.855
DK2,2025-05-29 12:00:00+00:00,1742.055
DK2,2025-05-29 13:00:00+00:00,1700.9825
DK2,2025-05-29 14:00:00+00:00,1647.2425
DK2,2025-05-29 15:00:00+00:00,1710.0775
DK2,2025-05-29 16:00:00+00:00,1727.89
DK2,2025-05-29 17:00:00+00:00,1631.265
DK2,2025-05-29 18:00:00+00:00,1557.445
DK2,2025-05-29 19:00:00+00:00,1509.53
DK2,2025-05-29 20:00:00+00:00,1464.81
DK2,2025-05-29 21:00:00+00:00,1384.8875
DK2,2025-05-29 22:00:00+00:00,1339.2675
DK2,2025-05-29 23:00:00+00:00,1340.94
DK2,2025-05-30 00:00:00+00:00,1298.1425
DK2,2025-05-30 01:00:00+00:00,1266.205
DK2,2025-05-30 02:00:00+00:00,1269.0725
DK2,2025-05-30 03:00:00+00:00,1298.4425
DK2,2025-05-30 04:00:00+00:00,1367.9775
DK2,2025-05-30 05:00:00+00:00,1500.6475
DK2,2025-05-30 06:00:00+00:00,1652.74
DK2,2025-05-30 07:00:00+00:00,1732.29
DK2,2025-05-30 08:00:00+00:00,1818.05
DK2,2025-05-30 09:00:00+00:00,1874.775
DK2,2025-05-30 10:00:00+00:00,1864.335
DK2,2025-05-30 11:00:00+00:00,1860.9225
DK2,2025-05-30 12:00:00+00:00,1835.245
DK2,2025-05-30 13:00:00+00:00,1791.235
DK2,2025-05-30 14:00:00+00:00,1816.175
DK2,2025-05-30 15:00:00+00:00,1843.1075
DK2,2025-05-30 16:00:00+00:00,1826.03
DK2,2025-05-30 17:00:00+00:00,1737.0175
DK2,2025-05-30 18:00:00+00:00,1619.945
DK2,2025-05-30 19:00:00+00:00,1558.075
DK2,2025-05-30 20:00:00+00:00,1485.4875
DK2,2025-05-30 21:00:00+00:00,1419.5175
DK2,2025-05-30 22:00:00+00:00,1407.2175
DK2,2025-05-30 23:00:00+00:00,1377.125
DK2,2025-05-31 00:00:00+00:00,1267.95
DK2,2025-05-31 01:00:00+00:00,1183.9025
DK2,2025-05-31 02:00:00+00:00,1127.24
DK2,2025-05-31 03:00:00+00:00,1137.9975
DK2,2025-05-31 04:00:00+00:00,1147.5975
DK2,2025-05-31 05:00:00+00:00,1296.715
DK2,2025-05-31 06:00:00+00:00,1426.5375
DK2,2025-05-31 07:00:00+00:00,1550.895
DK2,2025-05-31 08:00:00+00:00,1644.0375
DK2,2025-05-31 09:00:00+00:00,1651.55
DK2,2025-05-31 10:00:00+00:00,1650.8175
DK2,2025-05-31 11:00:00+00:00,1651.2075
DK2,2025-05-31 12:00:00+00:00,1627.2
DK2,2025-05-31 13:00:00+00:00,1599.0225
DK2,2025-05-31 14:00:00+00:00,1600.1875
DK2,2025-05-31 15:00:00+00:00,1600.365
DK2,2025-05-31 16:00:00+00:00,1594.8775
DK2,2025-05-31 17:00:00+00:00,1537.7025
DK2,2025-05-31 18:00:00+00:00,1471.19
DK2,2025-05-31 19:00:00+00:00,1421.16
DK2,2025-05-31 20:00:00+00:00,1388.035
DK2,2025-05-31 21:00:00+00:00,1312.04
DK2,2025-05-31 22:00:00+00:00,1259.2075
DK2,2025-05-31 23:00:00+00:00,1237.275
DK2,2025-06-01 00:00:00+00:00,1190.9025
DK2,2025-06-01 01:00:00+00:00,1164.5775
DK2,2025-06-01 02:00:00+00:00,1142.9875
DK2,2025-06-01 03:00:00+00:00,1126.85
DK2,2025-06-01 04:00:00+00:00,1169.275
DK2,2025-06-01 05:00:00+00:00,1294.0425
DK2,2025-06-01 06:00:00+00:00,1447.3675
DK2,2025-06-01 07:00:00+00:00,1541.5925
DK2,2025-06-01 08:00:00+00:00,1629.64
DK2,2025-06-01 09:00:00+00:00,1690.475
DK2,2025-06-01 10:00:00+00:00,1697.12
DK2,2025-06-01 11:00:00+00:00,1714.3475
DK2,2025-06-01 12:00:00+00:00,1694.16
DK2,2025-06-01 13:00:00+00:00,1636.925
DK2,2025-06-01 14:00:00+00:00,1660.525
DK2,2025-06-01 15:00:00+00:00,1737.93
DK2,2025-06-01 16:00:00+00:00,1724.3925
DK2,2025-06-01 17:00:00+00:00,1613.99
DK2,2025-06-01 18:00:00+00:00,1525.3725
DK2,2025-06-01 19:00:00+00:00,1456.9425
DK2,2025-06-01 20:00:00+00:00,1399.575
DK2,2025-06-01 21:00:00+00:00,1319.97
DK2,2025-06-01 22:00:00+00:00,1351.5425
DK2,2025-06-01 23:00:00+00:00,1315.1475
DK2,2025-06-02 00:00:00+00:00,1243.0375
DK2,2025-06-02 01:00:00+00:00,1183.785
DK2,2025-06-02 02:00:00+00:00,1144.5825
DK2,2025-06-02 03:00:00+00:00,1199.4325
DK2,2025-06-02 04:00:00+00:00,1384.3175
DK2,2025-06-02 05:00:00+00:00,1598.765
DK2,2025-06-02 06:00:00+00:00,1759.9775
DK2,2025-06-02 07:00:00+00:00,1807.265
DK2,2025-06-02 08:00:00+00:00,1826.6125
DK2,2025-06-02 09:00:00+00:00,1795.8975
DK2,2025-06-02 10:00:00+00:00,1822.13
DK2,2025-06-02 11:00:00+00:00,1865.67
DK2,2025-06-02 12:00:00+00:00,1865.25
DK2,2025-06-02 13:00:00+00:00,1881.7825
DK2,2025-06-02 14:00:00+00:00,1886.215
DK2,2025-06-02 15:00:00+00:00,1888.74
DK2,2025-06-02 16:00:00+00:00,1826.7725
DK2,2025-06-02 17:00:00+00:00,1711.565
DK2,2025-06-02 18:00:00+00:00,1602.7375
DK2,2025-06-02 19:00:00+00:00,1526.43
DK2,2025-06-02 20:00:00+00:00,1460.5975
DK2,2025-06-02 21:00:00+00:00,1405.1925
DK2,2025-06-02 22:00:00+00:00,1317.01
DK2,2025-06-02 23:00:00+00:00,1283.04
DK2,2025-06-03 00:00:00+00:00,1298.6825
DK2,2025-06-03 01:00:00+00:00,1251.1775
DK2,2025-06-03 02:00:00+00:00,1238.75
DK2,2025-06-03 03:00:00+00:00,1274.5975
DK2,2025-06-03 04:00:00+00:00,1464.28
DK2,2025-06-03 05:00:00+00:00,1684.235
DK2,2025-06-03 06:00:00+00:00,1805.1275
DK2,2025-06-03 07:00:00+00:00,1870.515
DK2,2025-06-03 08:00:00+00:00,1894.02
DK2,2025-06-03 09:00:00+00:00,1923.5475
DK2,2025-06-03 10:00:00+00:00,1894.365
DK2,2025-06-03 11:00:00+00:00,1882.4525
DK2,2025-06-03 12:00:00+00:00,1847.615
DK2,2025-06-03 13:00:00+00:00,1802.1275
DK2,2025-06-03 14:00:00+00:00,1785.1325
DK2,2025-06-03 15:00:00+00:00,1815.855
DK2,2025-06-03 16:00:00+00:00,1781.805
DK2,2025-06-03 17:00:00+00:00,1690.99
DK2,2025-06-03 18:00:00+00:00,1612.195
DK2,2025-06-03 19:00:00+00:00,1566.845
DK2,2025-06-03 20:00:00+00:00,1482.535
DK2,2025-06-03 21:00:00+00:00,1395.5925
DK2,2025-06-03 22:00:00+00:00,1402.155
DK2,2025-06-03 23:00:00+00:00,1385.1675
DK2,2025-06-04 00:00:00+00:00,1389.2125
DK2,2025-06-04 01:00:00+00:00,1358.54
DK2,2025-06-04 02:00:00+00:00,1313.3875
DK2,2025-06-04 03:00:00+00:00,1311.775
DK2,2025-06-04 04:00:00+00:00,1486.0525
DK2,2025-06-04 05:00:00+00:00,1650.9775
DK2,2025-06-04 06:00:00+00:00,1785.2
DK2,2025-06-04 07:00:00+00:00,1845.8925
DK2,2025-06-04 08:00:00+00:00,1869.195
DK2,2025-06-04 09:00:00+00:00,1888.1725
DK2,2025-06-04 10:00:00+00:00,1873.585
DK2,2025-06-04 11:00:00+00:00,1877.93
DK2,2025-06-04 12:00:00+00:00,1851.925
DK2,2025-06-04 13:00:00+00:00,1822.165
DK2,2025-06-04 14:00:00+00:00,1823.9075
DK2,2025-06-04 15:00:00+00:00,1868.3175
DK2,2025-06-04 16:00:00+00:00,1838.4425
DK2,2025-06-04 17:00:00+00:00,1752.785
DK2,2025-06-04 18:00:00+00:00,1658.335
DK2,2025-06-04 19:00:00+00:00,1543.71
DK2,2025-06-04 20:00:00+00:00,1436.4675
DK2,2025-06-04 21:00:00+00:00,1375.2125
DK2,2025-06-04 22:00:00+00:00,1307.42
DK2,2025-06-04 23:00:00+00:00,1292.65
DK2,2025-06-05 00:00:00+00:00,1322.545
DK2,2025-06-05 01:00:00+00:00,1246.44
DK2,2025-06-05 02:00:00+00:00,1191.0
DK2,2025-06-05 03:00:00+00:00,1174.725
DK2,2025-06-05 04:00:00+00:00,1275.2525
DK2,2025-06-05 05:00:00+00:00,1433.5425
DK2,2025-06-05 06:00:00+00:00,1553.4875
DK2,2025-06-05 07:00:00+00:00,1604.1125
DK2,2025-06-05 08:00:00+00:00,1670.0325
DK2,2025-06-05 09:00:00+00:00,1713.21
DK2,2025-06-05 10:00:00+00:00,1779.61
DK2,2025-06-05 11:00:00+00:00,1783.7025
DK2,2025-06-05 12:00:00+00:00,1748.4375
DK2,2025-06-05 13:00:00+00:00,1672.9675
DK2,2025-06-05 14:00:00+00:00,1647.93
DK2,2025-06-05 15:00:00+00:00,1738.7375
DK2,2025-06-05 16:00:00+00:00,1675.5425
DK2,2025-06-05 17:00:00+00:00,1573.1575
DK2,2025-06-05 18:00:00+00:00,1510.4725
DK2,2025-06-05 19:00:00+00:00,1468.1475
DK2,2025-06-05 20:00:00+00:00,1413.0475
DK2,2025-06-05 21:00:00+00:00,1292.9025
DK2,2025-06-05 22:00:00+00:00,1272.7975
DK2,2025-06-05 23:00:00+00:00,1287.625
DK2,2025-06-06 00:00:00+00:00,1282.0
DK2,2025-06-06 01:00:00+00:00,1213.8175
DK2,2025-06-06 02:00:00+00:00,1173.0175
DK2,2025-06-06 03:00:00+00:00,1213.36
DK2,2025-06-06 04:00:00+00:00,1397.785
DK2,2025-06-06 05:00:00+00:00,1598.9675
DK2,2025-06-06 06:00:00+00:00,1792.1325
DK2,2025-06-06 07:00:00+00:00,1885.95
DK2,2025-06-06 08:00:00+00:00,2007.0875
DK2,2025-06-06 09:00:00+00:00,2066.605
DK2,2025-06-06 10:00:00+00:00,2006.5075
DK2,2025-06-06 11:00:00+00:00,1986.4025
DK2,2025-06-06 12:00:00+00:00,1942.2
DK2,2025-06-06 13:00:00+00:00,1900.1225
DK2,2025-06-06 14:00:00+00:00,1868.2
DK2,2025-06-06 15:00:00+00:00,1877.255
DK2,2025-06-06 16:00:00+00:00,1806.7925
DK2,2025-06-06 17:00:00+00:00,1648.3425
DK2,2025-06-06 18:00:00+00:00,1542.535
DK2,2025-06-06 19:00:00+00:00,1499.165
DK2,2025-06-06 20:00:00+00:00,1417.23
DK2,2025-06-06 21:00:00+00:00,1374.9125
DK2,2025-06-06 22:00:00+00:00,1324.465
DK2,2025-06-06 23:00:00+00:00,1355.8525
DK2,2025-06-07 00:00:00+00:00,1298.11
DK2,2025-06-07 01:00:00+00:00,1249.595
DK2,2025-06-07 02:00:00+00:00,1173.405
DK2,2025-06-07 03:00:00+00:00,1154.1325
DK2,2025-06-07 04:00:00+00:00,1200.4625
DK2,2025-06-07 05:00:00+00:00,1302.7025
DK2,2025-06-07 06:00:00+00:00,1440.6125
DK2,2025-06-07 07:00:00+00:00,1565.2875
DK2,2025-06-07 08:00:00+00:00,1670.6975
DK2,2025-06-07 09:00:00+00:00,1688.7025
DK2,2025-06-07 10:00:00+00:00,1688.495
DK2,2025-06-07 11:00:00+00:00,1666.3425
DK2,2025-06-07 12:00:00+00:00,1666.8375
DK2,2025-06-07 13:00:00+00:00,1650.965
DK2,2025-06-07 14:00:00+00:00,1662.685
DK2,2025-06-07 15:00:00+00:00,1658.58
DK2,2025-06-07 16:00:00+00:00,1641.525
DK2,2025-06-07 17:00:00+00:00,1591.4025
DK2,2025-06-07 18:00:00+00:00,1501.2725
DK2,2025-06-07 19:00:00+00:00,1432.02
DK2,2025-06-07 20:00:00+00:00,1389.89
DK2,2025-06-07 21:00:00+00:00,1320.24
DK2,2025-06-07 22:00:00+00:00,1256.005
DK2,2025-06-07 23:00:00+00:00,1232.585
DK2,2025-06-08 00:00:00+00:00,1204.5925
DK2,2025-06-08 01:00:00+00:00,1142.1825
DK2,2025-06-08 02:00:00+00:00,1164.43
DK2,2025-06-08 03:00:00+00:00,1131.0475
DK2,2025-06-08 04:00:00+00:00,1158.5275
DK2,2025-06-08 05:00:00+00:00,1265.6525
DK2,2025-06-08 06:00:00+00:00,1379.22
DK2,2025-06-08 07:00:00+00:00,1502.8675
DK2,2025-06-08 08:00:00+00:00,1596.03
DK2,2025-06-08 09:00:00+00:00,1655.5775
DK2,2025-06-08 10:00:00+00:00,1686.765
DK2,2025-06-08 11:00:00+00:00,1723.2575
DK2,2025-06-08 12:00:00+00:00,1730.27
DK2,2025-06-08 13:00:00+00:00,1728.06
DK2,2025-06-08 14:00:00+00:00,1753.4575
DK2,2025-06-08 15:00:00+00:00,1773.495
DK2,2025-06-08 16:00:00+00:00,1753.3375
DK2,2025-06-08 17:00:00+00:00,1630.9325
DK2,2025-06-08 18:00:00+00:00,1533.73
DK2,2025-06-08 19:00:00+00:00,1488.6775
DK2,2025-06-08 20:00:00+00:00,1441.6725
DK2,2025-06-08 21:00:00+00:00,1378.7975
DK2,2025-06-08 22:00:00+00:00,1392.6225
DK2,2025-06-08 23:00:00+00:00,1379.545
DK2,2025-06-09 00:00:00+00:00,1321.065
DK2,2025-06-09 01:00:00+00:00,1250.5575
DK2,2025-06-09 02:00:00+00:00,1186.9225
DK2,2025-06-09 03:00:00+00:00,1183.855
DK2,2025-06-09 04:00:00+00:00,1205.35
DK2,2025-06-09 05:00:00+00:00,1341.4575
DK2,2025-06-09 06:00:00+00:00,1561.735
DK2,2025-06-09 07:00:00+00:00,1698.9525
DK2,2025-06-09 08:00:00+00:00,1855.9975
DK2,2025-06-09 09:00:00+00:00,1920.235
DK2,2025-06-09 10:00:00+00:00,1927.405
DK2,2025-06-09 11:00:00+00:00,1900.945
DK2,2025-06-09 12:00:00+00:00,1879.2775
DK2,2025-06-09 13:00:00+00:00,1851.76
DK2,2025-06-09 14:00:00+00:00,1849.2
DK2,2025-06-09 15:00:00+00:00,1878.0125
DK2,2025-06-09 16:00:00+00:00,1742.63
DK2,2025-06-09 17:00:00+00:00,1608.845
DK2,2025-06-09 18:00:00+00:00,1514.3175
DK2,2025-06-09 19:00:00+00:00,1464.7825
DK2,2025-06-09 20:00:00+00:00,1391.2625
DK2,2025-06-09 21:00:00+00:00,1305.325
DK2,2025-06-09 22:00:00+00:00,1268.455
DK2,2025-06-09 23:00:00+00:00,1255.025
DK2,2025-06-10 00:00:00+00:00,1246.3575
DK2,2025-06-10 01:00:00+00:00,1231.1425
DK2,2025-06-10 02:00:00+00:00,1211.205
DK2,2025-06-10 03:00:00+00:00,1259.3875
DK2,2025-06-10 04:00:00+00:00,1446.8725
DK2,2025-06-10 05:00:00+00:00,1697.595
DK2,2025-06-10 06:00:00+00:00,1815.555
DK2,2025-06-10 07:00:00+00:00,1875.7575
DK2,2025-06-10 08:00:00+00:00,1932.3925
DK2,2025-06-10 09:00:00+00:00,1977.09
DK2,2025-06-10 10:00:00+00:00,2011.9875
DK2,2025-06-10 11:00:00+00:00,2039.735
DK2,2025-06-10 12:00:00+00:00,1994.6825
DK2,2025-06-10 13:00:00+00:00,1935.935
DK2,2025-06-10 14:00:00+00:00,1878.185
DK2,2025-06-10 15:00:00+00:00,1924.705
DK2,2025-06-10 16:00:00+00:00,1880.7125
DK2,2025-06-10 17:00:00+00:00,1793.94
DK2,2025-06-10 18:00:00+00:00,1678.2225
DK2,2025-06-10 19:00:00+00:00,1628.7875
DK2,2025-06-10 20:00:00+00:00,1508.4025
DK2,2025-06-10 21:00:00+00:00,1384.875
DK2,2025-06-10 22:00:00+00:00,1349.9875
DK2,2025-06-10 23:00:00+00:00,1389.0975
DK2,2025-06-11 00:00:00+00:00,1338.0175
DK2,2025-06-11 01:00:00+00:00,1290.4625
DK2,2025-06-11 02:00:00+00:00,1238.445
DK2,2025-06-11 03:00:00+00:00,1288.8525
DK2,2025-06-11 04:00:00+00:00,1504.3
DK2,2025-06-11 05:00:00+00:00,1743.9375
DK2,2025-06-11 06:00:00+00:00,1727.245
DK2,2025-06-11 07:00:00+00:00,1732.88
DK2,2025-06-11 08:00:00+00:00,1751.9275
DK2,2025-06-11 09:00:00+00:00,1754.09
DK2,2025-06-11 10:00:00+00:00,1748.025
DK2,2025-06-11 11:00:00+00:00,1795.9725
DK2,2025-06-11 12:00:00+00:00,1774.9625
DK2,2025-06-11 13:00:00+00:00,1664.2725
DK2,2025-06-11 14:00:00+00:00,1658.9325
DK2,2025-06-11 15:00:00+00:00,1674.4925
DK2,2025-06-11 16:00:00+00:00,1629.7625
DK2,2025-06-11 17:00:00+00:00,1601.44
DK2,2025-06-11 18:00:00+00:00,1538.8025
DK2,2025-06-11 19:00:00+00:00,1523.82
DK2,2025-06-11 20:00:00+00:00,1500.84
DK2,2025-06-11 21:00:00+00:00,1417.0725
DK2,2025-06-11 22:00:00+00:00,1388.0075
DK2,2025-06-11 23:00:00+00:00,1370.17
DK2,2025-06-12 00:00:00+00:00,1357.175
DK2,2025-06-12 01:00:00+00:00,1293.18
DK2,2025-06-12 02:00:00+00:00,1243.925
DK2,2025-06-12 03:00:00+00:00,1302.0575
DK2,2025-06-12 04:00:00+00:00,1486.725
DK2,2025-06-12 05:00:00+00:00,1643.0675
DK2,2025-06-12 06:00:00+00:00,1746.4
DK2,2025-06-12 07:00:00+00:00,1793.3825
DK2,2025-06-12 08:00:00+00:00,1867.8275
DK2,2025-06-12 09:00:00+00:00,1866.1725
DK2,2025-06-12 10:00:00+00:00,1823.9
DK2,2025-06-12 11:00:00+00:00,1778.9625
DK2,2025-06-12 12:00:00+00:00,1736.82
DK2,2025-06-12 13:00:00+00:00,1723.295
DK2,2025-06-12 14:00:00+00:00,1729.865
DK2,2025-06-12 15:00:00+00:00,1755.0075
DK2,2025-06-12 16:00:00+00:00,1742.2725
DK2,2025-06-12 17:00:00+00:00,1677.5175
DK2,2025-06-12 18:00:00+00:00,1586.9575
DK2,2025-06-12 19:00:00+00:00,1498.1725
DK2,2025-06-12 20:00:00+00:00,1393.2175
DK2,2025-06-12 21:00:00+00:00,1331.545
DK2,2025-06-12 22:00:00+00:00,1324.39
DK2,2025-06-12 23:00:00+00:00,1348.09
DK2,2025-06-13 00:00:00+00:00,1251.245
DK2,2025-06-13 01:00:00+00:00,1200.3475
DK2,2025-06-13 02:00:00+00:00,1149.53
DK2,2025-06-13 03:00:00+00:00,1157.045
DK2,2025-06-13 04:00:00+00:00,1349.265
DK2,2025-06-13 05:00:00+00:00,1526.2925
DK2,2025-06-13 06:00:00+00:00,1613.3375
DK2,2025-06-13 07:00:00+00:00,1643.345
DK2,2025-06-13 08:00:00+00:00,1652.885
DK2,2025-06-13 09:00:00+00:00,1672.42
DK2,2025-06-13 10:00:00+00:00,1637.1325
DK2,2025-06-13 11:00:00+00:00,1659.465
DK2,2025-06-13 12:00:00+00:00,1591.2325
DK2,2025-06-13 13:00:00+00:00,1563.935
DK2,2025-06-13 14:00:00+00:00,1555.99
DK2,2025-06-13 15:00:00+00:00,1560.8275
DK2,2025-06-13 16:00:00+00:00,1554.165
DK2,2025-06-13 17:00:00+00:00,1538.64
DK2,2025-06-13 18:00:00+00:00,1467.15
DK2,2025-06-13 19:00:00+00:00,1429.4425
DK2,2025-06-13 20:00:00+00:00,1372.115
DK2,2025-06-13 21:00:00+00:00,1272.9675
DK2,2025-06-13 22:00:00+00:00,1221.4725
DK2,2025-06-13 23:00:00+00:00,1177.775
DK2,2025-06-14 00:00:00+00:00,1150.035
DK2,2025-06-14 01:00:00+00:00,1115.8475
DK2,2025-06-14 02:00:00+00:00,1068.635
DK2,2025-06-14 03:00:00+00:00,1066.48
DK2,2025-06-14 04:00:00+00:00,1102.7425
DK2,2025-06-14 05:00:00+00:00,1190.445
DK2,2025-06-14 06:00:00+00:00,1316.8475
DK2,2025-06-14 07:00:00+00:00,1407.225
DK2,2025-06-14 08:00:00+00:00,1423.7625
DK2,2025-06-14 09:00:00+00:00,1521.86
DK2,2025-06-14 10:00:00+00:00,1542.745
DK2,2025-06-14 11:00:00+00:00,1547.9175
DK2,2025-06-14 12:00:00+00:00,1505.04
DK2,2025-06-14 13:00:00+00:00,1399.125
DK2,2025-06-14 14:00:00+00:00,1323.795
DK2,2025-06-14 15:00:00+00:00,1420.5475
DK2,2025-06-14 16:00:00+00:00,1426.08
DK2,2025-06-14 17:00:00+00:00,1392.0875
DK2,2025-06-14 18:00:00+00:00,1359.57
DK2,2025-06-14 19:00:00+00:00,1290.0525
DK2,2025-06-14 20:00:00+00:00,1270.7625
DK2,2025-06-14 21:00:00+00:00,1210.8225
DK2,2025-06-14 22:00:00+00:00,1197.53
DK2,2025-06-14 23:00:00+00:00,1144.635
DK2,2025-06-15 00:00:00+00:00,1101.3175
DK2,2025-06-15 01:00:00+00:00,1044.1475
DK2,2025-06-15 02:00:00+00:00,1016.2525
DK2,2025-06-15 03:00:00+00:00,1017.0475
DK2,2025-06-15 04:00:00+00:00,1076.42
DK2,2025-06-15 05:00:00+00:00,1151.065
DK2,2025-06-15 06:00:00+00:00,1268.53
DK2,2025-06-15 07:00:00+00:00,1407.7125
DK2,2025-06-15 08:00:00+00:00,1458.0625
DK2,2025-06-15 09:00:00+00:00,1515.88
DK2,2025-06-15 10:00:00+00:00,1550.1025
DK2,2025-06-15 11:00:00+00:00,1551.5325
DK2,2025-06-15 12:00:00+00:00,1562.2425
DK2,2025-06-15 13:00:00+00:00,1463.2475
DK2,2025-06-15 14:00:00+00:00,1495.65
DK2,2025-06-15 15:00:00+00:00,1575.9475
DK2,2025-06-15 16:00:00+00:00,1604.0575
DK2,2025-06-15 17:00:00+00:00,1543.9525
DK2,2025-06-15 18:00:00+00:00,1490.41
DK2,2025-06-15 19:00:00+00:00,1409.5975
DK2,2025-06-15 20:00:00+00:00,1353.1675
DK2,2025-06-15 21:00:00+00:00,1261.16
DK2,2025-06-15 22:00:00+00:00,1193.85
DK2,2025-06-15 23:00:00+00:00,1212.7575
DK2,2025-06-16 00:00:00+00:00,1181.9725
DK2,2025-06-16 01:00:00+00:00,1155.245
DK2,2025-06-16 02:00:00+00:00,1142.605
DK2,2025-06-16 03:00:00+00:00,1180.7925
DK2,2025-06-16 04:00:00+00:00,1332.02
DK2,2025-06-16 05:00:00+00:00,1534.5125
DK2,2025-06-16 06:00:00+00:00,1674.1425
DK2,2025-06-16 07:00:00+00:00,1702.085
DK2,2025-06-16 08:00:00+00:00,1706.4825
DK2,2025-06-16 09:00:00+00:00,1695.86
DK2,2025-06-16 10:00:00+00:00,1685.855
DK2,2025-06-16 11:00:00+00:00,1667.6275
DK2,2025-06-16 12:00:00+00:00,1608.335
DK2,2025-06-16 13:00:00+00:00,1612.9275
DK2,2025-06-16 14:00:00+00:00,1592.1575
DK2,2025-06-16 15:00:00+00:00,1659.575
DK2,2025-06-16 16:00:00+00:00,1661.8725
DK2,2025-06-16 17:00:00+00:00,1607.9925
DK2,2025-06-16 18:00:00+00:00,1499.4575
DK2,2025-06-16 19:00:00+00:00,1453.3175
DK2,2025-06-16 20:00:00+00:00,1406.65
DK2,2025-06-16 21:00:00+00:00,1324.9925
DK2,2025-06-16 22:00:00+00:00,1274.6325
DK2,2025-06-16 23:00:00+00:00,1219.08
DK2,2025-06-17 00:00:00+00:00,1212.1975
DK2,2025-06-17 01:00:00+00:00,1204.5775
DK2,2025-06-17 02:00:00+00:00,1136.3125
DK2,2025-06-17 03:00:00+00:00,1164.4175
DK2,2025-06-17 04:00:00+00:00,1339.62
DK2,2025-06-17 05:00:00+00:00,1502.88
DK2,2025-06-17 06:00:00+00:00,1588.225
DK2,2025-06-17 07:00:00+00:00,1731.68
DK2,2025-06-17 08:00:00+00:00,1862.07
DK2,2025-06-17 09:00:00+00:00,1848.605
DK2,2025-06-17 10:00:00+00:00,1845.46
DK2,2025-06-17 11:00:00+00:00,1916.7625
DK2,2025-06-17 12:00:00+00:00,1918.245
DK2,2025-06-17 13:00:00+00:00,1876.1275
DK2,2025-06-17 14:00:00+00:00,1869.235
DK2,2025-06-17 15:00:00+00:00,1905.1425
DK2,2025-06-17 16:00:00+00:00,1826.3625
DK2,2025-06-17 17:00:00+00:00,1667.3675
DK2,2025-06-17 18:00:00+00:00,1588.9925
DK2,2025-06-17 19:00:00+00:00,1490.9825
DK2,2025-06-17 20:00:00+00:00,1437.2325
DK2,2025-06-17 21:00:00+00:00,1360.845
DK2,2025-06-17 22:00:00+00:00,1329.36
DK2,2025-06-17 23:00:00+00:00,1315.6925
DK2,2025-06-18 00:00:00+00:00,1195.3525
DK2,2025-06-18 01:00:00+00:00,1223.365
DK2,2025-06-18 02:00:00+00:00,1143.3175
DK2,2025-06-18 03:00:00+00:00,1200.695
DK2,2025-06-18 04:00:00+00:00,1369.8825
DK2,2025-06-18 05:00:00+00:00,1563.74
DK2,2025-06-18 06:00:00+00:00,1697.78
DK2,2025-06-18 07:00:00+00:00,1783.355
DK2,2025-06-18 08:00:00+00:00,1801.87
DK2,2025-06-18 09:00:00+00:00,1838.21
DK2,2025-06-18 10:00:00+00:00,1827.2575
DK2,2025-06-18 11:00:00+00:00,1845.5175
DK2,2025-06-18 12:00:00+00:00,1860.0275
DK2,2025-06-18 13:00:00+00:00,1802.915
DK2,2025-06-18 14:00:00+00:00,1801.09
DK2,2025-06-18 15:00:00+00:00,1771.91
DK2,2025-06-18 16:00:00+00:00,1745.735
DK2,2025-06-18 17:00:00+00:00,1629.42
DK2,2025-06-18 18:00:00+00:00,1570.03
DK2,2025-06-18 19:00:00+00:00,1498.8625
DK2,2025-06-18 20:00:00+00:00,1430.605
DK2,2025-06-18 21:00:00+00:00,1323.97
DK2,2025-06-18 22:00:00+00:00,1296.9775
DK2,2025-06-18 23:00:00+00:00,1258.5375
DK2,2025-06-19 00:00:00+00:00,1227.365
DK2,2025-06-19 01:00:00+00:00,1288.0325
DK2,2025-06-19 02:00:00+00:00,1245.49
DK2,2025-06-19 03:00:00+00:00,1241.4625
DK2,2025-06-19 04:00:00+00:00,1404.8875
DK2,2025-06-19 05:00:00+00:00,1610.655
DK2,2025-06-19 06:00:00+00:00,1763.3775
DK2,2025-06-19 07:00:00+00:00,1818.36
DK2,2025-06-19 08:00:00+00:00,1832.85
DK2,2025-06-19 09:00:00+00:00,1863.1475
DK2,2025-06-19 10:00:00+00:00,1857.3025
DK2,2025-06-19 11:00:00+00:00,1848.715
DK2,2025-06-19 12:00:00+00:00,1823.805
DK2,2025-06-19 13:00:00+00:00,1794.75
DK2,2025-06-19 14:00:00+00:00,1765.0575
DK2,2025-06-19 15:00:00+00:00,1808.1625
DK2,2025-06-19 16:00:00+00:00,1764.925
DK2,2025-06-19 17:00:00+00:00,1657.4425
DK2,2025-06-19 18:00:00+00:00,1552.3975
DK2,2025-06-19 19:00:00+00:00,1454.8975
DK2,2025-06-19 20:00:00+00:00,1421.615
DK2,2025-06-19 21:00:00+00:00,1340.065
DK2,2025-06-19 22:00:00+00:00,1295.6925
DK2,2025-06-19 23:00:00+00:00,1285.5675
DK2,2025-06-20 00:00:00+00:00,1252.79
DK2,2025-06-20 01:00:00+00:00,1164.4125
DK2,2025-06-20 02:00:00+00:00,1127.915
DK2,2025-06-20 03:00:00+00:00,1162.06
DK2,2025-06-20 04:00:00+00:00,1369.5025
DK2,2025-06-20 05:00:00+00:00,1569.9825
DK2,2025-06-20 06:00:00+00:00,1692.91
DK2,2025-06-20 07:00:00+00:00,1732.31
DK2,2025-06-20 08:00:00+00:00,1840.0025
DK2,2025-06-20 09:00:00+00:00,1871.5
DK2,2025-06-20 10:00:00+00:00,1893.785
DK2,2025-06-20 11:00:00+00:00,1851.6475
DK2,2025-06-20 12:00:00+00:00,1794.765
DK2,2025-06-20 13:00:00+00:00,1749.2675
DK2,2025-06-20 14:00:00+00:00,1701.1925
DK2,2025-06-20 15:00:00+00:00,1684.8325
DK2,2025-06-20 16:00:00+00:00,1629.3425
DK2,2025-06-20 17:00:00+00:00,1555.15
DK2,2025-06-20 18:00:00+00:00,1474.91
DK2,2025-06-20 19:00:00+00:00,1420.395
DK2,2025-06-20 20:00:00+00:00,1363.87
DK2,2025-06-20 21:00:00+00:00,1296.1325
DK2,2025-06-20 22:00:00+00:00,1249.0575
DK2,2025-06-20 23:00:00+00:00,1215.6325
DK2,2025-06-21 00:00:00+00:00,1169.3425
DK2,2025-06-21 01:00:00+00:00,1142.2775
DK2,2025-06-21 02:00:00+00:00,1085.375
DK2,2025-06-21 03:00:00+00:00,1103.4325
DK2,2025-06-21 04:00:00+00:00,1146.915
DK2,2025-06-21 05:00:00+00:00,1251.0825
DK2,2025-06-21 06:00:00+00:00,1392.035
DK2,2025-06-21 07:00:00+00:00,1540.9
DK2,2025-06-21 08:00:00+00:00,1640.6675
DK2,2025-06-21 09:00:00+00:00,1675.055
DK2,2025-06-21 10:00:00+00:00,1709.295
DK2,2025-06-21 11:00:00+00:00,1736.7025
DK2,2025-06-21 12:00:00+00:00,1690.5525
DK2,2025-06-21 13:00:00+00:00,1631.9125
DK2,2025-06-21 14:00:00+00:00,1598.175
DK2,2025-06-21 15:00:00+00:00,1584.975
DK2,2025-06-21 16:00:00+00:00,1545.315
DK2,2025-06-21 17:00:00+00:00,1492.4
DK2,2025-06-21 18:00:00+00:00,1400.225
DK2,2025-06-21 19:00:00+00:00,1354.1
DK2,2025-06-21 20:00:00+00:00,1343.0725
DK2,2025-06-21 21:00:00+00:00,1262.6925
DK2,2025-06-21 22:00:00+00:00,1230.355
DK2,2025-06-21 23:00:00+00:00,1180.2625
DK2,2025-06-22 00:00:00+00:00,1141.9825
DK2,2025-06-22 01:00:00+00:00,1112.2425
DK2,2025-06-22 02:00:00+00:00,1072.9025
DK2,2025-06-22 03:00:00+00:00,1060.235
DK2,2025-06-22 04:00:00+00:00,1098.225
DK2,2025-06-22 05:00:00+00:00,1254.435
DK2,2025-06-22 06:00:00+00:00,1411.585
DK2,2025-06-22 07:00:00+00:00,1541.3025
DK2,2025-06-22 08:00:00+00:00,1616.8375
DK2,2025-06-22 09:00:00+00:00,1665.255
DK2,2025-06-22 10:00:00+00:00,1674.6125
DK2,2025-06-22 11:00:00+00:00,1669.3625
DK2,2025-06-22 12:00:00+00:00,1638.855
DK2,2025-06-22 13:00:00+00:00,1614.115
DK2,2025-06-22 14:00:00+00:00,1635.1425
DK2,2025-06-22 15:00:00+00:00,1665.0175
DK2,2025-06-22 16:00:00+00:00,1650.88
DK2,2025-06-22 17:00:00+00:00,1572.5125
DK2,2025-06-22 18:00:00+00:00,1502.805
DK2,2025-06-22 19:00:00+00:00,1433.605
DK2,2025-06-22 20:00:00+00:00,1315.0175
DK2,2025-06-22 21:00:00+00:00,1287.2975
DK2,2025-06-22 22:00:00+00:00,1237.3875
DK2,2025-06-22 23:00:00+00:00,1204.85
DK2,2025-06-23 00:00:00+00:00,1256.7575
DK2,2025-06-23 01:00:00+00:00,1169.56
DK2,2025-06-23 02:00:00+00:00,1140.1725
DK2,2025-06-23 03:00:00+00:00,1192.225
DK2,2025-06-23 04:00:00+00:00,1321.735
DK2,2025-06-23 05:00:00+00:00,1521.915
DK2,2025-06-23 06:00:00+00:00,1718.3775
DK2,2025-06-23 07:00:00+00:00,1777.8525
DK2,2025-06-23 08:00:00+00:00,1845.91
DK2,2025-06-23 09:00:00+00:00,1895.61
DK2,2025-06-23 10:00:00+00:00,1847.065
DK2,2025-06-23 11:00:00+00:00,1816.1275
DK2,2025-06-23 12:00:00+00:00,1811.1425
DK2,2025-06-23 13:00:00+00:00,1812.425
DK2,2025-06-23 14:00:00+00:00,1802.1125
DK2,2025-06-23 15:00:00+00:00,1829.5625
DK2,2025-06-23 16:00:00+00:00,1769.235
DK2,2025-06-23 17:00:00+00:00,1649.105
DK2,2025-06-23 18:00:00+00:00,1544.08
DK2,2025-06-23 19:00:00+00:00,1505.87
DK2,2025-06-23 20:00:00+00:00,1460.705
DK2,2025-06-23 21:00:00+00:00,1377.045
DK2,2025-06-23 22:00:00+00:00,1399.025
DK2,2025-06-23 23:00:00+00:00,1347.9425
DK2,2025-06-24 00:00:00+00:00,1260.895
DK2,2025-06-24 01:00:00+00:00,1230.0325
DK2,2025-06-24 02:00:00+00:00,1208.0225
DK2,2025-06-24 03:00:00+00:00,1237.6125
DK2,2025-06-24 04:00:00+00:00,1406.11
DK2,2025-06-24 05:00:00+00:00,1608.73
DK2,2025-06-24 06:00:00+00:00,1730.4375
DK2,2025-06-24 07:00:00+00:00,1751.3625
DK2,2025-06-24 08:00:00+00:00,1829.2425
DK2,2025-06-24 09:00:00+00:00,1829.4475
DK2,2025-06-24 10:00:00+00:00,1839.3875
DK2,2025-06-24 11:00:00+00:00,1826.3475
DK2,2025-06-24 12:00:00+00:00,1825.08
DK2,2025-06-24 13:00:00+00:00,1716.97
DK2,2025-06-24 14:00:00+00:00,1792.44
DK2,2025-06-24 15:00:00+00:00,1873.97
DK2,2025-06-24 16:00:00+00:00,1823.21
DK2,2025-06-24 17:00:00+00:00,1708.35
DK2,2025-06-24 18:00:00+00:00,1588.4275
DK2,2025-06-24 19:00:00+00:00,1510.3625
DK2,2025-06-24 20:00:00+00:00,1419.9825
DK2,2025-06-24 21:00:00+00:00,1424.885
DK2,2025-06-24 22:00:00+00:00,1317.485
DK2,2025-06-24 23:00:00+00:00,1275.665
DK2,2025-06-25 00:00:00+00:00,1256.5725
DK2,2025-06-25 01:00:00+00:00,1230.805
DK2,2025-06-25 02:00:00+00:00,1234.02
DK2,2025-06-25 03:00:00+00:00,1256.1825
DK2,2025-06-25 04:00:00+00:00,1378.1775
DK2,2025-06-25 05:00:00+00:00,1565.3575
DK2,2025-06-25 06:00:00+00:00,1680.0175
DK2,2025-06-25 07:00:00+00:00,1750.94
DK2,2025-06-25 08:00:00+00:00,1805.0775
DK2,2025-06-25 09:00:00+00:00,1808.5
DK2,2025-06-25 10:00:00+00:00,1799.165
DK2,2025-06-25 11:00:00+00:00,1814.4225
DK2,2025-06-25 12:00:00+00:00,1791.4875
DK2,2025-06-25 13:00:00+00:00,1771.8775
DK2,2025-06-25 14:00:00+00:00,1814.3575
DK2,2025-06-25 15:00:00+00:00,1799.3425
DK2,2025-06-25 16:00:00+00:00,1749.4075
DK2,2025-06-25 17:00:00+00:00,1624.6175
DK2,2025-06-25 18:00:00+00:00,1514.29
DK2,2025-06-25 19:00:00+00:00,1425.52
DK2,2025-06-25 20:00:00+00:00,1388.895
DK2,2025-06-25 21:00:00+00:00,1327.01
DK2,2025-06-25 22:00:00+00:00,1255.9225
DK2,2025-06-25 23:00:00+00:00,1243.17
DK2,2025-06-26 00:00:00+00:00,1211.94
DK2,2025-06-26 01:00:00+00:00,1201.205
DK2,2025-06-26 02:00:00+00:00,1163.5075
DK2,2025-06-26 03:00:00+00:00,1215.02
DK2,2025-06-26 04:00:00+00:00,1352.5975
DK2,2025-06-26 05:00:00+00:00,1544.02
DK2,2025-06-26 06:00:00+00:00,1644.13
DK2,2025-06-26 07:00:00+00:00,1726.3775
DK2,2025-06-26 08:00:00+00:00,1748.4525
DK2,2025-06-26 09:00:00+00:00,1774.52
DK2,2025-06-26 10:00:00+00:00,1756.975
DK2,2025-06-26 11:00:00+00:00,1752.3625
DK2,2025-06-26 12:00:00+00:00,1730.06
DK2,2025-06-26 13:00:00+00:00,1744.845
DK2,2025-06-26 14:00:00+00:00,1724.73
DK2,2025-06-26 15:00:00+00:00,1739.045
DK2,2025-06-26 16:00:00+00:00,1747.985
DK2,2025-06-26 17:00:00+00:00,1687.355
DK2,2025-06-26 18:00:00+00:00,1598.3425
DK2,2025-06-26 19:00:00+00:00,1519.6775
DK2,2025-06-26 20:00:00+00:00,1439.4775
DK2,2025-06-26 21:00:00+00:00,1326.99
DK2,2025-06-26 22:00:00+00:00,1327.74
DK2,2025-06-26 23:00:00+00:00,1290.6
DK2,2025-06-27 00:00:00+00:00,1257.6675
DK2,2025-06-27 01:00:00+00:00,1235.15
DK2,2025-06-27 02:00:00+00:00,1213.745
DK2,2025-06-27 03:00:00+00:00,1272.49
DK2,2025-06-27 04:00:00+00:00,1382.3725
DK2,2025-06-27 05:00:00+00:00,1579.4825
DK2,2025-06-27 06:00:00+00:00,1693.455
DK2,2025-06-27 07:00:00+00:00,1792.645
DK2,2025-06-27 08:00:00+00:00,1799.6025
DK2,2025-06-27 09:00:00+00:00,1840.89
DK2,2025-06-27 10:00:00+00:00,1850.155
DK2,2025-06-27 11:00:00+00:00,1847.04
DK2,2025-06-27 12:00:00+00:00,1844.875
DK2,2025-06-27 13:00:00+00:00,1820.6025
DK2,2025-06-27 14:00:00+00:00,1786.645
DK2,2025-06-27 15:00:00+00:00,1792.7775
DK2,2025-06-27 16:00:00+00:00,1710.15
DK2,2025-06-27 17:00:00+00:00,1602.2275
DK2,2025-06-27 18:00:00+00:00,1512.1725
DK2,2025-06-27 19:00:00+00:00,1448.96
DK2,2025-06-27 20:00:00+00:00,1401.0425
DK2,2025-06-27 21:00:00+00:00,1310.9225
DK2,2025-06-27 22:00:00+00:00,1260.5175
DK2,2025-06-27 23:00:00+00:00,1218.4825
DK2,2025-06-28 00:00:00+00:00,1172.9425
DK2,2025-06-28 01:00:00+00:00,1195.4025
DK2,2025-06-28 02:00:00+00:00,1161.4775
DK2,2025-06-28 03:00:00+00:00,1161.545
DK2,2025-06-28 04:00:00+00:00,1140.265
DK2,2025-06-28 05:00:00+00:00,1256.165
DK2,2025-06-28 06:00:00+00:00,1410.5925
DK2,2025-06-28 07:00:00+00:00,1551.74
DK2,2025-06-28 08:00:00+00:00,1648.55
DK2,2025-06-28 09:00:00+00:00,1695.59
DK2,2025-06-28 10:00:00+00:00,1637.7225
DK2,2025-06-28 11:00:00+00:00,1687.43
DK2,2025-06-28 12:00:00+00:00,1660.8625
DK2,2025-06-28 13:00:00+00:00,1603.6475
DK2,2025-06-28 14:00:00+00:00,1559.1575
DK2,2025-06-28 15:00:00+00:00,1595.025
DK2,2025-06-28 16:00:00+00:00,1629.4425
DK2,2025-06-28 17:00:00+00:00,1549.7825
DK2,2025-06-28 18:00:00+00:00,1462.7575
DK2,2025-06-28 19:00:00+00:00,1396.8375
DK2,2025-06-28 20:00:00+00:00,1360.09
DK2,2025-06-28 21:00:00+00:00,1280.17
DK2,2025-06-28 22:00:00+00:00,1247.7175
DK2,2025-06-28 23:00:00+00:00,1250.6575
DK2,2025-06-29 00:00:00+00:00,1206.1275
DK2,2025-06-29 01:00:00+00:00,1185.02
DK2,2025-06-29 02:00:00+00:00,1128.35
DK2,2025-06-29 03:00:00+00:00,1093.3025
DK2,2025-06-29 04:00:00+00:00,1111.09
DK2,2025-06-29 05:00:00+00:00,1243.185
DK2,2025-06-29 06:00:00+00:00,1355.205
DK2,2025-06-29 07:00:00+00:00,1473.54
DK2,2025-06-29 08:00:00+00:00,1561.2375
DK2,2025-06-29 09:00:00+00:00,1567.6675
DK2,2025-06-29 10:00:00+00:00,1581.845
DK2,2025-06-29 11:00:00+00:00,1606.7675
DK2,2025-06-29 12:00:00+00:00,1593.0825
DK2,2025-06-29 13:00:00+00:00,1561.6625
DK2,2025-06-29 14:00:00+00:00,1532.77
DK2,2025-06-29 15:00:00+00:00,1621.61
DK2,2025-06-29 16:00:00+00:00,1622.6325
DK2,2025-06-29 17:00:00+00:00,1525.38
DK2,2025-06-29 18:00:00+00:00,1422.945
DK2,2025-06-29 19:00:00+00:00,1364.6525
DK2,2025-06-29 20:00:00+00:00,1312.045
DK2,2025-06-29 21:00:00+00:00,1249.6275
DK2,2025-06-29 22:00:00+00:00,1262.13
DK2,2025-06-29 23:00:00+00:00,1206.915
DK2,2025-06-30 00:00:00+00:00,1142.2025
DK2,2025-06-30 01:00:00+00:00,1094.0475
DK2,2025-06-30 02:00:00+00:00,1060.18
DK2,2025-06-30 03:00:00+00:00,1128.0775
DK2,2025-06-30 04:00:00+00:00,1290.5975
DK2,2025-06-30 05:00:00+00:00,1484.2325
DK2,2025-06-30 06:00:00+00:00,1638.4825
DK2,2025-06-30 07:00:00+00:00,1799.69
DK2,2025-06-30 08:00:00+00:00,1851.74
DK2,2025-06-30 09:00:00+00:00,1769.3175
DK2,2025-06-30 10:00:00+00:00,1802.8525
DK2,2025-06-30 11:00:00+00:00,1793.8875
DK2,2025-06-30 12:00:00+00:00,1764.64
DK2,2025-06-30 13:00:00+00:00,1694.4725
DK2,2025-06-30 14:00:00+00:00,1684.315
DK2,2025-06-30 15:00:00+00:00,1724.9025
DK2,2025-06-30 16:00:00+00:00,1677.2375
DK2,2025-06-30 17:00:00+00:00,1568.4675
DK2,2025-06-30 18:00:00+00:00,1476.0425
DK2,2025-06-30 19:00:00+00:00,1408.7075
DK2,2025-06-30 20:00:00+00:00,1362.745
DK2,2025-06-30 21:00:00+00:00,1278.5925
DK2,2025-06-30 22:00:00+00:00,1245.2375
DK2,2025-06-30 23:00:00+00:00,1240.095
DK2,2025-07-01 00:00:00+00:00,1226.38
DK2,2025-07-01 01:00:00+00:00,1200.6775
DK2,2025-07-01 02:00:00+00:00,1148.98
DK2,2025-07-01 03:00:00+00:00,1151.1125
DK2,2025-07-01 04:00:00+00:00,1326.1275
DK2,2025-07-01 05:00:00+00:00,1520.3325
DK2,2025-07-01 06:00:00+00:00,1640.515
DK2,2025-07-01 07:00:00+00:00,1715.835
DK2,2025-07-01 08:00:00+00:00,1789.4825
DK2,2025-07-01 09:00:00+00:00,1772.68
DK2,2025-07-01 10:00:00+00:00,1807.5325
DK2,2025-07-01 11:00:00+00:00,1795.9475
DK2,2025-07-01 12:00:00+00:00,1756.365
DK2,2025-07-01 13:00:00+00:00,1731.2
DK2,2025-07-01 14:00:00+00:00,1688.05
DK2,2025-07-01 15:00:00+00:00,1711.5975
DK2,2025-07-01 16:00:00+00:00,1653.4775
DK2,2025-07-01 17:00:00+00:00,1549.8975
DK2,2025-07-01 18:00:00+00:00,1456.7725
DK2,2025-07-01 19:00:00+00:00,1383.7575
DK2,2025-07-01 20:00:00+00:00,1350.7625
DK2,2025-07-01 21:00:00+00:00,1284.81
DK2,2025-07-01 22:00:00+00:00,1248.7425
DK2,2025-07-01 23:00:00+00:00,1243.74
DK2,2025-07-02 00:00:00+00:00,1247.015
DK2,2025-07-02 01:00:00+00:00,1167.665
DK2,2025-07-02 02:00:00+00:00,1132.2975
DK2,2025-07-02 03:00:00+00:00,1151.0975
DK2,2025-07-02 04:00:00+00:00,1334.8975
DK2,2025-07-02 05:00:00+00:00,1520.51
DK2,2025-07-02 06:00:00+00:00,1658.1825
DK2,2025-07-02 07:00:00+00:00,1755.6475
DK2,2025-07-02 08:00:00+00:00,1798.6075
DK2,2025-07-02 09:00:00+00:00,1804.5325
DK2,2025-07-02 10:00:00+00:00,1874.5025
DK2,2025-07-02 11:00:00+00:00,1854.505
DK2,2025-07-02 12:00:00+00:00,1812.41
DK2,2025-07-02 13:00:00+00:00,1698.6775
DK2,2025-07-02 14:00:00+00:00,1693.1875
DK2,2025-07-02 15:00:00+00:00,1729.485
DK2,2025-07-02 16:00:00+00:00,1743.895
DK2,2025-07-02 17:00:00+00:00,1638.9125
DK2,2025-07-02 18:00:00+00:00,1555.3375
DK2,2025-07-02 19:00:00+00:00,1506.77
DK2,2025-07-02 20:00:00+00:00,1441.1175
DK2,2025-07-02 21:00:00+00:00,1326.67
DK2,2025-07-02 22:00:00+00:00,1349.8275
DK2,2025-07-02 23:00:00+00:00,1237.085
DK2,2025-07-03 00:00:00+00:00,1213.1575
DK2,2025-07-03 01:00:00+00:00,1226.415
DK2,2025-07-03 02:00:00+00:00,1238.29
DK2,2025-07-03 03:00:00+00:00,1214.57
DK2,2025-07-03 04:00:00+00:00,1345.1775
DK2,2025-07-03 05:00:00+00:00,1552.8175
DK2,2025-07-03 06:00:00+00:00,1674.4725
DK2,2025-07-03 07:00:00+00:00,1736.58
DK2,2025-07-03 08:00:00+00:00,1842.6725
DK2,2025-07-03 09:00:00+00:00,1832.2475
DK2,2025-07-03 10:00:00+00:00,1839.8325
DK2,2025-07-03 11:00:00+00:00,1832.495
DK2,2025-07-03 12:00:00+00:00,1789.1125
DK2,2025-07-03 13:00:00+00:00,1752.1875
DK2,2025-07-03 14:00:00+00:00,1753.63
DK2,2025-07-03 15:00:00+00:00,1780.6925
DK2,2025-07-03 16:00:00+00:00,1711.5925
DK2,2025-07-03 17:00:00+00:00,1618.33
DK2,2025-07-03 18:00:00+00:00,1478.0075
DK2,2025-07-03 19:00:00+00:00,1409.4625
DK2,2025-07-03 20:00:00+00:00,1330.8825
DK2,2025-07-03 21:00:00+00:00,1259.38
DK2,2025-07-03 22:00:00+00:00,1200.58
DK2,2025-07-03 23:00:00+00:00,1190.42
DK2,2025-07-04 00:00:00+00:00,1162.58
DK2,2025-07-04 01:00:00+00:00,1138.63
DK2,2025-07-04 02:00:00+00:00,1099.6525
DK2,2025-07-04 03:00:00+00:00,1137.725
DK2,2025-07-04 04:00:00+00:00,1282.44
DK2,2025-07-04 05:00:00+00:00,1476.75
DK2,2025-07-04 06:00:00+00:00,1594.2925
DK2,2025-07-04 07:00:00+00:00,1678.355
DK2,2025-07-04 08:00:00+00:00,1768.1025
DK2,2025-07-04 09:00:00+00:00,1780.375
DK2,2025-07-04 10:00:00+00:00,1789.2825
DK2,2025-07-04 11:00:00+00:00,1771.615
DK2,2025-07-04 12:00:00+00:00,1738.985
DK2,2025-07-04 13:00:00+00:00,1743.3125
DK2,2025-07-04 14:00:00+00:00,1700.9525
DK2,2025-07-04 15:00:00+00:00,1683.965
DK2,2025-07-04 16:00:00+00:00,1633.78
DK2,2025-07-04 17:00:00+00:00,1578.845
DK2,2025-07-04 18:00:00+00:00,1454.255
DK2,2025-07-04 19:00:00+00:00,1368.755
DK2,2025-07-04 20:00:00+00:00,1350.685
DK2,2025-07-04 21:00:00+00:00,1283.9625
DK2,2025-07-04 22:00:00+00:00,1242.8675
DK2,2025-07-04 23:00:00+00:00,1176.0175
DK2,2025-07-05 00:00:00+00:00,1155.4275
DK2,2025-07-05 01:00:00+00:00,1126.8175
DK2,2025-07-05 02:00:00+00:00,1103.24
DK2,2025-07-05 03:00:00+00:00,1082.735
DK2,2025-07-05 04:00:00+00:00,1103.9125
DK2,2025-07-05 05:00:00+00:00,1238.9025
DK2,2025-07-05 06:00:00+00:00,1372.575
DK2,2025-07-05 07:00:00+00:00,1476.7375
DK2,2025-07-05 08:00:00+00:00,1581.2225
DK2,2025-07-05 09:00:00+00:00,1635.2275
DK2,2025-07-05 10:00:00+00:00,1654.6675
DK2,2025-07-05 11:00:00+00:00,1662.6025
DK2,2025-07-05 12:00:00+00:00,1595.0525
DK2,2025-07-05 13:00:00+00:00,1563.4175
DK2,2025-07-05 14:00:00+00:00,1582.64
DK2,2025-07-05 15:00:00+00:00,1591.2025
DK2,2025-07-05 16:00:00+00:00,1572.675
DK2,2025-07-05 17:00:00+00:00,1497.075
DK2,2025-07-05 18:00:00+00:00,1383.7825
DK2,2025-07-05 19:00:00+00:00,1350.6925
DK2,2025-07-05 20:00:00+00:00,1310.89
DK2,2025-07-05 21:00:00+00:00,1218.0475
DK2,2025-07-05 22:00:00+00:00,1174.285
DK2,2025-07-05 23:00:00+00:00,1148.2625
DK2,2025-07-06 00:00:00+00:00,1110.4925
DK2,2025-07-06 01:00:00+00:00,1060.4675
DK2,2025-07-06 02:00:00+00:00,1017.78
DK2,2025-07-06 03:00:00+00:00,1004.2925
DK2,2025-07-06 04:00:00+00:00,1035.42
DK2,2025-07-06 05:00:00+00:00,1141.7425
DK2,2025-07-06 06:00:00+00:00,1267.3525
DK2,2025-07-06 07:00:00+00:00,1387.1475
DK2,2025-07-06 08:00:00+00:00,1515.1625
DK2,2025-07-06 09:00:00+00:00,1574.585
DK2,2025-07-06 10:00:00+00:00,1617.6375
DK2,2025-07-06 11:00:00+00:00,1614.965
DK2,2025-07-06 12:00:00+00:00,1591.0125
DK2,2025-07-06 13:00:00+00:00,1544.505
DK2,2025-07-06 14:00:00+00:00,1505.1175
DK2,2025-07-06 15:00:00+00:00,1547.35
DK2,2025-07-06 16:00:00+00:00,1574.1525
DK2,2025-07-06 17:00:00+00:00,1491.5
DK2,2025-07-06 18:00:00+00:00,1401.9425
DK2,2025-07-06 19:00:00+00:00,1348.435
DK2,2025-07-06 20:00:00+00:00,1300.58
DK2,2025-07-06 21:00:00+00:00,1221.5375
DK2,2025-07-06 22:00:00+00:00,1122.2275
DK2,2025-07-06 23:00:00+00:00,1130.28
DK2,2025-07-07 00:00:00+00:00,1115.225
DK2,2025-07-07 01:00:00+00:00,1091.315
DK2,2025-07-07 02:00:00+00:00,1071.025
DK2,2025-07-07 03:00:00+00:00,1116.8375
DK2,2025-07-07 04:00:00+00:00,1238.95
DK2,2025-07-07 05:00:00+00:00,1426.035
DK2,2025-07-07 06:00:00+00:00,1573.115
DK2,2025-07-07 07:00:00+00:00,1683.155
DK2,2025-07-07 08:00:00+00:00,1738.22
DK2,2025-07-07 09:00:00+00:00,1719.895
DK2,2025-07-07 10:00:00+00:00,1728.445
DK2,2025-07-07 11:00:00+00:00,1749.045
DK2,2025-07-07 12:00:00+00:00,1749.11
DK2,2025-07-07 13:00:00+00:00,1686.36
DK2,2025-07-07 14:00:00+00:00,1665.435
DK2,2025-07-07 15:00:00+00:00,1694.6575
DK2,2025-07-07 16:00:00+00:00,1696.8225
DK2,2025-07-07 17:00:00+00:00,1585.455
DK2,2025-07-07 18:00:00+00:00,1495.275
DK2,2025-07-07 19:00:00+00:00,1395.6125
DK2,2025-07-07 20:00:00+00:00,1336.0525
DK2,2025-07-07 21:00:00+00:00,1271.095
DK2,2025-07-07 22:00:00+00:00,1193.58
DK2,2025-07-07 23:00:00+00:00,1145.28
DK2,2025-07-08 00:00:00+00:00,1148.6725
DK2,2025-07-08 01:00:00+00:00,1118.8125
DK2,2025-07-08 02:00:00+00:00,1085.1975
DK2,2025-07-08 03:00:00+00:00,1108.6125
DK2,2025-07-08 04:00:00+00:00,1280.345
DK2,2025-07-08 05:00:00+00:00,1408.4025
DK2,2025-07-08 06:00:00+00:00,1539.9075
DK2,2025-07-08 07:00:00+00:00,1628.9325
DK2,2025-07-08 08:00:00+00:00,1679.7925
DK2,2025-07-08 09:00:00+00:00,1661.645
DK2,2025-07-08 10:00:00+00:00,1700.6225
DK2,2025-07-08 11:00:00+00:00,1746.3425
DK2,2025-07-08 12:00:00+00:00,1763.155
DK2,2025-07-08 13:00:00+00:00,1742.3025
DK2,2025-07-08 14:00:00+00:00,1721.14
DK2,2025-07-08 15:00:00+00:00,1718.6625
DK2,2025-07-08 16:00:00+00:00,1640.5275
DK2,2025-07-08 17:00:00+00:00,1559.4925
DK2,2025-07-08 18:00:00+00:00,1444.4175
DK2,2025-07-08 19:00:00+00:00,1374.0725
DK2,2025-07-08 20:00:00+00:00,1324.1
DK2,2025-07-08 21:00:00+00:00,1248.905
DK2,2025-07-08 22:00:00+00:00,1196.0375
DK2,2025-07-08 23:00:00+00:00,1187.5475
DK2,2025-07-09 00:00:00+00:00,1164.4925
DK2,2025-07-09 01:00:00+00:00,1118.795
DK2,2025-07-09 02:00:00+00:00,1066.055
DK2,2025-07-09 03:00:00+00:00,1099.0325
DK2,2025-07-09 04:00:00+00:00,1241.26
DK2,2025-07-09 05:00:00+00:00,1418.1875
DK2,2025-07-09 06:00:00+00:00,1545.245
DK2,2025-07-09 07:00:00+00:00,1631.1525
DK2,2025-07-09 08:00:00+00:00,1650.6825
DK2,2025-07-09 09:00:00+00:00,1683.235
DK2,2025-07-09 10:00:00+00:00,1694.5975
DK2,2025-07-09 11:00:00+00:00,1747.565
DK2,2025-07-09 12:00:00+00:00,1661.9075
DK2,2025-07-09 13:00:00+00:00,1669.1825
DK2,2025-07-09 14:00:00+00:00,1667.8
DK2,2025-07-09 15:00:00+00:00,1664.6225
DK2,2025-07-09 16:00:00+00:00,1670.25
DK2,2025-07-09 17:00:00+00:00,1639.1075
DK2,2025-07-09 18:00:00+00:00,1489.95
DK2,2025-07-09 19:00:00+00:00,1447.6725
DK2,2025-07-09 20:00:00+00:00,1354.4525
DK2,2025-07-09 21:00:00+00:00,1277.745
DK2,2025-07-09 22:00:00+00:00,1252.4275
DK2,2025-07-09 23:00:00+00:00,1210.3175
DK2,2025-07-10 00:00:00+00:00,1187.7225
DK2,2025-07-10 01:00:00+00:00,1147.825
DK2,2025-07-10 02:00:00+00:00,1093.825
DK2,2025-07-10 03:00:00+00:00,1122.445
DK2,2025-07-10 04:00:00+00:00,1270.3225
DK2,2025-07-10 05:00:00+00:00,1441.175
DK2,2025-07-10 06:00:00+00:00,1600.1775
DK2,2025-07-10 07:00:00+00:00,1681.6225
DK2,2025-07-10 08:00:00+00:00,1728.4225
DK2,2025-07-10 09:00:00+00:00,1734.07
DK2,2025-07-10 10:00:00+00:00,1782.1875
DK2,2025-07-10 11:00:00+00:00,1783.66
DK2,2025-07-10 12:00:00+00:00,1774.345
DK2,2025-07-10 13:00:00+00:00,1701.5025
DK2,2025-07-10 14:00:00+00:00,1698.61
DK2,2025-07-10 15:00:00+00:00,1673.4425
DK2,2025-07-10 16:00:00+00:00,1619.6025
DK2,2025-07-10 17:00:00+00:00,1540.2025
DK2,2025-07-10 18:00:00+00:00,1453.9625
DK2,2025-07-10 19:00:00+00:00,1401.0825
DK2,2025-07-10 20:00:00+00:00,1349.7825
DK2,2025-07-10 21:00:00+00:00,1280.255
DK2,2025-07-10 22:00:00+00:00,1224.0775
DK2,2025-07-10 23:00:00+00:00,1202.505
DK2,2025-07-11 00:00:00+00:00,1197.025
DK2,2025-07-11 01:00:00+00:00,1143.6625
DK2,2025-07-11 02:00:00+00:00,1127.8075
DK2,2025-07-11 03:00:00+00:00,1139.5925
DK2,2025-07-11 04:00:00+00:00,1271.645
DK2,2025-07-11 05:00:00+00:00,1458.795
DK2,2025-07-11 06:00:00+00:00,1595.835
DK2,2025-07-11 07:00:00+00:00,1685.765
DK2,2025-07-11 08:00:00+00:00,1737.545
DK2,2025-07-11 09:00:00+00:00,1808.145
DK2,2025-07-11 10:00:00+00:00,1813.625
DK2,2025-07-11 11:00:00+00:00,1810.8525
DK2,2025-07-11 12:00:00+00:00,1749.5525
DK2,2025-07-11 13:00:00+00:00,1666.935
DK2,2025-07-11 14:00:00+00:00,1671.5975
DK2,2025-07-11 15:00:00+00:00,1667.865
DK2,2025-07-11 16:00:00+00:00,1627.465
DK2,2025-07-11 17:00:00+00:00,1523.8225
DK2,2025-07-11 18:00:00+00:00,1407.465
DK2,2025-07-11 19:00:00+00:00,1378.9725
DK2,2025-07-11 20:00:00+00:00,1339.9575
DK2,2025-07-11 21:00:00+00:00,1235.0375
DK2,2025-07-11 22:00:00+00:00,1143.5425
DK2,2025-07-11 23:00:00+00:00,1166.785
DK2,2025-07-12 00:00:00+00:00,1098.815
DK2,2025-07-12 01:00:00+00:00,1073.585
DK2,2025-07-12 02:00:00+00:00,1075.6425
DK2,2025-07-12 03:00:00+00:00,1068.7175
DK2,2025-07-12 04:00:00+00:00,1118.055
DK2,2025-07-12 05:00:00+00:00,1218.0125
DK2,2025-07-12 06:00:00+00:00,1298.615
DK2,2025-07-12 07:00:00+00:00,1414.7225
DK2,2025-07-12 08:00:00+00:00,1530.8625
DK2,2025-07-12 09:00:00+00:00,1615.6175
DK2,2025-07-12 10:00:00+00:00,1633.74
DK2,2025-07-12 11:00:00+00:00,1616.095
DK2,2025-07-12 12:00:00+00:00,1586.755
DK2,2025-07-12 13:00:00+00:00,1561.2875
DK2,2025-07-12 14:00:00+00:00,1540.9125
DK2,2025-07-12 15:00:00+00:00,1567.2625
DK2,2025-07-12 16:00:00+00:00,1562.8525
DK2,2025-07-12 17:00:00+00:00,1478.325
DK2,2025-07-12 18:00:00+00:00,1410.485
DK2,2025-07-12 19:00:00+00:00,1344.38
DK2,2025-07-12 20:00:00+00:00,1303.7075
DK2,2025-07-12 21:00:00+00:00,1264.0575
DK2,2025-07-12 22:00:00+00:00,1213.315
DK2,2025-07-12 23:00:00+00:00,1176.2375
DK2,2025-07-13 00:00:00+00:00,1146.665
DK2,2025-07-13 01:00:00+00:00,1129.955
DK2,2025-07-13 02:00:00+00:00,1054.285
DK2,2025-07-13 03:00:00+00:00,999.085
DK2,2025-07-13 04:00:00+00:00,1040.36
DK2,2025-07-13 05:00:00+00:00,1155.2575
DK2,2025-07-13 06:00:00+00:00,1254.83
DK2,2025-07-13 07:00:00+00:00,1353.705
DK2,2025-07-13 08:00:00+00:00,1460.5775
DK2,2025-07-13 09:00:00+00:00,1529.14
DK2,2025-07-13 10:00:00+00:00,1548.885
DK2,2025-07-13 11:00:00+00:00,1592.145
DK2,2025-07-13 12:00:00+00:00,1543.7775
DK2,2025-07-13 13:00:00+00:00,1529.9775
DK2,2025-07-13 14:00:00+00:00,1521.0125
DK2,2025-07-13 15:00:00+00:00,1510.915
DK2,2025-07-13 16:00:00+00:00,1534.6825
DK2,2025-07-13 17:00:00+00:00,1464.6425
DK2,2025-07-13 18:00:00+00:00,1381.59
DK2,2025-07-13 19:00:00+00:00,1337.3675
DK2,2025-07-13 20:00:00+00:00,1280.09
DK2,2025-07-13 21:00:00+00:00,1210.855
DK2,2025-07-13 22:00:00+00:00,1166.1175
DK2,2025-07-13 23:00:00+00:00,1135.055
DK2,2025-07-14 00:00:00+00:00,1139.9625
DK2,2025-07-14 01:00:00+00:00,1127.05
DK2,2025-07-14 02:00:00+00:00,1078.6925
DK2,2025-07-14 03:00:00+00:00,1104.42
DK2,2025-07-14 04:00:00+00:00,1221.7025
DK2,2025-07-14 05:00:00+00:00,1359.5975
DK2,2025-07-14 06:00:00+00:00,1509.5125
DK2,2025-07-14 07:00:00+00:00,1617.2375
DK2,2025-07-14 08:00:00+00:00,1646.9175
DK2,2025-07-14 09:00:00+00:00,1669.6975
DK2,2025-07-14 10:00:00+00:00,1690.57
DK2,2025-07-14 11:00:00+00:00,1704.7
DK2,2025-07-14 12:00:00+00:00,1702.405
DK2,2025-07-14 13:00:00+00:00,1657.4825
DK2,2025-07-14 14:00:00+00:00,1638.6775
DK2,2025-07-14 15:00:00+00:00,1651.62
DK2,2025-07-14 16:00:00+00:00,1623.845
DK2,2025-07-14 17:00:00+00:00,1547.5725
DK2,2025-07-14 18:00:00+00:00,1478.355
DK2,2025-07-14 19:00:00+00:00,1374.2125
DK2,2025-07-14 20:00:00+00:00,1338.525
DK2,2025-07-14 21:00:00+00:00,1243.915
DK2,2025-07-14 22:00:00+00:00,1190.0675
DK2,2025-07-14 23:00:00+00:00,1164.9325
DK2,2025-07-15 00:00:00+00:00,1142.2175
DK2,2025-07-15 01:00:00+00:00,1114.2625
DK2,2025-07-15 02:00:00+00:00,1098.365
DK2,2025-07-15 03:00:00+00:00,1137.015
DK2,2025-07-15 04:00:00+00:00,1257.275
DK2,2025-07-15 05:00:00+00:00,1395.1275
DK2,2025-07-15 06:00:00+00:00,1517.4625
DK2,2025-07-15 07:00:00+00:00,1649.5575
DK2,2025-07-15 08:00:00+00:00,1686.9925
DK2,2025-07-15 09:00:00+00:00,1678.925
DK2,2025-07-15 10:00:00+00:00,1646.075
DK2,2025-07-15 11:00:00+00:00,1661.755
DK2,2025-07-15 12:00:00+00:00,1653.125
DK2,2025-07-15 13:00:00+00:00,1714.845
DK2,2025-07-15 14:00:00+00:00,1647.735
DK2,2025-07-15 15:00:00+00:00,1627.4275
DK2,2025-07-15 16:00:00+00:00,1634.925
DK2,2025-07-15 17:00:00+00:00,1542.3425
DK2,2025-07-15 18:00:00+00:00,1449.365
DK2,2025-07-15 19:00:00+00:00,1375.89
DK2,2025-07-15 20:00:00+00:00,1322.9175
DK2,2025-07-15 21:00:00+00:00,1226.955
DK2,2025-07-15 22:00:00+00:00,1192.5325
DK2,2025-07-15 23:00:00+00:00,1170.4025
DK2,2025-07-16 00:00:00+00:00,1154.41
DK2,2025-07-16 01:00:00+00:00,1152.82
DK2,2025-07-16 02:00:00+00:00,1098.9325
DK2,2025-07-16 03:00:00+00:00,1121.3525
DK2,2025-07-16 04:00:00+00:00,1208.67
DK2,2025-07-16 05:00:00+00:00,1367.2775
DK2,2025-07-16 06:00:00+00:00,1476.02
DK2,2025-07-16 07:00:00+00:00,1538.115
DK2,2025-07-16 08:00:00+00:00,1586.1725
DK2,2025-07-16 09:00:00+00:00,1620.0
DK2,2025-07-16 10:00:00+00:00,1611.7775
DK2,2025-07-16 11:00:00+00:00,1663.045
DK2,2025-07-16 12:00:00+00:00,1664.1
DK2,2025-07-16 13:00:00+00:00,1643.4925
DK2,2025-07-16 14:00:00+00:00,1665.4475
DK2,2025-07-16 15:00:00+00:00,1696.64
DK2,2025-07-16 16:00:00+00:00,1635.9975
DK2,2025-07-16 17:00:00+00:00,1527.7875
DK2,2025-07-16 18:00:00+00:00,1434.4325
DK2,2025-07-16 19:00:00+00:00,1363.915
DK2,2025-07-16 20:00:00+00:00,1292.4875
DK2,2025-07-16 21:00:00+00:00,1211.08
DK2,2025-07-16 22:00:00+00:00,1185.8775
DK2,2025-07-16 23:00:00+00:00,1173.6125
DK2,2025-07-17 00:00:00+00:00,1158.93
DK2,2025-07-17 01:00:00+00:00,1147.7975
DK2,2025-07-17 02:00:00+00:00,1114.2825
DK2,2025-07-17 03:00:00+00:00,1125.715
DK2,2025-07-17 04:00:00+00:00,1230.0325
DK2,2025-07-17 05:00:00+00:00,1383.98
DK2,2025-07-17 06:00:00+00:00,1529.2325
DK2,2025-07-17 07:00:00+00:00,1640.9925
DK2,2025-07-17 08:00:00+00:00,1722.7375
DK2,2025-07-17 09:00:00+00:00,1787.6625
DK2,2025-07-17 10:00:00+00:00,1770.22
DK2,2025-07-17 11:00:00+00:00,1783.215
DK2,2025-07-17 12:00:00+00:00,1780.6525
DK2,2025-07-17 13:00:00+00:00,1756.85
DK2,2025-07-17 14:00:00+00:00,1736.9
DK2,2025-07-17 15:00:00+00:00,1738.3725
DK2,2025-07-17 16:00:00+00:00,1678.535
DK2,2025-07-17 17:00:00+00:00,1566.7975
DK2,2025-07-17 18:00:00+00:00,1489.2175
DK2,2025-07-17 19:00:00+00:00,1413.035
DK2,2025-07-17 20:00:00+00:00,1354.0125
DK2,2025-07-17 21:00:00+00:00,1288.9975
DK2,2025-07-17 22:00:00+00:00,1242.6875
DK2,2025-07-17 23:00:00+00:00,1195.7825
DK2,2025-07-18 00:00:00+00:00,1183.2725
DK2,2025-07-18 01:00:00+00:00,1120.03
DK2,2025-07-18 02:00:00+00:00,1099.8025
DK2,2025-07-18 03:00:00+00:00,1110.87
DK2,2025-07-18 04:00:00+00:00,1236.475
DK2,2025-07-18 05:00:00+00:00,1388.68
DK2,2025-07-18 06:00:00+00:00,1553.8775
DK2,2025-07-18 07:00:00+00:00,1674.81
DK2,2025-07-18 08:00:00+00:00,1748.0425
DK2,2025-07-18 09:00:00+00:00,1730.65
DK2,2025-07-18 10:00:00+00:00,1729.7525
DK2,2025-07-18 11:00:00+00:00,1731.805
DK2,2025-07-18 12:00:00+00:00,1695.665
DK2,2025-07-18 13:00:00+00:00,1712.41
DK2,2025-07-18 14:00:00+00:00,1704.2125
DK2,2025-07-18 15:00:00+00:00,1701.48
DK2,2025-07-18 16:00:00+00:00,1607.4675
DK2,2025-07-18 17:00:00+00:00,1518.27
DK2,2025-07-18 18:00:00+00:00,1455.5375
DK2,2025-07-18 19:00:00+00:00,1393.0225
DK2,2025-07-18 20:00:00+00:00,1368.2525
DK2,2025-07-18 21:00:00+00:00,1280.1975
DK2,2025-07-18 22:00:00+00:00,1219.41
DK2,2025-07-18 23:00:00+00:00,1176.055
DK2,2025-07-19 00:00:00+00:00,1128.23
DK2,2025-07-19 01:00:00+00:00,1110.715
DK2,2025-07-19 02:00:00+00:00,1088.5
DK2,2025-07-19 03:00:00+00:00,1064.3275
DK2,2025-07-19 04:00:00+00:00,1087.5575
DK2,2025-07-19 05:00:00+00:00,1189.77
DK2,2025-07-19 06:00:00+00:00,1324.765
DK2,2025-07-19 07:00:00+00:00,1475.6275
DK2,2025-07-19 08:00:00+00:00,1629.3875
DK2,2025-07-19 09:00:00+00:00,1685.795
DK2,2025-07-19 10:00:00+00:00,1690.29
DK2,2025-07-19 11:00:00+00:00,1677.36
DK2,2025-07-19 12:00:00+00:00,1660.72
DK2,2025-07-19 13:00:00+00:00,1596.89
DK2,2025-07-19 14:00:00+00:00,1596.1375
DK2,2025-07-19 15:00:00+00:00,1525.235
DK2,2025-07-19 16:00:00+00:00,1531.575
DK2,2025-07-19 17:00:00+00:00,1426.1425
DK2,2025-07-19 18:00:00+00:00,1389.585
DK2,2025-07-19 19:00:00+00:00,1324.7775
DK2,2025-07-19 20:00:00+00:00,1305.83
DK2,2025-07-19 21:00:00+00:00,1248.0925
DK2,2025-07-19 22:00:00+00:00,1219.2725
DK2,2025-07-19 23:00:00+00:00,1182.03
DK2,2025-07-20 00:00:00+00:00,1133.7675
DK2,2025-07-20 01:00:00+00:00,1087.4925
DK2,2025-07-20 02:00:00+00:00,1064.345
DK2,2025-07-20 03:00:00+00:00,1019.14
DK2,2025-07-20 04:00:00+00:00,1065.7275
DK2,2025-07-20 05:00:00+00:00,1162.3925
DK2,2025-07-20 06:00:00+00:00,1294.15
DK2,2025-07-20 07:00:00+00:00,1462.01
DK2,2025-07-20 08:00:00+00:00,1537.86
DK2,2025-07-20 09:00:00+00:00,1602.8425
DK2,2025-07-20 10:00:00+00:00,1668.3675
DK2,2025-07-20 11:00:00+00:00,1648.065
DK2,2025-07-20 12:00:00+00:00,1643.665
DK2,2025-07-20 13:00:00+00:00,1605.715
DK2,2025-07-20 14:00:00+00:00,1559.6175
DK2,2025-07-20 15:00:00+00:00,1554.145
DK2,2025-07-20 16:00:00+00:00,1588.275
DK2,2025-07-20 17:00:00+00:00,1491.6525
DK2,2025-07-20 18:00:00+00:00,1416.7025
DK2,2025-07-20 19:00:00+00:00,1350.925
DK2,2025-07-20 20:00:00+00:00,1335.64
DK2,2025-07-20 21:00:00+00:00,1260.3725
DK2,2025-07-20 22:00:00+00:00,1238.5125
DK2,2025-07-20 23:00:00+00:00,1208.0975
DK2,2025-07-21 00:00:00+00:00,1185.1125
DK2,2025-07-21 01:00:00+00:00,1182.9325
DK2,2025-07-21 02:00:00+00:00,1124.2175
DK2,2025-07-21 03:00:00+00:00,1130.4925
DK2,2025-07-21 04:00:00+00:00,1245.9375
DK2,2025-07-21 05:00:00+00:00,1402.0725
DK2,2025-07-21 06:00:00+00:00,1513.8925
DK2,2025-07-21 07:00:00+00:00,1615.8125
DK2,2025-07-21 08:00:00+00:00,1672.745
DK2,2025-07-21 09:00:00+00:00,1687.475
DK2,2025-07-21 10:00:00+00:00,1696.28
DK2,2025-07-21 11:00:00+00:00,1717.6975
DK2,2025-07-21 12:00:00+00:00,1686.69
DK2,2025-07-21 13:00:00+00:00,1657.6075
DK2,2025-07-21 14:00:00+00:00,1642.32
DK2,2025-07-21 15:00:00+00:00,1693.345
DK2,2025-07-21 16:00:00+00:00,1671.935
DK2,2025-07-21 17:00:00+00:00,1567.0675
DK2,2025-07-21 18:00:00+00:00,1460.555
DK2,2025-07-21 19:00:00+00:00,1405.1275
DK2,2025-07-21 20:00:00+00:00,1343.7725
DK2,2025-07-21 21:00:00+00:00,1245.9725
DK2,2025-07-21 22:00:00+00:00,1199.4225
DK2,2025-07-21 23:00:00+00:00,1182.24
DK2,2025-07-22 00:00:00+00:00,1166.62
DK2,2025-07-22 01:00:00+00:00,1135.245
DK2,2025-07-22 02:00:00+00:00,1140.7425
DK2,2025-07-22 03:00:00+00:00,1140.5225
DK2,2025-07-22 04:00:00+00:00,1263.4325
DK2,2025-07-22 05:00:00+00:00,1402.6975
DK2,2025-07-22 06:00:00+00:00,1535.3
DK2,2025-07-22 07:00:00+00:00,1641.605
DK2,2025-07-22 08:00:00+00:00,1719.305
DK2,2025-07-22 09:00:00+00:00,1746.235
DK2,2025-07-22 10:00:00+00:00,1820.6575
DK2,2025-07-22 11:00:00+00:00,1911.2225
DK2,2025-07-22 12:00:00+00:00,1912.705
DK2,2025-07-22 13:00:00+00:00,1854.0525
DK2,2025-07-22 14:00:00+00:00,1813.4025
DK2,2025-07-22 15:00:00+00:00,1832.84
DK2,2025-07-22 16:00:00+00:00,1769.1575
DK2,2025-07-22 17:00:00+00:00,1646.035
DK2,2025-07-22 18:00:00+00:00,1520.9825
DK2,2025-07-22 19:00:00+00:00,1462.3425
DK2,2025-07-22 20:00:00+00:00,1397.8175
DK2,2025-07-22 21:00:00+00:00,1302.115
DK2,2025-07-22 22:00:00+00:00,1339.165
DK2,2025-07-22 23:00:00+00:00,1287.9775
DK2,2025-07-23 00:00:00+00:00,1261.85
DK2,2025-07-23 01:00:00+00:00,1200.8025
DK2,2025-07-23 02:00:00+00:00,1155.82
DK2,2025-07-23 03:00:00+00:00,1152.1075
DK2,2025-07-23 04:00:00+00:00,1237.8075
DK2,2025-07-23 05:00:00+00:00,1396.42
DK2,2025-07-23 06:00:00+00:00,1528.2375
DK2,2025-07-23 07:00:00+00:00,1627.5875
DK2,2025-07-23 08:00:00+00:00,1690.735
DK2,2025-07-23 09:00:00+00:00,1734.98
DK2,2025-07-23 10:00:00+00:00,1801.43
DK2,2025-07-23 11:00:00+00:00,1819.1725
DK2,2025-07-23 12:00:00+00:00,1796.46
DK2,2025-07-23 13:00:00+00:00,1731.6825
DK2,2025-07-23 14:00:00+00:00,1713.43
DK2,2025-07-23 15:00:00+00:00,1743.215
DK2,2025-07-23 16:00:00+00:00,1680.3575
DK2,2025-07-23 17:00:00+00:00,1579.945
DK2,2025-07-23 18:00:00+00:00,1494.2925
DK2,2025-07-23 19:00:00+00:00,1443.8475
DK2,2025-07-23 20:00:00+00:00,1379.88
DK2,2025-07-23 21:00:00+00:00,1284.83
DK2,2025-07-23 22:00:00+00:00,1259.26
DK2,2025-07-23 23:00:00+00:00,1214.7825
DK2,2025-07-24 00:00:00+00:00,1193.425
DK2,2025-07-24 01:00:00+00:00,1146.1675
DK2,2025-07-24 02:00:00+00:00,1119.115
DK2,2025-07-24 03:00:00+00:00,1134.4575
DK2,2025-07-24 04:00:00+00:00,1255.6725
DK2,2025-07-24 05:00:00+00:00,1399.7625
DK2,2025-07-24 06:00:00+00:00,1569.2975
DK2,2025-07-24 07:00:00+00:00,1642.935
DK2,2025-07-24 08:00:00+00:00,1688.6225
DK2,2025-07-24 09:00:00+00:00,1747.7525
DK2,2025-07-24 10:00:00+00:00,1714.315
DK2,2025-07-24 11:00:00+00:00,1725.365
DK2,2025-07-24 12:00:00+00:00,1747.7675
DK2,2025-07-24 13:00:00+00:00,1738.575
DK2,2025-07-24 14:00:00+00:00,1677.475
DK2,2025-07-24 15:00:00+00:00,1672.9925
DK2,2025-07-24 16:00:00+00:00,1675.1375
DK2,2025-07-24 17:00:00+00:00,1595.215
DK2,2025-07-24 18:00:00+00:00,1485.9625
DK2,2025-07-24 19:00:00+00:00,1420.0725
DK2,2025-07-24 20:00:00+00:00,1380.1675
DK2,2025-07-24 21:00:00+00:00,1296.0175
DK2,2025-07-24 22:00:00+00:00,1249.095
DK2,2025-07-24 23:00:00+00:00,1205.41
DK2,2025-07-25 00:00:00+00:00,1219.745
DK2,2025-07-25 01:00:00+00:00,1174.455
DK2,2025-07-25 02:00:00+00:00,1133.4175
DK2,2025-07-25 03:00:00+00:00,1141.6175
DK2,2025-07-25 04:00:00+00:00,1241.43
DK2,2025-07-25 05:00:00+00:00,1366.0175
DK2,2025-07-25 06:00:00+00:00,1545.8775
DK2,2025-07-25 07:00:00+00:00,1680.0575
DK2,2025-07-25 08:00:00+00:00,1735.33
DK2,2025-07-25 09:00:00+00:00,1759.3425
DK2,2025-07-25 10:00:00+00:00,1717.77
DK2,2025-07-25 11:00:00+00:00,1708.315
DK2,2025-07-25 12:00:00+00:00,1672.5075
DK2,2025-07-25 13:00:00+00:00,1697.8475
DK2,2025-07-25 14:00:00+00:00,1700.5725
DK2,2025-07-25 15:00:00+00:00,1694.4625
DK2,2025-07-25 16:00:00+00:00,1649.49
DK2,2025-07-25 17:00:00+00:00,1568.3075
DK2,2025-07-25 18:00:00+00:00,1473.685
DK2,2025-07-25 19:00:00+00:00,1427.0375
DK2,2025-07-25 20:00:00+00:00,1355.29
DK2,2025-07-25 21:00:00+00:00,1272.6975
DK2,2025-07-25 22:00:00+00:00,1219.5275
DK2,2025-07-25 23:00:00+00:00,1187.235
DK2,2025-07-26 00:00:00+00:00,1156.0575
DK2,2025-07-26 01:00:00+00:00,1126.9975
DK2,2025-07-26 02:00:00+00:00,1110.09
DK2,2025-07-26 03:00:00+00:00,1070.8475
DK2,2025-07-26 04:00:00+00:00,1085.6625
DK2,2025-07-26 05:00:00+00:00,1171.705
DK2,2025-07-26 06:00:00+00:00,1283.0475
DK2,2025-07-26 07:00:00+00:00,1395.875
DK2,2025-07-26 08:00:00+00:00,1459.44
DK2,2025-07-26 09:00:00+00:00,1527.91
DK2,2025-07-26 10:00:00+00:00,1526.57
DK2,2025-07-26 11:00:00+00:00,1561.2725
DK2,2025-07-26 12:00:00+00:00,1513.775
DK2,2025-07-26 13:00:00+00:00,1477.7
DK2,2025-07-26 14:00:00+00:00,1521.35
DK2,2025-07-26 15:00:00+00:00,1536.625
DK2,2025-07-26 16:00:00+00:00,1504.3575
DK2,2025-07-26 17:00:00+00:00,1464.5675
DK2,2025-07-26 18:00:00+00:00,1379.2
DK2,2025-07-26 19:00:00+00:00,1348.6775
DK2,2025-07-26 20:00:00+00:00,1301.1675
DK2,2025-07-26 21:00:00+00:00,1233.645
DK2,2025-07-26 22:00:00+00:00,1195.8075
DK2,2025-07-26 23:00:00+00:00,1152.88
DK2,2025-07-27 00:00:00+00:00,1116.235
DK2,2025-07-27 01:00:00+00:00,1104.5475
DK2,2025-07-27 02:00:00+00:00,1083.4625
DK2,2025-07-27 03:00:00+00:00,1057.22
DK2,2025-07-27 04:00:00+00:00,1082.0025
DK2,2025-07-27 05:00:00+00:00,1171.8925
DK2,2025-07-27 06:00:00+00:00,1310.475
DK2,2025-07-27 07:00:00+00:00,1394.9675
DK2,2025-07-27 08:00:00+00:00,1484.6425
DK2,2025-07-27 09:00:00+00:00,1529.7625
DK2,2025-07-27 10:00:00+00:00,1563.2725
DK2,2025-07-27 11:00:00+00:00,1644.8575
DK2,2025-07-27 12:00:00+00:00,1655.9375
DK2,2025-07-27 13:00:00+00:00,1615.67
DK2,2025-07-27 14:00:00+00:00,1566.36
DK2,2025-07-27 15:00:00+00:00,1574.665
DK2,2025-07-27 16:00:00+00:00,1599.3975
DK2,2025-07-27 17:00:00+00:00,1512.02
DK2,2025-07-27 18:00:00+00:00,1433.88
DK2,2025-07-27 19:00:00+00:00,1388.415
DK2,2025-07-27 20:00:00+00:00,1332.265
DK2,2025-07-27 21:00:00+00:00,1246.1275
DK2,2025-07-27 22:00:00+00:00,1210.01
DK2,2025-07-27 23:00:00+00:00,1163.11
DK2,2025-07-28 00:00:00+00:00,1144.635
DK2,2025-07-28 01:00:00+00:00,1131.0925
DK2,2025-07-28 02:00:00+00:00,1111.8025
DK2,2025-07-28 03:00:00+00:00,1123.435
DK2,2025-07-28 04:00:00+00:00,1239.7875
DK2,2025-07-28 05:00:00+00:00,1399.8175
DK2,2025-07-28 06:00:00+00:00,1574.655
DK2,2025-07-28 07:00:00+00:00,1665.0375
DK2,2025-07-28 08:00:00+00:00,1692.085
DK2,2025-07-28 09:00:00+00:00,1752.4125
DK2,2025-07-28 10:00:00+00:00,1758.38
DK2,2025-07-28 11:00:00+00:00,1720.2525
DK2,2025-07-28 12:00:00+00:00,1722.185
DK2,2025-07-28 13:00:00+00:00,1696.425
DK2,2025-07-28 14:00:00+00:00,1722.3875
DK2,2025-07-28 15:00:00+00:00,1740.6625
DK2,2025-07-28 16:00:00+00:00,1679.085
DK2,2025-07-28 17:00:00+00:00,1590.39
DK2,2025-07-28 18:00:00+00:00,1506.69
DK2,2025-07-28 19:00:00+00:00,1445.3
DK2,2025-07-28 20:00:00+00:00,1423.5875
DK2,2025-07-28 21:00:00+00:00,1344.725
DK2,2025-07-28 22:00:00+00:00,1314.785
DK2,2025-07-28 23:00:00+00:00,1330.245
DK2,2025-07-29 00:00:00+00:00,1335.405
DK2,2025-07-29 01:00:00+00:00,1303.0925
DK2,2025-07-29 02:00:00+00:00,1254.26
DK2,2025-07-29 03:00:00+00:00,1232.045
DK2,2025-07-29 04:00:00+00:00,1308.5875
DK2,2025-07-29 05:00:00+00:00,1498.38
DK2,2025-07-29 06:00:00+00:00,1631.57
DK2,2025-07-29 07:00:00+00:00,1709.845
DK2,2025-07-29 08:00:00+00:00,1779.9975
DK2,2025-07-29 09:00:00+00:00,1797.1025
DK2,2025-07-29 10:00:00+00:00,1813.935
DK2,2025-07-29 11:00:00+00:00,1840.36
DK2,2025-07-29 12:00:00+00:00,1802.6925
DK2,2025-07-29 13:00:00+00:00,1778.245
DK2,2025-07-29 14:00:00+00:00,1777.3625
DK2,2025-07-29 15:00:00+00:00,1757.9975
DK2,2025-07-29 16:00:00+00:00,1725.7825
DK2,2025-07-29 17:00:00+00:00,1600.965
DK2,2025-07-29 18:00:00+00:00,1566.2575
DK2,2025-07-29 19:00:00+00:00,1477.8825
DK2,2025-07-29 20:00:00+00:00,1401.6475
DK2,2025-07-29 21:00:00+00:00,1293.34
DK2,2025-07-29 22:00:00+00:00,1250.6375
DK2,2025-07-29 23:00:00+00:00,1246.4925
DK2,2025-07-30 00:00:00+00:00,1167.855
DK2,2025-07-30 01:00:00+00:00,1160.7175
DK2,2025-07-30 02:00:00+00:00,1196.405
DK2,2025-07-30 03:00:00+00:00,1214.64
DK2,2025-07-30 04:00:00+00:00,1303.8275
DK2,2025-07-30 05:00:00+00:00,1449.1875
DK2,2025-07-30 06:00:00+00:00,1597.2225
DK2,2025-07-30 07:00:00+00:00,1726.18
DK2,2025-07-30 08:00:00+00:00,1800.0075
DK2,2025-07-30 09:00:00+00:00,1799.6675
DK2,2025-07-30 10:00:00+00:00,1839.0075
DK2,2025-07-30 11:00:00+00:00,1764.46
DK2,2025-07-30 12:00:00+00:00,1725.2175
DK2,2025-07-30 13:00:00+00:00,1727.9725
DK2,2025-07-30 14:00:00+00:00,1702.0
DK2,2025-07-30 15:00:00+00:00,1704.28
DK2,2025-07-30 16:00:00+00:00,1700.425
DK2,2025-07-30 17:00:00+00:00,1585.825
DK2,2025-07-30 18:00:00+00:00,1516.735
DK2,2025-07-30 19:00:00+00:00,1455.4825
DK2,2025-07-30 20:00:00+00:00,1410.4
DK2,2025-07-30 21:00:00+00:00,1353.24
DK2,2025-07-30 22:00:00+00:00,1371.9525
DK2,2025-07-30 23:00:00+00:00,1359.6225
DK2,2025-07-31 00:00:00+00:00,1276.4375
DK2,2025-07-31 01:00:00+00:00,1181.09
DK2,2025-07-31 02:00:00+00:00,1146.89
DK2,2025-07-31 03:00:00+00:00,1152.9425
DK2,2025-07-31 04:00:00+00:00,1303.9725
DK2,2025-07-31 05:00:00+00:00,1461.305
DK2,2025-07-31 06:00:00+00:00,1593.1475
DK2,2025-07-31 07:00:00+00:00,1691.3725
DK2,2025-07-31 08:00:00+00:00,1789.8325
DK2,2025-07-31 09:00:00+00:00,1802.7825
DK2,2025-07-31 10:00:00+00:00,1799.0675
DK2,2025-07-31 11:00:00+00:00,1799.8425
DK2,2025-07-31 12:00:00+00:00,1777.9175
DK2,2025-07-31 13:00:00+00:00,1734.1525
DK2,2025-07-31 14:00:00+00:00,1765.155
DK2,2025-07-31 15:00:00+00:00,1764.1925
DK2,2025-07-31 16:00:00+00:00,1713.7125
DK2,2025-07-31 17:00:00+00:00,1606.8175
DK2,2025-07-31 18:00:00+00:00,1517.0425
DK2,2025-07-31 19:00:00+00:00,1475.1475
DK2,2025-07-31 20:00:00+00:00,1403.125
DK2,2025-07-31 21:00:00+00:00,1313.495
DK2,2025-07-31 22:00:00+00:00,1289.37
DK2,2025-07-31 23:00:00+00:00,1286.9525
DK2,2025-08-01 00:00:00+00:00,1231.35
DK2,2025-08-01 01:00:00+00:00,1174.7025
DK2,2025-08-01 02:00:00+00:00,1145.2725
DK2,2025-08-01 03:00:00+00:00,1148.295
DK2,2025-08-01 04:00:00+00:00,1302.5175
DK2,2025-08-01 05:00:00+00:00,1470.01
DK2,2025-08-01 06:00:00+00:00,1600.4875
DK2,2025-08-01 07:00:00+00:00,1719.18
DK2,2025-08-01 08:00:00+00:00,1760.915
DK2,2025-08-01 09:00:00+00:00,1816.4875
DK2,2025-08-01 10:00:00+00:00,1816.8775
DK2,2025-08-01 11:00:00+00:00,1786.37
DK2,2025-08-01 12:00:00+00:00,1745.2125
DK2,2025-08-01 13:00:00+00:00,1736.21
DK2,2025-08-01 14:00:00+00:00,1734.2125
DK2,2025-08-01 15:00:00+00:00,1726.2675
DK2,2025-08-01 16:00:00+00:00,1700.475
DK2,2025-08-01 17:00:00+00:00,1613.6375
DK2,2025-08-01 18:00:00+00:00,1517.675
DK2,2025-08-01 19:00:00+00:00,1463.8475
DK2,2025-08-01 20:00:00+00:00,1408.93
DK2,2025-08-01 21:00:00+00:00,1318.5325
DK2,2025-08-01 22:00:00+00:00,1272.6125
DK2,2025-08-01 23:00:00+00:00,1230.23
DK2,2025-08-02 00:00:00+00:00,1200.5275
DK2,2025-08-02 01:00:00+00:00,1173.015
DK2,2025-08-02 02:00:00+00:00,1160.9925
DK2,2025-08-02 03:00:00+00:00,1131.3
DK2,2025-08-02 04:00:00+00:00,1186.685
DK2,2025-08-02 05:00:00+00:00,1271.765
DK2,2025-08-02 06:00:00+00:00,1394.4875
DK2,2025-08-02 07:00:00+00:00,1492.4625
DK2,2025-08-02 08:00:00+00:00,1643.74
DK2,2025-08-02 09:00:00+00:00,1711.065
DK2,2025-08-02 10:00:00+00:00,1782.515
DK2,2025-08-02 11:00:00+00:00,1806.8875
DK2,2025-08-02 12:00:00+00:00,1732.29
DK2,2025-08-02 13:00:00+00:00,1696.3275
DK2,2025-08-02 14:00:00+00:00,1675.4875
DK2,2025-08-02 15:00:00+00:00,1650.0925
DK2,2025-08-02 16:00:00+00:00,1649.7025
DK2,2025-08-02 17:00:00+00:00,1545.815
DK2,2025-08-02 18:00:00+00:00,1467.5
DK2,2025-08-02 19:00:00+00:00,1443.155
DK2,2025-08-02 20:00:00+00:00,1423.61
DK2,2025-08-02 21:00:00+00:00,1303.26
DK2,2025-08-02 22:00:00+00:00,1268.89
DK2,2025-08-02 23:00:00+00:00,1239.8525
DK2,2025-08-03 00:00:00+00:00,1164.215
DK2,2025-08-03 01:00:00+00:00,1172.805
DK2,2025-08-03 02:00:00+00:00,1162.36
DK2,2025-08-03 03:00:00+00:00,1149.275
DK2,2025-08-03 04:00:00+00:00,1161.57
DK2,2025-08-03 05:00:00+00:00,1256.03
DK2,2025-08-03 06:00:00+00:00,1409.725
DK2,2025-08-03 07:00:00+00:00,1534.6325
DK2,2025-08-03 08:00:00+00:00,1577.33
DK2,2025-08-03 09:00:00+00:00,1677.475
DK2,2025-08-03 10:00:00+00:00,1723.085
DK2,2025-08-03 11:00:00+00:00,1729.0575
DK2,2025-08-03 12:00:00+00:00,1710.0
DK2,2025-08-03 13:00:00+00:00,1680.6825
DK2,2025-08-03 14:00:00+00:00,1712.415
DK2,2025-08-03 15:00:00+00:00,1740.95
DK2,2025-08-03 16:00:00+00:00,1699.9875
DK2,2025-08-03 17:00:00+00:00,1606.87
DK2,2025-08-03 18:00:00+00:00,1510.57
DK2,2025-08-03 19:00:00+00:00,1483.77
DK2,2025-08-03 20:00:00+00:00,1404.7225
DK2,2025-08-03 21:00:00+00:00,1315.4125
DK2,2025-08-03 22:00:00+00:00,1303.0275
DK2,2025-08-03 23:00:00+00:00,1275.255
DK2,2025-08-04 00:00:00+00:00,1248.1225
DK2,2025-08-04 01:00:00+00:00,1171.15
DK2,2025-08-04 02:00:00+00:00,1162.69
DK2,2025-08-04 03:00:00+00:00,1202.245
DK2,2025-08-04 04:00:00+00:00,1330.6725
DK2,2025-08-04 05:00:00+00:00,1453.24
DK2,2025-08-04 06:00:00+00:00,1624.695
DK2,2025-08-04 07:00:00+00:00,1769.88
DK2,2025-08-04 08:00:00+00:00,1825.9075
DK2,2025-08-04 09:00:00+00:00,1853.465
DK2,2025-08-04 10:00:00+00:00,1905.78
DK2,2025-08-04 11:00:00+00:00,1905.4425
DK2,2025-08-04 12:00:00+00:00,1886.6025
DK2,2025-08-04 13:00:00+00:00,1848.825
DK2,2025-08-04 14:00:00+00:00,1829.1125
DK2,2025-08-04 15:00:00+00:00,1794.7075
DK2,2025-08-04 16:00:00+00:00,1762.04
DK2,2025-08-04 17:00:00+00:00,1697.6875
DK2,2025-08-04 18:00:00+00:00,1607.55
DK2,2025-08-04 19:00:00+00:00,1536.84
DK2,2025-08-04 20:00:00+00:00,1464.9425
DK2,2025-08-04 21:00:00+00:00,1399.23
DK2,2025-08-04 22:00:00+00:00,1433.565
DK2,2025-08-04 23:00:00+00:00,1378.87
DK2,2025-08-05 00:00:00+00:00,1310.4575
DK2,2025-08-05 01:00:00+00:00,1209.8675
DK2,2025-08-05 02:00:00+00:00,1193.925
DK2,2025-08-05 03:00:00+00:00,1242.545
DK2,2025-08-05 04:00:00+00:00,1353.9775
DK2,2025-08-05 05:00:00+00:00,1531.2925
DK2,2025-08-05 06:00:00+00:00,1685.04
DK2,2025-08-05 07:00:00+00:00,1781.86
DK2,2025-08-05 08:00:00+00:00,1814.465
DK2,2025-08-05 09:00:00+00:00,1844.66
DK2,2025-08-05 10:00:00+00:00,1818.5475
DK2,2025-08-05 11:00:00+00:00,1872.4375
DK2,2025-08-05 12:00:00+00:00,1861.2925
DK2,2025-08-05 13:00:00+00:00,1820.205
DK2,2025-08-05 14:00:00+00:00,1843.685
DK2,2025-08-05 15:00:00+00:00,1851.1575
DK2,2025-08-05 16:00:00+00:00,1820.37
DK2,2025-08-05 17:00:00+00:00,1757.245
DK2,2025-08-05 18:00:00+00:00,1652.8675
DK2,2025-08-05 19:00:00+00:00,1617.8325
DK2,2025-08-05 20:00:00+00:00,1540.085
DK2,2025-08-05 21:00:00+00:00,1431.2425
DK2,2025-08-05 22:00:00+00:00,1413.8425
DK2,2025-08-05 23:00:00+00:00,1383.8825
DK2,2025-08-06 00:00:00+00:00,1352.4425
DK2,2025-08-06 01:00:00+00:00,1297.46
DK2,2025-08-06 02:00:00+00:00,1259.22
DK2,2025-08-06 03:00:00+00:00,1272.26
DK2,2025-08-06 04:00:00+00:00,1411.095
DK2,2025-08-06 05:00:00+00:00,1595.8875
DK2,2025-08-06 06:00:00+00:00,1707.935
DK2,2025-08-06 07:00:00+00:00,1790.1175
DK2,2025-08-06 08:00:00+00:00,1824.905
DK2,2025-08-06 09:00:00+00:00,1824.925
DK2,2025-08-06 10:00:00+00:00,1770.3375
DK2,2025-08-06 11:00:00+00:00,1762.72
DK2,2025-08-06 12:00:00+00:00,1751.595
DK2,2025-08-06 13:00:00+00:00,1709.555
DK2,2025-08-06 14:00:00+00:00,1761.3075
DK2,2025-08-06 15:00:00+00:00,1763.1
DK2,2025-08-06 16:00:00+00:00,1714.6025
DK2,2025-08-06 17:00:00+00:00,1642.1975
DK2,2025-08-06 18:00:00+00:00,1541.2375
DK2,2025-08-06 19:00:00+00:00,1468.75
DK2,2025-08-06 20:00:00+00:00,1384.325
DK2,2025-08-06 21:00:00+00:00,1294.335
DK2,2025-08-06 22:00:00+00:00,1237.1275
DK2,2025-08-06 23:00:00+00:00,1171.545
DK2,2025-08-07 00:00:00+00:00,1186.9875
DK2,2025-08-07 01:00:00+00:00,1139.3425
DK2,2025-08-07 02:00:00+00:00,1131.145
DK2,2025-08-07 03:00:00+00:00,1148.14
DK2,2025-08-07 04:00:00+00:00,1292.8125
DK2,2025-08-07 05:00:00+00:00,1473.4425
DK2,2025-08-07 06:00:00+00:00,1643.3975
DK2,2025-08-07 07:00:00+00:00,1724.8425
DK2,2025-08-07 08:00:00+00:00,1793.8475
DK2,2025-08-07 09:00:00+00:00,1849.225
DK2,2025-08-07 10:00:00+00:00,1852.3
DK2,2025-08-07 11:00:00+00:00,1843.3425
DK2,2025-08-07 12:00:00+00:00,1785.7775
DK2,2025-08-07 13:00:00+00:00,1750.845
DK2,2025-08-07 14:00:00+00:00,1764.4575
DK2,2025-08-07 15:00:00+00:00,1759.715
DK2,2025-08-07 16:00:00+00:00,1730.925
DK2,2025-08-07 17:00:00+00:00,1613.955
DK2,2025-08-07 18:00:00+00:00,1514.775
DK2,2025-08-07 19:00:00+00:00,1458.3575
DK2,2025-08-07 20:00:00+00:00,1375.015
DK2,2025-08-07 21:00:00+00:00,1282.7875
DK2,2025-08-07 22:00:00+00:00,1237.2275
DK2,2025-08-07 23:00:00+00:00,1185.4575
DK2,2025-08-08 00:00:00+00:00,1163.875
DK2,2025-08-08 01:00:00+00:00,1155.09
DK2,2025-08-08 02:00:00+00:00,1113.7075
DK2,2025-08-08 03:00:00+00:00,1118.0125
DK2,2025-08-08 04:00:00+00:00,1292.5075
DK2,2025-08-08 05:00:00+00:00,1465.08
DK2,2025-08-08 06:00:00+00:00,1648.315
DK2,2025-08-08 07:00:00+00:00,1728.615
DK2,2025-08-08 08:00:00+00:00,1791.7025
DK2,2025-08-08 09:00:00+00:00,1863.9325
DK2,2025-08-08 10:00:00+00:00,1893.1475
DK2,2025-08-08 11:00:00+00:00,1892.6025
DK2,2025-08-08 12:00:00+00:00,1861.06
DK2,2025-08-08 13:00:00+00:00,1780.21
DK2,2025-08-08 14:00:00+00:00,1790.2525
DK2,2025-08-08 15:00:00+00:00,1766.1325
DK2,2025-08-08 16:00:00+00:00,1695.7475
DK2,2025-08-08 17:00:00+00:00,1587.1225
DK2,2025-08-08 18:00:00+00:00,1525.94
DK2,2025-08-08 19:00:00+00:00,1453.2475
DK2,2025-08-08 20:00:00+00:00,1359.88
DK2,2025-08-08 21:00:00+00:00,1268.255
DK2,2025-08-08 22:00:00+00:00,1246.2675
DK2,2025-08-08 23:00:00+00:00,1212.465
DK2,2025-08-09 00:00:00+00:00,1160.505
DK2,2025-08-09 01:00:00+00:00,1116.0925
DK2,2025-08-09 02:00:00+00:00,1090.805
DK2,2025-08-09 03:00:00+00:00,1052.74
DK2,2025-08-09 04:00:00+00:00,1088.665
DK2,2025-08-09 05:00:00+00:00,1197.49
DK2,2025-08-09 06:00:00+00:00,1355.6325
DK2,2025-08-09 07:00:00+00:00,1524.8025
DK2,2025-08-09 08:00:00+00:00,1631.41
DK2,2025-08-09 09:00:00+00:00,1653.68
DK2,2025-08-09 10:00:00+00:00,1669.17
DK2,2025-08-09 11:00:00+00:00,1664.315
DK2,2025-08-09 12:00:00+00:00,1628.4225
DK2,2025-08-09 13:00:00+00:00,1573.5275
DK2,2025-08-09 14:00:00+00:00,1570.155
DK2,2025-08-09 15:00:00+00:00,1604.2225
DK2,2025-08-09 16:00:00+00:00,1567.92
DK2,2025-08-09 17:00:00+00:00,1481.82
DK2,2025-08-09 18:00:00+00:00,1410.7275
DK2,2025-08-09 19:00:00+00:00,1390.2475
DK2,2025-08-09 20:00:00+00:00,1323.82
DK2,2025-08-09 21:00:00+00:00,1241.76
DK2,2025-08-09 22:00:00+00:00,1223.865
DK2,2025-08-09 23:00:00+00:00,1164.84
DK2,2025-08-10 00:00:00+00:00,1134.5425
DK2,2025-08-10 01:00:00+00:00,1108.7275
DK2,2025-08-10 02:00:00+00:00,1083.3725
DK2,2025-08-10 03:00:00+00:00,1041.6625
DK2,2025-08-10 04:00:00+00:00,1062.9275
DK2,2025-08-10 05:00:00+00:00,1177.5275
DK2,2025-08-10 06:00:00+00:00,1390.4625
DK2,2025-08-10 07:00:00+00:00,1520.6
DK2,2025-08-10 08:00:00+00:00,1618.935
DK2,2025-08-10 09:00:00+00:00,1668.2525
DK2,2025-08-10 10:00:00+00:00,1682.2275
DK2,2025-08-10 11:00:00+00:00,1745.195
DK2,2025-08-10 12:00:00+00:00,1721.7525
DK2,2025-08-10 13:00:00+00:00,1654.7625
DK2,2025-08-10 14:00:00+00:00,1655.41
DK2,2025-08-10 15:00:00+00:00,1695.115
DK2,2025-08-10 16:00:00+00:00,1615.775
DK2,2025-08-10 17:00:00+00:00,1530.2875
DK2,2025-08-10 18:00:00+00:00,1456.7325
DK2,2025-08-10 19:00:00+00:00,1421.175
DK2,2025-08-10 20:00:00+00:00,1330.9925
DK2,2025-08-10 21:00:00+00:00,1234.405
DK2,2025-08-10 22:00:00+00:00,1192.3375
DK2,2025-08-10 23:00:00+00:00,1179.4725
DK2,2025-08-11 00:00:00+00:00,1143.3425
DK2,2025-08-11 01:00:00+00:00,1117.32
DK2,2025-08-11 02:00:00+00:00,1099.03
DK2,2025-08-11 03:00:00+00:00,1134.4875
DK2,2025-08-11 04:00:00+00:00,1314.65
DK2,2025-08-11 05:00:00+00:00,1526.88
DK2,2025-08-11 06:00:00+00:00,1649.3575
DK2,2025-08-11 07:00:00+00:00,1736.0
DK2,2025-08-11 08:00:00+00:00,1797.535
DK2,2025-08-11 09:00:00+00:00,1861.47
DK2,2025-08-11 10:00:00+00:00,1878.105
DK2,2025-08-11 11:00:00+00:00,1844.18
DK2,2025-08-11 12:00:00+00:00,1821.7125
DK2,2025-08-11 13:00:00+00:00,1777.64
DK2,2025-08-11 14:00:00+00:00,1752.215
DK2,2025-08-11 15:00:00+00:00,1789.355
DK2,2025-08-11 16:00:00+00:00,1732.045
DK2,2025-08-11 17:00:00+00:00,1595.0925
DK2,2025-08-11 18:00:00+00:00,1488.6975
DK2,2025-08-11 19:00:00+00:00,1472.895
DK2,2025-08-11 20:00:00+00:00,1376.3475
DK2,2025-08-11 21:00:00+00:00,1273.2025
DK2,2025-08-11 22:00:00+00:00,1254.35
DK2,2025-08-11 23:00:00+00:00,1223.8625
DK2,2025-08-12 00:00:00+00:00,1179.75
DK2,2025-08-12 01:00:00+00:00,1150.41
DK2,2025-08-12 02:00:00+00:00,1123.3325
DK2,2025-08-12 03:00:00+00:00,1164.7125
DK2,2025-08-12 04:00:00+00:00,1341.895
DK2,2025-08-12 05:00:00+00:00,1542.38
DK2,2025-08-12 06:00:00+00:00,1696.825
DK2,2025-08-12 07:00:00+00:00,1758.7425
DK2,2025-08-12 08:00:00+00:00,1799.975
DK2,2025-08-12 09:00:00+00:00,1840.07
DK2,2025-08-12 10:00:00+00:00,1863.1825
DK2,2025-08-12 11:00:00+00:00,1874.645
DK2,2025-08-12 12:00:00+00:00,1860.0275
DK2,2025-08-12 13:00:00+00:00,1799.995
DK2,2025-08-12 14:00:00+00:00,1787.2275
DK2,2025-08-12 15:00:00+00:00,1830.2175
DK2,2025-08-12 16:00:00+00:00,1786.245
DK2,2025-08-12 17:00:00+00:00,1668.6675
DK2,2025-08-12 18:00:00+00:00,1590.575
DK2,2025-08-12 19:00:00+00:00,1537.2675
DK2,2025-08-12 20:00:00+00:00,1406.355
DK2,2025-08-12 21:00:00+00:00,1315.8575
DK2,2025-08-12 22:00:00+00:00,1257.0975
DK2,2025-08-12 23:00:00+00:00,1233.01
DK2,2025-08-13 00:00:00+00:00,1214.675
DK2,2025-08-13 01:00:00+00:00,1180.5975
DK2,2025-08-13 02:00:00+00:00,1146.6625
DK2,2025-08-13 03:00:00+00:00,1193.2
DK2,2025-08-13 04:00:00+00:00,1346.865
DK2,2025-08-13 05:00:00+00:00,1535.3425
DK2,2025-08-13 06:00:00+00:00,1674.06
DK2,2025-08-13 07:00:00+00:00,1771.34
DK2,2025-08-13 08:00:00+00:00,1821.145
DK2,2025-08-13 09:00:00+00:00,1843.02
DK2,2025-08-13 10:00:00+00:00,1876.0375
DK2,2025-08-13 11:00:00+00:00,1898.6875
DK2,2025-08-13 12:00:00+00:00,1936.225
DK2,2025-08-13 13:00:00+00:00,1953.76
DK2,2025-08-13 14:00:00+00:00,1920.82
DK2,2025-08-13 15:00:00+00:00,1926.625
DK2,2025-08-13 16:00:00+00:00,1833.76
DK2,2025-08-13 17:00:00+00:00,1680.46
DK2,2025-08-13 18:00:00+00:00,1583.1025
DK2,2025-08-13 19:00:00+00:00,1536.4575
DK2,2025-08-13 20:00:00+00:00,1421.9
DK2,2025-08-13 21:00:00+00:00,1310.71
DK2,2025-08-13 22:00:00+00:00,1342.435
DK2,2025-08-13 23:00:00+00:00,1256.63
DK2,2025-08-14 00:00:00+00:00,1252.885
DK2,2025-08-14 01:00:00+00:00,1192.9925
DK2,2025-08-14 02:00:00+00:00,1146.945
DK2,2025-08-14 03:00:00+00:00,1187.6325
DK2,2025-08-14 04:00:00+00:00,1376.9425
DK2,2025-08-14 05:00:00+00:00,1587.3725
DK2,2025-08-14 06:00:00+00:00,1745.61
DK2,2025-08-14 07:00:00+00:00,1892.5875
DK2,2025-08-14 08:00:00+00:00,1941.345
DK2,2025-08-14 09:00:00+00:00,1952.9375
DK2,2025-08-14 10:00:00+00:00,2033.8675
DK2,2025-08-14 11:00:00+00:00,1977.3175
DK2,2025-08-14 12:00:00+00:00,1839.685
DK2,2025-08-14 13:00:00+00:00,1815.455
DK2,2025-08-14 14:00:00+00:00,1843.8625
DK2,2025-08-14 15:00:00+00:00,1861.4725
DK2,2025-08-14 16:00:00+00:00,1789.8725
DK2,2025-08-14 17:00:00+00:00,1651.315
DK2,2025-08-14 18:00:00+00:00,1590.935
DK2,2025-08-14 19:00:00+00:00,1564.24
DK2,2025-08-14 20:00:00+00:00,1463.94
DK2,2025-08-14 21:00:00+00:00,1349.115
DK2,2025-08-14 22:00:00+00:00,1343.7175
DK2,2025-08-14 23:00:00+00:00,1265.7075
DK2,2025-08-15 00:00:00+00:00,1242.175
DK2,2025-08-15 01:00:00+00:00,1216.4425
DK2,2025-08-15 02:00:00+00:00,1177.3775
DK2,2025-08-15 03:00:00+00:00,1215.0475
DK2,2025-08-15 04:00:00+00:00,1376.11
DK2,2025-08-15 05:00:00+00:00,1610.9075
DK2,2025-08-15 06:00:00+00:00,1757.35
DK2,2025-08-15 07:00:00+00:00,1846.3075
DK2,2025-08-15 08:00:00+00:00,1917.935
DK2,2025-08-15 09:00:00+00:00,1995.63
DK2,2025-08-15 10:00:00+00:00,1991.59
DK2,2025-08-15 11:00:00+00:00,2011.53
DK2,2025-08-15 12:00:00+00:00,1918.54
DK2,2025-08-15 13:00:00+00:00,1870.26
DK2,2025-08-15 14:00:00+00:00,1842.8125
DK2,2025-08-15 15:00:00+00:00,1804.8875
DK2,2025-08-15 16:00:00+00:00,1772.4125
DK2,2025-08-15 17:00:00+00:00,1650.5225
DK2,2025-08-15 18:00:00+00:00,1578.745
DK2,2025-08-15 19:00:00+00:00,1548.005
DK2,2025-08-15 20:00:00+00:00,1418.415
DK2,2025-08-15 21:00:00+00:00,1323.295
DK2,2025-08-15 22:00:00+00:00,1307.2225
DK2,2025-08-15 23:00:00+00:00,1262.8475
DK2,2025-08-16 00:00:00+00:00,1210.515
DK2,2025-08-16 01:00:00+00:00,1193.035
DK2,2025-08-16 02:00:00+00:00,1161.28
DK2,2025-08-16 03:00:00+00:00,1123.3675
DK2,2025-08-16 04:00:00+00:00,1135.795
DK2,2025-08-16 05:00:00+00:00,1246.785
DK2,2025-08-16 06:00:00+00:00,1396.4625
DK2,2025-08-16 07:00:00+00:00,1518.6375
DK2,2025-08-16 08:00:00+00:00,1620.805
DK2,2025-08-16 09:00:00+00:00,1703.62
DK2,2025-08-16 10:00:00+00:00,1723.86
DK2,2025-08-16 11:00:00+00:00,1709.41
DK2,2025-08-16 12:00:00+00:00,1660.1
DK2,2025-08-16 13:00:00+00:00,1636.17
DK2,2025-08-16 14:00:00+00:00,1602.8875
DK2,2025-08-16 15:00:00+00:00,1597.5425
DK2,2025-08-16 16:00:00+00:00,1579.8275
DK2,2025-08-16 17:00:00+00:00,1504.855
DK2,2025-08-16 18:00:00+00:00,1434.005
DK2,2025-08-16 19:00:00+00:00,1423.165
DK2,2025-08-16 20:00:00+00:00,1351.555
DK2,2025-08-16 21:00:00+00:00,1256.03
DK2,2025-08-16 22:00:00+00:00,1217.8275
DK2,2025-08-16 23:00:00+00:00,1181.8525
DK2,2025-08-17 00:00:00+00:00,1149.9975
DK2,2025-08-17 01:00:00+00:00,1095.5425
DK2,2025-08-17 02:00:00+00:00,1045.6475
DK2,2025-08-17 03:00:00+00:00,1037.3525
DK2,2025-08-17 04:00:00+00:00,1075.5
DK2,2025-08-17 05:00:00+00:00,1184.7975
DK2,2025-08-17 06:00:00+00:00,1331.505
DK2,2025-08-17 07:00:00+00:00,1487.2925
DK2,2025-08-17 08:00:00+00:00,1608.8875
DK2,2025-08-17 09:00:00+00:00,1678.225
DK2,2025-08-17 10:00:00+00:00,1678.745
DK2,2025-08-17 11:00:00+00:00,1677.605
DK2,2025-08-17 12:00:00+00:00,1659.77
DK2,2025-08-17 13:00:00+00:00,1636.8725
DK2,2025-08-17 14:00:00+00:00,1649.825
DK2,2025-08-17 15:00:00+00:00,1652.4975
DK2,2025-08-17 16:00:00+00:00,1638.2025
DK2,2025-08-17 17:00:00+00:00,1558.265
DK2,2025-08-17 18:00:00+00:00,1471.7125
DK2,2025-08-17 19:00:00+00:00,1428.975
DK2,2025-08-17 20:00:00+00:00,1347.1225
DK2,2025-08-17 21:00:00+00:00,1256.35
DK2,2025-08-17 22:00:00+00:00,1229.1425
DK2,2025-08-17 23:00:00+00:00,1199.8425
DK2,2025-08-18 00:00:00+00:00,1163.6525
DK2,2025-08-18 01:00:00+00:00,1122.08
DK2,2025-08-18 02:00:00+00:00,1100.1575
DK2,2025-08-18 03:00:00+00:00,1157.01
DK2,2025-08-18 04:00:00+00:00,1329.4775
DK2,2025-08-18 05:00:00+00:00,1554.4625
DK2,2025-08-18 06:00:00+00:00,1697.1025
DK2,2025-08-18 07:00:00+00:00,1782.535
DK2,2025-08-18 08:00:00+00:00,1860.6175
DK2,2025-08-18 09:00:00+00:00,1909.3575
DK2,2025-08-18 10:00:00+00:00,1873.7975
DK2,2025-08-18 11:00:00+00:00,1890.8575
DK2,2025-08-18 12:00:00+00:00,1847.7325
DK2,2025-08-18 13:00:00+00:00,1808.19
DK2,2025-08-18 14:00:00+00:00,1784.2475
DK2,2025-08-18 15:00:00+00:00,1826.5775
DK2,2025-08-18 16:00:00+00:00,1763.28
DK2,2025-08-18 17:00:00+00:00,1635.425
DK2,2025-08-18 18:00:00+00:00,1562.875
DK2,2025-08-18 19:00:00+00:00,1510.385
DK2,2025-08-18 20:00:00+00:00,1394.34
DK2,2025-08-18 21:00:00+00:00,1296.585
DK2,2025-08-18 22:00:00+00:00,1249.415
DK2,2025-08-18 23:00:00+00:00,1235.6875
DK2,2025-08-19 00:00:00+00:00,1214.0375
DK2,2025-08-19 01:00:00+00:00,1163.83
DK2,2025-08-19 02:00:00+00:00,1139.805
DK2,2025-08-19 03:00:00+00:00,1187.06
DK2,2025-08-19 04:00:00+00:00,1349.27
DK2,2025-08-19 05:00:00+00:00,1567.645
DK2,2025-08-19 06:00:00+00:00,1691.485
DK2,2025-08-19 07:00:00+00:00,1761.86
DK2,2025-08-19 08:00:00+00:00,1812.0375
DK2,2025-08-19 09:00:00+00:00,1847.6125
DK2,2025-08-19 10:00:00+00:00,1898.9125
DK2,2025-08-19 11:00:00+00:00,1911.6
DK2,2025-08-19 12:00:00+00:00,1872.1525
DK2,2025-08-19 13:00:00+00:00,1818.645
DK2,2025-08-19 14:00:00+00:00,1822.045
DK2,2025-08-19 15:00:00+00:00,1828.35
DK2,2025-08-19 16:00:00+00:00,1759.0575
DK2,2025-08-19 17:00:00+00:00,1640.8025
DK2,2025-08-19 18:00:00+00:00,1594.6975
DK2,2025-08-19 19:00:00+00:00,1552.67
DK2,2025-08-19 20:00:00+00:00,1410.6975
DK2,2025-08-19 21:00:00+00:00,1306.385
DK2,2025-08-19 22:00:00+00:00,1270.81
DK2,2025-08-19 23:00:00+00:00,1222.0
DK2,2025-08-20 00:00:00+00:00,1254.74
DK2,2025-08-20 01:00:00+00:00,1201.78
DK2,2025-08-20 02:00:00+00:00,1193.51
DK2,2025-08-20 03:00:00+00:00,1204.2125
DK2,2025-08-20 04:00:00+00:00,1355.4775
DK2,2025-08-20 05:00:00+00:00,1538.0475
DK2,2025-08-20 06:00:00+00:00,1691.1925
DK2,2025-08-20 07:00:00+00:00,1767.475
DK2,2025-08-20 08:00:00+00:00,1810.94
DK2,2025-08-20 09:00:00+00:00,1807.405
DK2,2025-08-20 10:00:00+00:00,1859.505
DK2,2025-08-20 11:00:00+00:00,1875.65
DK2,2025-08-20 12:00:00+00:00,1867.0575
DK2,2025-08-20 13:00:00+00:00,1765.73
DK2,2025-08-20 14:00:00+00:00,1737.6225
DK2,2025-08-20 15:00:00+00:00,1768.26
DK2,2025-08-20 16:00:00+00:00,1727.2175
DK2,2025-08-20 17:00:00+00:00,1639.195
DK2,2025-08-20 18:00:00+00:00,1564.1525
DK2,2025-08-20 19:00:00+00:00,1509.9275
DK2,2025-08-20 20:00:00+00:00,1387.57
DK2,2025-08-20 21:00:00+00:00,1277.7425
DK2,2025-08-20 22:00:00+00:00,1260.4125
DK2,2025-08-20 23:00:00+00:00,1286.645
DK2,2025-08-21 00:00:00+00:00,1217.14
DK2,2025-08-21 01:00:00+00:00,1169.54
DK2,2025-08-21 02:00:00+00:00,1140.7475
DK2,2025-08-21 03:00:00+00:00,1177.315
DK2,2025-08-21 04:00:00+00:00,1376.0075
DK2,2025-08-21 05:00:00+00:00,1565.595
DK2,2025-08-21 06:00:00+00:00,1707.8
DK2,2025-08-21 07:00:00+00:00,1766.7475
DK2,2025-08-21 08:00:00+00:00,1840.3075
DK2,2025-08-21 09:00:00+00:00,1869.4325
DK2,2025-08-21 10:00:00+00:00,1820.1925
DK2,2025-08-21 11:00:00+00:00,1849.89
DK2,2025-08-21 12:00:00+00:00,1826.6625
DK2,2025-08-21 13:00:00+00:00,1814.4325
DK2,2025-08-21 14:00:00+00:00,1763.05
DK2,2025-08-21 15:00:00+00:00,1807.885
DK2,2025-08-21 16:00:00+00:00,1718.2225
DK2,2025-08-21 17:00:00+00:00,1635.25
DK2,2025-08-21 18:00:00+00:00,1564.65
DK2,2025-08-21 19:00:00+00:00,1529.27
DK2,2025-08-21 20:00:00+00:00,1404.0425
DK2,2025-08-21 21:00:00+00:00,1287.7575
DK2,2025-08-21 22:00:00+00:00,1255.115
DK2,2025-08-21 23:00:00+00:00,1236.77
DK2,2025-08-22 00:00:00+00:00,1222.875
DK2,2025-08-22 01:00:00+00:00,1204.315
DK2,2025-08-22 02:00:00+00:00,1155.785
DK2,2025-08-22 03:00:00+00:00,1184.115
DK2,2025-08-22 04:00:00+00:00,1343.2125
DK2,2025-08-22 05:00:00+00:00,1569.6525
DK2,2025-08-22 06:00:00+00:00,1700.2525
DK2,2025-08-22 07:00:00+00:00,1768.73
DK2,2025-08-22 08:00:00+00:00,1831.445
DK2,2025-08-22 09:00:00+00:00,1884.385
DK2,2025-08-22 10:00:00+00:00,1932.9875
DK2,2025-08-22 11:00:00+00:00,1944.33
DK2,2025-08-22 12:00:00+00:00,1908.76
DK2,2025-08-22 13:00:00+00:00,1817.1125
DK2,2025-08-22 14:00:00+00:00,1790.9175
DK2,2025-08-22 15:00:00+00:00,1741.9475
DK2,2025-08-22 16:00:00+00:00,1711.5125
DK2,2025-08-22 17:00:00+00:00,1611.185
DK2,2025-08-22 18:00:00+00:00,1549.3825
DK2,2025-08-22 19:00:00+00:00,1502.9725
DK2,2025-08-22 20:00:00+00:00,1416.4225
DK2,2025-08-22 21:00:00+00:00,1350.8175
DK2,2025-08-22 22:00:00+00:00,1340.0225
DK2,2025-08-22 23:00:00+00:00,1307.4675
DK2,2025-08-23 00:00:00+00:00,1242.7175
DK2,2025-08-23 01:00:00+00:00,1185.93
DK2,2025-08-23 02:00:00+00:00,1130.19
DK2,2025-08-23 03:00:00+00:00,1114.1
DK2,2025-08-23 04:00:00+00:00,1173.86
DK2,2025-08-23 05:00:00+00:00,1264.94
DK2,2025-08-23 06:00:00+00:00,1389.575
DK2,2025-08-23 07:00:00+00:00,1546.3975
DK2,2025-08-23 08:00:00+00:00,1665.505
DK2,2025-08-23 09:00:00+00:00,1745.375
DK2,2025-08-23 10:00:00+00:00,1735.72
DK2,2025-08-23 11:00:00+00:00,1723.41
DK2,2025-08-23 12:00:00+00:00,1712.4625
DK2,2025-08-23 13:00:00+00:00,1644.255
DK2,2025-08-23 14:00:00+00:00,1611.7225
DK2,2025-08-23 15:00:00+00:00,1605.615
DK2,2025-08-23 16:00:00+00:00,1549.8575
DK2,2025-08-23 17:00:00+00:00,1475.845
DK2,2025-08-23 18:00:00+00:00,1451.55
DK2,2025-08-23 19:00:00+00:00,1436.0475
DK2,2025-08-23 20:00:00+00:00,1340.3425
DK2,2025-08-23 21:00:00+00:00,1244.675
DK2,2025-08-23 22:00:00+00:00,1205.6225
DK2,2025-08-23 23:00:00+00:00,1139.2075
DK2,2025-08-24 00:00:00+00:00,1139.525
DK2,2025-08-24 01:00:00+00:00,1131.18
DK2,2025-08-24 02:00:00+00:00,1107.3225
DK2,2025-08-24 03:00:00+00:00,1102.5675
DK2,2025-08-24 04:00:00+00:00,1124.045
DK2,2025-08-24 05:00:00+00:00,1191.495
DK2,2025-08-24 06:00:00+00:00,1333.48
DK2,2025-08-24 07:00:00+00:00,1539.5275
DK2,2025-08-24 08:00:00+00:00,1643.875
DK2,2025-08-24 09:00:00+00:00,1709.565
DK2,2025-08-24 10:00:00+00:00,1730.26
DK2,2025-08-24 11:00:00+00:00,1699.135
DK2,2025-08-24 12:00:00+00:00,1678.7575
DK2,2025-08-24 13:00:00+00:00,1694.0425
DK2,2025-08-24 14:00:00+00:00,1695.2525
DK2,2025-08-24 15:00:00+00:00,1718.225
DK2,2025-08-24 16:00:00+00:00,1664.8075
DK2,2025-08-24 17:00:00+00:00,1581.7725
DK2,2025-08-24 18:00:00+00:00,1495.035
DK2,2025-08-24 19:00:00+00:00,1430.9225
DK2,2025-08-24 20:00:00+00:00,1325.005
DK2,2025-08-24 21:00:00+00:00,1217.415
DK2,2025-08-24 22:00:00+00:00,1209.03
DK2,2025-08-24 23:00:00+00:00,1203.35
DK2,2025-08-25 00:00:00+00:00,1177.545
DK2,2025-08-25 01:00:00+00:00,1130.9525
DK2,2025-08-25 02:00:00+00:00,1109.4275
DK2,2025-08-25 03:00:00+00:00,1157.0
DK2,2025-08-25 04:00:00+00:00,1338.8575
DK2,2025-08-25 05:00:00+00:00,1518.6925
DK2,2025-08-25 06:00:00+00:00,1628.505
DK2,2025-08-25 07:00:00+00:00,1740.45
DK2,2025-08-25 08:00:00+00:00,1741.3075
DK2,2025-08-25 09:00:00+00:00,1830.305
DK2,2025-08-25 10:00:00+00:00,1900.0275
DK2,2025-08-25 11:00:00+00:00,1931.8075
DK2,2025-08-25 12:00:00+00:00,1912.3825
DK2,2025-08-25 13:00:00+00:00,1829.1775
DK2,2025-08-25 14:00:00+00:00,1816.4675
DK2,2025-08-25 15:00:00+00:00,1782.0225
DK2,2025-08-25 16:00:00+00:00,1732.1375
DK2,2025-08-25 17:00:00+00:00,1575.055
DK2,2025-08-25 18:00:00+00:00,1484.9975
DK2,2025-08-25 19:00:00+00:00,1469.3475
DK2,2025-08-25 20:00:00+00:00,1357.7525
DK2,2025-08-25 21:00:00+00:00,1285.2675
DK2,2025-08-25 22:00:00+00:00,1227.43
DK2,2025-08-25 23:00:00+00:00,1187.0625
DK2,2025-08-26 00:00:00+00:00,1168.6925
DK2,2025-08-26 01:00:00+00:00,1152.78
DK2,2025-08-26 02:00:00+00:00,1154.0675
DK2,2025-08-26 03:00:00+00:00,1167.5125
DK2,2025-08-26 04:00:00+00:00,1381.0175
DK2,2025-08-26 05:00:00+00:00,1609.1475
DK2,2025-08-26 06:00:00+00:00,1730.91
DK2,2025-08-26 07:00:00+00:00,1790.8975
DK2,2025-08-26 08:00:00+00:00,1844.265
DK2,2025-08-26 09:00:00+00:00,1884.635
DK2,2025-08-26 10:00:00+00:00,1867.2
DK2,2025-08-26 11:00:00+00:00,1861.0625
DK2,2025-08-26 12:00:00+00:00,1810.1875
DK2,2025-08-26 13:00:00+00:00,1777.4075
DK2,2025-08-26 14:00:00+00:00,1781.72
DK2,2025-08-26 15:00:00+00:00,1817.1875
DK2,2025-08-26 16:00:00+00:00,1773.4775
DK2,2025-08-26 17:00:00+00:00,1655.6025
DK2,2025-08-26 18:00:00+00:00,1556.795
DK2,2025-08-26 19:00:00+00:00,1540.41
DK2,2025-08-26 20:00:00+00:00,1419.5425
DK2,2025-08-26 21:00:00+00:00,1300.37
DK2,2025-08-26 22:00:00+00:00,1245.885
DK2,2025-08-26 23:00:00+00:00,1245.235
DK2,2025-08-27 00:00:00+00:00,1243.1075
DK2,2025-08-27 01:00:00+00:00,1193.16
DK2,2025-08-27 02:00:00+00:00,1144.8925
DK2,2025-08-27 03:00:00+00:00,1193.6
DK2,2025-08-27 04:00:00+00:00,1393.0475
DK2,2025-08-27 05:00:00+00:00,1588.33
DK2,2025-08-27 06:00:00+00:00,1717.3525
DK2,2025-08-27 07:00:00+00:00,1787.9025
DK2,2025-08-27 08:00:00+00:00,1863.64
DK2,2025-08-27 09:00:00+00:00,1900.815
DK2,2025-08-27 10:00:00+00:00,1901.0425
DK2,2025-08-27 11:00:00+00:00,1837.0425
DK2,2025-08-27 12:00:00+00:00,1840.525
DK2,2025-08-27 13:00:00+00:00,1805.03
DK2,2025-08-27 14:00:00+00:00,1765.56
DK2,2025-08-27 15:00:00+00:00,1829.635
DK2,2025-08-27 16:00:00+00:00,1805.07
DK2,2025-08-27 17:00:00+00:00,1670.7975
DK2,2025-08-27 18:00:00+00:00,1586.8975
DK2,2025-08-27 19:00:00+00:00,1527.3725
DK2,2025-08-27 20:00:00+00:00,1422.2875
DK2,2025-08-27 21:00:00+00:00,1322.8725
DK2,2025-08-27 22:00:00+00:00,1269.69
DK2,2025-08-27 23:00:00+00:00,1284.875
DK2,2025-08-28 00:00:00+00:00,1253.58
DK2,2025-08-28 01:00:00+00:00,1202.075
DK2,2025-08-28 02:00:00+00:00,1169.5725
DK2,2025-08-28 03:00:00+00:00,1212.385
DK2,2025-08-28 04:00:00+00:00,1390.2125
DK2,2025-08-28 05:00:00+00:00,1575.9225
DK2,2025-08-28 06:00:00+00:00,1727.1175
DK2,2025-08-28 07:00:00+00:00,1801.6825
DK2,2025-08-28 08:00:00+00:00,1817.725
DK2,2025-08-28 09:00:00+00:00,1815.905
DK2,2025-08-28 10:00:00+00:00,1848.685
DK2,2025-08-28 11:00:00+00:00,1902.81
DK2,2025-08-28 12:00:00+00:00,1910.365
DK2,2025-08-28 13:00:00+00:00,1904.1875
DK2,2025-08-28 14:00:00+00:00,1816.7825
DK2,2025-08-28 15:00:00+00:00,1820.5825
DK2,2025-08-28 16:00:00+00:00,1771.1975
DK2,2025-08-28 17:00:00+00:00,1701.22
DK2,2025-08-28 18:00:00+00:00,1638.605
DK2,2025-08-28 19:00:00+00:00,1511.455
DK2,2025-08-28 20:00:00+00:00,1427.3525
DK2,2025-08-28 21:00:00+00:00,1329.6875
DK2,2025-08-28 22:00:00+00:00,1322.0
DK2,2025-08-28 23:00:00+00:00,1288.485
DK2,2025-08-29 00:00:00+00:00,1286.2925
DK2,2025-08-29 01:00:00+00:00,1237.29
DK2,2025-08-29 02:00:00+00:00,1162.61
DK2,2025-08-29 03:00:00+00:00,1171.7575
DK2,2025-08-29 04:00:00+00:00,1338.015
DK2,2025-08-29 05:00:00+00:00,1569.0675
DK2,2025-08-29 06:00:00+00:00,1749.0675
DK2,2025-08-29 07:00:00+00:00,1849.0675
DK2,2025-08-29 08:00:00+00:00,1881.6175
DK2,2025-08-29 09:00:00+00:00,1950.45
DK2,2025-08-29 10:00:00+00:00,1902.8925
DK2,2025-08-29 11:00:00+00:00,1907.045
DK2,2025-08-29 12:00:00+00:00,1865.34
DK2,2025-08-29 13:00:00+00:00,1819.75
DK2,2025-08-29 14:00:00+00:00,1761.9875
DK2,2025-08-29 15:00:00+00:00,1800.18
DK2,2025-08-29 16:00:00+00:00,1747.6825
DK2,2025-08-29 17:00:00+00:00,1608.76
DK2,2025-08-29 18:00:00+00:00,1516.8975
DK2,2025-08-29 19:00:00+00:00,1469.585
DK2,2025-08-29 20:00:00+00:00,1355.1025
DK2,2025-08-29 21:00:00+00:00,1320.9
DK2,2025-08-29 22:00:00+00:00,1258.89
DK2,2025-08-29 23:00:00+00:00,1233.6825
DK2,2025-08-30 00:00:00+00:00,1190.815
DK2,2025-08-30 01:00:00+00:00,1142.2675
DK2,2025-08-30 02:00:00+00:00,1120.0425
DK2,2025-08-30 03:00:00+00:00,1134.5275
DK2,2025-08-30 04:00:00+00:00,1160.46
DK2,2025-08-30 05:00:00+00:00,1263.575
DK2,2025-08-30 06:00:00+00:00,1416.47
DK2,2025-08-30 07:00:00+00:00,1522.4
DK2,2025-08-30 08:00:00+00:00,1630.32
DK2,2025-08-30 09:00:00+00:00,1790.7175
DK2,2025-08-30 10:00:00+00:00,1853.7975
DK2,2025-08-30 11:00:00+00:00,1833.03
DK2,2025-08-30 12:00:00+00:00,1752.8175
DK2,2025-08-30 13:00:00+00:00,1719.9925
DK2,2025-08-30 14:00:00+00:00,1653.9375
DK2,2025-08-30 15:00:00+00:00,1615.5125
DK2,2025-08-30 16:00:00+00:00,1607.2625
DK2,2025-08-30 17:00:00+00:00,1564.185
DK2,2025-08-30 18:00:00+00:00,1490.3675
DK2,2025-08-30 19:00:00+00:00,1456.2675
DK2,2025-08-30 20:00:00+00:00,1357.575
DK2,2025-08-30 21:00:00+00:00,1287.755
DK2,2025-08-30 22:00:00+00:00,1221.3775
DK2,2025-08-30 23:00:00+00:00,1154.7575
DK2,2025-08-31 00:00:00+00:00,1182.095
DK2,2025-08-31 01:00:00+00:00,1193.525
DK2,2025-08-31 02:00:00+00:00,1143.9925
DK2,2025-08-31 03:00:00+00:00,1133.8075
DK2,2025-08-31 04:00:00+00:00,1080.425
DK2,2025-08-31 05:00:00+00:00,1188.335
DK2,2025-08-31 06:00:00+00:00,1397.81
DK2,2025-08-31 07:00:00+00:00,1603.995
DK2,2025-08-31 08:00:00+00:00,1721.935
DK2,2025-08-31 09:00:00+00:00,1750.0925
DK2,2025-08-31 10:00:00+00:00,1773.6325
DK2,2025-08-31 11:00:00+00:00,1787.985
DK2,2025-08-31 12:00:00+00:00,1726.31
DK2,2025-08-31 13:00:00+00:00,1683.595
DK2,2025-08-31 14:00:00+00:00,1632.8275
DK2,2025-08-31 15:00:00+00:00,1648.3225
DK2,2025-08-31 16:00:00+00:00,1663.7275
DK2,2025-08-31 17:00:00+00:00,1578.2475
DK2,2025-08-31 18:00:00+00:00,1527.13
DK2,2025-08-31 19:00:00+00:00,1493.5075
DK2,2025-08-31 20:00:00+00:00,1365.655
DK2,2025-08-31 21:00:00+00:00,1280.805
DK2,2025-08-31 22:00:00+00:00,1232.8475
DK2,2025-08-31 23:00:00+00:00,1207.695
DK2,2025-09-01 00:00:00+00:00,1204.29
DK2,2025-09-01 01:00:00+00:00,1170.71
DK2,2025-09-01 02:00:00+00:00,1126.4625
DK2,2025-09-01 03:00:00+00:00,1174.625
DK2,2025-09-01 04:00:00+00:00,1335.965
DK2,2025-09-01 05:00:00+00:00,1549.875
DK2,2025-09-01 06:00:00+00:00,1689.8625
DK2,2025-09-01 07:00:00+00:00,1812.8275
DK2,2025-09-01 08:00:00+00:00,1863.0025
DK2,2025-09-01 09:00:00+00:00,1852.275
DK2,2025-09-01 10:00:00+00:00,1827.4925
DK2,2025-09-01 11:00:00+00:00,1837.355
DK2,2025-09-01 12:00:00+00:00,1856.9375
DK2,2025-09-01 13:00:00+00:00,1780.29
DK2,2025-09-01 14:00:00+00:00,1759.115
DK2,2025-09-01 15:00:00+00:00,1786.3725
DK2,2025-09-01 16:00:00+00:00,1814.8975
DK2,2025-09-01 17:00:00+00:00,1704.76
DK2,2025-09-01 18:00:00+00:00,1686.1
DK2,2025-09-01 19:00:00+00:00,1519.69
DK2,2025-09-01 20:00:00+00:00,1438.0925
DK2,2025-09-01 21:00:00+00:00,1359.01
DK2,2025-09-01 22:00:00+00:00,1280.56
DK2,2025-09-01 23:00:00+00:00,1289.19
DK2,2025-09-02 00:00:00+00:00,1227.1775
DK2,2025-09-02 01:00:00+00:00,1162.1525
DK2,2025-09-02 02:00:00+00:00,1126.8525
DK2,2025-09-02 03:00:00+00:00,1178.3775
DK2,2025-09-02 04:00:00+00:00,1378.57
DK2,2025-09-02 05:00:00+00:00,1603.5575
DK2,2025-09-02 06:00:00+00:00,1715.9
DK2,2025-09-02 07:00:00+00:00,1770.775
DK2,2025-09-02 08:00:00+00:00,1803.8925
DK2,2025-09-02 09:00:00+00:00,1848.225
DK2,2025-09-02 10:00:00+00:00,1859.705
DK2,2025-09-02 11:00:00+00:00,1818.2
DK2,2025-09-02 12:00:00+00:00,1816.39
DK2,2025-09-02 13:00:00+00:00,1787.8525
DK2,2025-09-02 14:00:00+00:00,1795.17
DK2,2025-09-02 15:00:00+00:00,1783.0025
DK2,2025-09-02 16:00:00+00:00,1761.105
DK2,2025-09-02 17:00:00+00:00,1648.3425
DK2,2025-09-02 18:00:00+00:00,1604.3
DK2,2025-09-02 19:00:00+00:00,1547.52
DK2,2025-09-02 20:00:00+00:00,1382.6525
DK2,2025-09-02 21:00:00+00:00,1287.7975
DK2,2025-09-02 22:00:00+00:00,1287.2375
DK2,2025-09-02 23:00:00+00:00,1236.87
DK2,2025-09-03 00:00:00+00:00,1243.245
DK2,2025-09-03 01:00:00+00:00,1193.9825
DK2,2025-09-03 02:00:00+00:00,1177.7175
DK2,2025-09-03 03:00:00+00:00,1225.5125
DK2,2025-09-03 04:00:00+00:00,1403.455
DK2,2025-09-03 05:00:00+00:00,1586.1375
DK2,2025-09-03 06:00:00+00:00,1682.0275
DK2,2025-09-03 07:00:00+00:00,1775.9
DK2,2025-09-03 08:00:00+00:00,1772.515
DK2,2025-09-03 09:00:00+00:00,1897.6825
DK2,2025-09-03 10:00:00+00:00,1956.265
DK2,2025-09-03 11:00:00+00:00,1931.9625
DK2,2025-09-03 12:00:00+00:00,1882.65
DK2,2025-09-03 13:00:00+00:00,1799.93
DK2,2025-09-03 14:00:00+00:00,1815.325
DK2,2025-09-03 15:00:00+00:00,1827.0225
DK2,2025-09-03 16:00:00+00:00,1820.095
DK2,2025-09-03 17:00:00+00:00,1704.7025
DK2,2025-09-03 18:00:00+00:00,1636.6475
DK2,2025-09-03 19:00:00+00:00,1559.9875
DK2,2025-09-03 20:00:00+00:00,1430.5975
DK2,2025-09-03 21:00:00+00:00,1344.9075
DK2,2025-09-03 22:00:00+00:00,1398.8025
DK2,2025-09-03 23:00:00+00:00,1400.15
DK2,2025-09-04 00:00:00+00:00,1330.165
DK2,2025-09-04 01:00:00+00:00,1231.295
DK2,2025-09-04 02:00:00+00:00,1190.335
DK2,2025-09-04 03:00:00+00:00,1218.3375
DK2,2025-09-04 04:00:00+00:00,1384.2425
DK2,2025-09-04 05:00:00+00:00,1579.385
DK2,2025-09-04 06:00:00+00:00,1732.04
DK2,2025-09-04 07:00:00+00:00,1801.5125
DK2,2025-09-04 08:00:00+00:00,1837.9525
DK2,2025-09-04 09:00:00+00:00,1933.9525
DK2,2025-09-04 10:00:00+00:00,1923.33
DK2,2025-09-04 11:00:00+00:00,1920.6625
DK2,2025-09-04 12:00:00+00:00,1824.965
DK2,2025-09-04 13:00:00+00:00,1791.2575
DK2,2025-09-04 14:00:00+00:00,1770.12
DK2,2025-09-04 15:00:00+00:00,1770.7475
DK2,2025-09-04 16:00:00+00:00,1740.585
DK2,2025-09-04 17:00:00+00:00,1637.7725
DK2,2025-09-04 18:00:00+00:00,1694.885
DK2,2025-09-04 19:00:00+00:00,1602.98
DK2,2025-09-04 20:00:00+00:00,1436.97
DK2,2025-09-04 21:00:00+00:00,1334.9375
DK2,2025-09-04 22:00:00+00:00,1271.64
DK2,2025-09-04 23:00:00+00:00,1271.825
DK2,2025-09-05 00:00:00+00:00,1251.5975
DK2,2025-09-05 01:00:00+00:00,1209.7925
DK2,2025-09-05 02:00:00+00:00,1190.135
DK2,2025-09-05 03:00:00+00:00,1219.3625
DK2,2025-09-05 04:00:00+00:00,1435.7975
DK2,2025-09-05 05:00:00+00:00,1639.78
DK2,2025-09-05 06:00:00+00:00,1783.07
DK2,2025-09-05 07:00:00+00:00,1830.405
DK2,2025-09-05 08:00:00+00:00,1852.515
DK2,2025-09-05 09:00:00+00:00,1855.41
DK2,2025-09-05 10:00:00+00:00,1883.3075
DK2,2025-09-05 11:00:00+00:00,1849.0975
DK2,2025-09-05 12:00:00+00:00,1795.995
DK2,2025-09-05 13:00:00+00:00,1768.9575
DK2,2025-09-05 14:00:00+00:00,1842.1575
DK2,2025-09-05 15:00:00+00:00,1830.0125
DK2,2025-09-05 16:00:00+00:00,1721.5375
DK2,2025-09-05 17:00:00+00:00,1654.2
DK2,2025-09-05 18:00:00+00:00,1588.0275
DK2,2025-09-05 19:00:00+00:00,1488.0375
DK2,2025-09-05 20:00:00+00:00,1434.3075
DK2,2025-09-05 21:00:00+00:00,1318.2875
DK2,2025-09-05 22:00:00+00:00,1282.71
DK2,2025-09-05 23:00:00+00:00,1215.885
DK2,2025-09-06 00:00:00+00:00,1216.5275
DK2,2025-09-06 01:00:00+00:00,1170.5125
DK2,2025-09-06 02:00:00+00:00,1138.925
DK2,2025-09-06 03:00:00+00:00,1113.8625
DK2,2025-09-06 04:00:00+00:00,1155.79
DK2,2025-09-06 05:00:00+00:00,1254.5575
DK2,2025-09-06 06:00:00+00:00,1429.695
DK2,2025-09-06 07:00:00+00:00,1534.5975
DK2,2025-09-06 08:00:00+00:00,1650.4875
DK2,2025-09-06 09:00:00+00:00,1746.0875
DK2,2025-09-06 10:00:00+00:00,1763.3325
DK2,2025-09-06 11:00:00+00:00,1735.16
DK2,2025-09-06 12:00:00+00:00,1707.5875
DK2,2025-09-06 13:00:00+00:00,1605.045
DK2,2025-09-06 14:00:00+00:00,1598.4
DK2,2025-09-06 15:00:00+00:00,1599.2825
DK2,2025-09-06 16:00:00+00:00,1587.1025
DK2,2025-09-06 17:00:00+00:00,1523.7175
DK2,2025-09-06 18:00:00+00:00,1495.87
DK2,2025-09-06 19:00:00+00:00,1421.85
DK2,2025-09-06 20:00:00+00:00,1356.5425
DK2,2025-09-06 21:00:00+00:00,1274.8925
DK2,2025-09-06 22:00:00+00:00,1231.1475
DK2,2025-09-06 23:00:00+00:00,1191.6625
DK2,2025-09-07 00:00:00+00:00,1187.51
DK2,2025-09-07 01:00:00+00:00,1143.985
DK2,2025-09-07 02:00:00+00:00,1097.46
DK2,2025-09-07 03:00:00+00:00,1077.9625
DK2,2025-09-07 04:00:00+00:00,1088.025
DK2,2025-09-07 05:00:00+00:00,1210.9025
DK2,2025-09-07 06:00:00+00:00,1446.77
DK2,2025-09-07 07:00:00+00:00,1576.9375
DK2,2025-09-07 08:00:00+00:00,1660.995
DK2,2025-09-07 09:00:00+00:00,1690.8675
DK2,2025-09-07 10:00:00+00:00,1713.7675
DK2,2025-09-07 11:00:00+00:00,1698.94
DK2,2025-09-07 12:00:00+00:00,1678.105
DK2,2025-09-07 13:00:00+00:00,1631.44
DK2,2025-09-07 14:00:00+00:00,1656.6275
DK2,2025-09-07 15:00:00+00:00,1692.1175
DK2,2025-09-07 16:00:00+00:00,1685.25
DK2,2025-09-07 17:00:00+00:00,1591.8475
DK2,2025-09-07 18:00:00+00:00,1532.7075
DK2,2025-09-07 19:00:00+00:00,1479.265
DK2,2025-09-07 20:00:00+00:00,1345.1775
DK2,2025-09-07 21:00:00+00:00,1269.1375
DK2,2025-09-07 22:00:00+00:00,1268.29
DK2,2025-09-07 23:00:00+00:00,1208.6675
DK2,2025-09-08 00:00:00+00:00,1144.22
DK2,2025-09-08 01:00:00+00:00,1123.33
DK2,2025-09-08 02:00:00+00:00,1159.0075
DK2,2025-09-08 03:00:00+00:00,1185.155
DK2,2025-09-08 04:00:00+00:00,1359.16
DK2,2025-09-08 05:00:00+00:00,1532.4175
DK2,2025-09-08 06:00:00+00:00,1689.94
DK2,2025-09-08 07:00:00+00:00,1816.355
DK2,2025-09-08 08:00:00+00:00,1824.445
DK2,2025-09-08 09:00:00+00:00,1849.8525
DK2,2025-09-08 10:00:00+00:00,1876.035
DK2,2025-09-08 11:00:00+00:00,1840.9225
DK2,2025-09-08 12:00:00+00:00,1767.15
DK2,2025-09-08 13:00:00+00:00,1743.045
DK2,2025-09-08 14:00:00+00:00,1732.895
DK2,2025-09-08 15:00:00+00:00,1788.105
DK2,2025-09-08 16:00:00+00:00,1738.9575
DK2,2025-09-08 17:00:00+00:00,1626.7525
DK2,2025-09-08 18:00:00+00:00,1634.265
DK2,2025-09-08 19:00:00+00:00,1501.4
DK2,2025-09-08 20:00:00+00:00,1388.7825
DK2,2025-09-08 21:00:00+00:00,1294.4825
DK2,2025-09-08 22:00:00+00:00,1225.65
DK2,2025-09-08 23:00:00+00:00,1241.5575
DK2,2025-09-09 00:00:00+00:00,1216.7675
DK2,2025-09-09 01:00:00+00:00,1211.7125
DK2,2025-09-09 02:00:00+00:00,1196.89
DK2,2025-09-09 03:00:00+00:00,1195.2675
DK2,2025-09-09 04:00:00+00:00,1402.04
DK2,2025-09-09 05:00:00+00:00,1571.025
DK2,2025-09-09 06:00:00+00:00,1718.665
DK2,2025-09-09 07:00:00+00:00,1786.4975
DK2,2025-09-09 08:00:00+00:00,1815.55
DK2,2025-09-09 09:00:00+00:00,1824.5375
DK2,2025-09-09 10:00:00+00:00,1863.07
DK2,2025-09-09 11:00:00+00:00,1859.1275
DK2,2025-09-09 12:00:00+00:00,1822.5225
DK2,2025-09-09 13:00:00+00:00,1726.5125
DK2,2025-09-09 14:00:00+00:00,1748.2075
DK2,2025-09-09 15:00:00+00:00,1815.8975
DK2,2025-09-09 16:00:00+00:00,1765.48
DK2,2025-09-09 17:00:00+00:00,1701.4575
DK2,2025-09-09 18:00:00+00:00,1617.2625
DK2,2025-09-09 19:00:00+00:00,1536.68
DK2,2025-09-09 20:00:00+00:00,1434.3975
DK2,2025-09-09 21:00:00+00:00,1297.625
DK2,2025-09-09 22:00:00+00:00,1361.1
DK2,2025-09-09 23:00:00+00:00,1284.88
DK2,2025-09-10 00:00:00+00:00,1249.7125
DK2,2025-09-10 01:00:00+00:00,1218.9375
DK2,2025-09-10 02:00:00+00:00,1188.98
DK2,2025-09-10 03:00:00+00:00,1192.175
DK2,2025-09-10 04:00:00+00:00,1402.49
DK2,2025-09-10 05:00:00+00:00,1549.7425
DK2,2025-09-10 06:00:00+00:00,1677.4325
DK2,2025-09-10 07:00:00+00:00,1733.205
DK2,2025-09-10 08:00:00+00:00,1816.24
DK2,2025-09-10 09:00:00+00:00,1766.5975
DK2,2025-09-10 10:00:00+00:00,1792.06
DK2,2025-09-10 11:00:00+00:00,1807.1075
DK2,2025-09-10 12:00:00+00:00,1764.66
DK2,2025-09-10 13:00:00+00:00,1810.37
DK2,2025-09-10 14:00:00+00:00,1812.79
DK2,2025-09-10 15:00:00+00:00,1842.66
DK2,2025-09-10 16:00:00+00:00,1784.66
DK2,2025-09-10 17:00:00+00:00,1701.39
DK2,2025-09-10 18:00:00+00:00,1659.875
DK2,2025-09-10 19:00:00+00:00,1562.83
DK2,2025-09-10 20:00:00+00:00,1441.6425
DK2,2025-09-10 21:00:00+00:00,1359.95
DK2,2025-09-10 22:00:00+00:00,1274.8075
DK2,2025-09-10 23:00:00+00:00,1292.11
DK2,2025-09-11 00:00:00+00:00,1268.915
DK2,2025-09-11 01:00:00+00:00,1266.2625
DK2,2025-09-11 02:00:00+00:00,1250.285
DK2,2025-09-11 03:00:00+00:00,1270.99
DK2,2025-09-11 04:00:00+00:00,1436.0125
DK2,2025-09-11 05:00:00+00:00,1564.3375
DK2,2025-09-11 06:00:00+00:00,1725.4
DK2,2025-09-11 07:00:00+00:00,1727.86
DK2,2025-09-11 08:00:00+00:00,1809.85
DK2,2025-09-11 09:00:00+00:00,1897.82
DK2,2025-09-11 10:00:00+00:00,1912.6875
DK2,2025-09-11 11:00:00+00:00,1884.81
DK2,2025-09-11 12:00:00+00:00,1883.1775
DK2,2025-09-11 13:00:00+00:00,1829.4925
DK2,2025-09-11 14:00:00+00:00,1860.7825
DK2,2025-09-11 15:00:00+00:00,1866.655
DK2,2025-09-11 16:00:00+00:00,1784.5425
DK2,2025-09-11 17:00:00+00:00,1749.34
DK2,2025-09-11 18:00:00+00:00,1602.855
DK2,2025-09-11 19:00:00+00:00,1524.7975
DK2,2025-09-11 20:00:00+00:00,1459.04
DK2,2025-09-11 21:00:00+00:00,1340.98
DK2,2025-09-11 22:00:00+00:00,1318.4275
DK2,2025-09-11 23:00:00+00:00,1308.87
DK2,2025-09-12 00:00:00+00:00,1293.09
DK2,2025-09-12 01:00:00+00:00,1308.3575
DK2,2025-09-12 02:00:00+00:00,1239.58
DK2,2025-09-12 03:00:00+00:00,1308.1725
DK2,2025-09-12 04:00:00+00:00,1404.6225
DK2,2025-09-12 05:00:00+00:00,1552.2025
DK2,2025-09-12 06:00:00+00:00,1683.745
DK2,2025-09-12 07:00:00+00:00,1787.67
DK2,2025-09-12 08:00:00+00:00,1888.285
DK2,2025-09-12 09:00:00+00:00,1926.73
DK2,2025-09-12 10:00:00+00:00,1906.0275
DK2,2025-09-12 11:00:00+00:00,1909.8025
DK2,2025-09-12 12:00:00+00:00,1815.26
DK2,2025-09-12 13:00:00+00:00,1834.495
DK2,2025-09-12 14:00:00+00:00,1793.2175
DK2,2025-09-12 15:00:00+00:00,1777.6325
DK2,2025-09-12 16:00:00+00:00,1724.88
DK2,2025-09-12 17:00:00+00:00,1649.2175
DK2,2025-09-12 18:00:00+00:00,1562.595
DK2,2025-09-12 19:00:00+00:00,1458.5125
DK2,2025-09-12 20:00:00+00:00,1402.1125
DK2,2025-09-12 21:00:00+00:00,1336.3
DK2,2025-09-12 22:00:00+00:00,1260.0275
DK2,2025-09-12 23:00:00+00:00,1273.965
DK2,2025-09-13 00:00:00+00:00,1232.8275
DK2,2025-09-13 01:00:00+00:00,1190.62
DK2,2025-09-13 02:00:00+00:00,1169.28
DK2,2025-09-13 03:00:00+00:00,1139.3825
DK2,2025-09-13 04:00:00+00:00,1139.295
DK2,2025-09-13 05:00:00+00:00,1264.4075
DK2,2025-09-13 06:00:00+00:00,1396.4025
DK2,2025-09-13 07:00:00+00:00,1539.4325
DK2,2025-09-13 08:00:00+00:00,1642.9825
DK2,2025-09-13 09:00:00+00:00,1803.9575
DK2,2025-09-13 10:00:00+00:00,1800.545
DK2,2025-09-13 11:00:00+00:00,1703.3975
DK2,2025-09-13 12:00:00+00:00,1652.4775
DK2,2025-09-13 13:00:00+00:00,1623.2625
DK2,2025-09-13 14:00:00+00:00,1650.6425
DK2,2025-09-13 15:00:00+00:00,1644.3525
DK2,2025-09-13 16:00:00+00:00,1611.805
DK2,2025-09-13 17:00:00+00:00,1500.6025
DK2,2025-09-13 18:00:00+00:00,1483.125
DK2,2025-09-13 19:00:00+00:00,1439.8675
DK2,2025-09-13 20:00:00+00:00,1364.4525
DK2,2025-09-13 21:00:00+00:00,1264.325
DK2,2025-09-13 22:00:00+00:00,1258.0275
DK2,2025-09-13 23:00:00+00:00,1232.1
DK2,2025-09-14 00:00:00+00:00,1200.16
DK2,2025-09-14 01:00:00+00:00,1124.665
DK2,2025-09-14 02:00:00+00:00,1072.275
DK2,2025-09-14 03:00:00+00:00,1086.7825
DK2,2025-09-14 04:00:00+00:00,1108.6625
DK2,2025-09-14 05:00:00+00:00,1227.1975
DK2,2025-09-14 06:00:00+00:00,1352.1275
DK2,2025-09-14 07:00:00+00:00,1515.84
DK2,2025-09-14 08:00:00+00:00,1625.8975
DK2,2025-09-14 09:00:00+00:00,1680.4525
DK2,2025-09-14 10:00:00+00:00,1797.6625
DK2,2025-09-14 11:00:00+00:00,1769.675
DK2,2025-09-14 12:00:00+00:00,1724.5425
DK2,2025-09-14 13:00:00+00:00,1679.81
DK2,2025-09-14 14:00:00+00:00,1694.4725
DK2,2025-09-14 15:00:00+00:00,1742.3425
DK2,2025-09-14 16:00:00+00:00,1694.8425
DK2,2025-09-14 17:00:00+00:00,1644.72
DK2,2025-09-14 18:00:00+00:00,1565.9925
DK2,2025-09-14 19:00:00+00:00,1463.045
DK2,2025-09-14 20:00:00+00:00,1345.33
DK2,2025-09-14 21:00:00+00:00,1288.25
DK2,2025-09-14 22:00:00+00:00,1332.6375
DK2,2025-09-14 23:00:00+00:00,1268.225
DK2,2025-09-15 00:00:00+00:00,1255.38
DK2,2025-09-15 01:00:00+00:00,1280.335
DK2,2025-09-15 02:00:00+00:00,1284.26
DK2,2025-09-15 03:00:00+00:00,1302.265
DK2,2025-09-15 04:00:00+00:00,1461.91
DK2,2025-09-15 05:00:00+00:00,1666.74
DK2,2025-09-15 06:00:00+00:00,1795.2125
DK2,2025-09-15 07:00:00+00:00,1846.4525
DK2,2025-09-15 08:00:00+00:00,1916.075
DK2,2025-09-15 09:00:00+00:00,1990.7675
DK2,2025-09-15 10:00:00+00:00,2011.815
DK2,2025-09-15 11:00:00+00:00,1969.895
DK2,2025-09-15 12:00:00+00:00,1912.32
DK2,2025-09-15 13:00:00+00:00,1823.21
DK2,2025-09-15 14:00:00+00:00,1838.99
DK2,2025-09-15 15:00:00+00:00,1882.315
DK2,2025-09-15 16:00:00+00:00,1838.935
DK2,2025-09-15 17:00:00+00:00,1767.9625
DK2,2025-09-15 18:00:00+00:00,1701.645
DK2,2025-09-15 19:00:00+00:00,1565.075
DK2,2025-09-15 20:00:00+00:00,1429.305
DK2,2025-09-15 21:00:00+00:00,1368.585
DK2,2025-09-15 22:00:00+00:00,1409.8225
DK2,2025-09-15 23:00:00+00:00,1353.0775
DK2,2025-09-16 00:00:00+00:00,1354.4575
DK2,2025-09-16 01:00:00+00:00,1269.055
DK2,2025-09-16 02:00:00+00:00,1251.1175
DK2,2025-09-16 03:00:00+00:00,1305.695
DK2,2025-09-16 04:00:00+00:00,1506.5725
DK2,2025-09-16 05:00:00+00:00,1666.0425
DK2,2025-09-16 06:00:00+00:00,1815.54
DK2,2025-09-16 07:00:00+00:00,1896.525
DK2,2025-09-16 08:00:00+00:00,1911.3325
DK2,2025-09-16 09:00:00+00:00,1955.4225
DK2,2025-09-16 10:00:00+00:00,1955.7675
DK2,2025-09-16 11:00:00+00:00,1951.82
DK2,2025-09-16 12:00:00+00:00,1908.37
DK2,2025-09-16 13:00:00+00:00,1871.805
DK2,2025-09-16 14:00:00+00:00,1844.3375
DK2,2025-09-16 15:00:00+00:00,1906.1625
DK2,2025-09-16 16:00:00+00:00,1820.03
DK2,2025-09-16 17:00:00+00:00,1773.215
DK2,2025-09-16 18:00:00+00:00,1685.8125
DK2,2025-09-16 19:00:00+00:00,1549.545
DK2,2025-09-16 20:00:00+00:00,1431.55
DK2,2025-09-16 21:00:00+00:00,1318.12
DK2,2025-09-16 22:00:00+00:00,1292.3475
DK2,2025-09-16 23:00:00+00:00,1267.0475
DK2,2025-09-17 00:00:00+00:00,1301.375
DK2,2025-09-17 01:00:00+00:00,1266.4175
DK2,2025-09-17 02:00:00+00:00,1205.8925
DK2,2025-09-17 03:00:00+00:00,1240.995
DK2,2025-09-17 04:00:00+00:00,1443.6375
DK2,2025-09-17 05:00:00+00:00,1636.61
DK2,2025-09-17 06:00:00+00:00,1759.365
DK2,2025-09-17 07:00:00+00:00,1852.27
DK2,2025-09-17 08:00:00+00:00,1901.6625
DK2,2025-09-17 09:00:00+00:00,1936.055
DK2,2025-09-17 10:00:00+00:00,1954.2775
DK2,2025-09-17 11:00:00+00:00,1907.695
DK2,2025-09-17 12:00:00+00:00,1863.7675
DK2,2025-09-17 13:00:00+00:00,1775.63
DK2,2025-09-17 14:00:00+00:00,1807.0375
DK2,2025-09-17 15:00:00+00:00,1839.0625
DK2,2025-09-17 16:00:00+00:00,1787.4775
DK2,2025-09-17 17:00:00+00:00,1749.505
DK2,2025-09-17 18:00:00+00:00,1689.965
DK2,2025-09-17 19:00:00+00:00,1608.61
DK2,2025-09-17 20:00:00+00:00,1464.5975
DK2,2025-09-17 21:00:00+00:00,1361.5725
DK2,2025-09-17 22:00:00+00:00,1368.68
DK2,2025-09-17 23:00:00+00:00,1341.0325
DK2,2025-09-18 00:00:00+00:00,1336.515
DK2,2025-09-18 01:00:00+00:00,1274.8425
DK2,2025-09-18 02:00:00+00:00,1221.41
DK2,2025-09-18 03:00:00+00:00,1297.8575
DK2,2025-09-18 04:00:00+00:00,1469.34
DK2,2025-09-18 05:00:00+00:00,1652.4325
DK2,2025-09-18 06:00:00+00:00,1787.1
DK2,2025-09-18 07:00:00+00:00,1810.1475
DK2,2025-09-18 08:00:00+00:00,1753.095
DK2,2025-09-18 09:00:00+00:00,1938.0125
DK2,2025-09-18 10:00:00+00:00,1958.33
DK2,2025-09-18 11:00:00+00:00,1962.7725
DK2,2025-09-18 12:00:00+00:00,1932.9675
DK2,2025-09-18 13:00:00+00:00,1892.12
DK2,2025-09-18 14:00:00+00:00,1886.2175
DK2,2025-09-18 15:00:00+00:00,1852.265
DK2,2025-09-18 16:00:00+00:00,1831.275
DK2,2025-09-18 17:00:00+00:00,1731.0175
DK2,2025-09-18 18:00:00+00:00,1659.96
DK2,2025-09-18 19:00:00+00:00,1563.9975
DK2,2025-09-18 20:00:00+00:00,1447.535
DK2,2025-09-18 21:00:00+00:00,1343.105
DK2,2025-09-18 22:00:00+00:00,1395.2125
DK2,2025-09-18 23:00:00+00:00,1327.0925
DK2,2025-09-19 00:00:00+00:00,1280.3825
DK2,2025-09-19 01:00:00+00:00,1205.6575
DK2,2025-09-19 02:00:00+00:00,1170.04
DK2,2025-09-19 03:00:00+00:00,1225.5575
DK2,2025-09-19 04:00:00+00:00,1438.8
DK2,2025-09-19 05:00:00+00:00,1642.63
DK2,2025-09-19 06:00:00+00:00,1740.8525
DK2,2025-09-19 07:00:00+00:00,1787.2075
DK2,2025-09-19 08:00:00+00:00,1846.0475
DK2,2025-09-19 09:00:00+00:00,1914.9325
DK2,2025-09-19 10:00:00+00:00,1979.345
DK2,2025-09-19 11:00:00+00:00,1917.4875
DK2,2025-09-19 12:00:00+00:00,1890.4575
DK2,2025-09-19 13:00:00+00:00,1893.0525
DK2,2025-09-19 14:00:00+00:00,1794.695
DK2,2025-09-19 15:00:00+00:00,1772.15
DK2,2025-09-19 16:00:00+00:00,1738.4775
DK2,2025-09-19 17:00:00+00:00,1644.5975
DK2,2025-09-19 18:00:00+00:00,1577.725
DK2,2025-09-19 19:00:00+00:00,1470.3775
DK2,2025-09-19 20:00:00+00:00,1389.345
DK2,2025-09-19 21:00:00+00:00,1333.6325
DK2,2025-09-19 22:00:00+00:00,1257.165
DK2,2025-09-19 23:00:00+00:00,1296.3975
DK2,2025-09-20 00:00:00+00:00,1293.5975
DK2,2025-09-20 01:00:00+00:00,1231.63
DK2,2025-09-20 02:00:00+00:00,1161.0025
DK2,2025-09-20 03:00:00+00:00,1143.165
DK2,2025-09-20 04:00:00+00:00,1166.9625
DK2,2025-09-20 05:00:00+00:00,1299.5175
DK2,2025-09-20 06:00:00+00:00,1447.5025
DK2,2025-09-20 07:00:00+00:00,1583.0325
DK2,2025-09-20 08:00:00+00:00,1731.7525
DK2,2025-09-20 09:00:00+00:00,1822.525
DK2,2025-09-20 10:00:00+00:00,1837.2325
DK2,2025-09-20 11:00:00+00:00,1803.4225
DK2,2025-09-20 12:00:00+00:00,1790.285
DK2,2025-09-20 13:00:00+00:00,1701.2
DK2,2025-09-20 14:00:00+00:00,1646.72
DK2,2025-09-20 15:00:00+00:00,1702.52
DK2,2025-09-20 16:00:00+00:00,1704.775
DK2,2025-09-20 17:00:00+00:00,1664.2775
DK2,2025-09-20 18:00:00+00:00,1548.32
DK2,2025-09-20 19:00:00+00:00,1475.57
DK2,2025-09-20 20:00:00+00:00,1395.35
DK2,2025-09-20 21:00:00+00:00,1332.585
DK2,2025-09-20 22:00:00+00:00,1283.3375
DK2,2025-09-20 23:00:00+00:00,1292.14
DK2,2025-09-21 00:00:00+00:00,1290.2875
DK2,2025-09-21 01:00:00+00:00,1288.1375
DK2,2025-09-21 02:00:00+00:00,1239.1525
DK2,2025-09-21 03:00:00+00:00,1225.375
DK2,2025-09-21 04:00:00+00:00,1196.1925
DK2,2025-09-21 05:00:00+00:00,1280.9375
DK2,2025-09-21 06:00:00+00:00,1467.4725
DK2,2025-09-21 07:00:00+00:00,1612.335
DK2,2025-09-21 08:00:00+00:00,1720.495
DK2,2025-09-21 09:00:00+00:00,1800.33
DK2,2025-09-21 10:00:00+00:00,1821.245
DK2,2025-09-21 11:00:00+00:00,1813.9325
DK2,2025-09-21 12:00:00+00:00,1788.8675
DK2,2025-09-21 13:00:00+00:00,1750.535
DK2,2025-09-21 14:00:00+00:00,1788.7625
DK2,2025-09-21 15:00:00+00:00,1855.125
DK2,2025-09-21 16:00:00+00:00,1886.995
DK2,2025-09-21 17:00:00+00:00,1786.01
DK2,2025-09-21 18:00:00+00:00,1633.755
DK2,2025-09-21 19:00:00+00:00,1554.23
DK2,2025-09-21 20:00:00+00:00,1455.755
DK2,2025-09-21 21:00:00+00:00,1356.2575
DK2,2025-09-21 22:00:00+00:00,1301.515
DK2,2025-09-21 23:00:00+00:00,1283.6375
DK2,2025-09-22 00:00:00+00:00,1282.955
DK2,2025-09-22 01:00:00+00:00,1256.9475
DK2,2025-09-22 02:00:00+00:00,1220.1175
DK2,2025-09-22 03:00:00+00:00,1265.0075
DK2,2025-09-22 04:00:00+00:00,1445.3725
DK2,2025-09-22 05:00:00+00:00,1595.2975
DK2,2025-09-22 06:00:00+00:00,1716.545
DK2,2025-09-22 07:00:00+00:00,1799.705
DK2,2025-09-22 08:00:00+00:00,1866.56
DK2,2025-09-22 09:00:00+00:00,1883.67
DK2,2025-09-22 10:00:00+00:00,1849.3825
DK2,2025-09-22 11:00:00+00:00,1836.9575
DK2,2025-09-22 12:00:00+00:00,1768.4675
DK2,2025-09-22 13:00:00+00:00,1805.0875
DK2,2025-09-22 14:00:00+00:00,1872.5275
DK2,2025-09-22 15:00:00+00:00,1834.065
DK2,2025-09-22 16:00:00+00:00,1808.1175
DK2,2025-09-22 17:00:00+00:00,1705.83
DK2,2025-09-22 18:00:00+00:00,1649.805
DK2,2025-09-22 19:00:00+00:00,1539.96
DK2,2025-09-22 20:00:00+00:00,1403.98
DK2,2025-09-22 21:00:00+00:00,1334.1075
DK2,2025-09-22 22:00:00+00:00,1363.4175
DK2,2025-09-22 23:00:00+00:00,1322.635
DK2,2025-09-23 00:00:00+00:00,1271.5475
DK2,2025-09-23 01:00:00+00:00,1216.6
DK2,2025-09-23 02:00:00+00:00,1188.7575
DK2,2025-09-23 03:00:00+00:00,1270.5625
DK2,2025-09-23 04:00:00+00:00,1474.5825
DK2,2025-09-23 05:00:00+00:00,1667.935
DK2,2025-09-23 06:00:00+00:00,1801.33
DK2,2025-09-23 07:00:00+00:00,1905.7825
DK2,2025-09-23 08:00:00+00:00,1939.31
DK2,2025-09-23 09:00:00+00:00,1959.09
DK2,2025-09-23 10:00:00+00:00,1947.08
DK2,2025-09-23 11:00:00+00:00,1958.9775
DK2,2025-09-23 12:00:00+00:00,1879.6425
DK2,2025-09-23 13:00:00+00:00,1843.0325
DK2,2025-09-23 14:00:00+00:00,1882.865
DK2,2025-09-23 15:00:00+00:00,1914.5375
DK2,2025-09-23 16:00:00+00:00,1843.435
DK2,2025-09-23 17:00:00+00:00,1766.4
DK2,2025-09-23 18:00:00+00:00,1704.635
DK2,2025-09-23 19:00:00+00:00,1591.78
DK2,2025-09-23 20:00:00+00:00,1469.5025
DK2,2025-09-23 21:00:00+00:00,1367.6325
DK2,2025-09-23 22:00:00+00:00,1327.375
DK2,2025-09-23 23:00:00+00:00,1320.175
DK2,2025-09-24 00:00:00+00:00,1292.7375
DK2,2025-09-24 01:00:00+00:00,1280.305
DK2,2025-09-24 02:00:00+00:00,1269.3175
DK2,2025-09-24 03:00:00+00:00,1325.1925
DK2,2025-09-24 04:00:00+00:00,1489.845
DK2,2025-09-24 05:00:00+00:00,1686.8275
DK2,2025-09-24 06:00:00+00:00,1764.4525
DK2,2025-09-24 07:00:00+00:00,1923.7025
DK2,2025-09-24 08:00:00+00:00,1966.8
DK2,2025-09-24 09:00:00+00:00,2020.7875
DK2,2025-09-24 10:00:00+00:00,1992.965
DK2,2025-09-24 11:00:00+00:00,1928.7575
DK2,2025-09-24 12:00:00+00:00,1898.5475
DK2,2025-09-24 13:00:00+00:00,1838.165
DK2,2025-09-24 14:00:00+00:00,1821.11
DK2,2025-09-24 15:00:00+00:00,1876.19
DK2,2025-09-24 16:00:00+00:00,1850.0475
DK2,2025-09-24 17:00:00+00:00,1791.455
DK2,2025-09-24 18:00:00+00:00,1705.4175
DK2,2025-09-24 19:00:00+00:00,1603.3625
DK2,2025-09-24 20:00:00+00:00,1480.39
DK2,2025-09-24 21:00:00+00:00,1402.0825
DK2,2025-09-24 22:00:00+00:00,1370.425
DK2,2025-09-24 23:00:00+00:00,1396.4225
DK2,2025-09-25 00:00:00+00:00,1362.7975
DK2,2025-09-25 01:00:00+00:00,1286.445
DK2,2025-09-25 02:00:00+00:00,1218.7025
DK2,2025-09-25 03:00:00+00:00,1276.5225
DK2,2025-09-25 04:00:00+00:00,1532.6575
DK2,2025-09-25 05:00:00+00:00,1723.6725
DK2,2025-09-25 06:00:00+00:00,1825.9475
DK2,2025-09-25 07:00:00+00:00,1821.615
DK2,2025-09-25 08:00:00+00:00,1817.1875
DK2,2025-09-25 09:00:00+00:00,1736.0875
DK2,2025-09-25 10:00:00+00:00,1752.0225
DK2,2025-09-25 11:00:00+00:00,1805.2725
DK2,2025-09-25 12:00:00+00:00,1780.765
DK2,2025-09-25 13:00:00+00:00,1753.7325
DK2,2025-09-25 14:00:00+00:00,1729.735
DK2,2025-09-25 15:00:00+00:00,1847.6175
DK2,2025-09-25 16:00:00+00:00,1855.5175
DK2,2025-09-25 17:00:00+00:00,1818.015
DK2,2025-09-25 18:00:00+00:00,1736.925
DK2,2025-09-25 19:00:00+00:00,1616.575
DK2,2025-09-25 20:00:00+00:00,1488.53
DK2,2025-09-25 21:00:00+00:00,1394.23
DK2,2025-09-25 22:00:00+00:00,1399.0125
DK2,2025-09-25 23:00:00+00:00,1386.7775
DK2,2025-09-26 00:00:00+00:00,1360.935
DK2,2025-09-26 01:00:00+00:00,1298.955
DK2,2025-09-26 02:00:00+00:00,1247.785
DK2,2025-09-26 03:00:00+00:00,1295.0875
DK2,2025-09-26 04:00:00+00:00,1501.785
DK2,2025-09-26 05:00:00+00:00,1693.1825
DK2,2025-09-26 06:00:00+00:00,1784.8225
DK2,2025-09-26 07:00:00+00:00,1820.9475
DK2,2025-09-26 08:00:00+00:00,1857.515
DK2,2025-09-26 09:00:00+00:00,1845.9425
DK2,2025-09-26 10:00:00+00:00,1846.6925
DK2,2025-09-26 11:00:00+00:00,1816.0975
DK2,2025-09-26 12:00:00+00:00,1751.95
DK2,2025-09-26 13:00:00+00:00,1732.8
DK2,2025-09-26 14:00:00+00:00,1727.2275
DK2,2025-09-26 15:00:00+00:00,1761.215
DK2,2025-09-26 16:00:00+00:00,1756.99
DK2,2025-09-26 17:00:00+00:00,1720.505
DK2,2025-09-26 18:00:00+00:00,1648.855
DK2,2025-09-26 19:00:00+00:00,1544.13
DK2,2025-09-26 20:00:00+00:00,1418.835
DK2,2025-09-26 21:00:00+00:00,1394.56
DK2,2025-09-26 22:00:00+00:00,1353.205
DK2,2025-09-26 23:00:00+00:00,1322.2675
DK2,2025-09-27 00:00:00+00:00,1291.9625
DK2,2025-09-27 01:00:00+00:00,1257.835
DK2,2025-09-27 02:00:00+00:00,1233.9975
DK2,2025-09-27 03:00:00+00:00,1188.22
DK2,2025-09-27 04:00:00+00:00,1217.37
DK2,2025-09-27 05:00:00+00:00,1309.63
DK2,2025-09-27 06:00:00+00:00,1416.3775
DK2,2025-09-27 07:00:00+00:00,1477.2725
DK2,2025-09-27 08:00:00+00:00,1565.9525
DK2,2025-09-27 09:00:00+00:00,1600.8075
DK2,2025-09-27 10:00:00+00:00,1618.3725
DK2,2025-09-27 11:00:00+00:00,1633.5775
DK2,2025-09-27 12:00:00+00:00,1611.185
DK2,2025-09-27 13:00:00+00:00,1566.38
DK2,2025-09-27 14:00:00+00:00,1551.0575
DK2,2025-09-27 15:00:00+00:00,1615.22
DK2,2025-09-27 16:00:00+00:00,1642.9625
DK2,2025-09-27 17:00:00+00:00,1619.5425
DK2,2025-09-27 18:00:00+00:00,1523.7175
DK2,2025-09-27 19:00:00+00:00,1422.1175
DK2,2025-09-27 20:00:00+00:00,1334.9425
DK2,2025-09-27 21:00:00+00:00,1304.9925
DK2,2025-09-27 22:00:00+00:00,1273.925
DK2,2025-09-27 23:00:00+00:00,1250.9025
DK2,2025-09-28 00:00:00+00:00,1208.1875
DK2,2025-09-28 01:00:00+00:00,1183.04
DK2,2025-09-28 02:00:00+00:00,1136.7
DK2,2025-09-28 03:00:00+00:00,1123.3025
DK2,2025-09-28 04:00:00+00:00,1183.08
DK2,2025-09-28 05:00:00+00:00,1261.6675
DK2,2025-09-28 06:00:00+00:00,1366.5675
DK2,2025-09-28 07:00:00+00:00,1433.0825
DK2,2025-09-28 08:00:00+00:00,1507.605
DK2,2025-09-28 09:00:00+00:00,1605.845
DK2,2025-09-28 10:00:00+00:00,1684.7325
DK2,2025-09-28 11:00:00+00:00,1699.875
DK2,2025-09-28 12:00:00+00:00,1648.1025
DK2,2025-09-28 13:00:00+00:00,1580.1275
DK2,2025-09-28 14:00:00+00:00,1595.4175
DK2,2025-09-28 15:00:00+00:00,1706.1175
DK2,2025-09-28 16:00:00+00:00,1735.735
DK2,2025-09-28 17:00:00+00:00,1689.8675
DK2,2025-09-28 18:00:00+00:00,1573.105
DK2,2025-09-28 19:00:00+00:00,1483.7775
DK2,2025-09-28 20:00:00+00:00,1373.7975
DK2,2025-09-28 21:00:00+00:00,1304.79
DK2,2025-09-28 22:00:00+00:00,1314.1275
DK2,2025-09-28 23:00:00+00:00,1282.73
DK2,2025-09-29 00:00:00+00:00,1234.4225
DK2,2025-09-29 01:00:00+00:00,1179.945
DK2,2025-09-29 02:00:00+00:00,1144.1525
DK2,2025-09-29 03:00:00+00:00,1209.675
DK2,2025-09-29 04:00:00+00:00,1428.0575
DK2,2025-09-29 05:00:00+00:00,1601.145
DK2,2025-09-29 06:00:00+00:00,1693.445
DK2,2025-09-29 07:00:00+00:00,1726.7525
DK2,2025-09-29 08:00:00+00:00,1776.85
DK2,2025-09-29 09:00:00+00:00,1798.1
DK2,2025-09-29 10:00:00+00:00,1838.0325
DK2,2025-09-29 11:00:00+00:00,1769.6675
DK2,2025-09-29 12:00:00+00:00,1768.56
DK2,2025-09-29 13:00:00+00:00,1713.3025
DK2,2025-09-29 14:00:00+00:00,1746.335
DK2,2025-09-29 15:00:00+00:00,1836.7825
DK2,2025-09-29 16:00:00+00:00,1851.385
DK2,2025-09-29 17:00:00+00:00,1797.0275
DK2,2025-09-29 18:00:00+00:00,1694.52
DK2,2025-09-29 19:00:00+00:00,1568.9825
DK2,2025-09-29 20:00:00+00:00,1488.0275
DK2,2025-09-29 21:00:00+00:00,1420.2525
DK2,2025-09-29 22:00:00+00:00,1362.6225
DK2,2025-09-29 23:00:00+00:00,1328.36
DK2,2025-09-30 00:00:00+00:00,1283.0625
DK2,2025-09-30 01:00:00+00:00,1251.595
DK2,2025-09-30 02:00:00+00:00,1241.5275
DK2,2025-09-30 03:00:00+00:00,1304.2575
DK2,2025-09-30 04:00:00+00:00,1477.6225
DK2,2025-09-30 05:00:00+00:00,1680.8825
DK2,2025-09-30 06:00:00+00:00,1799.8125
DK2,2025-09-30 07:00:00+00:00,1769.85
DK2,2025-09-30 08:00:00+00:00,1787.9225
DK2,2025-09-30 09:00:00+00:00,1764.2175
DK2,2025-09-30 10:00:00+00:00,1804.245
DK2,2025-09-30 11:00:00+00:00,1848.175
DK2,2025-09-30 12:00:00+00:00,1788.4475
DK2,2025-09-30 13:00:00+00:00,1742.83
DK2,2025-09-30 14:00:00+00:00,1786.465
DK2,2025-09-30 15:00:00+00:00,1848.3775
DK2,2025-09-30 16:00:00+00:00,1830.3575
DK2,2025-09-30 17:00:00+00:00,1765.96
DK2,2025-09-30 18:00:00+00:00,1684.77
DK2,2025-09-30 19:00:00+00:00,1589.14
DK2,2025-09-30 20:00:00+00:00,1478.7525
DK2,2025-09-30 21:00:00+00:00,1381.57
DK2,2025-09-30 22:00:00+00:00,1363.7325
DK2,2025-09-30 23:00:00+00:00,1400.735
DK2,2025-10-01 00:00:00+00:00,1407.52
DK2,2025-10-01 01:00:00+00:00,1317.8775
DK2,2025-10-01 02:00:00+00:00,1265.875
DK2,2025-10-01 03:00:00+00:00,1316.8625
DK2,2025-10-01 04:00:00+00:00,1505.275
DK2,2025-10-01 05:00:00+00:00,1662.65
DK2,2025-10-01 06:00:00+00:00,1819.79
DK2,2025-10-01 07:00:00+00:00,1883.15
DK2,2025-10-01 08:00:00+00:00,1869.205
DK2,2025-10-01 09:00:00+00:00,1908.725
DK2,2025-10-01 10:00:00+00:00,1945.51
DK2,2025-10-01 11:00:00+00:00,1912.73
DK2,2025-10-01 12:00:00+00:00,1842.8975
DK2,2025-10-01 13:00:00+00:00,1803.5125
DK2,2025-10-01 14:00:00+00:00,1818.7475
DK2,2025-10-01 15:00:00+00:00,1885.4375
DK2,2025-10-01 16:00:00+00:00,1847.505
DK2,2025-10-01 17:00:00+00:00,1815.655
DK2,2025-10-01 18:00:00+00:00,1715.67
DK2,2025-10-01 19:00:00+00:00,1612.72
DK2,2025-10-01 20:00:00+00:00,1482.31
DK2,2025-10-01 21:00:00+00:00,1397.24
DK2,2025-10-01 22:00:00+00:00,1431.1
DK2,2025-10-01 23:00:00+00:00,1428.7125
DK2,2025-10-02 00:00:00+00:00,1407.3425
DK2,2025-10-02 01:00:00+00:00,1340.695
DK2,2025-10-02 02:00:00+00:00,1268.9075
DK2,2025-10-02 03:00:00+00:00,1321.3225
DK2,2025-10-02 04:00:00+00:00,1515.5175
DK2,2025-10-02 05:00:00+00:00,1739.1275
DK2,2025-10-02 06:00:00+00:00,1849.35
DK2,2025-10-02 07:00:00+00:00,1898.9475
DK2,2025-10-02 08:00:00+00:00,1910.5225
DK2,2025-10-02 09:00:00+00:00,1914.685
DK2,2025-10-02 10:00:00+00:00,1919.76
DK2,2025-10-02 11:00:00+00:00,1895.2325
DK2,2025-10-02 12:00:00+00:00,1862.4325
DK2,2025-10-02 13:00:00+00:00,1792.595
DK2,2025-10-02 14:00:00+00:00,1770.005
DK2,2025-10-02 15:00:00+00:00,1854.4125
DK2,2025-10-02 16:00:00+00:00,1842.1675
DK2,2025-10-02 17:00:00+00:00,1807.6575
DK2,2025-10-02 18:00:00+00:00,1695.07
DK2,2025-10-02 19:00:00+00:00,1629.4875
DK2,2025-10-02 20:00:00+00:00,1500.9875
DK2,2025-10-02 21:00:00+00:00,1408.065
DK2,2025-10-02 22:00:00+00:00,1393.1975
DK2,2025-10-02 23:00:00+00:00,1376.7725
DK2,2025-10-03 00:00:00+00:00,1422.89
DK2,2025-10-03 01:00:00+00:00,1367.0825
DK2,2025-10-03 02:00:00+00:00,1285.6925
DK2,2025-10-03 03:00:00+00:00,1335.6275
DK2,2025-10-03 04:00:00+00:00,1519.3075
DK2,2025-10-03 05:00:00+00:00,1739.935
DK2,2025-10-03 06:00:00+00:00,1841.12
DK2,2025-10-03 07:00:00+00:00,1922.9475
DK2,2025-10-03 08:00:00+00:00,1953.395
DK2,2025-10-03 09:00:00+00:00,1931.5825
DK2,2025-10-03 10:00:00+00:00,1936.235
DK2,2025-10-03 11:00:00+00:00,1891.945
DK2,2025-10-03 12:00:00+00:00,1825.1925
DK2,2025-10-03 13:00:00+00:00,1764.025
DK2,2025-10-03 14:00:00+00:00,1758.8175
DK2,2025-10-03 15:00:00+00:00,1783.545
DK2,2025-10-03 16:00:00+00:00,1772.5925
DK2,2025-10-03 17:00:00+00:00,1763.1275
DK2,2025-10-03 18:00:00+00:00,1664.6375
DK2,2025-10-03 19:00:00+00:00,1584.1375
DK2,2025-10-03 20:00:00+00:00,1506.6725
DK2,2025-10-03 21:00:00+00:00,1437.73
DK2,2025-10-03 22:00:00+00:00,1516.1225
DK2,2025-10-03 23:00:00+00:00,1462.3675
DK2,2025-10-04 00:00:00+00:00,1417.03
DK2,2025-10-04 01:00:00+00:00,1356.13
DK2,2025-10-04 02:00:00+00:00,1302.2375
DK2,2025-10-04 03:00:00+00:00,1234.745
DK2,2025-10-04 04:00:00+00:00,1247.52
DK2,2025-10-04 05:00:00+00:00,1355.0525
DK2,2025-10-04 06:00:00+00:00,1545.86
DK2,2025-10-04 07:00:00+00:00,1697.3075
DK2,2025-10-04 08:00:00+00:00,1815.0475
DK2,2025-10-04 09:00:00+00:00,1900.405
DK2,2025-10-04 10:00:00+00:00,1899.4325
DK2,2025-10-04 11:00:00+00:00,1876.42
DK2,2025-10-04 12:00:00+00:00,1874.8275
DK2,2025-10-04 13:00:00+00:00,1852.075
DK2,2025-10-04 14:00:00+00:00,1839.3675
DK2,2025-10-04 15:00:00+00:00,1858.0175
DK2,2025-10-04 16:00:00+00:00,1864.2525
DK2,2025-10-04 17:00:00+00:00,1787.305
DK2,2025-10-04 18:00:00+00:00,1675.935
DK2,2025-10-04 19:00:00+00:00,1590.145
DK2,2025-10-04 20:00:00+00:00,1512.9
DK2,2025-10-04 21:00:00+00:00,1432.365
DK2,2025-10-04 22:00:00+00:00,1447.3175
DK2,2025-10-04 23:00:00+00:00,1401.385
DK2,2025-10-05 00:00:00+00:00,1399.385
DK2,2025-10-05 01:00:00+00:00,1272.015
DK2,2025-10-05 02:00:00+00:00,1208.72
DK2,2025-10-05 03:00:00+00:00,1219.8275
DK2,2025-10-05 04:00:00+00:00,1261.21
DK2,2025-10-05 05:00:00+00:00,1340.165
DK2,2025-10-05 06:00:00+00:00,1475.7875
DK2,2025-10-05 07:00:00+00:00,1632.74
DK2,2025-10-05 08:00:00+00:00,1735.57
DK2,2025-10-05 09:00:00+00:00,1759.465
DK2,2025-10-05 10:00:00+00:00,1796.765
DK2,2025-10-05 11:00:00+00:00,1796.9975
DK2,2025-10-05 12:00:00+00:00,1796.525
DK2,2025-10-05 13:00:00+00:00,1786.6025
DK2,2025-10-05 14:00:00+00:00,1802.91
DK2,2025-10-05 15:00:00+00:00,1872.065
DK2,2025-10-05 16:00:00+00:00,1847.8
DK2,2025-10-05 17:00:00+00:00,1748.6425
DK2,2025-10-05 18:00:00+00:00,1667.7875
DK2,2025-10-05 19:00:00+00:00,1605.9875
DK2,2025-10-05 20:00:00+00:00,1490.14
DK2,2025-10-05 21:00:00+00:00,1386.605
DK2,2025-10-05 22:00:00+00:00,1384.5675
DK2,2025-10-05 23:00:00+00:00,1356.595
DK2,2025-10-06 00:00:00+00:00,1300.3
DK2,2025-10-06 01:00:00+00:00,1246.0225
DK2,2025-10-06 02:00:00+00:00,1218.94
DK2,2025-10-06 03:00:00+00:00,1281.44
DK2,2025-10-06 04:00:00+00:00,1511.095
DK2,2025-10-06 05:00:00+00:00,1710.5025
DK2,2025-10-06 06:00:00+00:00,1825.0
DK2,2025-10-06 07:00:00+00:00,1896.4975
DK2,2025-10-06 08:00:00+00:00,1968.5175
DK2,2025-10-06 09:00:00+00:00,1963.825
DK2,2025-10-06 10:00:00+00:00,1919.4
DK2,2025-10-06 11:00:00+00:00,1939.195
DK2,2025-10-06 12:00:00+00:00,1878.3275
DK2,2025-10-06 13:00:00+00:00,1839.72
DK2,2025-10-06 14:00:00+00:00,1839.3325
DK2,2025-10-06 15:00:00+00:00,1937.2875
DK2,2025-10-06 16:00:00+00:00,1916.9325
DK2,2025-10-06 17:00:00+00:00,1859.765
DK2,2025-10-06 18:00:00+00:00,1736.4625
DK2,2025-10-06 19:00:00+00:00,1620.9075
DK2,2025-10-06 20:00:00+00:00,1472.505
DK2,2025-10-06 21:00:00+00:00,1356.0525
DK2,2025-10-06 22:00:00+00:00,1336.11
DK2,2025-10-06 23:00:00+00:00,1346.51
DK2,2025-10-07 00:00:00+00:00,1339.0225
DK2,2025-10-07 01:00:00+00:00,1291.3275
DK2,2025-10-07 02:00:00+00:00,1250.6775
DK2,2025-10-07 03:00:00+00:00,1284.0325
DK2,2025-10-07 04:00:00+00:00,1497.32
DK2,2025-10-07 05:00:00+00:00,1729.405
DK2,2025-10-07 06:00:00+00:00,1802.1325
DK2,2025-10-07 07:00:00+00:00,1832.515
DK2,2025-10-07 08:00:00+00:00,1862.6125
DK2,2025-10-07 09:00:00+00:00,1850.2075
DK2,2025-10-07 10:00:00+00:00,1845.8475
DK2,2025-10-07 11:00:00+00:00,1859.3625
DK2,2025-10-07 12:00:00+00:00,1842.25
DK2,2025-10-07 13:00:00+00:00,1850.6825
DK2,2025-10-07 14:00:00+00:00,1904.5575
DK2,2025-10-07 15:00:00+00:00,1959.0075
DK2,2025-10-07 16:00:00+00:00,1971.17
DK2,2025-10-07 17:00:00+00:00,1913.8675
DK2,2025-10-07 18:00:00+00:00,1727.2875
DK2,2025-10-07 19:00:00+00:00,1638.33
DK2,2025-10-07 20:00:00+00:00,1507.3525
DK2,2025-10-07 21:00:00+00:00,1401.7175
DK2,2025-10-07 22:00:00+00:00,1400.4275
DK2,2025-10-07 23:00:00+00:00,1453.92
DK2,2025-10-08 00:00:00+00:00,1401.055
DK2,2025-10-08 01:00:00+00:00,1321.4675
DK2,2025-10-08 02:00:00+00:00,1263.96
DK2,2025-10-08 03:00:00+00:00,1310.585
DK2,2025-10-08 04:00:00+00:00,1507.875
DK2,2025-10-08 05:00:00+00:00,1698.345
DK2,2025-10-08 06:00:00+00:00,1814.825
DK2,2025-10-08 07:00:00+00:00,1880.89
DK2,2025-10-08 08:00:00+00:00,1911.42
DK2,2025-10-08 09:00:00+00:00,1866.075
DK2,2025-10-08 10:00:00+00:00,1864.295
DK2,2025-10-08 11:00:00+00:00,1860.5375
DK2,2025-10-08 12:00:00+00:00,1806.97
DK2,2025-10-08 13:00:00+00:00,1753.03
DK2,2025-10-08 14:00:00+00:00,1822.9175
DK2,2025-10-08 15:00:00+00:00,1895.585
DK2,2025-10-08 16:00:00+00:00,1922.8825
DK2,2025-10-08 17:00:00+00:00,1873.7875
DK2,2025-10-08 18:00:00+00:00,1746.755
DK2,2025-10-08 19:00:00+00:00,1600.68
DK2,2025-10-08 20:00:00+00:00,1511.62
DK2,2025-10-08 21:00:00+00:00,1411.1125
DK2,2025-10-08 22:00:00+00:00,1423.155
DK2,2025-10-08 23:00:00+00:00,1426.6
DK2,2025-10-09 00:00:00+00:00,1381.33
DK2,2025-10-09 01:00:00+00:00,1341.85
DK2,2025-10-09 02:00:00+00:00,1293.365
DK2,2025-10-09 03:00:00+00:00,1312.745
DK2,2025-10-09 04:00:00+00:00,1519.565
DK2,2025-10-09 05:00:00+00:00,1754.9275
DK2,2025-10-09 06:00:00+00:00,1843.3725
DK2,2025-10-09 07:00:00+00:00,1870.895
DK2,2025-10-09 08:00:00+00:00,1874.005
DK2,2025-10-09 09:00:00+00:00,1856.5125
DK2,2025-10-09 10:00:00+00:00,1866.7025
DK2,2025-10-09 11:00:00+00:00,1833.4225
DK2,2025-10-09 12:00:00+00:00,1828.9375
DK2,2025-10-09 13:00:00+00:00,1827.955
DK2,2025-10-09 14:00:00+00:00,1873.14
DK2,2025-10-09 15:00:00+00:00,1945.81
DK2,2025-10-09 16:00:00+00:00,1968.57
DK2,2025-10-09 17:00:00+00:00,1887.3825
DK2,2025-10-09 18:00:00+00:00,1745.5825
DK2,2025-10-09 19:00:00+00:00,1673.135
DK2,2025-10-09 20:00:00+00:00,1557.985
DK2,2025-10-09 21:00:00+00:00,1464.2575
DK2,2025-10-09 22:00:00+00:00,1451.0675
DK2,2025-10-09 23:00:00+00:00,1471.07
DK2,2025-10-10 00:00:00+00:00,1420.2125
DK2,2025-10-10 01:00:00+00:00,1409.085
DK2,2025-10-10 02:00:00+00:00,1385.7275
DK2,2025-10-10 03:00:00+00:00,1388.635
DK2,2025-10-10 04:00:00+00:00,1521.53
DK2,2025-10-10 05:00:00+00:00,1715.2425
DK2,2025-10-10 06:00:00+00:00,1777.3125
DK2,2025-10-10 07:00:00+00:00,1868.28
DK2,2025-10-10 08:00:00+00:00,1914.815
DK2,2025-10-10 09:00:00+00:00,1944.9525
DK2,2025-10-10 10:00:00+00:00,1966.8575
DK2,2025-10-10 11:00:00+00:00,1942.9725
DK2,2025-10-10 12:00:00+00:00,1919.365
DK2,2025-10-10 13:00:00+00:00,1878.97
DK2,2025-10-10 14:00:00+00:00,1899.395
DK2,2025-10-10 15:00:00+00:00,1918.26
DK2,2025-10-10 16:00:00+00:00,1919.1525
DK2,2025-10-10 17:00:00+00:00,1824.4575
DK2,2025-10-10 18:00:00+00:00,1724.3675
DK2,2025-10-10 19:00:00+00:00,1623.415
DK2,2025-10-10 20:00:00+00:00,1529.64
DK2,2025-10-10 21:00:00+00:00,1464.3725
DK2,2025-10-10 22:00:00+00:00,1477.03
DK2,2025-10-10 23:00:00+00:00,1457.26
DK2,2025-10-11 00:00:00+00:00,1362.1275
DK2,2025-10-11 01:00:00+00:00,1371.4475
DK2,2025-10-11 02:00:00+00:00,1333.0575
DK2,2025-10-11 03:00:00+00:00,1280.4475
DK2,2025-10-11 04:00:00+00:00,1270.0075
DK2,2025-10-11 05:00:00+00:00,1392.0325
DK2,2025-10-11 06:00:00+00:00,1511.3025
DK2,2025-10-11 07:00:00+00:00,1627.6425
DK2,2025-10-11 08:00:00+00:00,1678.9475
DK2,2025-10-11 09:00:00+00:00,1754.5225
DK2,2025-10-11 10:00:00+00:00,1750.2075
DK2,2025-10-11 11:00:00+00:00,1787.3175
DK2,2025-10-11 12:00:00+00:00,1770.95
DK2,2025-10-11 13:00:00+00:00,1700.105
DK2,2025-10-11 14:00:00+00:00,1698.1575
DK2,2025-10-11 15:00:00+00:00,1758.51
DK2,2025-10-11 16:00:00+00:00,1764.2725
DK2,2025-10-11 17:00:00+00:00,1697.2775
DK2,2025-10-11 18:00:00+00:00,1604.455
DK2,2025-10-11 19:00:00+00:00,1554.9
DK2,2025-10-11 20:00:00+00:00,1457.7625
DK2,2025-10-11 21:00:00+00:00,1400.15
DK2,2025-10-11 22:00:00+00:00,1339.1625
DK2,2025-10-11 23:00:00+00:00,1357.51
DK2,2025-10-12 00:00:00+00:00,1314.9225
DK2,2025-10-12 01:00:00+00:00,1301.8725
DK2,2025-10-12 02:00:00+00:00,1266.4775
DK2,2025-10-12 03:00:00+00:00,1242.985
DK2,2025-10-12 04:00:00+00:00,1265.3575
DK2,2025-10-12 05:00:00+00:00,1361.735
DK2,2025-10-12 06:00:00+00:00,1485.41
DK2,2025-10-12 07:00:00+00:00,1529.8975
DK2,2025-10-12 08:00:00+00:00,1597.1075
DK2,2025-10-12 09:00:00+00:00,1650.3325
DK2,2025-10-12 10:00:00+00:00,1673.31
DK2,2025-10-12 11:00:00+00:00,1667.8
DK2,2025-10-12 12:00:00+00:00,1671.8625
DK2,2025-10-12 13:00:00+00:00,1595.715
DK2,2025-10-12 14:00:00+00:00,1642.625
DK2,2025-10-12 15:00:00+00:00,1733.9525
DK2,2025-10-12 16:00:00+00:00,1793.105
DK2,2025-10-12 17:00:00+00:00,1740.705
DK2,2025-10-12 18:00:00+00:00,1590.41
DK2,2025-10-12 19:00:00+00:00,1486.5175
DK2,2025-10-12 20:00:00+00:00,1413.4925
DK2,2025-10-12 21:00:00+00:00,1342.495
DK2,2025-10-12 22:00:00+00:00,1393.2225
DK2,2025-10-12 23:00:00+00:00,1389.5875
DK2,2025-10-13 00:00:00+00:00,1347.155
DK2,2025-10-13 01:00:00+00:00,1299.1075
DK2,2025-10-13 02:00:00+00:00,1272.2225
DK2,2025-10-13 03:00:00+00:00,1359.7225
DK2,2025-10-13 04:00:00+00:00,1517.9875
DK2,2025-10-13 05:00:00+00:00,1710.195
DK2,2025-10-13 06:00:00+00:00,1877.745
DK2,2025-10-13 07:00:00+00:00,1946.7725
DK2,2025-10-13 08:00:00+00:00,1938.9075
DK2,2025-10-13 09:00:00+00:00,1877.1625
DK2,2025-10-13 10:00:00+00:00,1885.5675
DK2,2025-10-13 11:00:00+00:00,1904.0125
DK2,2025-10-13 12:00:00+00:00,1837.24
DK2,2025-10-13 13:00:00+00:00,1794.9725
DK2,2025-10-13 14:00:00+00:00,1788.9275
DK2,2025-10-13 15:00:00+00:00,1831.815
DK2,2025-10-13 16:00:00+00:00,1834.7825
DK2,2025-10-13 17:00:00+00:00,1773.04
DK2,2025-10-13 18:00:00+00:00,1679.1275
DK2,2025-10-13 19:00:00+00:00,1566.275
DK2,2025-10-13 20:00:00+00:00,1471.665
DK2,2025-10-13 21:00:00+00:00,1387.835
DK2,2025-10-13 22:00:00+00:00,1384.41
DK2,2025-10-13 23:00:00+00:00,1376.635
DK2,2025-10-14 00:00:00+00:00,1394.835
DK2,2025-10-14 01:00:00+00:00,1347.13
DK2,2025-10-14 02:00:00+00:00,1275.495
DK2,2025-10-14 03:00:00+00:00,1302.8675
DK2,2025-10-14 04:00:00+00:00,1480.35
DK2,2025-10-14 05:00:00+00:00,1599.8125
DK2,2025-10-14 06:00:00+00:00,1735.3675
DK2,2025-10-14 07:00:00+00:00,1843.3
DK2,2025-10-14 08:00:00+00:00,1865.96
DK2,2025-10-14 09:00:00+00:00,1814.825
DK2,2025-10-14 10:00:00+00:00,1841.2575
DK2,2025-10-14 11:00:00+00:00,1842.09
DK2,2025-10-14 12:00:00+00:00,1803.95
DK2,2025-10-14 13:00:00+00:00,1796.285
DK2,2025-10-14 14:00:00+00:00,1807.5675
DK2,2025-10-14 15:00:00+00:00,1882.355
DK2,2025-10-14 16:00:00+00:00,1856.8725
DK2,2025-10-14 17:00:00+00:00,1813.45
DK2,2025-10-14 18:00:00+00:00,1701.0025
DK2,2025-10-14 19:00:00+00:00,1598.715
DK2,2025-10-14 20:00:00+00:00,1481.32
DK2,2025-10-14 21:00:00+00:00,1412.85
DK2,2025-10-14 22:00:00+00:00,1393.8825
DK2,2025-10-14 23:00:00+00:00,1394.9775
DK2,2025-10-15 00:00:00+00:00,1346.9725
DK2,2025-10-15 01:00:00+00:00,1348.8475
DK2,2025-10-15 02:00:00+00:00,1302.8475
DK2,2025-10-15 03:00:00+00:00,1322.56
DK2,2025-10-15 04:00:00+00:00,1450.655
DK2,2025-10-15 05:00:00+00:00,1654.8275
DK2,2025-10-15 06:00:00+00:00,1774.4625
DK2,2025-10-15 07:00:00+00:00,1854.8475
DK2,2025-10-15 08:00:00+00:00,1910.3
DK2,2025-10-15 09:00:00+00:00,1875.9475
DK2,2025-10-15 10:00:00+00:00,1867.085
DK2,2025-10-15 11:00:00+00:00,1887.15
DK2,2025-10-15 12:00:00+00:00,1913.8325
DK2,2025-10-15 13:00:00+00:00,1804.37
DK2,2025-10-15 14:00:00+00:00,1817.6325
DK2,2025-10-15 15:00:00+00:00,1930.99
DK2,2025-10-15 16:00:00+00:00,1931.3725
DK2,2025-10-15 17:00:00+00:00,1848.95
DK2,2025-10-15 18:00:00+00:00,1739.385
DK2,2025-10-15 19:00:00+00:00,1613.89
DK2,2025-10-15 20:00:00+00:00,1537.5625
DK2,2025-10-15 21:00:00+00:00,1451.9475
DK2,2025-10-15 22:00:00+00:00,1417.47
DK2,2025-10-15 23:00:00+00:00,1440.56
DK2,2025-10-16 00:00:00+00:00,1407.3275
DK2,2025-10-16 01:00:00+00:00,1385.21
DK2,2025-10-16 02:00:00+00:00,1353.2475
DK2,2025-10-16 03:00:00+00:00,1378.2425
DK2,2025-10-16 04:00:00+00:00,1488.5725
DK2,2025-10-16 05:00:00+00:00,1674.9675
DK2,2025-10-16 06:00:00+00:00,1791.7325
DK2,2025-10-16 07:00:00+00:00,1823.095
DK2,2025-10-16 08:00:00+00:00,1844.8325
DK2,2025-10-16 09:00:00+00:00,1875.4375
DK2,2025-10-16 10:00:00+00:00,1887.345
DK2,2025-10-16 11:00:00+00:00,1865.62
DK2,2025-10-16 12:00:00+00:00,1811.45
DK2,2025-10-16 13:00:00+00:00,1812.8175
DK2,2025-10-16 14:00:00+00:00,1784.1925
DK2,2025-10-16 15:00:00+00:00,1856.015
DK2,2025-10-16 16:00:00+00:00,1879.4675
DK2,2025-10-16 17:00:00+00:00,1789.905
DK2,2025-10-16 18:00:00+00:00,1701.9775
DK2,2025-10-16 19:00:00+00:00,1587.325
DK2,2025-10-16 20:00:00+00:00,1502.5525
DK2,2025-10-16 21:00:00+00:00,1432.93
DK2,2025-10-16 22:00:00+00:00,1469.6875
DK2,2025-10-16 23:00:00+00:00,1474.5225
DK2,2025-10-17 00:00:00+00:00,1394.7775
DK2,2025-10-17 01:00:00+00:00,1318.055
DK2,2025-10-17 02:00:00+00:00,1271.43
DK2,2025-10-17 03:00:00+00:00,1301.575
DK2,2025-10-17 04:00:00+00:00,1421.4675
DK2,2025-10-17 05:00:00+00:00,1626.0275
DK2,2025-10-17 06:00:00+00:00,1734.4975
DK2,2025-10-17 07:00:00+00:00,1773.68
DK2,2025-10-17 08:00:00+00:00,1810.9725
DK2,2025-10-17 09:00:00+00:00,1856.635
DK2,2025-10-17 10:00:00+00:00,1916.7725
DK2,2025-10-17 11:00:00+00:00,1928.43
DK2,2025-10-17 12:00:00+00:00,1886.265
DK2,2025-10-17 13:00:00+00:00,1840.885
DK2,2025-10-17 14:00:00+00:00,1863.4975
DK2,2025-10-17 15:00:00+00:00,1872.465
DK2,2025-10-17 16:00:00+00:00,1904.6225
DK2,2025-10-17 17:00:00+00:00,1814.6575
DK2,2025-10-17 18:00:00+00:00,1693.0225
DK2,2025-10-17 19:00:00+00:00,1679.7775
DK2,2025-10-17 20:00:00+00:00,1573.825
DK2,2025-10-17 21:00:00+00:00,1500.8875
DK2,2025-10-17 22:00:00+00:00,1507.77
DK2,2025-10-17 23:00:00+00:00,1537.4025
DK2,2025-10-18 00:00:00+00:00,1424.67
DK2,2025-10-18 01:00:00+00:00,1425.81
DK2,2025-10-18 02:00:00+00:00,1408.0125
DK2,2025-10-18 03:00:00+00:00,1376.7825
DK2,2025-10-18 04:00:00+00:00,1403.1725
DK2,2025-10-18 05:00:00+00:00,1509.27
DK2,2025-10-18 06:00:00+00:00,1638.6525
DK2,2025-10-18 07:00:00+00:00,1731.0675
DK2,2025-10-18 08:00:00+00:00,1779.015
DK2,2025-10-18 09:00:00+00:00,1784.5925
DK2,2025-10-18 10:00:00+00:00,1769.5875
DK2,2025-10-18 11:00:00+00:00,1750.425
DK2,2025-10-18 12:00:00+00:00,1696.9125
DK2,2025-10-18 13:00:00+00:00,1668.93
DK2,2025-10-18 14:00:00+00:00,1688.395
DK2,2025-10-18 15:00:00+00:00,1770.35
DK2,2025-10-18 16:00:00+00:00,1879.515
DK2,2025-10-18 17:00:00+00:00,1813.8225
DK2,2025-10-18 18:00:00+00:00,1670.625
DK2,2025-10-18 19:00:00+00:00,1645.7225
DK2,2025-10-18 20:00:00+00:00,1571.96
DK2,2025-10-18 21:00:00+00:00,1514.425
DK2,2025-10-18 22:00:00+00:00,1515.75
DK2,2025-10-18 23:00:00+00:00,1508.6475
DK2,2025-10-19 00:00:00+00:00,1501.9275
DK2,2025-10-19 01:00:00+00:00,1458.07
DK2,2025-10-19 02:00:00+00:00,1408.495
DK2,2025-10-19 03:00:00+00:00,1386.0825
DK2,2025-10-19 04:00:00+00:00,1405.6625
DK2,2025-10-19 05:00:00+00:00,1508.3625
DK2,2025-10-19 06:00:00+00:00,1639.85
DK2,2025-10-19 07:00:00+00:00,1719.67
DK2,2025-10-19 08:00:00+00:00,1786.3825
DK2,2025-10-19 09:00:00+00:00,1830.505
DK2,2025-10-19 10:00:00+00:00,1880.6625
DK2,2025-10-19 11:00:00+00:00,1875.8425
DK2,2025-10-19 12:00:00+00:00,1808.88
DK2,2025-10-19 13:00:00+00:00,1722.12
DK2,2025-10-19 14:00:00+00:00,1746.59
DK2,2025-10-19 15:00:00+00:00,1888.3225
DK2,2025-10-19 16:00:00+00:00,1971.6775
DK2,2025-10-19 17:00:00+00:00,1869.7375
DK2,2025-10-19 18:00:00+00:00,1758.315
DK2,2025-10-19 19:00:00+00:00,1661.5475
DK2,2025-10-19 20:00:00+00:00,1558.635
DK2,2025-10-19 21:00:00+00:00,1487.1725
DK2,2025-10-19 22:00:00+00:00,1489.2275
DK2,2025-10-19 23:00:00+00:00,1487.305
DK2,2025-10-20 00:00:00+00:00,1480.6325
DK2,2025-10-20 01:00:00+00:00,1452.9075
DK2,2025-10-20 02:00:00+00:00,1430.2575
DK2,2025-10-20 03:00:00+00:00,1448.3075
DK2,2025-10-20 04:00:00+00:00,1605.07
DK2,2025-10-20 05:00:00+00:00,1833.4325
DK2,2025-10-20 06:00:00+00:00,1935.6225
DK2,2025-10-20 07:00:00+00:00,1976.825
DK2,2025-10-20 08:00:00+00:00,1994.785
DK2,2025-10-20 09:00:00+00:00,1947.2225
DK2,2025-10-20 10:00:00+00:00,1947.845
DK2,2025-10-20 11:00:00+00:00,1939.6075
DK2,2025-10-20 12:00:00+00:00,1879.655
DK2,2025-10-20 13:00:00+00:00,1862.3775
DK2,2025-10-20 14:00:00+00:00,1889.2875
DK2,2025-10-20 15:00:00+00:00,1990.0875
DK2,2025-10-20 16:00:00+00:00,2027.6275
DK2,2025-10-20 17:00:00+00:00,1935.93
DK2,2025-10-20 18:00:00+00:00,1795.02
DK2,2025-10-20 19:00:00+00:00,1671.9825
DK2,2025-10-20 20:00:00+00:00,1558.525
DK2,2025-10-20 21:00:00+00:00,1473.585
DK2,2025-10-20 22:00:00+00:00,1467.79
DK2,2025-10-20 23:00:00+00:00,1464.9275
DK2,2025-10-21 00:00:00+00:00,1463.4375
DK2,2025-10-21 01:00:00+00:00,1464.545
DK2,2025-10-21 02:00:00+00:00,1403.8075
DK2,2025-10-21 03:00:00+00:00,1390.37
DK2,2025-10-21 04:00:00+00:00,1561.1075
DK2,2025-10-21 05:00:00+00:00,1770.1975
DK2,2025-10-21 06:00:00+00:00,1900.69
DK2,2025-10-21 07:00:00+00:00,1938.12
DK2,2025-10-21 08:00:00+00:00,1981.14
DK2,2025-10-21 09:00:00+00:00,1994.095
DK2,2025-10-21 10:00:00+00:00,2022.095
DK2,2025-10-21 11:00:00+00:00,2002.3775
DK2,2025-10-21 12:00:00+00:00,1954.4
DK2,2025-10-21 13:00:00+00:00,1904.66
DK2,2025-10-21 14:00:00+00:00,1914.515
DK2,2025-10-21 15:00:00+00:00,1991.9925
DK2,2025-10-21 16:00:00+00:00,2024.2925
DK2,2025-10-21 17:00:00+00:00,1936.185
DK2,2025-10-21 18:00:00+00:00,1802.9125
DK2,2025-10-21 19:00:00+00:00,1693.1125
DK2,2025-10-21 20:00:00+00:00,1570.9875
DK2,2025-10-21 21:00:00+00:00,1467.1575
DK2,2025-10-21 22:00:00+00:00,1538.775
DK2,2025-10-21 23:00:00+00:00,1556.535
DK2,2025-10-22 00:00:00+00:00,1442.8475
DK2,2025-10-22 01:00:00+00:00,1350.395
DK2,2025-10-22 02:00:00+00:00,1304.74
DK2,2025-10-22 03:00:00+00:00,1321.9775
DK2,2025-10-22 04:00:00+00:00,1512.4575
DK2,2025-10-22 05:00:00+00:00,1735.8875
DK2,2025-10-22 06:00:00+00:00,1832.4125
DK2,2025-10-22 07:00:00+00:00,1909.4975
DK2,2025-10-22 08:00:00+00:00,1944.585
DK2,2025-10-22 09:00:00+00:00,1932.155
DK2,2025-10-22 10:00:00+00:00,1953.66
DK2,2025-10-22 11:00:00+00:00,1956.4975
DK2,2025-10-22 12:00:00+00:00,1913.01
DK2,2025-10-22 13:00:00+00:00,1857.8075
DK2,2025-10-22 14:00:00+00:00,1842.9975
DK2,2025-10-22 15:00:00+00:00,1916.7725
DK2,2025-10-22 16:00:00+00:00,1901.5825
DK2,2025-10-22 17:00:00+00:00,1785.4725
DK2,2025-10-22 18:00:00+00:00,1708.2625
DK2,2025-10-22 19:00:00+00:00,1613.77
DK2,2025-10-22 20:00:00+00:00,1547.8075
DK2,2025-10-22 21:00:00+00:00,1454.7975
DK2,2025-10-22 22:00:00+00:00,1394.6925
DK2,2025-10-22 23:00:00+00:00,1418.7925
DK2,2025-10-23 00:00:00+00:00,1420.9
DK2,2025-10-23 01:00:00+00:00,1410.36
DK2,2025-10-23 02:00:00+00:00,1423.945
DK2,2025-10-23 03:00:00+00:00,1446.555
DK2,2025-10-23 04:00:00+00:00,1580.7275
DK2,2025-10-23 05:00:00+00:00,1788.8975
DK2,2025-10-23 06:00:00+00:00,1887.5475
DK2,2025-10-23 07:00:00+00:00,1940.295
DK2,2025-10-23 08:00:00+00:00,1981.02
DK2,2025-10-23 09:00:00+00:00,1992.0525
DK2,2025-10-23 10:00:00+00:00,1973.665
DK2,2025-10-23 11:00:00+00:00,1965.7275
DK2,2025-10-23 12:00:00+00:00,1956.29
DK2,2025-10-23 13:00:00+00:00,1931.9375
DK2,2025-10-23 14:00:00+00:00,1970.115
DK2,2025-10-23 15:00:00+00:00,2015.6575
DK2,2025-10-23 16:00:00+00:00,2039.0125
DK2,2025-10-23 17:00:00+00:00,1917.03
DK2,2025-10-23 18:00:00+00:00,1831.4925
DK2,2025-10-23 19:00:00+00:00,1723.4
DK2,2025-10-23 20:00:00+00:00,1584.36
DK2,2025-10-23 21:00:00+00:00,1487.19
DK2,2025-10-23 22:00:00+00:00,1530.8825
DK2,2025-10-23 23:00:00+00:00,1584.4425
DK2,2025-10-24 00:00:00+00:00,1580.2
DK2,2025-10-24 01:00:00+00:00,1493.0675
DK2,2025-10-24 02:00:00+00:00,1450.465
DK2,2025-10-24 03:00:00+00:00,1409.5275
DK2,2025-10-24 04:00:00+00:00,1566.4025
DK2,2025-10-24 05:00:00+00:00,1816.3575
DK2,2025-10-24 06:00:00+00:00,1915.5525
DK2,2025-10-24 07:00:00+00:00,1970.8775
DK2,2025-10-24 08:00:00+00:00,2037.2275
DK2,2025-10-24 09:00:00+00:00,2019.9
DK2,2025-10-24 10:00:00+00:00,2013.5525
DK2,2025-10-24 11:00:00+00:00,1991.9075
DK2,2025-10-24 12:00:00+00:00,1933.0875
DK2,2025-10-24 13:00:00+00:00,1928.6725
DK2,2025-10-24 14:00:00+00:00,1956.8775
DK2,2025-10-24 15:00:00+00:00,2029.3575
DK2,2025-10-24 16:00:00+00:00,2024.625
DK2,2025-10-24 17:00:00+00:00,1906.6925
DK2,2025-10-24 18:00:00+00:00,1796.285
DK2,2025-10-24 19:00:00+00:00,1713.34
DK2,2025-10-24 20:00:00+00:00,1592.74
DK2,2025-10-24 21:00:00+00:00,1519.9225
DK2,2025-10-24 22:00:00+00:00,1626.375
DK2,2025-10-24 23:00:00+00:00,1597.9975
DK2,2025-10-25 00:00:00+00:00,1513.2325
DK2,2025-10-25 01:00:00+00:00,1454.0225
DK2,2025-10-25 02:00:00+00:00,1384.76
DK2,2025-10-25 03:00:00+00:00,1330.9125
DK2,2025-10-25 04:00:00+00:00,1349.9075
DK2,2025-10-25 05:00:00+00:00,1447.9875
DK2,2025-10-25 06:00:00+00:00,1578.8575
DK2,2025-10-25 07:00:00+00:00,1699.3475
DK2,2025-10-25 08:00:00+00:00,1817.4725
DK2,2025-10-25 09:00:00+00:00,1843.14
DK2,2025-10-25 10:00:00+00:00,1859.1875
DK2,2025-10-25 11:00:00+00:00,1838.8075
DK2,2025-10-25 12:00:00+00:00,1844.8175
DK2,2025-10-25 13:00:00+00:00,1825.6775
DK2,2025-10-25 14:00:00+00:00,1848.0675
DK2,2025-10-25 15:00:00+00:00,1930.13
DK2,2025-10-25 16:00:00+00:00,1964.2125
DK2,2025-10-25 17:00:00+00:00,1821.465
DK2,2025-10-25 18:00:00+00:00,1684.625
DK2,2025-10-25 19:00:00+00:00,1610.635
DK2,2025-10-25 20:00:00+00:00,1535.425
DK2,2025-10-25 21:00:00+00:00,1485.66
DK2,2025-10-25 22:00:00+00:00,1518.33
DK2,2025-10-26 03:00:00+00:00,1294.065
DK2,2025-10-26 04:00:00+00:00,1290.8025
DK2,2025-10-26 05:00:00+00:00,1340.56
DK2,2025-10-26 06:00:00+00:00,1461.425
DK2,2025-10-26 07:00:00+00:00,1649.165
DK2,2025-10-26 08:00:00+00:00,1773.745
DK2,2025-10-26 09:00:00+00:00,1833.5675
DK2,2025-10-26 10:00:00+00:00,1855.105
DK2,2025-10-26 11:00:00+00:00,1897.245
DK2,2025-10-26 12:00:00+00:00,1876.4175
DK2,2025-10-26 13:00:00+00:00,1918.08
DK2,2025-10-26 14:00:00+00:00,1895.0175
DK2,2025-10-26 15:00:00+00:00,1879.9175
DK2,2025-10-26 16:00:00+00:00,2027.5775
DK2,2025-10-26 17:00:00+00:00,1985.525
DK2,2025-10-26 18:00:00+00:00,1902.7425
DK2,2025-10-26 19:00:00+00:00,1749.9125
DK2,2025-10-26 20:00:00+00:00,1669.0
DK2,2025-10-26 21:00:00+00:00,1555.885
DK2,2025-10-26 22:00:00+00:00,1527.1875
DK2,2025-10-26 23:00:00+00:00,1633.8425
DK2,2025-10-27 00:00:00+00:00,1607.675
DK2,2025-10-27 01:00:00+00:00,1501.105
DK2,2025-10-27 02:00:00+00:00,1386.9725
DK2,2025-10-27 03:00:00+00:00,1344.35
DK2,2025-10-27 04:00:00+00:00,1396.8525
DK2,2025-10-27 05:00:00+00:00,1606.39
DK2,2025-10-27 06:00:00+00:00,1799.305
DK2,2025-10-27 07:00:00+00:00,1907.2075
DK2,2025-10-27 08:00:00+00:00,1983.615
DK2,2025-10-27 09:00:00+00:00,1986.6675
DK2,2025-10-27 10:00:00+00:00,2022.68
DK2,2025-10-27 11:00:00+00:00,2012.905
DK2,2025-10-27 12:00:00+00:00,1974.89
DK2,2025-10-27 13:00:00+00:00,1933.915
DK2,2025-10-27 14:00:00+00:00,1921.93
DK2,2025-10-27 15:00:00+00:00,1988.28
DK2,2025-10-27 16:00:00+00:00,2163.62
DK2,2025-10-27 17:00:00+00:00,2111.9625
DK2,2025-10-27 18:00:00+00:00,1975.5575
DK2,2025-10-27 19:00:00+00:00,1811.4675
DK2,2025-10-27 20:00:00+00:00,1733.9425
DK2,2025-10-27 21:00:00+00:00,1611.9475
DK2,2025-10-27 22:00:00+00:00,1531.0825
DK2,2025-10-27 23:00:00+00:00,1519.5625
DK2,2025-10-28 00:00:00+00:00,1496.8075
DK2,2025-10-28 01:00:00+00:00,1493.3075
DK2,2025-10-28 02:00:00+00:00,1507.0825
DK2,2025-10-28 03:00:00+00:00,1440.155
DK2,2025-10-28 04:00:00+00:00,1430.24
DK2,2025-10-28 05:00:00+00:00,1654.6625
DK2,2025-10-28 06:00:00+00:00,1850.8175
DK2,2025-10-28 07:00:00+00:00,1920.5225
DK2,2025-10-28 08:00:00+00:00,1988.68
DK2,2025-10-28 09:00:00+00:00,2028.6225
DK2,2025-10-28 10:00:00+00:00,2013.275
DK2,2025-10-28 11:00:00+00:00,2005.9
DK2,2025-10-28 12:00:00+00:00,1988.1325
DK2,2025-10-28 13:00:00+00:00,1927.91
DK2,2025-10-28 14:00:00+00:00,1942.5575
DK2,2025-10-28 15:00:00+00:00,2025.615
DK2,2025-10-28 16:00:00+00:00,2075.1375
DK2,2025-10-28 17:00:00+00:00,2106.7975
DK2,2025-10-28 18:00:00+00:00,1993.395
DK2,2025-10-28 19:00:00+00:00,1881.8025
DK2,2025-10-28 20:00:00+00:00,1771.91
DK2,2025-10-28 21:00:00+00:00,1623.1675
DK2,2025-10-28 22:00:00+00:00,1553.765
DK2,2025-10-28 23:00:00+00:00,1572.98
DK2,2025-10-29 00:00:00+00:00,1628.725
DK2,2025-10-29 01:00:00+00:00,1575.615
DK2,2025-10-29 02:00:00+00:00,1472.76
DK2,2025-10-29 03:00:00+00:00,1429.1575
DK2,2025-10-29 04:00:00+00:00,1436.2975
DK2,2025-10-29 05:00:00+00:00,1607.2725
DK2,2025-10-29 06:00:00+00:00,1831.3725
DK2,2025-10-29 07:00:00+00:00,1928.285
DK2,2025-10-29 08:00:00+00:00,1966.0975
DK2,2025-10-29 09:00:00+00:00,2018.8725
DK2,2025-10-29 10:00:00+00:00,2010.0825
DK2,2025-10-29 11:00:00+00:00,2037.615
DK2,2025-10-29 12:00:00+00:00,1975.6875
DK2,2025-10-29 13:00:00+00:00,1921.615
DK2,2025-10-29 14:00:00+00:00,1910.8625
DK2,2025-10-29 15:00:00+00:00,1986.53
DK2,2025-10-29 16:00:00+00:00,2105.915
DK2,2025-10-29 17:00:00+00:00,2081.5825
DK2,2025-10-29 18:00:00+00:00,1969.44
DK2,2025-10-29 19:00:00+00:00,1884.15
DK2,2025-10-29 20:00:00+00:00,1730.725
DK2,2025-10-29 21:00:00+00:00,1545.62
DK2,2025-10-29 22:00:00+00:00,1470.405
DK2,2025-10-29 23:00:00+00:00,1468.9525
DK2,2025-10-30 00:00:00+00:00,1446.305
DK2,2025-10-30 01:00:00+00:00,1444.1275
DK2,2025-10-30 02:00:00+00:00,1417.26
DK2,2025-10-30 03:00:00+00:00,1378.5
DK2,2025-10-30 04:00:00+00:00,1457.3725
DK2,2025-10-30 05:00:00+00:00,1629.1725
DK2,2025-10-30 06:00:00+00:00,1843.355
DK2,2025-10-30 07:00:00+00:00,1923.58
DK2,2025-10-30 08:00:00+00:00,2061.1025
DK2,2025-10-30 09:00:00+00:00,2142.6625
DK2,2025-10-30 10:00:00+00:00,2177.3075
DK2,2025-10-30 11:00:00+00:00,2185.82
DK2,2025-10-30 12:00:00+00:00,2125.11
DK2,2025-10-30 13:00:00+00:00,2063.55
DK2,2025-10-30 14:00:00+00:00,1992.5975
DK2,2025-10-30 15:00:00+00:00,2030.1225
DK2,2025-10-30 16:00:00+00:00,2184.895
DK2,2025-10-30 17:00:00+00:00,2143.0125
DK2,2025-10-30 18:00:00+00:00,1983.4975
DK2,2025-10-30 19:00:00+00:00,1877.615
DK2,2025-10-30 20:00:00+00:00,1786.8975
DK2,2025-10-30 21:00:00+00:00,1678.5875
DK2,2025-10-30 22:00:00+00:00,1567.51
DK2,2025-10-30 23:00:00+00:00,1552.08
DK2,2025-10-31 00:00:00+00:00,1587.2725
DK2,2025-10-31 01:00:00+00:00,1586.0525
DK2,2025-10-31 02:00:00+00:00,1505.905
DK2,2025-10-31 03:00:00+00:00,1427.8525
DK2,2025-10-31 04:00:00+00:00,1473.475
DK2,2025-10-31 05:00:00+00:00,1667.5975
DK2,2025-10-31 06:00:00+00:00,1838.705
DK2,2025-10-31 07:00:00+00:00,1972.6875
DK2,2025-10-31 08:00:00+00:00,2038.045
DK2,2025-10-31 09:00:00+00:00,2079.255
DK2,2025-10-31 10:00:00+00:00,2030.8675
DK2,2025-10-31 11:00:00+00:00,1998.3525
DK2,2025-10-31 12:00:00+00:00,1953.3075
DK2,2025-10-31 13:00:00+00:00,1919.8825
DK2,2025-10-31 14:00:00+00:00,1899.6875
DK2,2025-10-31 15:00:00+00:00,1966.6275
DK2,2025-10-31 16:00:00+00:00,2068.69
DK2,2025-10-31 17:00:00+00:00,1999.8675
DK2,2025-10-31 18:00:00+00:00,1854.465
DK2,2025-10-31 19:00:00+00:00,1749.2675
DK2,2025-10-31 20:00:00+00:00,1651.7925
DK2,2025-10-31 21:00:00+00:00,1592.2975
DK2,2025-10-31 22:00:00+00:00,1522.415
DK2,2025-10-31 23:00:00+00:00,1464.53
DK2,2025-11-01 00:00:00+00:00,1474.55
DK2,2025-11-01 01:00:00+00:00,1532.3225
DK2,2025-11-01 02:00:00+00:00,1480.625
DK2,2025-11-01 03:00:00+00:00,1465.5075
DK2,2025-11-01 04:00:00+00:00,1430.0725
DK2,2025-11-01 05:00:00+00:00,1410.225
DK2,2025-11-01 06:00:00+00:00,1512.495
DK2,2025-11-01 07:00:00+00:00,1640.6975
DK2,2025-11-01 08:00:00+00:00,1757.46
DK2,2025-11-01 09:00:00+00:00,1827.01
DK2,2025-11-01 10:00:00+00:00,1851.9275
DK2,2025-11-01 11:00:00+00:00,1821.37
DK2,2025-11-01 12:00:00+00:00,1818.7675
DK2,2025-11-01 13:00:00+00:00,1817.8
DK2,2025-11-01 14:00:00+00:00,1823.85
DK2,2025-11-01 15:00:00+00:00,1880.51
DK2,2025-11-01 16:00:00+00:00,1962.7
DK2,2025-11-01 17:00:00+00:00,1917.43
DK2,2025-11-01 18:00:00+00:00,1741.045
DK2,2025-11-01 19:00:00+00:00,1670.6325
DK2,2025-11-01 20:00:00+00:00,1583.095
DK2,2025-11-01 21:00:00+00:00,1467.8625
DK2,2025-11-01 22:00:00+00:00,1421.565
DK2,2025-11-01 23:00:00+00:00,1523.0125
DK2,2025-11-02 00:00:00+00:00,1526.05
DK2,2025-11-02 01:00:00+00:00,1448.08
DK2,2025-11-02 02:00:00+00:00,1370.895
DK2,2025-11-02 03:00:00+00:00,1289.8175
DK2,2025-11-02 04:00:00+00:00,1255.5725
DK2,2025-11-02 05:00:00+00:00,1298.735
DK2,2025-11-02 06:00:00+00:00,1409.3125
DK2,2025-11-02 07:00:00+00:00,1509.6725
DK2,2025-11-02 08:00:00+00:00,1677.92
DK2,2025-11-02 09:00:00+00:00,1741.1375
DK2,2025-11-02 10:00:00+00:00,1795.5275
DK2,2025-11-02 11:00:00+00:00,1827.695
DK2,2025-11-02 12:00:00+00:00,1776.37
DK2,2025-11-02 13:00:00+00:00,1778.9875
DK2,2025-11-02 14:00:00+00:00,1782.6175
DK2,2025-11-02 15:00:00+00:00,1864.1325
DK2,2025-11-02 16:00:00+00:00,2009.26
DK2,2025-11-02 17:00:00+00:00,1948.0925
DK2,2025-11-02 18:00:00+00:00,1809.7825
DK2,2025-11-02 19:00:00+00:00,1697.5475
DK2,2025-11-02 20:00:00+00:00,1608.7075
DK2,2025-11-02 21:00:00+00:00,1509.285
DK2,2025-11-02 22:00:00+00:00,1434.895
DK2,2025-11-02 23:00:00+00:00,1441.5375
DK2,2025-11-03 00:00:00+00:00,1420.545
DK2,2025-11-03 01:00:00+00:00,1454.5725
DK2,2025-11-03 02:00:00+00:00,1456.8425
DK2,2025-11-03 03:00:00+00:00,1387.1125
DK2,2025-11-03 04:00:00+00:00,1414.03
DK2,2025-11-03 05:00:00+00:00,1617.0975
DK2,2025-11-03 06:00:00+00:00,1832.025
DK2,2025-11-03 07:00:00+00:00,1914.8875
DK2,2025-11-03 08:00:00+00:00,1975.805
DK2,2025-11-03 09:00:00+00:00,1984.5075
DK2,2025-11-03 10:00:00+00:00,2010.01
DK2,2025-11-03 11:00:00+00:00,1974.82
DK2,2025-11-03 12:00:00+00:00,1933.54
DK2,2025-11-03 13:00:00+00:00,1913.4725
DK2,2025-11-03 14:00:00+00:00,1872.0875
DK2,2025-11-03 15:00:00+00:00,1998.525
DK2,2025-11-03 16:00:00+00:00,2159.025
DK2,2025-11-03 17:00:00+00:00,2083.685
DK2,2025-11-03 18:00:00+00:00,1957.36
DK2,2025-11-03 19:00:00+00:00,1833.865
DK2,2025-11-03 20:00:00+00:00,1719.875
DK2,2025-11-03 21:00:00+00:00,1611.1
DK2,2025-11-03 22:00:00+00:00,1526.1225
DK2,2025-11-03 23:00:00+00:00,1529.2475
DK2,2025-11-04 00:00:00+00:00,1595.685
DK2,2025-11-04 01:00:00+00:00,1610.3275
DK2,2025-11-04 02:00:00+00:00,1535.15
DK2,2025-11-04 03:00:00+00:00,1410.89
DK2,2025-11-04 04:00:00+00:00,1409.3175
DK2,2025-11-04 05:00:00+00:00,1589.2225
DK2,2025-11-04 06:00:00+00:00,1814.6325
DK2,2025-11-04 07:00:00+00:00,1910.285
DK2,2025-11-04 08:00:00+00:00,1970.0575
DK2,2025-11-04 09:00:00+00:00,2008.35
DK2,2025-11-04 10:00:00+00:00,1988.11
DK2,2025-11-04 11:00:00+00:00,1941.8475
DK2,2025-11-04 12:00:00+00:00,1943.7625
DK2,2025-11-04 13:00:00+00:00,1966.64
DK2,2025-11-04 14:00:00+00:00,1905.52
DK2,2025-11-04 15:00:00+00:00,2011.5075
DK2,2025-11-04 16:00:00+00:00,2115.8625
DK2,2025-11-04 17:00:00+00:00,2083.405
DK2,2025-11-04 18:00:00+00:00,1922.05
DK2,2025-11-04 19:00:00+00:00,1775.8375
DK2,2025-11-04 20:00:00+00:00,1671.025
DK2,2025-11-04 21:00:00+00:00,1596.465
DK2,2025-11-04 22:00:00+00:00,1491.815
DK2,2025-11-04 23:00:00+00:00,1592.055
DK2,2025-11-05 00:00:00+00:00,1477.135
DK2,2025-11-05 01:00:00+00:00,1431.055
DK2,2025-11-05 02:00:00+00:00,1399.75
DK2,2025-11-05 03:00:00+00:00,1365.9625
DK2,2025-11-05 04:00:00+00:00,1397.9725
DK2,2025-11-05 05:00:00+00:00,1580.3525
DK2,2025-11-05 06:00:00+00:00,1772.6675
DK2,2025-11-05 07:00:00+00:00,1863.9925
DK2,2025-11-05 08:00:00+00:00,1914.7375
DK2,2025-11-05 09:00:00+00:00,1953.285
DK2,2025-11-05 10:00:00+00:00,1950.515
DK2,2025-11-05 11:00:00+00:00,1962.1425
DK2,2025-11-05 12:00:00+00:00,1923.955
DK2,2025-11-05 13:00:00+00:00,1902.4125
DK2,2025-11-05 14:00:00+00:00,1865.14
DK2,2025-11-05 15:00:00+00:00,1952.24
DK2,2025-11-05 16:00:00+00:00,2074.7575
DK2,2025-11-05 17:00:00+00:00,2026.595
DK2,2025-11-05 18:00:00+00:00,1879.455
DK2,2025-11-05 19:00:00+00:00,1797.78
DK2,2025-11-05 20:00:00+00:00,1679.7675
DK2,2025-11-05 21:00:00+00:00,1594.0075
DK2,2025-11-05 22:00:00+00:00,1496.995
DK2,2025-11-05 23:00:00+00:00,1490.68
DK2,2025-11-06 00:00:00+00:00,1520.365
DK2,2025-11-06 01:00:00+00:00,1448.9125
DK2,2025-11-06 02:00:00+00:00,1378.34
DK2,2025-11-06 03:00:00+00:00,1325.465
DK2,2025-11-06 04:00:00+00:00,1362.065
DK2,2025-11-06 05:00:00+00:00,1562.0775
DK2,2025-11-06 06:00:00+00:00,1791.475
DK2,2025-11-06 07:00:00+00:00,1893.495
DK2,2025-11-06 08:00:00+00:00,1980.84
DK2,2025-11-06 09:00:00+00:00,2004.96
DK2,2025-11-06 10:00:00+00:00,1984.1725
DK2,2025-11-06 11:00:00+00:00,1912.71
DK2,2025-11-06 12:00:00+00:00,1912.695
DK2,2025-11-06 13:00:00+00:00,1837.9775
DK2,2025-11-06 14:00:00+00:00,1809.2025
DK2,2025-11-06 15:00:00+00:00,1905.62
DK2,2025-11-06 16:00:00+00:00,2056.6375
DK2,2025-11-06 17:00:00+00:00,1971.6725
DK2,2025-11-06 18:00:00+00:00,1845.85
DK2,2025-11-06 19:00:00+00:00,1786.5025
DK2,2025-11-06 20:00:00+00:00,1690.935
DK2,2025-11-06 21:00:00+00:00,1600.3425
DK2,2025-11-06 22:00:00+00:00,1496.9625
DK2,2025-11-06 23:00:00+00:00,1580.8625
DK2,2025-11-07 00:00:00+00:00,1591.0325
DK2,2025-11-07 01:00:00+00:00,1499.1125
DK2,2025-11-07 02:00:00+00:00,1418.0625
DK2,2025-11-07 03:00:00+00:00,1365.005
DK2,2025-11-07 04:00:00+00:00,1426.4625
DK2,2025-11-07 05:00:00+00:00,1592.9925
DK2,2025-11-07 06:00:00+00:00,1795.975
DK2,2025-11-07 07:00:00+00:00,1983.605
DK2,2025-11-07 08:00:00+00:00,2012.4625
DK2,2025-11-07 09:00:00+00:00,1990.4725
DK2,2025-11-07 10:00:00+00:00,1996.485
DK2,2025-11-07 11:00:00+00:00,1981.875
DK2,2025-11-07 12:00:00+00:00,1933.0175
DK2,2025-11-07 13:00:00+00:00,1875.425
DK2,2025-11-07 14:00:00+00:00,1824.05
DK2,2025-11-07 15:00:00+00:00,1905.575
DK2,2025-11-07 16:00:00+00:00,2013.5275
DK2,2025-11-07 17:00:00+00:00,1955.32
DK2,2025-11-07 18:00:00+00:00,1822.735
DK2,2025-11-07 19:00:00+00:00,1714.6575
DK2,2025-11-07 20:00:00+00:00,1663.1125
DK2,2025-11-07 21:00:00+00:00,1569.095
DK2,2025-11-07 22:00:00+00:00,1515.365
DK2,2025-11-07 23:00:00+00:00,1535.9875
DK2,2025-11-08 00:00:00+00:00,1528.61
DK2,2025-11-08 01:00:00+00:00,1515.9175
DK2,2025-11-08 02:00:00+00:00,1474.6775
DK2,2025-11-08 03:00:00+00:00,1390.4175
DK2,2025-11-08 04:00:00+00:00,1357.5275
DK2,2025-11-08 05:00:00+00:00,1373.935
DK2,2025-11-08 06:00:00+00:00,1485.9675
DK2,2025-11-08 07:00:00+00:00,1615.445
DK2,2025-11-08 08:00:00+00:00,1715.26
DK2,2025-11-08 09:00:00+00:00,1757.3625
DK2,2025-11-08 10:00:00+00:00,1818.135
DK2,2025-11-08 11:00:00+00:00,1839.8275
DK2,2025-11-08 12:00:00+00:00,1827.965
DK2,2025-11-08 13:00:00+00:00,1806.89
DK2,2025-11-08 14:00:00+00:00,1816.5875
DK2,2025-11-08 15:00:00+00:00,1871.3125
DK2,2025-11-08 16:00:00+00:00,1934.38
DK2,2025-11-08 17:00:00+00:00,1859.71
DK2,2025-11-08 18:00:00+00:00,1773.91
DK2,2025-11-08 19:00:00+00:00,1685.02
DK2,2025-11-08 20:00:00+00:00,1612.1025
DK2,2025-11-08 21:00:00+00:00,1519.275
DK2,2025-11-08 22:00:00+00:00,1458.61
DK2,2025-11-08 23:00:00+00:00,1483.105
DK2,2025-11-09 00:00:00+00:00,1478.9625
DK2,2025-11-09 01:00:00+00:00,1478.04
DK2,2025-11-09 02:00:00+00:00,1441.6875
DK2,2025-11-09 03:00:00+00:00,1387.375
DK2,2025-11-09 04:00:00+00:00,1336.8125
DK2,2025-11-09 05:00:00+00:00,1348.22
DK2,2025-11-09 06:00:00+00:00,1443.3925
DK2,2025-11-09 07:00:00+00:00,1573.8975
DK2,2025-11-09 08:00:00+00:00,1677.2825
DK2,2025-11-09 09:00:00+00:00,1769.0375
DK2,2025-11-09 10:00:00+00:00,1806.09
DK2,2025-11-09 11:00:00+00:00,1827.0975
DK2,2025-11-09 12:00:00+00:00,1832.13
DK2,2025-11-09 13:00:00+00:00,1819.1175
DK2,2025-11-09 14:00:00+00:00,1861.025
DK2,2025-11-09 15:00:00+00:00,1947.805
DK2,2025-11-09 16:00:00+00:00,2073.905
DK2,2025-11-09 17:00:00+00:00,1992.705
DK2,2025-11-09 18:00:00+00:00,1853.19
DK2,2025-11-09 19:00:00+00:00,1737.1925
DK2,2025-11-09 20:00:00+00:00,1636.175
DK2,2025-11-09 21:00:00+00:00,1550.335
DK2,2025-11-09 22:00:00+00:00,1490.2325
DK2,2025-11-09 23:00:00+00:00,1525.445
DK2,2025-11-10 00:00:00+00:00,1548.5625
DK2,2025-11-10 01:00:00+00:00,1493.7725
DK2,2025-11-10 02:00:00+00:00,1463.645
DK2,2025-11-10 03:00:00+00:00,1414.7175
DK2,2025-11-10 04:00:00+00:00,1410.8525
DK2,2025-11-10 05:00:00+00:00,1613.0775
DK2,2025-11-10 06:00:00+00:00,1881.1075
DK2,2025-11-10 07:00:00+00:00,1975.075
DK2,2025-11-10 08:00:00+00:00,2039.38
DK2,2025-11-10 09:00:00+00:00,2079.475
DK2,2025-11-10 10:00:00+00:00,2088.57
DK2,2025-11-10 11:00:00+00:00,2097.6475
DK2,2025-11-10 12:00:00+00:00,2059.5925
DK2,2025-11-10 13:00:00+00:00,2029.32
DK2,2025-11-10 14:00:00+00:00,2004.6275
DK2,2025-11-10 15:00:00+00:00,2104.1675
DK2,2025-11-10 16:00:00+00:00,2217.7075
DK2,2025-11-10 17:00:00+00:00,2115.1225
DK2,2025-11-10 18:00:00+00:00,1979.065
DK2,2025-11-10 19:00:00+00:00,1869.1025
DK2,2025-11-10 20:00:00+00:00,1786.7475
DK2,2025-11-10 21:00:00+00:00,1647.7875
DK2,2025-11-10 22:00:00+00:00,1557.28
DK2,2025-11-10 23:00:00+00:00,1553.1175
DK2,2025-11-11 00:00:00+00:00,1555.37
DK2,2025-11-11 01:00:00+00:00,1548.5325
DK2,2025-11-11 02:00:00+00:00,1513.74
DK2,2025-11-11 03:00:00+00:00,1504.8125
DK2,2025-11-11 04:00:00+00:00,1511.1825
DK2,2025-11-11 05:00:00+00:00,1670.585
DK2,2025-11-11 06:00:00+00:00,1853.2075
DK2,2025-11-11 07:00:00+00:00,1965.475
DK2,2025-11-11 08:00:00+00:00,2036.16
DK2,2025-11-11 09:00:00+00:00,2041.1325
DK2,2025-11-11 10:00:00+00:00,2029.9075
DK2,2025-11-11 11:00:00+00:00,2036.18
DK2,2025-11-11 12:00:00+00:00,2035.9925
DK2,2025-11-11 13:00:00+00:00,2023.465
DK2,2025-11-11 14:00:00+00:00,2004.85
DK2,2025-11-11 15:00:00+00:00,2097.38
DK2,2025-11-11 16:00:00+00:00,2190.625
DK2,2025-11-11 17:00:00+00:00,2102.72
DK2,2025-11-11 18:00:00+00:00,1961.6025
DK2,2025-11-11 19:00:00+00:00,1852.245
DK2,2025-11-11 20:00:00+00:00,1744.7925
DK2,2025-11-11 21:00:00+00:00,1629.7725
DK2,2025-11-11 22:00:00+00:00,1559.0125
DK2,2025-11-11 23:00:00+00:00,1523.33
DK2,2025-11-12 00:00:00+00:00,1565.855
DK2,2025-11-12 01:00:00+00:00,1537.915
DK2,2025-11-12 02:00:00+00:00,1520.9575
DK2,2025-11-12 03:00:00+00:00,1539.1175
DK2,2025-11-12 04:00:00+00:00,1549.67
DK2,2025-11-12 05:00:00+00:00,1678.985
DK2,2025-11-12 06:00:00+00:00,1887.7925
DK2,2025-11-12 07:00:00+00:00,1955.9975
DK2,2025-11-12 08:00:00+00:00,2069.7125
DK2,2025-11-12 09:00:00+00:00,2091.1275
DK2,2025-11-12 10:00:00+00:00,2081.5475
DK2,2025-11-12 11:00:00+00:00,2071.3275
DK2,2025-11-12 12:00:00+00:00,2060.3425
DK2,2025-11-12 13:00:00+00:00,2027.0775
DK2,2025-11-12 14:00:00+00:00,2004.48
DK2,2025-11-12 15:00:00+00:00,2102.085
DK2,2025-11-12 16:00:00+00:00,2212.1775
DK2,2025-11-12 17:00:00+00:00,2137.455
DK2,2025-11-12 18:00:00+00:00,1999.6725
DK2,2025-11-12 19:00:00+00:00,1867.205
DK2,2025-11-12 20:00:00+00:00,1790.03
DK2,2025-11-12 21:00:00+00:00,1677.065
DK2,2025-11-12 22:00:00+00:00,1601.5825
DK2,2025-11-12 23:00:00+00:00,1700.1925
DK2,2025-11-13 00:00:00+00:00,1639.1875
DK2,2025-11-13 01:00:00+00:00,1679.335
DK2,2025-11-13 02:00:00+00:00,1582.8475
DK2,2025-11-13 03:00:00+00:00,1509.875
DK2,2025-11-13 04:00:00+00:00,1513.0125
DK2,2025-11-13 05:00:00+00:00,1660.045
DK2,2025-11-13 06:00:00+00:00,1881.9025
DK2,2025-11-13 07:00:00+00:00,1974.8875
DK2,2025-11-13 08:00:00+00:00,2033.1425
DK2,2025-11-13 09:00:00+00:00,2055.905
DK2,2025-11-13 10:00:00+00:00,2045.37
DK2,2025-11-13 11:00:00+00:00,2045.16
DK2,2025-11-13 12:00:00+00:00,2060.595
DK2,2025-11-13 13:00:00+00:00,2036.6375
DK2,2025-11-13 14:00:00+00:00,2011.4575
DK2,2025-11-13 15:00:00+00:00,2085.685
DK2,2025-11-13 16:00:00+00:00,2175.7925
DK2,2025-11-13 17:00:00+00:00,2098.9725
DK2,2025-11-13 18:00:00+00:00,1968.87
DK2,2025-11-13 19:00:00+00:00,1840.085
DK2,2025-11-13 20:00:00+00:00,1724.15
DK2,2025-11-13 21:00:00+00:00,1687.8825
DK2,2025-11-13 22:00:00+00:00,1537.3125
DK2,2025-11-13 23:00:00+00:00,1520.2225
DK2,2025-11-14 00:00:00+00:00,1479.0325
DK2,2025-11-14 01:00:00+00:00,1482.62
DK2,2025-11-14 02:00:00+00:00,1457.9125
DK2,2025-11-14 03:00:00+00:00,1437.9225
DK2,2025-11-14 04:00:00+00:00,1483.73
DK2,2025-11-14 05:00:00+00:00,1629.675
DK2,2025-11-14 06:00:00+00:00,1879.4325
DK2,2025-11-14 07:00:00+00:00,1998.7225
DK2,2025-11-14 08:00:00+00:00,2015.7625
DK2,2025-11-14 09:00:00+00:00,2061.185
DK2,2025-11-14 10:00:00+00:00,2018.175
DK2,2025-11-14 11:00:00+00:00,2026.2325
DK2,2025-11-14 12:00:00+00:00,2026.8025
DK2,2025-11-14 13:00:00+00:00,1990.4
DK2,2025-11-14 14:00:00+00:00,1989.085
DK2,2025-11-14 15:00:00+00:00,2104.115
DK2,2025-11-14 16:00:00+00:00,2180.4525
DK2,2025-11-14 17:00:00+00:00,2118.465
DK2,2025-11-14 18:00:00+00:00,1983.03
DK2,2025-11-14 19:00:00+00:00,1870.5725
DK2,2025-11-14 20:00:00+00:00,1790.955
DK2,2025-11-14 21:00:00+00:00,1701.08
DK2,2025-11-14 22:00:00+00:00,1648.335
DK2,2025-11-14 23:00:00+00:00,1678.22
DK2,2025-11-15 00:00:00+00:00,1678.51
DK2,2025-11-15 01:00:00+00:00,1670.8425
DK2,2025-11-15 02:00:00+00:00,1646.7175
DK2,2025-11-15 03:00:00+00:00,1591.4625
DK2,2025-11-15 04:00:00+00:00,1530.7775
DK2,2025-11-15 05:00:00+00:00,1541.0275
DK2,2025-11-15 06:00:00+00:00,1669.325
DK2,2025-11-15 07:00:00+00:00,1812.05
DK2,2025-11-15 08:00:00+00:00,1905.3525
DK2,2025-11-15 09:00:00+00:00,1957.8025
DK2,2025-11-15 10:00:00+00:00,1953.79
DK2,2025-11-15 11:00:00+00:00,2011.545
DK2,2025-11-15 12:00:00+00:00,2012.23
DK2,2025-11-15 13:00:00+00:00,1976.5725
DK2,2025-11-15 14:00:00+00:00,1982.2875
DK2,2025-11-15 15:00:00+00:00,2155.695
DK2,2025-11-15 16:00:00+00:00,2262.405
DK2,2025-11-15 17:00:00+00:00,2214.6
DK2,2025-11-15 18:00:00+00:00,2084.9
DK2,2025-11-15 19:00:00+00:00,1991.1025
DK2,2025-11-15 20:00:00+00:00,1928.6675
DK2,2025-11-15 21:00:00+00:00,1839.62
DK2,2025-11-15 22:00:00+00:00,1771.0775
DK2,2025-11-15 23:00:00+00:00,1819.27
DK2,2025-11-16 00:00:00+00:00,1769.6675
DK2,2025-11-16 01:00:00+00:00,1754.395
DK2,2025-11-16 02:00:00+00:00,1718.7875
DK2,2025-11-16 03:00:00+00:00,1684.2925
DK2,2025-11-16 04:00:00+00:00,1671.6925
DK2,2025-11-16 05:00:00+00:00,1682.095
DK2,2025-11-16 06:00:00+00:00,1786.3725
DK2,2025-11-16 07:00:00+00:00,1940.1725
DK2,2025-11-16 08:00:00+00:00,2043.605
DK2,2025-11-16 09:00:00+00:00,2088.6075
DK2,2025-11-16 10:00:00+00:00,2090.025
DK2,2025-11-16 11:00:00+00:00,2081.47
DK2,2025-11-16 12:00:00+00:00,2049.3625
DK2,2025-11-16 13:00:00+00:00,2056.5875
DK2,2025-11-16 14:00:00+00:00,2092.6675
DK2,2025-11-16 15:00:00+00:00,2165.235
DK2,2025-11-16 16:00:00+00:00,2291.745
DK2,2025-11-16 17:00:00+00:00,2228.1325
DK2,2025-11-16 18:00:00+00:00,2100.7575
DK2,2025-11-16 19:00:00+00:00,1980.155
DK2,2025-11-16 20:00:00+00:00,1874.2475
DK2,2025-11-16 21:00:00+00:00,1779.435
DK2,2025-11-16 22:00:00+00:00,1705.975
DK2,2025-11-16 23:00:00+00:00,1820.7625
DK2,2025-11-17 00:00:00+00:00,1754.6675
DK2,2025-11-17 01:00:00+00:00,1767.155
DK2,2025-11-17 02:00:00+00:00,1741.31
DK2,2025-11-17 03:00:00+00:00,1688.92
DK2,2025-11-17 04:00:00+00:00,1704.4775
DK2,2025-11-17 05:00:00+00:00,1900.7675
DK2,2025-11-17 06:00:00+00:00,2103.62
DK2,2025-11-17 07:00:00+00:00,2153.3725
DK2,2025-11-17 08:00:00+00:00,2270.3325
DK2,2025-11-17 09:00:00+00:00,2277.6725
DK2,2025-11-17 10:00:00+00:00,2254.88
DK2,2025-11-17 11:00:00+00:00,2268.29
DK2,2025-11-17 12:00:00+00:00,2208.0675
DK2,2025-11-17 13:00:00+00:00,2193.565
DK2,2025-11-17 14:00:00+00:00,2185.4225
DK2,2025-11-17 15:00:00+00:00,2271.925
DK2,2025-11-17 16:00:00+00:00,2394.255
DK2,2025-11-17 17:00:00+00:00,2324.1575
DK2,2025-11-17 18:00:00+00:00,2198.4925
DK2,2025-11-17 19:00:00+00:00,2090.2225
DK2,2025-11-17 20:00:00+00:00,2012.8275
DK2,2025-11-17 21:00:00+00:00,1882.4575
DK2,2025-11-17 22:00:00+00:00,1823.7125
DK2,2025-11-17 23:00:00+00:00,1836.7325
DK2,2025-11-18 00:00:00+00:00,1858.1525
DK2,2025-11-18 01:00:00+00:00,1877.47
DK2,2025-11-18 02:00:00+00:00,1805.12
DK2,2025-11-18 03:00:00+00:00,1716.455
DK2,2025-11-18 04:00:00+00:00,1735.85
DK2,2025-11-18 05:00:00+00:00,1934.6575
DK2,2025-11-18 06:00:00+00:00,2163.185
DK2,2025-11-18 07:00:00+00:00,2210.885
DK2,2025-11-18 08:00:00+00:00,2268.645
DK2,2025-11-18 09:00:00+00:00,2324.06
DK2,2025-11-18 10:00:00+00:00,2281.03
DK2,2025-11-18 11:00:00+00:00,2225.5
DK2,2025-11-18 12:00:00+00:00,2239.5075
DK2,2025-11-18 13:00:00+00:00,2228.69
DK2,2025-11-18 14:00:00+00:00,2148.7625
DK2,2025-11-18 15:00:00+00:00,2261.375
DK2,2025-11-18 16:00:00+00:00,2377.89
DK2,2025-11-18 17:00:00+00:00,2306.955
DK2,2025-11-18 18:00:00+00:00,2206.6175
DK2,2025-11-18 19:00:00+00:00,2049.7875
DK2,2025-11-18 20:00:00+00:00,2000.09
DK2,2025-11-18 21:00:00+00:00,1903.345
DK2,2025-11-18 22:00:00+00:00,1832.8175
DK2,2025-11-18 23:00:00+00:00,1862.055
DK2,2025-11-19 00:00:00+00:00,1872.51
DK2,2025-11-19 01:00:00+00:00,1899.98
DK2,2025-11-19 02:00:00+00:00,1878.1825
DK2,2025-11-19 03:00:00+00:00,1782.845
DK2,2025-11-19 04:00:00+00:00,1797.2125
DK2,2025-11-19 05:00:00+00:00,1946.7275
DK2,2025-11-19 06:00:00+00:00,2139.9025
DK2,2025-11-19 07:00:00+00:00,2261.8425
DK2,2025-11-19 08:00:00+00:00,2177.29
DK2,2025-11-19 09:00:00+00:00,2185.3375
DK2,2025-11-19 10:00:00+00:00,2203.145
DK2,2025-11-19 11:00:00+00:00,2184.4175
DK2,2025-11-19 12:00:00+00:00,2180.0925
DK2,2025-11-19 13:00:00+00:00,2187.045
DK2,2025-11-19 14:00:00+00:00,2180.145
DK2,2025-11-19 15:00:00+00:00,2223.88
DK2,2025-11-19 16:00:00+00:00,2327.2475
DK2,2025-11-19 17:00:00+00:00,2250.5225
DK2,2025-11-19 18:00:00+00:00,2148.56
DK2,2025-11-19 19:00:00+00:00,2069.935
DK2,2025-11-19 20:00:00+00:00,1933.065
DK2,2025-11-19 21:00:00+00:00,1873.355
DK2,2025-11-19 22:00:00+00:00,1779.16
DK2,2025-11-19 23:00:00+00:00,1804.23
DK2,2025-11-20 00:00:00+00:00,1811.5175
DK2,2025-11-20 01:00:00+00:00,1839.14
DK2,2025-11-20 02:00:00+00:00,1788.115
DK2,2025-11-20 03:00:00+00:00,1719.3675
DK2,2025-11-20 04:00:00+00:00,1680.6675
DK2,2025-11-20 05:00:00+00:00,1874.4725
DK2,2025-11-20 06:00:00+00:00,2073.3975
DK2,2025-11-20 07:00:00+00:00,2173.115
DK2,2025-11-20 08:00:00+00:00,2269.1875
DK2,2025-11-20 09:00:00+00:00,2292.58
DK2,2025-11-20 10:00:00+00:00,2313.595
DK2,2025-11-20 11:00:00+00:00,2318.545
DK2,2025-11-20 12:00:00+00:00,2303.72
DK2,2025-11-20 13:00:00+00:00,2275.115
DK2,2025-11-20 14:00:00+00:00,2259.575
DK2,2025-11-20 15:00:00+00:00,2369.095
DK2,2025-11-20 16:00:00+00:00,2452.4575
DK2,2025-11-20 17:00:00+00:00,2375.0775
DK2,2025-11-20 18:00:00+00:00,2234.685
DK2,2025-11-20 19:00:00+00:00,2096.6575
DK2,2025-11-20 20:00:00+00:00,1980.7625
DK2,2025-11-20 21:00:00+00:00,1895.49
DK2,2025-11-20 22:00:00+00:00,1812.625
DK2,2025-11-20 23:00:00+00:00,1845.5225
DK2,2025-11-21 00:00:00+00:00,1885.6825
DK2,2025-11-21 01:00:00+00:00,1914.7625
DK2,2025-11-21 02:00:00+00:00,1818.7375
DK2,2025-11-21 03:00:00+00:00,1718.2425
DK2,2025-11-21 04:00:00+00:00,1707.995
DK2,2025-11-21 05:00:00+00:00,1918.29
DK2,2025-11-21 06:00:00+00:00,2155.8625
DK2,2025-11-21 07:00:00+00:00,2207.165
DK2,2025-11-21 08:00:00+00:00,2255.15
DK2,2025-11-21 09:00:00+00:00,2226.045
DK2,2025-11-21 10:00:00+00:00,2202.3325
DK2,2025-11-21 11:00:00+00:00,2193.405
DK2,2025-11-21 12:00:00+00:00,2141.85
DK2,2025-11-21 13:00:00+00:00,2085.315
DK2,2025-11-21 14:00:00+00:00,2103.4775
DK2,2025-11-21 15:00:00+00:00,2223.885
DK2,2025-11-21 16:00:00+00:00,2339.245
DK2,2025-11-21 17:00:00+00:00,2298.2425
DK2,2025-11-21 18:00:00+00:00,2170.915
DK2,2025-11-21 19:00:00+00:00,2020.2725
DK2,2025-11-21 20:00:00+00:00,1984.9475
DK2,2025-11-21 21:00:00+00:00,1910.695
DK2,2025-11-21 22:00:00+00:00,1806.025
DK2,2025-11-21 23:00:00+00:00,1787.0
DK2,2025-11-22 00:00:00+00:00,1770.11
DK2,2025-11-22 01:00:00+00:00,1752.655
DK2,2025-11-22 02:00:00+00:00,1714.89
DK2,2025-11-22 03:00:00+00:00,1755.5425
DK2,2025-11-22 04:00:00+00:00,1730.0925
DK2,2025-11-22 05:00:00+00:00,1736.3725
DK2,2025-11-22 06:00:00+00:00,1800.535
DK2,2025-11-22 07:00:00+00:00,1900.3425
DK2,2025-11-22 08:00:00+00:00,1986.9625
DK2,2025-11-22 09:00:00+00:00,2023.1825
DK2,2025-11-22 10:00:00+00:00,2042.6725
DK2,2025-11-22 11:00:00+00:00,2036.9475
DK2,2025-11-22 12:00:00+00:00,2022.4175
DK2,2025-11-22 13:00:00+00:00,1988.915
DK2,2025-11-22 14:00:00+00:00,2020.3875
DK2,2025-11-22 15:00:00+00:00,2147.6925
DK2,2025-11-22 16:00:00+00:00,2229.0425
DK2,2025-11-22 17:00:00+00:00,2188.61
DK2,2025-11-22 18:00:00+00:00,2052.44
DK2,2025-11-22 19:00:00+00:00,1962.91
DK2,2025-11-22 20:00:00+00:00,1861.79
DK2,2025-11-22 21:00:00+00:00,1790.96
DK2,2025-11-22 22:00:00+00:00,1733.1575
DK2,2025-11-22 23:00:00+00:00,1781.0825
DK2,2025-11-23 00:00:00+00:00,1876.585
DK2,2025-11-23 01:00:00+00:00,1833.4625
DK2,2025-11-23 02:00:00+00:00,1732.3
DK2,2025-11-23 03:00:00+00:00,1632.9875
DK2,2025-11-23 04:00:00+00:00,1576.7975
DK2,2025-11-23 05:00:00+00:00,1577.16
DK2,2025-11-23 06:00:00+00:00,1672.4625
DK2,2025-11-23 07:00:00+00:00,1790.59
DK2,2025-11-23 08:00:00+00:00,1941.7275
DK2,2025-11-23 09:00:00+00:00,2007.1
DK2,2025-11-23 10:00:00+00:00,2004.0975
DK2,2025-11-23 11:00:00+00:00,1981.755
DK2,2025-11-23 12:00:00+00:00,1954.74
DK2,2025-11-23 13:00:00+00:00,1950.7
DK2,2025-11-23 14:00:00+00:00,2046.2
DK2,2025-11-23 15:00:00+00:00,2166.5025
DK2,2025-11-23 16:00:00+00:00,2288.975
DK2,2025-11-23 17:00:00+00:00,2244.5475
DK2,2025-11-23 18:00:00+00:00,2108.2475
DK2,2025-11-23 19:00:00+00:00,2039.0725
DK2,2025-11-23 20:00:00+00:00,1946.4775
DK2,2025-11-23 21:00:00+00:00,1832.9825
DK2,2025-11-23 22:00:00+00:00,1745.4075
DK2,2025-11-23 23:00:00+00:00,1861.0525
DK2,2025-11-24 00:00:00+00:00,1851.825
DK2,2025-11-24 01:00:00+00:00,1747.645
DK2,2025-11-24 02:00:00+00:00,1641.86
DK2,2025-11-24 03:00:00+00:00,1583.99
DK2,2025-11-24 04:00:00+00:00,1663.2275
DK2,2025-11-24 05:00:00+00:00,1882.715
DK2,2025-11-24 06:00:00+00:00,2099.245
DK2,2025-11-24 07:00:00+00:00,2191.005
DK2,2025-11-24 08:00:00+00:00,2300.49
DK2,2025-11-24 09:00:00+00:00,2291.1025
DK2,2025-11-24 10:00:00+00:00,2280.905
DK2,2025-11-24 11:00:00+00:00,2248.5625
DK2,2025-11-24 12:00:00+00:00,2236.315
DK2,2025-11-24 13:00:00+00:00,2218.0975
DK2,2025-11-24 14:00:00+00:00,2218.485
DK2,2025-11-24 15:00:00+00:00,2320.785
DK2,2025-11-24 16:00:00+00:00,2384.6025
DK2,2025-11-24 17:00:00+00:00,2303.8925
DK2,2025-11-24 18:00:00+00:00,2184.035
DK2,2025-11-24 19:00:00+00:00,2020.26
DK2,2025-11-24 20:00:00+00:00,1941.595
DK2,2025-11-24 21:00:00+00:00,1853.68
DK2,2025-11-24 22:00:00+00:00,1758.12
DK2,2025-11-24 23:00:00+00:00,1773.4075
DK2,2025-11-25 00:00:00+00:00,1776.91
DK2,2025-11-25 01:00:00+00:00,1744.965
DK2,2025-11-25 02:00:00+00:00,1718.885
DK2,2025-11-25 03:00:00+00:00,1621.115
DK2,2025-11-25 04:00:00+00:00,1655.205
DK2,2025-11-25 05:00:00+00:00,1839.26
DK2,2025-11-25 06:00:00+00:00,2061.6775
DK2,2025-11-25 07:00:00+00:00,2146.74
DK2,2025-11-25 08:00:00+00:00,2200.61
DK2,2025-11-25 09:00:00+00:00,2216.8925
DK2,2025-11-25 10:00:00+00:00,2181.35
DK2,2025-11-25 11:00:00+00:00,2177.755
DK2,2025-11-25 12:00:00+00:00,2150.4125
DK2,2025-11-25 13:00:00+00:00,2164.8325
DK2,2025-11-25 14:00:00+00:00,2099.51
DK2,2025-11-25 15:00:00+00:00,2180.0525
DK2,2025-11-25 16:00:00+00:00,2284.4175
DK2,2025-11-25 17:00:00+00:00,2238.39
DK2,2025-11-25 18:00:00+00:00,2127.04
DK2,2025-11-25 19:00:00+00:00,1977.5375
DK2,2025-11-25 20:00:00+00:00,1896.5225
DK2,2025-11-25 21:00:00+00:00,1760.1425
DK2,2025-11-25 22:00:00+00:00,1638.0
DK2,2025-11-25 23:00:00+00:00,1726.4825
DK2,2025-11-26 00:00:00+00:00,1758.6575
DK2,2025-11-26 01:00:00+00:00,1693.4125
DK2,2025-11-26 02:00:00+00:00,1576.035
DK2,2025-11-26 03:00:00+00:00,1530.6875
DK2,2025-11-26 04:00:00+00:00,1529.7275
DK2,2025-11-26 05:00:00+00:00,1739.925
DK2,2025-11-26 06:00:00+00:00,2016.8375
DK2,2025-11-26 07:00:00+00:00,2088.04
DK2,2025-11-26 08:00:00+00:00,2171.045
DK2,2025-11-26 09:00:00+00:00,2163.24
DK2,2025-11-26 10:00:00+00:00,2156.8975
DK2,2025-11-26 11:00:00+00:00,2118.935
DK2,2025-11-26 12:00:00+00:00,2111.2225
DK2,2025-11-26 13:00:00+00:00,2088.4375
DK2,2025-11-26 14:00:00+00:00,2105.77
DK2,2025-11-26 15:00:00+00:00,2202.935
DK2,2025-11-26 16:00:00+00:00,2304.065
DK2,2025-11-26 17:00:00+00:00,2221.61
DK2,2025-11-26 18:00:00+00:00,2087.8575
DK2,2025-11-26 19:00:00+00:00,1985.05
DK2,2025-11-26 20:00:00+00:00,1903.725
DK2,2025-11-26 21:00:00+00:00,1824.415
DK2,2025-11-26 22:00:00+00:00,1757.01
DK2,2025-11-26 23:00:00+00:00,1823.26
DK2,2025-11-27 00:00:00+00:00,1830.145
DK2,2025-11-27 01:00:00+00:00,1812.4425
DK2,2025-11-27 02:00:00+00:00,1783.2875
DK2,2025-11-27 03:00:00+00:00,1755.635
DK2,2025-11-27 04:00:00+00:00,1770.74
DK2,2025-11-27 05:00:00+00:00,1890.075
DK2,2025-11-27 06:00:00+00:00,2099.06
DK2,2025-11-27 07:00:00+00:00,2197.0425
DK2,2025-11-27 08:00:00+00:00,2284.11
DK2,2025-11-27 09:00:00+00:00,2303.98
DK2,2025-11-27 10:00:00+00:00,2302.9625
DK2,2025-11-27 11:00:00+00:00,2280.4575
DK2,2025-11-27 12:00:00+00:00,2289.8075
DK2,2025-11-27 13:00:00+00:00,2277.22
DK2,2025-11-27 14:00:00+00:00,2304.4425
DK2,2025-11-27 15:00:00+00:00,2372.17
DK2,2025-11-27 16:00:00+00:00,2413.9675
DK2,2025-11-27 17:00:00+00:00,2336.4075
DK2,2025-11-27 18:00:00+00:00,2210.7075
DK2,2025-11-27 19:00:00+00:00,2065.8725
DK2,2025-11-27 20:00:00+00:00,1965.56
DK2,2025-11-27 21:00:00+00:00,1874.77
DK2,2025-11-27 22:00:00+00:00,1802.8925
DK2,2025-11-27 23:00:00+00:00,2001.815
DK2,2025-11-28 00:00:00+00:00,1929.1375
DK2,2025-11-28 01:00:00+00:00,1816.195
DK2,2025-11-28 02:00:00+00:00,1808.85
DK2,2025-11-28 03:00:00+00:00,1793.785
DK2,2025-11-28 04:00:00+00:00,1780.0
DK2,2025-11-28 05:00:00+00:00,1807.36
DK2,2025-11-28 06:00:00+00:00,2038.48
DK2,2025-11-28 07:00:00+00:00,2128.9625
DK2,2025-11-28 08:00:00+00:00,2201.455
DK2,2025-11-28 09:00:00+00:00,2201.5525
DK2,2025-11-28 10:00:00+00:00,2183.93
DK2,2025-11-28 11:00:00+00:00,2154.28
DK2,2025-11-28 12:00:00+00:00,2152.71
DK2,2025-11-28 13:00:00+00:00,2106.1675
DK2,2025-11-28 14:00:00+00:00,2093.445
DK2,2025-11-28 15:00:00+00:00,2137.62
DK2,2025-11-28 16:00:00+00:00,2157.2825
DK2,2025-11-28 17:00:00+00:00,2124.235
DK2,2025-11-28 18:00:00+00:00,2044.075
DK2,2025-11-28 19:00:00+00:00,1917.8875
DK2,2025-11-28 20:00:00+00:00,1837.985
DK2,2025-11-28 21:00:00+00:00,1756.96
DK2,2025-11-28 22:00:00+00:00,1715.575
DK2,2025-11-28 23:00:00+00:00,1853.6325
DK2,2025-11-29 00:00:00+00:00,1863.0825
DK2,2025-11-29 01:00:00+00:00,1759.755
DK2,2025-11-29 02:00:00+00:00,1636.375
DK2,2025-11-29 03:00:00+00:00,1519.615
DK2,2025-11-29 04:00:00+00:00,1451.0725
DK2,2025-11-29 05:00:00+00:00,1485.36
DK2,2025-11-29 06:00:00+00:00,1587.0575
DK2,2025-11-29 07:00:00+00:00,1725.8175
DK2,2025-11-29 08:00:00+00:00,1872.24
DK2,2025-11-29 09:00:00+00:00,1923.275
DK2,2025-11-29 10:00:00+00:00,1880.56
DK2,2025-11-29 11:00:00+00:00,1931.5025
DK2,2025-11-29 12:00:00+00:00,1884.5875
DK2,2025-11-29 13:00:00+00:00,1867.91
DK2,2025-11-29 14:00:00+00:00,1911.5425
DK2,2025-11-29 15:00:00+00:00,1998.12
DK2,2025-11-29 16:00:00+00:00,2086.02
DK2,2025-11-29 17:00:00+00:00,2016.2475
DK2,2025-11-29 18:00:00+00:00,1928.67
DK2,2025-11-29 19:00:00+00:00,1758.7475
DK2,2025-11-29 20:00:00+00:00,1740.5075
DK2,2025-11-29 21:00:00+00:00,1653.755
DK2,2025-11-29 22:00:00+00:00,1581.6
DK2,2025-11-29 23:00:00+00:00,1623.725
DK2,2025-11-30 00:00:00+00:00,1551.39
DK2,2025-11-30 01:00:00+00:00,1520.4975
DK2,2025-11-30 02:00:00+00:00,1560.59
DK2,2025-11-30 03:00:00+00:00,1542.4375
DK2,2025-11-30 04:00:00+00:00,1514.6675
DK2,2025-11-30 05:00:00+00:00,1483.165
DK2,2025-11-30 06:00:00+00:00,1570.7475
DK2,2025-11-30 07:00:00+00:00,1704.8825
DK2,2025-11-30 08:00:00+00:00,1827.305
DK2,2025-11-30 09:00:00+00:00,1927.2
DK2,2025-11-30 10:00:00+00:00,1967.3325
DK2,2025-11-30 11:00:00+00:00,1969.48
DK2,2025-11-30 12:00:00+00:00,1946.61
DK2,2025-11-30 13:00:00+00:00,1935.3825
DK2,2025-11-30 14:00:00+00:00,1938.0225
DK2,2025-11-30 15:00:00+00:00,2054.125
DK2,2025-11-30 16:00:00+00:00,2141.9975
DK2,2025-11-30 17:00:00+00:00,2113.4775
DK2,2025-11-30 18:00:00+00:00,1994.3825
DK2,2025-11-30 19:00:00+00:00,1896.9525
DK2,2025-11-30 20:00:00+00:00,1813.1325
DK2,2025-11-30 21:00:00+00:00,1718.2075
DK2,2025-11-30 22:00:00+00:00,1663.7575
DK2,2025-11-30 23:00:00+00:00,1803.1925
DK2,2025-12-01 00:00:00+00:00,1798.895
DK2,2025-12-01 01:00:00+00:00,1701.9525
DK2,2025-12-01 02:00:00+00:00,1558.05
DK2,2025-12-01 03:00:00+00:00,1512.7175
DK2,2025-12-01 04:00:00+00:00,1555.9825
DK2,2025-12-01 05:00:00+00:00,1761.995
DK2,2025-12-01 06:00:00+00:00,2004.72
DK2,2025-12-01 07:00:00+00:00,2071.87
DK2,2025-12-01 08:00:00+00:00,2189.0275
DK2,2025-12-01 09:00:00+00:00,2195.535
DK2,2025-12-01 10:00:00+00:00,2174.98
DK2,2025-12-01 11:00:00+00:00,2175.9025
DK2,2025-12-01 12:00:00+00:00,2158.635
DK2,2025-12-01 13:00:00+00:00,2143.0375
DK2,2025-12-01 14:00:00+00:00,2148.3175
DK2,2025-12-01 15:00:00+00:00,2286.7575
DK2,2025-12-01 16:00:00+00:00,2364.825
DK2,2025-12-01 17:00:00+00:00,2303.7125
DK2,2025-12-01 18:00:00+00:00,2158.4275
DK2,2025-12-01 19:00:00+00:00,2029.6325
DK2,2025-12-01 20:00:00+00:00,1922.375
DK2,2025-12-01 21:00:00+00:00,1807.73
DK2,2025-12-01 22:00:00+00:00,1716.6525
DK2,2025-12-01 23:00:00+00:00,1793.2525
DK2,2025-12-02 00:00:00+00:00,1800.6275
DK2,2025-12-02 01:00:00+00:00,1801.69
DK2,2025-12-02 02:00:00+00:00,1764.96
DK2,2025-12-02 03:00:00+00:00,1708.5325
DK2,2025-12-02 04:00:00+00:00,1681.3425
DK2,2025-12-02 05:00:00+00:00,1828.22
DK2,2025-12-02 06:00:00+00:00,2067.86
DK2,2025-12-02 07:00:00+00:00,2159.675
DK2,2025-12-02 08:00:00+00:00,2201.8
DK2,2025-12-02 09:00:00+00:00,2226.82
DK2,2025-12-02 10:00:00+00:00,2196.775
DK2,2025-12-02 11:00:00+00:00,2188.0175
DK2,2025-12-02 12:00:00+00:00,2211.9225
DK2,2025-12-02 13:00:00+00:00,2201.505
DK2,2025-12-02 14:00:00+00:00,2232.0625
DK2,2025-12-02 15:00:00+00:00,2322.525
DK2,2025-12-02 16:00:00+00:00,2385.0825
DK2,2025-12-02 17:00:00+00:00,2276.155
DK2,2025-12-02 18:00:00+00:00,2136.105
DK2,2025-12-02 19:00:00+00:00,2018.905
DK2,2025-12-02 20:00:00+00:00,1961.9725
DK2,2025-12-02 21:00:00+00:00,1833.575
DK2,2025-12-02 22:00:00+00:00,1721.65
DK2,2025-12-02 23:00:00+00:00,1827.905
DK2,2025-12-03 00:00:00+00:00,1787.785
DK2,2025-12-03 01:00:00+00:00,1706.32
DK2,2025-12-03 02:00:00+00:00,1689.425
DK2,2025-12-03 03:00:00+00:00,1590.9325
DK2,2025-12-03 04:00:00+00:00,1589.825
DK2,2025-12-03 05:00:00+00:00,1789.1275
DK2,2025-12-03 06:00:00+00:00,2009.7825
DK2,2025-12-03 07:00:00+00:00,2096.8575
DK2,2025-12-03 08:00:00+00:00,2185.915
DK2,2025-12-03 09:00:00+00:00,2220.6575
DK2,2025-12-03 10:00:00+00:00,2216.2675
DK2,2025-12-03 11:00:00+00:00,2180.6725
DK2,2025-12-03 12:00:00+00:00,2185.9475
DK2,2025-12-03 13:00:00+00:00,2175.355
DK2,2025-12-03 14:00:00+00:00,2178.215
DK2,2025-12-03 15:00:00+00:00,2251.8
DK2,2025-12-03 16:00:00+00:00,2306.895
DK2,2025-12-03 17:00:00+00:00,2251.345
DK2,2025-12-03 18:00:00+00:00,2122.55
DK2,2025-12-03 19:00:00+00:00,2011.5075
DK2,2025-12-03 20:00:00+00:00,1921.01
DK2,2025-12-03 21:00:00+00:00,1806.8775
DK2,2025-12-03 22:00:00+00:00,1741.57
DK2,2025-12-03 23:00:00+00:00,1760.355
DK2,2025-12-04 00:00:00+00:00,1787.955
DK2,2025-12-04 01:00:00+00:00,1784.715
DK2,2025-12-04 02:00:00+00:00,1694.3775
DK2,2025-12-04 03:00:00+00:00,1604.0225
DK2,2025-12-04 04:00:00+00:00,1575.9875
DK2,2025-12-04 05:00:00+00:00,1764.8575
DK2,2025-12-04 06:00:00+00:00,1979.555
DK2,2025-12-04 07:00:00+00:00,2145.64
DK2,2025-12-04 08:00:00+00:00,2226.735
DK2,2025-12-04 09:00:00+00:00,2272.4575
DK2,2025-12-04 10:00:00+00:00,2222.805
DK2,2025-12-04 11:00:00+00:00,2220.5625
DK2,2025-12-04 12:00:00+00:00,2203.6225
DK2,2025-12-04 13:00:00+00:00,2210.045
DK2,2025-12-04 14:00:00+00:00,2215.8575
DK2,2025-12-04 15:00:00+00:00,2237.49
DK2,2025-12-04 16:00:00+00:00,2330.47
DK2,2025-12-04 17:00:00+00:00,2363.66
DK2,2025-12-04 18:00:00+00:00,2186.9
DK2,2025-12-04 19:00:00+00:00,2055.895
DK2,2025-12-04 20:00:00+00:00,1977.955
DK2,2025-12-04 21:00:00+00:00,1866.6625
DK2,2025-12-04 22:00:00+00:00,1782.2825
DK2,2025-12-04 23:00:00+00:00,1793.22
DK2,2025-12-05 00:00:00+00:00,1785.395
DK2,2025-12-05 01:00:00+00:00,1757.835
DK2,2025-12-05 02:00:00+00:00,1687.27
DK2,2025-12-05 03:00:00+00:00,1568.53
DK2,2025-12-05 04:00:00+00:00,1602.28
DK2,2025-12-05 05:00:00+00:00,1790.8125
DK2,2025-12-05 06:00:00+00:00,2016.905
DK2,2025-12-05 07:00:00+00:00,2126.6675
DK2,2025-12-05 08:00:00+00:00,2164.165
DK2,2025-12-05 09:00:00+00:00,2195.73
DK2,2025-12-05 10:00:00+00:00,2208.1875
DK2,2025-12-05 11:00:00+00:00,2199.8725
DK2,2025-12-05 12:00:00+00:00,2194.4725
DK2,2025-12-05 13:00:00+00:00,2163.73
DK2,2025-12-05 14:00:00+00:00,2164.5775
DK2,2025-12-05 15:00:00+00:00,2232.1225
DK2,2025-12-05 16:00:00+00:00,2255.9925
DK2,2025-12-05 17:00:00+00:00,2188.9625
DK2,2025-12-05 18:00:00+00:00,2059.4925
DK2,2025-12-05 19:00:00+00:00,1940.32
DK2,2025-12-05 20:00:00+00:00,1851.8025
DK2,2025-12-05 21:00:00+00:00,1760.03
DK2,2025-12-05 22:00:00+00:00,1688.7375
DK2,2025-12-05 23:00:00+00:00,1714.6225
DK2,2025-12-06 00:00:00+00:00,1713.845
DK2,2025-12-06 01:00:00+00:00,1715.005
DK2,2025-12-06 02:00:00+00:00,1677.5775
DK2,2025-12-06 03:00:00+00:00,1627.1075
DK2,2025-12-06 04:00:00+00:00,1591.3025
DK2,2025-12-06 05:00:00+00:00,1543.19
DK2,2025-12-06 06:00:00+00:00,1639.81
DK2,2025-12-06 07:00:00+00:00,1782.8875
DK2,2025-12-06 08:00:00+00:00,1918.5825
DK2,2025-12-06 09:00:00+00:00,2026.325
DK2,2025-12-06 10:00:00+00:00,2056.005
DK2,2025-12-06 11:00:00+00:00,2058.0225
DK2,2025-12-06 12:00:00+00:00,2054.1925
DK2,2025-12-06 13:00:00+00:00,2035.7475
DK2,2025-12-06 14:00:00+00:00,2048.835
DK2,2025-12-06 15:00:00+00:00,2127.9875
DK2,2025-12-06 16:00:00+00:00,2179.3625
DK2,2025-12-06 17:00:00+00:00,2122.6075
DK2,2025-12-06 18:00:00+00:00,2011.9425
DK2,2025-12-06 19:00:00+00:00,1897.975
DK2,2025-12-06 20:00:00+00:00,1821.425
DK2,2025-12-06 21:00:00+00:00,1730.2725
DK2,2025-12-06 22:00:00+00:00,1665.52
DK2,2025-12-06 23:00:00+00:00,1675.3275
DK2,2025-12-07 00:00:00+00:00,1708.855
DK2,2025-12-07 01:00:00+00:00,1684.655
DK2,2025-12-07 02:00:00+00:00,1608.84
DK2,2025-12-07 03:00:00+00:00,1488.3825
DK2,2025-12-07 04:00:00+00:00,1447.975
DK2,2025-12-07 05:00:00+00:00,1458.905
DK2,2025-12-07 06:00:00+00:00,1574.26
DK2,2025-12-07 07:00:00+00:00,1702.24
DK2,2025-12-07 08:00:00+00:00,1821.985
DK2,2025-12-07 09:00:00+00:00,1918.3525
DK2,2025-12-07 10:00:00+00:00,1965.6175
DK2,2025-12-07 11:00:00+00:00,1977.3475
DK2,2025-12-07 12:00:00+00:00,1992.5675
DK2,2025-12-07 13:00:00+00:00,1985.8875
DK2,2025-12-07 14:00:00+00:00,2000.74
DK2,2025-12-07 15:00:00+00:00,2071.645
DK2,2025-12-07 16:00:00+00:00,2147.5875
DK2,2025-12-07 17:00:00+00:00,2089.17
DK2,2025-12-07 18:00:00+00:00,1971.75
DK2,2025-12-07 19:00:00+00:00,1866.9775
DK2,2025-12-07 20:00:00+00:00,1784.2925
DK2,2025-12-07 21:00:00+00:00,1681.0125
DK2,2025-12-07 22:00:00+00:00,1641.17
DK2,2025-12-07 23:00:00+00:00,1720.0825
DK2,2025-12-08 00:00:00+00:00,1764.5325
DK2,2025-12-08 01:00:00+00:00,1754.5975
DK2,2025-12-08 02:00:00+00:00,1696.645
DK2,2025-12-08 03:00:00+00:00,1546.5775
DK2,2025-12-08 04:00:00+00:00,1543.2525
DK2,2025-12-08 05:00:00+00:00,1752.0725
DK2,2025-12-08 06:00:00+00:00,1989.615
DK2,2025-12-08 07:00:00+00:00,2100.695
DK2,2025-12-08 08:00:00+00:00,2155.4575
DK2,2025-12-08 09:00:00+00:00,2185.2075
DK2,2025-12-08 10:00:00+00:00,2176.655
DK2,2025-12-08 11:00:00+00:00,2158.17
DK2,2025-12-08 12:00:00+00:00,2132.955
DK2,2025-12-08 13:00:00+00:00,2110.415
DK2,2025-12-08 14:00:00+00:00,2104.2
DK2,2025-12-08 15:00:00+00:00,2196.9875
DK2,2025-12-08 16:00:00+00:00,2282.5475
DK2,2025-12-08 17:00:00+00:00,2218.0125
DK2,2025-12-08 18:00:00+00:00,2063.7275
DK2,2025-12-08 19:00:00+00:00,1936.195
DK2,2025-12-08 20:00:00+00:00,1827.79
DK2,2025-12-08 21:00:00+00:00,1719.7525
DK2,2025-12-08 22:00:00+00:00,1614.7275
DK2,2025-12-08 23:00:00+00:00,1698.6825
DK2,2025-12-09 00:00:00+00:00,1622.215
DK2,2025-12-09 01:00:00+00:00,1545.17
DK2,2025-12-09 02:00:00+00:00,1446.7825
DK2,2025-12-09 03:00:00+00:00,1471.965
DK2,2025-12-09 04:00:00+00:00,1539.75
DK2,2025-12-09 05:00:00+00:00,1699.4125
DK2,2025-12-09 06:00:00+00:00,1952.06
DK2,2025-12-09 07:00:00+00:00,2035.495
DK2,2025-12-09 08:00:00+00:00,2090.3425
DK2,2025-12-09 09:00:00+00:00,2103.9175
DK2,2025-12-09 10:00:00+00:00,2075.21
DK2,2025-12-09 11:00:00+00:00,2091.3825
DK2,2025-12-09 12:00:00+00:00,2093.65
DK2,2025-12-09 13:00:00+00:00,2069.605
DK2,2025-12-09 14:00:00+00:00,2073.7575
DK2,2025-12-09 15:00:00+00:00,2164.0975
DK2,2025-12-09 16:00:00+00:00,2237.2325
DK2,2025-12-09 17:00:00+00:00,2180.39
DK2,2025-12-09 18:00:00+00:00,2041.1125
DK2,2025-12-09 19:00:00+00:00,1926.6625
DK2,2025-12-09 20:00:00+00:00,1840.7875
DK2,2025-12-09 21:00:00+00:00,1705.7825
DK2,2025-12-09 22:00:00+00:00,1624.21
DK2,2025-12-09 23:00:00+00:00,1642.08
DK2,2025-12-10 00:00:00+00:00,1632.7175
DK2,2025-12-10 01:00:00+00:00,1671.49
DK2,2025-12-10 02:00:00+00:00,1590.41
DK2,2025-12-10 03:00:00+00:00,1497.83
DK2,2025-12-10 04:00:00+00:00,1517.465
DK2,2025-12-10 05:00:00+00:00,1702.515
DK2,2025-12-10 06:00:00+00:00,1923.005
DK2,2025-12-10 07:00:00+00:00,2022.375
DK2,2025-12-10 08:00:00+00:00,2100.075
DK2,2025-12-10 09:00:00+00:00,2107.3975
DK2,2025-12-10 10:00:00+00:00,2113.27
DK2,2025-12-10 11:00:00+00:00,2100.175
DK2,2025-12-10 12:00:00+00:00,2089.2925
DK2,2025-12-10 13:00:00+00:00,2075.4425
DK2,2025-12-10 14:00:00+00:00,2085.78
DK2,2025-12-10 15:00:00+00:00,2188.07
DK2,2025-12-10 16:00:00+00:00,2249.15
DK2,2025-12-10 17:00:00+00:00,2191.8425
DK2,2025-12-10 18:00:00+00:00,2054.17
DK2,2025-12-10 19:00:00+00:00,1939.7175
DK2,2025-12-10 20:00:00+00:00,1847.695
DK2,2025-12-10 21:00:00+00:00,1744.2775
DK2,2025-12-10 22:00:00+00:00,1721.8175
DK2,2025-12-10 23:00:00+00:00,1808.4325
DK2,2025-12-11 00:00:00+00:00,1761.41
DK2,2025-12-11 01:00:00+00:00,1722.69
DK2,2025-12-11 02:00:00+00:00,1607.705
DK2,2025-12-11 03:00:00+00:00,1483.92
DK2,2025-12-11 04:00:00+00:00,1506.9225
DK2,2025-12-11 05:00:00+00:00,1713.9725
DK2,2025-12-11 06:00:00+00:00,1950.5775
DK2,2025-12-11 07:00:00+00:00,2075.2075
DK2,2025-12-11 08:00:00+00:00,2113.1625
DK2,2025-12-11 09:00:00+00:00,2132.165
DK2,2025-12-11 10:00:00+00:00,2119.415
DK2,2025-12-11 11:00:00+00:00,2116.0
DK2,2025-12-11 12:00:00+00:00,2133.0575
DK2,2025-12-11 13:00:00+00:00,2125.3675
DK2,2025-12-11 14:00:00+00:00,2115.1725
DK2,2025-12-11 15:00:00+00:00,2196.3675
DK2,2025-12-11 16:00:00+00:00,2256.615
DK2,2025-12-11 17:00:00+00:00,2203.67
DK2,2025-12-11 18:00:00+00:00,2048.0775
DK2,2025-12-11 19:00:00+00:00,1964.4725
DK2,2025-12-11 20:00:00+00:00,1841.51
DK2,2025-12-11 21:00:00+00:00,1848.6225
DK2,2025-12-11 22:00:00+00:00,1765.2575
DK2,2025-12-11 23:00:00+00:00,1747.27
DK2,2025-12-12 00:00:00+00:00,1634.3875
DK2,2025-12-12 01:00:00+00:00,1498.18
DK2,2025-12-12 02:00:00+00:00,1402.925
DK2,2025-12-12 03:00:00+00:00,1397.2225
DK2,2025-12-12 04:00:00+00:00,1465.74
DK2,2025-12-12 05:00:00+00:00,1696.16
DK2,2025-12-12 06:00:00+00:00,1898.385
DK2,2025-12-12 07:00:00+00:00,2020.6075
DK2,2025-12-12 08:00:00+00:00,2053.4225
DK2,2025-12-12 09:00:00+00:00,2090.555
DK2,2025-12-12 10:00:00+00:00,2118.0925
DK2,2025-12-12 11:00:00+00:00,2113.335
DK2,2025-12-12 12:00:00+00:00,2084.0275
DK2,2025-12-12 13:00:00+00:00,2063.765
DK2,2025-12-12 14:00:00+00:00,2080.2675
DK2,2025-12-12 15:00:00+00:00,2147.375
DK2,2025-12-12 16:00:00+00:00,2183.4125
DK2,2025-12-12 17:00:00+00:00,2106.1175
DK2,2025-12-12 18:00:00+00:00,1990.6475
DK2,2025-12-12 19:00:00+00:00,1869.7625
DK2,2025-12-12 20:00:00+00:00,1792.3725
DK2,2025-12-12 21:00:00+00:00,1705.21
DK2,2025-12-12 22:00:00+00:00,1637.8575
DK2,2025-12-12 23:00:00+00:00,1640.2375
DK2,2025-12-13 00:00:00+00:00,1616.565
DK2,2025-12-13 01:00:00+00:00,1593.425
DK2,2025-12-13 02:00:00+00:00,1541.7275
DK2,2025-12-13 03:00:00+00:00,1495.94
DK2,2025-12-13 04:00:00+00:00,1465.59
DK2,2025-12-13 05:00:00+00:00,1443.71
DK2,2025-12-13 06:00:00+00:00,1551.5575
DK2,2025-12-13 07:00:00+00:00,1664.66
DK2,2025-12-13 08:00:00+00:00,1768.0825
DK2,2025-12-13 09:00:00+00:00,1842.4275
DK2,2025-12-13 10:00:00+00:00,1932.9
DK2,2025-12-13 11:00:00+00:00,1952.295
DK2,2025-12-13 12:00:00+00:00,1935.4175
DK2,2025-12-13 13:00:00+00:00,1911.055
DK2,2025-12-13 14:00:00+00:00,1926.9175
DK2,2025-12-13 15:00:00+00:00,2006.9375
DK2,2025-12-13 16:00:00+00:00,2064.8875
DK2,2025-12-13 17:00:00+00:00,1994.4075
DK2,2025-12-13 18:00:00+00:00,1906.995
DK2,2025-12-13 19:00:00+00:00,1831.88
DK2,2025-12-13 20:00:00+00:00,1746.5975
DK2,2025-12-13 21:00:00+00:00,1668.3775
DK2,2025-12-13 22:00:00+00:00,1600.1875
DK2,2025-12-13 23:00:00+00:00,1610.7675
DK2,2025-12-14 00:00:00+00:00,1601.935
DK2,2025-12-14 01:00:00+00:00,1581.5575
DK2,2025-12-14 02:00:00+00:00,1560.67
DK2,2025-12-14 03:00:00+00:00,1536.43
DK2,2025-12-14 04:00:00+00:00,1515.04
DK2,2025-12-14 05:00:00+00:00,1447.9825
DK2,2025-12-14 06:00:00+00:00,1554.55
DK2,2025-12-14 07:00:00+00:00,1674.04
DK2,2025-12-14 08:00:00+00:00,1803.475
DK2,2025-12-14 09:00:00+00:00,1912.755
DK2,2025-12-14 10:00:00+00:00,1961.45
DK2,2025-12-14 11:00:00+00:00,1984.9625
DK2,2025-12-14 12:00:00+00:00,1962.4775
DK2,2025-12-14 13:00:00+00:00,1983.3975
DK2,2025-12-14 14:00:00+00:00,2023.66
DK2,2025-12-14 15:00:00+00:00,2082.71
DK2,2025-12-14 16:00:00+00:00,2131.7025
DK2,2025-12-14 17:00:00+00:00,2083.79
DK2,2025-12-14 18:00:00+00:00,1981.645
DK2,2025-12-14 19:00:00+00:00,1871.135
DK2,2025-12-14 20:00:00+00:00,1763.365
DK2,2025-12-14 21:00:00+00:00,1687.51
DK2,2025-12-14 22:00:00+00:00,1632.56
DK2,2025-12-14 23:00:00+00:00,1680.4425
DK2,2025-12-15 00:00:00+00:00,1700.56
DK2,2025-12-15 01:00:00+00:00,1600.5475
DK2,2025-12-15 02:00:00+00:00,1581.105
DK2,2025-12-15 03:00:00+00:00,1483.64
DK2,2025-12-15 04:00:00+00:00,1485.9025
DK2,2025-12-15 05:00:00+00:00,1699.8875
DK2,2025-12-15 06:00:00+00:00,1946.8375
DK2,2025-12-15 07:00:00+00:00,2099.375
DK2,2025-12-15 08:00:00+00:00,2152.97
DK2,2025-12-15 09:00:00+00:00,2164.305
DK2,2025-12-15 10:00:00+00:00,2153.3725
DK2,2025-12-15 11:00:00+00:00,2129.395
DK2,2025-12-15 12:00:00+00:00,2082.355
DK2,2025-12-15 13:00:00+00:00,2043.44
DK2,2025-12-15 14:00:00+00:00,2099.43
DK2,2025-12-15 15:00:00+00:00,2236.6525
DK2,2025-12-15 16:00:00+00:00,2310.885
DK2,2025-12-15 17:00:00+00:00,2229.965
DK2,2025-12-15 18:00:00+00:00,2098.365
DK2,2025-12-15 19:00:00+00:00,1960.78
DK2,2025-12-15 20:00:00+00:00,1861.74
DK2,2025-12-15 21:00:00+00:00,1765.0
DK2,2025-12-15 22:00:00+00:00,1654.8725
DK2,2025-12-15 23:00:00+00:00,1722.0275
DK2,2025-12-16 00:00:00+00:00,1718.7775
DK2,2025-12-16 01:00:00+00:00,1683.215
DK2,2025-12-16 02:00:00+00:00,1550.7625
DK2,2025-12-16 03:00:00+00:00,1469.685
DK2,2025-12-16 04:00:00+00:00,1538.84
DK2,2025-12-16 05:00:00+00:00,1762.945
DK2,2025-12-16 06:00:00+00:00,1985.94
DK2,2025-12-16 07:00:00+00:00,2101.1125
DK2,2025-12-16 08:00:00+00:00,2129.56
DK2,2025-12-16 09:00:00+00:00,2170.17
DK2,2025-12-16 10:00:00+00:00,2155.5925
DK2,2025-12-16 11:00:00+00:00,2127.22
DK2,2025-12-16 12:00:00+00:00,2094.98
DK2,2025-12-16 13:00:00+00:00,2072.975
DK2,2025-12-16 14:00:00+00:00,2082.745
DK2,2025-12-16 15:00:00+00:00,2206.2025
DK2,2025-12-16 16:00:00+00:00,2270.0575
DK2,2025-12-16 17:00:00+00:00,2232.285
DK2,2025-12-16 18:00:00+00:00,2107.1425
DK2,2025-12-16 19:00:00+00:00,1984.69
DK2,2025-12-16 20:00:00+00:00,1887.6175
DK2,2025-12-16 21:00:00+00:00,1763.6375
DK2,2025-12-16 22:00:00+00:00,1666.8825
DK2,2025-12-16 23:00:00+00:00,1717.34
DK2,2025-12-17 00:00:00+00:00,1690.25
DK2,2025-12-17 01:00:00+00:00,1703.2075
DK2,2025-12-17 02:00:00+00:00,1636.6675
DK2,2025-12-17 03:00:00+00:00,1545.9325
DK2,2025-12-17 04:00:00+00:00,1550.62
DK2,2025-12-17 05:00:00+00:00,1759.0875
DK2,2025-12-17 06:00:00+00:00,1986.1575
DK2,2025-12-17 07:00:00+00:00,2099.68
DK2,2025-12-17 08:00:00+00:00,2178.415
DK2,2025-12-17 09:00:00+00:00,2156.6025
DK2,2025-12-17 10:00:00+00:00,2185.1825
DK2,2025-12-17 11:00:00+00:00,2175.7075
DK2,2025-12-17 12:00:00+00:00,2133.24
DK2,2025-12-17 13:00:00+00:00,2098.4875
DK2,2025-12-17 14:00:00+00:00,2125.2475
DK2,2025-12-17 15:00:00+00:00,2209.2175
DK2,2025-12-17 16:00:00+00:00,2257.985
DK2,2025-12-17 17:00:00+00:00,2215.9375
DK2,2025-12-17 18:00:00+00:00,2096.14
DK2,2025-12-17 19:00:00+00:00,1952.6025
DK2,2025-12-17 20:00:00+00:00,1870.9675
DK2,2025-12-17 21:00:00+00:00,1728.6925
DK2,2025-12-17 22:00:00+00:00,1628.995
DK2,2025-12-17 23:00:00+00:00,1624.58
DK2,2025-12-18 00:00:00+00:00,1630.45
DK2,2025-12-18 01:00:00+00:00,1634.52
DK2,2025-12-18 02:00:00+00:00,1638.5425
DK2,2025-12-18 03:00:00+00:00,1639.345
DK2,2025-12-18 04:00:00+00:00,1653.9275
DK2,2025-12-18 05:00:00+00:00,1752.14
DK2,2025-12-18 06:00:00+00:00,2004.29
DK2,2025-12-18 07:00:00+00:00,2070.015
DK2,2025-12-18 08:00:00+00:00,2152.1375
DK2,2025-12-18 09:00:00+00:00,2186.345
DK2,2025-12-18 10:00:00+00:00,2189.0225
DK2,2025-12-18 11:00:00+00:00,2184.335
DK2,2025-12-18 12:00:00+00:00,2133.2725
DK2,2025-12-18 13:00:00+00:00,2109.5825
DK2,2025-12-18 14:00:00+00:00,2121.5675
DK2,2025-12-18 15:00:00+00:00,2213.915
DK2,2025-12-18 16:00:00+00:00,2267.4725
DK2,2025-12-18 17:00:00+00:00,2184.6725
DK2,2025-12-18 18:00:00+00:00,2069.795
DK2,2025-12-18 19:00:00+00:00,1954.6375
DK2,2025-12-18 20:00:00+00:00,1874.635
DK2,2025-12-18 21:00:00+00:00,1760.595
DK2,2025-12-18 22:00:00+00:00,1704.04
DK2,2025-12-18 23:00:00+00:00,1819.465
DK2,2025-12-19 00:00:00+00:00,1908.4925
DK2,2025-12-19 01:00:00+00:00,1889.8875
DK2,2025-12-19 02:00:00+00:00,1817.3725
DK2,2025-12-19 03:00:00+00:00,1720.89
DK2,2025-12-19 04:00:00+00:00,1665.03
DK2,2025-12-19 05:00:00+00:00,1757.1975
DK2,2025-12-19 06:00:00+00:00,1965.62
DK2,2025-12-19 07:00:00+00:00,2064.06
DK2,2025-12-19 08:00:00+00:00,2132.1125
DK2,2025-12-19 09:00:00+00:00,2146.38
DK2,2025-12-19 10:00:00+00:00,2130.8425
DK2,2025-12-19 11:00:00+00:00,2125.21
DK2,2025-12-19 12:00:00+00:00,2088.88
DK2,2025-12-19 13:00:00+00:00,2090.0325
DK2,2025-12-19 14:00:00+00:00,2063.365
DK2,2025-12-19 15:00:00+00:00,2119.7875
DK2,2025-12-19 16:00:00+00:00,2174.35
DK2,2025-12-19 17:00:00+00:00,2060.51
DK2,2025-12-19 18:00:00+00:00,1955.525
DK2,2025-12-19 19:00:00+00:00,1882.98
DK2,2025-12-19 20:00:00+00:00,1776.5275
DK2,2025-12-19 21:00:00+00:00,1659.5225
DK2,2025-12-19 22:00:00+00:00,1652.5725
DK2,2025-12-19 23:00:00+00:00,1753.1375
DK2,2025-12-20 00:00:00+00:00,1673.785
DK2,2025-12-20 01:00:00+00:00,1592.245
DK2,2025-12-20 02:00:00+00:00,1473.0275
DK2,2025-12-20 03:00:00+00:00,1390.7875
DK2,2025-12-20 04:00:00+00:00,1369.39
DK2,2025-12-20 05:00:00+00:00,1413.9575
DK2,2025-12-20 06:00:00+00:00,1544.535
DK2,2025-12-20 07:00:00+00:00,1670.355
DK2,2025-12-20 08:00:00+00:00,1778.8775
DK2,2025-12-20 09:00:00+00:00,1855.585
DK2,2025-12-20 10:00:00+00:00,1896.4025
DK2,2025-12-20 11:00:00+00:00,1889.915
DK2,2025-12-20 12:00:00+00:00,1864.4925
DK2,2025-12-20 13:00:00+00:00,1875.335
DK2,2025-12-20 14:00:00+00:00,1918.63
DK2,2025-12-20 15:00:00+00:00,2002.0075
DK2,2025-12-20 16:00:00+00:00,2068.6325
DK2,2025-12-20 17:00:00+00:00,2032.3225
DK2,2025-12-20 18:00:00+00:00,1935.575
DK2,2025-12-20 19:00:00+00:00,1845.145
DK2,2025-12-20 20:00:00+00:00,1777.5125
DK2,2025-12-20 21:00:00+00:00,1709.3975
DK2,2025-12-20 22:00:00+00:00,1641.0675
DK2,2025-12-20 23:00:00+00:00,1627.17
DK2,2025-12-21 00:00:00+00:00,1605.9375
DK2,2025-12-21 01:00:00+00:00,1570.6075
DK2,2025-12-21 02:00:00+00:00,1543.51
DK2,2025-12-21 03:00:00+00:00,1496.7275
DK2,2025-12-21 04:00:00+00:00,1464.785
DK2,2025-12-21 05:00:00+00:00,1455.2125
DK2,2025-12-21 06:00:00+00:00,1549.1925
DK2,2025-12-21 07:00:00+00:00,1670.845
DK2,2025-12-21 08:00:00+00:00,1789.775
DK2,2025-12-21 09:00:00+00:00,1863.4375
DK2,2025-12-21 10:00:00+00:00,1882.6925
DK2,2025-12-21 11:00:00+00:00,1909.74
DK2,2025-12-21 12:00:00+00:00,1941.98
DK2,2025-12-21 13:00:00+00:00,1931.66
DK2,2025-12-21 14:00:00+00:00,1930.285
DK2,2025-12-21 15:00:00+00:00,2031.8725
DK2,2025-12-21 16:00:00+00:00,2116.6275
DK2,2025-12-21 17:00:00+00:00,2078.455
DK2,2025-12-21 18:00:00+00:00,1970.61
DK2,2025-12-21 19:00:00+00:00,1864.5475
DK2,2025-12-21 20:00:00+00:00,1798.675
DK2,2025-12-21 21:00:00+00:00,1691.135
DK2,2025-12-21 22:00:00+00:00,1610.4325
DK2,2025-12-21 23:00:00+00:00,1646.5725
DK2,2025-12-22 00:00:00+00:00,1675.9525
DK2,2025-12-22 01:00:00+00:00,1641.5625
DK2,2025-12-22 02:00:00+00:00,1601.74
DK2,2025-12-22 03:00:00+00:00,1543.3225
DK2,2025-12-22 04:00:00+00:00,1540.79
DK2,2025-12-22 05:00:00+00:00,1625.285
DK2,2025-12-22 06:00:00+00:00,1810.125
DK2,2025-12-22 07:00:00+00:00,1936.5875
DK2,2025-12-22 08:00:00+00:00,2064.355
DK2,2025-12-22 09:00:00+00:00,2131.4625
DK2,2025-12-22 10:00:00+00:00,2162.225
DK2,2025-12-22 11:00:00+00:00,2149.2025
DK2,2025-12-22 12:00:00+00:00,2153.81
DK2,2025-12-22 13:00:00+00:00,2125.1025
DK2,2025-12-22 14:00:00+00:00,2123.385
DK2,2025-12-22 15:00:00+00:00,2190.6325
DK2,2025-12-22 16:00:00+00:00,2247.475
DK2,2025-12-22 17:00:00+00:00,2184.17
DK2,2025-12-22 18:00:00+00:00,2078.945
DK2,2025-12-22 19:00:00+00:00,1954.465
DK2,2025-12-22 20:00:00+00:00,1873.45
DK2,2025-12-22 21:00:00+00:00,1775.855
DK2,2025-12-22 22:00:00+00:00,1661.79
DK2,2025-12-22 23:00:00+00:00,1712.95
DK2,2025-12-23 00:00:00+00:00,1688.67
DK2,2025-12-23 01:00:00+00:00,1686.105
DK2,2025-12-23 02:00:00+00:00,1650.68
DK2,2025-12-23 03:00:00+00:00,1637.5775
DK2,2025-12-23 04:00:00+00:00,1613.5075
DK2,2025-12-23 05:00:00+00:00,1682.595
DK2,2025-12-23 06:00:00+00:00,1847.375
DK2,2025-12-23 07:00:00+00:00,1978.145
DK2,2025-12-23 08:00:00+00:00,2062.4
DK2,2025-12-23 09:00:00+00:00,2120.425
DK2,2025-12-23 10:00:00+00:00,2119.6925
DK2,2025-12-23 11:00:00+00:00,2137.82
DK2,2025-12-23 12:00:00+00:00,2140.5475
DK2,2025-12-23 13:00:00+00:00,2132.225
DK2,2025-12-23 14:00:00+00:00,2163.7175
DK2,2025-12-23 15:00:00+00:00,2229.7375
DK2,2025-12-23 16:00:00+00:00,2243.475
DK2,2025-12-23 17:00:00+00:00,2172.5825
DK2,2025-12-23 18:00:00+00:00,2051.9625
DK2,2025-12-23 19:00:00+00:00,1995.1725
DK2,2025-12-23 20:00:00+00:00,1946.9025
DK2,2025-12-23 21:00:00+00:00,1848.02
DK2,2025-12-23 22:00:00+00:00,1764.2225
DK2,2025-12-23 23:00:00+00:00,1836.6425
DK2,2025-12-24 00:00:00+00:00,1825.0925
DK2,2025-12-24 01:00:00+00:00,1728.48
DK2,2025-12-24 02:00:00+00:00,1697.81
DK2,2025-12-24 03:00:00+00:00,1651.4475
DK2,2025-12-24 04:00:00+00:00,1591.725
DK2,2025-12-24 05:00:00+00:00,1586.5175
DK2,2025-12-24 06:00:00+00:00,1698.6725
DK2,2025-12-24 07:00:00+00:00,1839.4725
DK2,2025-12-24 08:00:00+00:00,1969.4575
DK2,2025-12-24 09:00:00+00:00,2010.5025
DK2,2025-12-24 10:00:00+00:00,2087.2575
DK2,2025-12-24 11:00:00+00:00,2104.8225
DK2,2025-12-24 12:00:00+00:00,2080.845
DK2,2025-12-24 13:00:00+00:00,2067.7025
DK2,2025-12-24 14:00:00+00:00,2148.25
DK2,2025-12-24 15:00:00+00:00,2295.735
DK2,2025-12-24 16:00:00+00:00,2319.8975
DK2,2025-12-24 17:00:00+00:00,2065.385
DK2,2025-12-24 18:00:00+00:00,1884.29
DK2,2025-12-24 19:00:00+00:00,1825.135
DK2,2025-12-24 20:00:00+00:00,1763.8925
DK2,2025-12-24 21:00:00+00:00,1719.2325
DK2,2025-12-24 22:00:00+00:00,1723.715
DK2,2025-12-24 23:00:00+00:00,1801.56
DK2,2025-12-25 00:00:00+00:00,1825.785
DK2,2025-12-25 01:00:00+00:00,1737.0975
DK2,2025-12-25 02:00:00+00:00,1732.595
DK2,2025-12-25 03:00:00+00:00,1676.4675
DK2,2025-12-25 04:00:00+00:00,1637.4075
DK2,2025-12-25 05:00:00+00:00,1623.9575
DK2,2025-12-25 06:00:00+00:00,1715.0275
DK2,2025-12-25 07:00:00+00:00,1823.04
DK2,2025-12-25 08:00:00+00:00,1870.0075
DK2,2025-12-25 09:00:00+00:00,2033.855
DK2,2025-12-25 10:00:00+00:00,2073.925
DK2,2025-12-25 11:00:00+00:00,2109.47
DK2,2025-12-25 12:00:00+00:00,2093.635
DK2,2025-12-25 13:00:00+00:00,2042.15
DK2,2025-12-25 14:00:00+00:00,2041.31
DK2,2025-12-25 15:00:00+00:00,2109.4425
DK2,2025-12-25 16:00:00+00:00,2117.1025
DK2,2025-12-25 17:00:00+00:00,2102.4475
DK2,2025-12-25 18:00:00+00:00,2067.915
DK2,2025-12-25 19:00:00+00:00,1965.515
DK2,2025-12-25 20:00:00+00:00,1923.555
DK2,2025-12-25 21:00:00+00:00,1832.185
DK2,2025-12-25 22:00:00+00:00,1761.7425
DK2,2025-12-25 23:00:00+00:00,1773.42
DK2,2025-12-26 00:00:00+00:00,1743.73
DK2,2025-12-26 01:00:00+00:00,1696.3675
DK2,2025-12-26 02:00:00+00:00,1646.225
DK2,2025-12-26 03:00:00+00:00,1605.7225
DK2,2025-12-26 04:00:00+00:00,1561.75
DK2,2025-12-26 05:00:00+00:00,1545.97
DK2,2025-12-26 06:00:00+00:00,1608.795
DK2,2025-12-26 07:00:00+00:00,1707.7675
DK2,2025-12-26 08:00:00+00:00,1830.7975
DK2,2025-12-26 09:00:00+00:00,1951.0625
DK2,2025-12-26 10:00:00+00:00,2014.4425
DK2,2025-12-26 11:00:00+00:00,2015.815
DK2,2025-12-26 12:00:00+00:00,1958.3225
DK2,2025-12-26 13:00:00+00:00,1910.525
DK2,2025-12-26 14:00:00+00:00,1908.1575
DK2,2025-12-26 15:00:00+00:00,1950.175
DK2,2025-12-26 16:00:00+00:00,1964.8725
DK2,2025-12-26 17:00:00+00:00,1944.7525
DK2,2025-12-26 18:00:00+00:00,1894.9225
DK2,2025-12-26 19:00:00+00:00,1829.165
DK2,2025-12-26 20:00:00+00:00,1777.1425
DK2,2025-12-26 21:00:00+00:00,1692.1475
DK2,2025-12-26 22:00:00+00:00,1622.27
DK2,2025-12-26 23:00:00+00:00,1609.05
DK2,2025-12-27 00:00:00+00:00,1571.2625
DK2,2025-12-27 01:00:00+00:00,1552.01
DK2,2025-12-27 02:00:00+00:00,1508.1625
DK2,2025-12-27 03:00:00+00:00,1475.845
DK2,2025-12-27 04:00:00+00:00,1455.0075
DK2,2025-12-27 05:00:00+00:00,1451.5925
DK2,2025-12-27 06:00:00+00:00,1540.44
DK2,2025-12-27 07:00:00+00:00,1683.37
DK2,2025-12-27 08:00:00+00:00,1816.39
DK2,2025-12-27 09:00:00+00:00,1930.76
DK2,2025-12-27 10:00:00+00:00,2000.3075
DK2,2025-12-27 11:00:00+00:00,1992.545
DK2,2025-12-27 12:00:00+00:00,1935.665
DK2,2025-12-27 13:00:00+00:00,1904.5125
DK2,2025-12-27 14:00:00+00:00,1921.6925
DK2,2025-12-27 15:00:00+00:00,1980.5125
DK2,2025-12-27 16:00:00+00:00,2046.2175
DK2,2025-12-27 17:00:00+00:00,2013.8175
DK2,2025-12-27 18:00:00+00:00,1941.3625
DK2,2025-12-27 19:00:00+00:00,1848.835
DK2,2025-12-27 20:00:00+00:00,1782.8425
DK2,2025-12-27 21:00:00+00:00,1702.25
DK2,2025-12-27 22:00:00+00:00,1657.22
DK2,2025-12-27 23:00:00+00:00,1721.34
DK2,2025-12-28 00:00:00+00:00,1673.92
DK2,2025-12-28 01:00:00+00:00,1644.3725
DK2,2025-12-28 02:00:00+00:00,1567.0425
DK2,2025-12-28 03:00:00+00:00,1510.845
DK2,2025-12-28 04:00:00+00:00,1488.85
DK2,2025-12-28 05:00:00+00:00,1525.3625
DK2,2025-12-28 06:00:00+00:00,1626.0775
DK2,2025-12-28 07:00:00+00:00,1755.415
DK2,2025-12-28 08:00:00+00:00,1854.7575
DK2,2025-12-28 09:00:00+00:00,1946.1825
DK2,2025-12-28 10:00:00+00:00,1945.325
DK2,2025-12-28 11:00:00+00:00,1952.2775
DK2,2025-12-28 12:00:00+00:00,1927.315
DK2,2025-12-28 13:00:00+00:00,1920.785
DK2,2025-12-28 14:00:00+00:00,1933.2425
DK2,2025-12-28 15:00:00+00:00,2054.51
DK2,2025-12-28 16:00:00+00:00,2129.985
DK2,2025-12-28 17:00:00+00:00,2114.34
DK2,2025-12-28 18:00:00+00:00,2026.5125
DK2,2025-12-28 19:00:00+00:00,1937.94
DK2,2025-12-28 20:00:00+00:00,1866.575
DK2,2025-12-28 21:00:00+00:00,1810.2725
DK2,2025-12-28 22:00:00+00:00,1797.41
DK2,2025-12-28 23:00:00+00:00,1870.5825
DK2,2025-12-29 00:00:00+00:00,1912.165
DK2,2025-12-29 01:00:00+00:00,1874.2175
DK2,2025-12-29 02:00:00+00:00,1801.42
DK2,2025-12-29 03:00:00+00:00,1689.145
DK2,2025-12-29 04:00:00+00:00,1606.62
DK2,2025-12-29 05:00:00+00:00,1640.51
DK2,2025-12-29 06:00:00+00:00,1859.0125
DK2,2025-12-29 07:00:00+00:00,1974.6575
DK2,2025-12-29 08:00:00+00:00,2015.2925
DK2,2025-12-29 09:00:00+00:00,2073.59
DK2,2025-12-29 10:00:00+00:00,2089.475
DK2,2025-12-29 11:00:00+00:00,2065.51
DK2,2025-12-29 12:00:00+00:00,2124.5175
DK2,2025-12-29 13:00:00+00:00,2096.5
DK2,2025-12-29 14:00:00+00:00,2092.7775
DK2,2025-12-29 15:00:00+00:00,2133.935
DK2,2025-12-29 16:00:00+00:00,2205.43
DK2,2025-12-29 17:00:00+00:00,2201.3875
DK2,2025-12-29 18:00:00+00:00,2102.815
DK2,2025-12-29 19:00:00+00:00,2002.395
DK2,2025-12-29 20:00:00+00:00,1922.44
DK2,2025-12-29 21:00:00+00:00,1836.52
DK2,2025-12-29 22:00:00+00:00,1796.67
DK2,2025-12-29 23:00:00+00:00,1801.9425
DK2,2025-12-30 00:00:00+00:00,1830.7625
DK2,2025-12-30 01:00:00+00:00,1819.3925
DK2,2025-12-30 02:00:00+00:00,1769.66
DK2,2025-12-30 03:00:00+00:00,1752.855
DK2,2025-12-30 04:00:00+00:00,1786.3525
DK2,2025-12-30 05:00:00+00:00,1766.0525
DK2,2025-12-30 06:00:00+00:00,1856.0775
DK2,2025-12-30 07:00:00+00:00,1991.7675
DK2,2025-12-30 08:00:00+00:00,2080.51
DK2,2025-12-30 09:00:00+00:00,2176.5075
DK2,2025-12-30 10:00:00+00:00,2199.49
DK2,2025-12-30 11:00:00+00:00,2151.3475
DK2,2025-12-30 12:00:00+00:00,2159.7875
DK2,2025-12-30 13:00:00+00:00,2133.005
DK2,2025-12-30 14:00:00+00:00,2140.6425
DK2,2025-12-30 15:00:00+00:00,2248.1625
DK2,2025-12-30 16:00:00+00:00,2277.6975
DK2,2025-12-30 17:00:00+00:00,2257.4475
DK2,2025-12-30 18:00:00+00:00,2147.885
DK2,2025-12-30 19:00:00+00:00,2057.05
DK2,2025-12-30 20:00:00+00:00,1978.3725
DK2,2025-12-30 21:00:00+00:00,1884.725
DK2,2025-12-30 22:00:00+00:00,1831.865
DK2,2025-12-30 23:00:00+00:00,1854.0625
DK2,2025-12-31 00:00:00+00:00,1813.02
DK2,2025-12-31 01:00:00+00:00,1780.1525
DK2,2025-12-31 02:00:00+00:00,1743.105
DK2,2025-12-31 03:00:00+00:00,1692.16
DK2,2025-12-31 04:00:00+00:00,1638.3325
DK2,2025-12-31 05:00:00+00:00,1637.17
DK2,2025-12-31 06:00:00+00:00,1689.985
DK2,2025-12-31 07:00:00+00:00,1858.51
DK2,2025-12-31 08:00:00+00:00,1952.81
DK2,2025-12-31 09:00:00+00:00,2032.7425
DK2,2025-12-31 10:00:00+00:00,2045.825
DK2,2025-12-31 11:00:00+00:00,2054.7175
DK2,2025-12-31 12:00:00+00:00,2039.52
DK2,2025-12-31 13:00:00+00:00,1984.465
DK2,2025-12-31 14:00:00+00:00,2005.945
DK2,2025-12-31 15:00:00+00:00,2086.3875
DK2,2025-12-31 16:00:00+00:00,2124.105
DK2,2025-12-31 17:00:00+00:00,2083.365
DK2,2025-12-31 18:00:00+00:00,1979.395
DK2,2025-12-31 19:00:00+00:00,1852.1625
DK2,2025-12-31 20:00:00+00:00,1785.3625
DK2,2025-12-31 21:00:00+00:00,1729.9325
DK2,2025-12-31 22:00:00+00:00,1691.025
DK2,2025-12-31 23:00:00+00:00,1686.5
